PLAYER,EARLY/LATE,TEE TIME,BET TYPE,BETMGM,DRAFTKINGS,FANDUEL, BET365,POINTSBET,BETFAIR,BETONLINE,WILLIAMHILL,BETWAY,BOVADA,CIRCA,PINNACLE,SKYBET,UNIBET,RANK AV,AVERAGE,PERCENT LST 20,MODEL,RANK,% ODDS AVERAGE,925 - VEGAS,BET TAG,Best Odds Number,Best Odds Sportsbook,Best Odds,Percent Difference From Average,Bet Difference Per Bet,Bet Difference Week,Best Odds Percent Difference From Average,Difference From Average Odds,Course,925 Odds,Pre Tournament Odds,Edge,,,Headshot
Jacob Bridgeman,Late,2026-10-09 10:35,OUTRIGHT,2.8,3.2,3.1,2.8,3.5,0,2.8,3,2.8,3,0,3.1,2.8,3.2,90,3.0,0.1,1,1,0.2500,-89,Possible Outright,3.5,POINTSBET,POINTSBET (3.5/1),0.8571428571,53,55,-0.0278,0.2222222222,Yokohama Country Club (West Course),0.19,0.05,-0.06,,,"https://pga-tour-res.cloudinary.com/image/upload/c_fill,d_headshots_default.png,dpr_2.0,f_auto,g_face:center,h_350,q_auto,w_280/headshots_60004.png"
Jordan Smith,Early,2026-10-09 09:07,OUTRIGHT,12,11.5,12,11,12,0,12,12,11,11,0,11.5,12,9,91,11.4,,,7,0.0806,0,,12,POINTSBET,POINTSBET (12/1),0.95,67,182,-0.0037,0.07692307692,Yokohama Country Club (West Course),0.05,0.01,-0.03,,,
Collin Morikawa,Late,2026-10-09 10:35,OUTRIGHT,12,12.8,13,12,14,0,14,12,12,14,0,13.9,14,12,92,13.0,0.05,4,4,0.0714,-88,OUTRIGHT,14,POINTSBET,POINTSBET (14/1),0.9285714286,64,169,-0.0048,0.06666666667,Yokohama Country Club (West Course),0.07,0.06,0.00,,,"https://pga-tour-res.cloudinary.com/image/upload/c_fill,d_headshots_default.png,dpr_2.0,f_auto,g_face:center,h_350,q_auto,w_280/headshots_50525.png"
Max Homa,Early,2026-10-09 09:07,OUTRIGHT,18,15.5,16,16,17,0,17,16,16,18,0,17.3,16,14,95,16.4,,10,10,0.0575,-85,,18,BOVADA,BOVADA (18/1),0.9111111111,62,165,-0.0048,0.05263157895,Yokohama Country Club (West Course),0.03,0.01,-0.02,,,"https://pga-tour-res.cloudinary.com/image/upload/c_fill,d_headshots_default.png,dpr_2.0,f_auto,g_face:center,h_350,q_auto,w_280/headshots_39977.png"
Hideki Matsuyama,Early,2026-10-09 09:29,OUTRIGHT,14,15,15,14,15,0,15,14,12,14,0,16.6,14,12,94,14.2,,3,3,0.0658,-91,OUTRIGHT,16.6,PINNACLE,PINNACLE (16.6/1),0.8554216867,52,125,-0.0090,0.05681818182,Yokohama Country Club (West Course),0.09,0.11,0.03,,,"https://pga-tour-res.cloudinary.com/image/upload/c_fill,d_headshots_default.png,dpr_2.0,f_auto,g_face:center,h_350,q_auto,w_280/headshots_32839.png"
Michael Thorbjornsen,Late,2026-10-09 10:13,OUTRIGHT,12,14,15,14,15,0,15,12,12,14,0,15.1,14,12,93,13.7,0.05,6,6,0.0680,-87,Possible Outright,15.1,PINNACLE,PINNACLE (15.1/1),0.9072847682,61,153,-0.0059,0.06211180124,Yokohama Country Club (West Course),0.05,0.03,-0.02,,,"https://pga-tour-res.cloudinary.com/image/upload/c_fill,d_headshots_default.png,dpr_2.0,f_auto,g_face:center,h_350,q_auto,w_280/headshots_57364.png"
Min Woo Lee,Late,2026-10-09 10:24,OUTRIGHT,20,16.5,18,18,18,0,18,16,16,18,0,19.3,18,16,96,17.6,,9,9,0.0538,-87,Possible Outright,19.3,PINNACLE,PINNACLE (19.3/1),0.9119170984,63,171,-0.0045,0.04926108374,Yokohama Country Club (West Course),0.04,0.01,-0.02,,,"https://pga-tour-res.cloudinary.com/image/upload/c_fill,d_headshots_default.png,dpr_2.0,f_auto,g_face:center,h_350,q_auto,w_280/headshots_37378.png"
Mac Meissner,Late,2026-10-09 10:02,OUTRIGHT,22,21.5,22,20,22,0,22,20,20,22,0,22.2,20,20,97,21.1,,14,14,0.0452,-83,Long Shot Outright Only,22.2,PINNACLE,PINNACLE (22.2/1),0.9504504505,68,203,-0.0021,0.04310344828,Yokohama Country Club (West Course),0.03,0.00,-0.02,,,"https://pga-tour-res.cloudinary.com/image/upload/c_fill,d_headshots_default.png,dpr_2.0,f_auto,g_face:center,h_350,q_auto,w_280/headshots_59143.png"
Ricky Castillo,Late,2026-10-09 10:13,OUTRIGHT,25,20.5,20,20,20,0,20,20,20,22,0,25.6,20,20,97,21.1,0.05,13,13,0.0452,-84,,25.6,PINNACLE,PINNACLE (25.6/1),0.82421875,44,132,-0.0077,0.03759398496,Yokohama Country Club (West Course),0.03,0.01,-0.02,,,"https://pga-tour-res.cloudinary.com/image/upload/c_fill,d_headshots_default.png,dpr_2.0,f_auto,g_face:center,h_350,q_auto,w_280/headshots_59440.png"
Ryan Gerard,Early,2026-10-09 09:18,OUTRIGHT,22,27,22,22,22,0,25,22,22,25,0,26.7,22,22,101,23.3,,8,8,0.0412,-93,OUTRIGHT,26.7,PINNACLE,PINNACLE (26.7/1),0.872659176,58,162,-0.0051,0.03610108303,Yokohama Country Club (West Course),0.04,0.04,0.00,,,"https://pga-tour-res.cloudinary.com/image/upload/c_fill,d_headshots_default.png,dpr_2.0,f_auto,g_face:center,h_350,q_auto,w_280/headshots_59018.png"
Pierceson Coody,Early,2026-10-09 09:51,OUTRIGHT,25,22.5,22,22,22,0,25,20,22,25,0,27,22,22,100,23.0,,16,16,0.0417,-84,,27,PINNACLE,PINNACLE (27/1),0.8518518519,51,151,-0.0060,0.03571428571,Yokohama Country Club (West Course),0.02,0.00,-0.02,,,"https://pga-tour-res.cloudinary.com/image/upload/c_fill,d_headshots_default.png,dpr_2.0,f_auto,g_face:center,h_350,q_auto,w_280/headshots_59836.png"
Keith Mitchell,Early,2026-10-09 09:51,OUTRIGHT,22,18.5,22,20,20,0,22,20,20,22,0,25.1,20,22,97,21.1,,11,11,0.0452,-86,Possible Outright,25.1,PINNACLE,PINNACLE (25.1/1),0.8406374502,49,142,-0.0069,0.03831417625,Yokohama Country Club (West Course),0.03,0.01,-0.02,,,"https://pga-tour-res.cloudinary.com/image/upload/c_fill,d_headshots_default.png,dpr_2.0,f_auto,g_face:center,h_350,q_auto,w_280/headshots_39546.png"
Kristoffer Ventura,Late,2026-10-09 10:02,OUTRIGHT,33,27,27,30,25,0,33,28,28,35,0,27.9,30,28,102,29.3,,,,0.0330,0,,35,BOVADA,BOVADA (35/1),0.8371428571,47,159,-0.0052,0.02777777778,Yokohama Country Club (West Course),0.02,,-0.02,,,
Ryo Hisatsune,Early,2026-10-09 08:56,OUTRIGHT,33,35,40,35,40,0,40,33,33,40,0,41.3,33,28,104,35.9,,20,20,0.0271,-84,Long Shot Outright Only,41.3,PINNACLE,PINNACLE (41.3/1),0.8692493947,55,188,-0.0035,0.02364066194,Yokohama Country Club (West Course),0.02,0.00,-0.01,,,"https://pga-tour-res.cloudinary.com/image/upload/c_fill,d_headshots_default.png,dpr_2.0,f_auto,g_face:center,h_350,q_auto,w_280/headshots_51287.png"
Xander Schauffele,Late,2026-10-09 10:35,OUTRIGHT,33,30,33,30,30,0,35,28,28,35,0,38.1,30,33,103,31.9,,2,2,0.0304,-101,OUTRIGHT,38.1,PINNACLE,PINNACLE (38.1/1),0.8372703412,48,166,-0.0048,0.02557544757,Yokohama Country Club (West Course),0.12,0.20,0.09,,,"https://pga-tour-res.cloudinary.com/image/upload/c_fill,d_headshots_default.png,dpr_2.0,f_auto,g_face:center,h_350,q_auto,w_280/headshots_48081.png"
Justin Thomas,Early,2026-10-09 09:18,OUTRIGHT,40,39,40,40,40,0,50,35,40,45,0,45.2,35,40,106,40.8,,15,15,0.0239,-91,Long Shot Outright Only,50,BETONLINE,BETONLINE (50/1),0.816,42,176,-0.0043,0.01960784314,Yokohama Country Club (West Course),0.02,0.02,0.00,,,"https://pga-tour-res.cloudinary.com/image/upload/c_fill,d_headshots_default.png,dpr_2.0,f_auto,g_face:center,h_350,q_auto,w_280/headshots_33448.png"
Doug Ghim,Early,2026-10-09 09:40,OUTRIGHT,50,48,40,50,40,0,60,66,50,80,0,50,45,55,110,52.8,,5,5,0.0186,-105,Possible Outright,80,BOVADA,BOVADA (80/1),0.66,12,147,-0.0062,0.01234567901,Yokohama Country Club (West Course),0.05,0.08,0.03,,,"https://pga-tour-res.cloudinary.com/image/upload/c_fill,d_headshots_default.png,dpr_2.0,f_auto,g_face:center,h_350,q_auto,w_280/headshots_52375.png"
Michael Brennan,Late,2026-10-09 10:13,OUTRIGHT,33,34,35,33,35,0,40,33,33,40,0,45.8,33,40,105,36.2,0.05,12,12,0.0269,-93,Long Shot Outright Only,45.8,PINNACLE,PINNACLE (45.8/1),0.7903930131,35,156,-0.0055,0.02136752137,Yokohama Country Club (West Course),0.03,0.02,0.00,,,"https://pga-tour-res.cloudinary.com/image/upload/c_fill,d_headshots_default.png,dpr_2.0,f_auto,g_face:center,h_350,q_auto,w_280/headshots_58611.png"
Johnny Keefer,Early,2026-10-09 08:45,OUTRIGHT,40,48,40,40,40,0,40,45,40,50,0,47.9,35,40,107,42.2,,21,21,0.0231,-86,,50,BOVADA,BOVADA (50/1),0.844,50,187,-0.0035,0.01960784314,Yokohama Country Club (West Course),0.02,0.01,-0.01,,,"https://pga-tour-res.cloudinary.com/image/upload/c_fill,d_headshots_default.png,dpr_2.0,f_auto,g_face:center,h_350,q_auto,w_280/headshots_63454.png"
Adam Scott,Early,2026-10-09 09:18,OUTRIGHT,50,49,50,55,50,0,40,45,50,55,0,57.8,45,50,109,49.7,,19,19,0.0197,-90,OUTRIGHT,57.8,PINNACLE,PINNACLE (57.8/1),0.8598615917,54,197,-0.0027,0.01700680272,Yokohama Country Club (West Course),0.02,0.01,0.00,,,"https://pga-tour-res.cloudinary.com/image/upload/c_fill,d_headshots_default.png,dpr_2.0,f_auto,g_face:center,h_350,q_auto,w_280/headshots_24502.png"
Wyndham Clark,Early,2026-10-09 09:18,OUTRIGHT,40,49,45,50,50,0,50,40,40,50,0,55.7,45,40,108,46.2,0.15,18,18,0.0212,-90,Possible Outright,55.7,PINNACLE,PINNACLE (55.7/1),0.829443447,45,186,-0.0035,0.0176366843,Yokohama Country Club (West Course),0.02,0.01,0.00,,,"https://pga-tour-res.cloudinary.com/image/upload/c_fill,d_headshots_default.png,dpr_2.0,f_auto,g_face:center,h_350,q_auto,w_280/headshots_51766.png"
Sungjae Im,Late,2026-10-09 10:24,OUTRIGHT,50,57,60,55,50,0,60,50,50,60,0,70.1,50,55,111,55.6,,23,23,0.0177,-88,Long Shot Outright Only,70.1,PINNACLE,PINNACLE (70.1/1),0.7931526391,36,185,-0.0036,0.01406469761,Yokohama Country Club (West Course),0.01,0.01,0.00,,,"https://pga-tour-res.cloudinary.com/image/upload/c_fill,d_headshots_default.png,dpr_2.0,f_auto,g_face:center,h_350,q_auto,w_280/headshots_39971.png"
David Lipsky,Early,2026-10-09 09:40,OUTRIGHT,80,96,70,75,70,0,80,66,66,80,0,74,66,70,116,74.4,,33,33,0.0133,0,,80,BETONLINE,BETONLINE (80/1),0.93,65,227,-0.0009,0.01234567901,Yokohama Country Club (West Course),0.01,0.00,-0.01,,,"https://pga-tour-res.cloudinary.com/image/upload/c_fill,d_headshots_default.png,dpr_2.0,f_auto,g_face:center,h_350,q_auto,w_280/headshots_36326.png"
Michael Kim,Early,2026-10-09 09:51,OUTRIGHT,50,68,60,60,60,0,70,50,50,65,0,75.5,50,55,112,59.5,,26,26,0.0165,-86,,75.5,PINNACLE,PINNACLE (75.5/1),0.7880794702,32,189,-0.0035,0.01307189542,Yokohama Country Club (West Course),0.01,0.01,-0.01,,,"https://pga-tour-res.cloudinary.com/image/upload/c_fill,d_headshots_default.png,dpr_2.0,f_auto,g_face:center,h_350,q_auto,w_280/headshots_39975.png"
Andrew Putnam,Early,2026-10-09 09:40,OUTRIGHT,66,90,65,66,66,0,70,60,50,70,0,92.1,55,60,114,67.5,,32,32,0.0146,0,,92.1,PINNACLE,PINNACLE (92.1/1),0.7328990228,22,180,-0.0039,0.01074113856,Yokohama Country Club (West Course),0.01,0.00,-0.01,,,"https://pga-tour-res.cloudinary.com/image/upload/c_fill,d_headshots_default.png,dpr_2.0,f_auto,g_face:center,h_350,q_auto,w_280/headshots_34256.png"
Nico Echavarria,Late,2026-10-09 10:24,OUTRIGHT,66,62,65,60,66,0,70,55,50,65,0,82.1,55,50,113,62.2,,,30,0.0158,0,,82.1,PINNACLE,PINNACLE (82.1/1),0.7576126675,25,181,-0.0038,0.01203369434,Yokohama Country Club (West Course),0.01,0.00,-0.01,,,
Keita Nakajima,Late,2026-10-09 10:02,OUTRIGHT,80,100,100,80,90,0,80,66,80,90,0,105.3,70,80,117,85.1,,27,27,0.0116,-90,,105.3,PINNACLE,PINNACLE (105.3/1),0.8081671415,41,202,-0.0022,0.009407337723,Yokohama Country Club (West Course),0.01,0.01,0.00,,,"https://pga-tour-res.cloudinary.com/image/upload/c_fill,d_headshots_default.png,dpr_2.0,f_auto,g_face:center,h_350,q_auto,w_280/headshots_49228.png"
Christiaan Bezuidenhout,Early,2026-10-09 08:45,OUTRIGHT,66,98,70,66,70,0,60,50,50,75,0,94,60,55,115,67.8,,24,24,0.0145,-91,Possible Outright,94,PINNACLE,PINNACLE (94/1),0.7212765957,19,179,-0.0040,0.01052631579,Yokohama Country Club (West Course),0.01,0.01,0.00,,,"https://pga-tour-res.cloudinary.com/image/upload/c_fill,d_headshots_default.png,dpr_2.0,f_auto,g_face:center,h_350,q_auto,w_280/headshots_45522.png"
Zach Bauchou,Early,2026-10-09 09:40,OUTRIGHT,100,115,100,100,90,0,100,80,80,100,0,123,100,90,118,98.2,,,,0.0101,0,,123,PINNACLE,PINNACLE (123/1),0.7983739837,37,206,-0.0020,0.008064516129,Yokohama Country Club (West Course),0.01,,0.00,,,
Brian Harman,Early,2026-10-09 09:29,OUTRIGHT,100,125,100,110,125,0,150,100,125,150,0,138.4,100,125,120,120.7,,36,36,0.0082,0,,150,BETONLINE,BETONLINE (150/1),0.8046666667,39,213,-0.0016,0.006622516556,Yokohama Country Club (West Course),0.01,0.00,0.00,,,"https://pga-tour-res.cloudinary.com/image/upload/c_fill,d_headshots_default.png,dpr_2.0,f_auto,g_face:center,h_350,q_auto,w_280/headshots_27644.png"
Matt Wallace,Late,2026-10-09 10:46,OUTRIGHT,125,115,125,125,150,0,150,80,100,125,0,156.1,110,100,121,121.8,,29,29,0.0081,-92,Possible Outright,156.1,PINNACLE,PINNACLE (156.1/1),0.7802690583,29,209,-0.0018,0.006365372374,Yokohama Country Club (West Course),0.01,0.01,0.00,,,"https://pga-tour-res.cloudinary.com/image/upload/c_fill,d_headshots_default.png,dpr_2.0,f_auto,g_face:center,h_350,q_auto,w_280/headshots_48887.png"
Kurt Kitayama,Early,2026-10-09 09:07,OUTRIGHT,150,150,175,175,300,0,180,150,150,175,0,182.7,150,150,126,174.0,0.05,25,25,0.0057,-101,OUTRIGHT,300,POINTSBET,POINTSBET (300/1),0.58,11,201,-0.0024,0.003322259136,Yokohama Country Club (West Course),0.01,0.02,0.01,,,"https://pga-tour-res.cloudinary.com/image/upload/c_fill,d_headshots_default.png,dpr_2.0,f_auto,g_face:center,h_350,q_auto,w_280/headshots_48117.png"
John Parry,Late,2026-10-09 10:46,OUTRIGHT,80,125,125,110,150,0,100,80,80,100,0,161.7,100,90,119,108.5,,37,37,0.0091,0,,161.7,PINNACLE,PINNACLE (161.7/1),0.670995671,14,194,-0.0030,0.0061462815,Yokohama Country Club (West Course),0.01,0.00,0.00,,,"https://pga-tour-res.cloudinary.com/image/upload/c_fill,d_headshots_default.png,dpr_2.0,f_auto,g_face:center,h_350,q_auto,w_280/headshots_28723.png"
Lee Hodges,Early,2026-10-09 09:40,OUTRIGHT,150,180,150,175,175,0,180,125,150,175,0,201.6,125,150,124,161.4,,42,42,0.0062,0,,201.6,PINNACLE,PINNACLE (201.6/1),0.8005952381,38,219,-0.0012,0.004935834156,Yokohama Country Club (West Course),0.00,0.00,0.00,,,"https://pga-tour-res.cloudinary.com/image/upload/c_fill,d_headshots_default.png,dpr_2.0,f_auto,g_face:center,h_350,q_auto,w_280/headshots_54628.png"
Stephan Jaeger,Late,2026-10-09 10:13,OUTRIGHT,125,150,175,150,200,0,180,125,150,175,0,203.1,125,150,123,159.0,,44,44,0.0063,0,,203.1,PINNACLE,PINNACLE (203.1/1),0.7828655835,30,216,-0.0014,0.00489955904,Yokohama Country Club (West Course),0.00,0.00,0.00,,,"https://pga-tour-res.cloudinary.com/image/upload/c_fill,d_headshots_default.png,dpr_2.0,f_auto,g_face:center,h_350,q_auto,w_280/headshots_36799.png"
Max Greyserman,Late,2026-10-09 10:02,OUTRIGHT,125,180,175,175,300,0,180,125,150,175,0,203.1,125,125,125,169.8,,34,34,0.0059,0,,300,POINTSBET,POINTSBET (300/1),0.566,10,198,-0.0025,0.003322259136,Yokohama Country Club (West Course),0.01,0.01,0.00,,,"https://pga-tour-res.cloudinary.com/image/upload/c_fill,d_headshots_default.png,dpr_2.0,f_auto,g_face:center,h_350,q_auto,w_280/headshots_51977.png"
Hiroshi Iwata,Early,2026-10-09 08:45,OUTRIGHT,400,430,250,275,350,0,0,250,300,350,0,293.2,200,250,133,304.4,,57,57,0.0033,0,,350,POINTSBET,POINTSBET (350/1),0.8697142857,56,238,-0.0004,0.002849002849,Yokohama Country Club (West Course),0.00,0.00,0.00,,,"https://pga-tour-res.cloudinary.com/image/upload/c_fill,d_headshots_default.png,dpr_2.0,f_auto,g_face:center,h_350,q_auto,w_280/headshots_27747.png"
Denny McCarthy,Late,2026-10-09 10:02,OUTRIGHT,100,150,125,125,150,0,150,100,125,125,0,192.6,110,100,122,129.4,,43,43,0.0077,0,,192.6,PINNACLE,PINNACLE (192.6/1),0.6718587747,15,199,-0.0025,0.005165289256,Yokohama Country Club (West Course),0.00,0.00,0.00,,,"https://pga-tour-res.cloudinary.com/image/upload/c_fill,d_headshots_default.png,dpr_2.0,f_auto,g_face:center,h_350,q_auto,w_280/headshots_47993.png"
Kevin Roy,Early,2026-10-09 08:45,OUTRIGHT,200,320,350,275,350,0,0,250,250,300,0,292,200,250,131,276.1,,40,40,0.0036,0,,350,POINTSBET,POINTSBET (350/1),0.7888571429,34,230,-0.0008,0.002849002849,Yokohama Country Club (West Course),0.01,0.01,0.00,,,"https://pga-tour-res.cloudinary.com/image/upload/c_fill,d_headshots_default.png,dpr_2.0,f_auto,g_face:center,h_350,q_auto,w_280/headshots_39335.png"
Maverick McNealy,Late,2026-10-09 10:24,OUTRIGHT,250,280,250,300,350,0,0,200,250,300,0,313.2,200,250,130,267.6,,28,28,0.0037,-102,Long Shot Outright Only,350,POINTSBET,POINTSBET (350/1),0.7645714286,27,228,-0.0009,0.002849002849,Yokohama Country Club (West Course),0.01,0.02,0.01,,,"https://pga-tour-res.cloudinary.com/image/upload/c_fill,d_headshots_default.png,dpr_2.0,f_auto,g_face:center,h_350,q_auto,w_280/headshots_46442.png"
Alex Smalley,Late,2026-10-09 10:24,OUTRIGHT,200,270,250,250,300,0,250,150,200,250,0,322.1,175,200,127,234.8,,17,17,0.0042,-110,OUTRIGHT,322.1,PINNACLE,PINNACLE (322.1/1),0.7289661596,20,220,-0.0011,0.003095017023,Yokohama Country Club (West Course),0.02,0.03,0.01,,,"https://pga-tour-res.cloudinary.com/image/upload/c_fill,d_headshots_default.png,dpr_2.0,f_auto,g_face:center,h_350,q_auto,w_280/headshots_46340.png"
Beau Hossler,Early,2026-10-09 09:51,OUTRIGHT,200,240,250,250,350,0,250,150,200,250,0,330,175,200,128,237.1,,41,41,0.0042,0,,350,POINTSBET,POINTSBET (350/1),0.6774285714,17,215,-0.0014,0.002849002849,Yokohama Country Club (West Course),0.01,0.01,0.00,,,"https://pga-tour-res.cloudinary.com/image/upload/c_fill,d_headshots_default.png,dpr_2.0,f_auto,g_face:center,h_350,q_auto,w_280/headshots_35461.png"
Keegan Bradley,Early,2026-10-09 09:29,OUTRIGHT,400,410,500,400,400,0,0,250,300,400,0,0,275,250,136,358.5,,38,38,0.0028,0,,400, BET365, BET365 (400/1),0.89625,60,241,-0.0003,0.002493765586,Yokohama Country Club (West Course),0.01,0.01,0.00,,,"https://pga-tour-res.cloudinary.com/image/upload/c_fill,d_headshots_default.png,dpr_2.0,f_auto,g_face:center,h_350,q_auto,w_280/headshots_33141.png"
Matt McCarty,Late,2026-10-09 10:13,OUTRIGHT,250,370,350,300,300,0,0,200,250,300,0,340.9,200,250,132,282.8,,50,50,0.0035,0,,340.9,PINNACLE,PINNACLE (340.9/1),0.8295687885,46,234,-0.0006,0.002924831822,Yokohama Country Club (West Course),0.00,0.00,0.00,,,"https://pga-tour-res.cloudinary.com/image/upload/c_fill,d_headshots_default.png,dpr_2.0,f_auto,g_face:center,h_350,q_auto,w_280/headshots_59141.png"
Takumi Kanaya,Late,2026-10-09 10:46,OUTRIGHT,250,300,350,275,350,0,0,100,250,250,0,345.3,200,200,129,260.9,,46,46,0.0038,0,,350,POINTSBET,POINTSBET (350/1),0.7454285714,24,223,-0.0010,0.002849002849,Yokohama Country Club (West Course),0.00,0.00,0.00,,,"https://pga-tour-res.cloudinary.com/image/upload/c_fill,d_headshots_default.png,dpr_2.0,f_auto,g_face:center,h_350,q_auto,w_280/headshots_47917.png"
Jackson Suber,Late,2026-10-09 10:46,OUTRIGHT,750,525,750,750,400,0,0,750,750,1000,0,0,700,350,143,672.5,,39,39,0.0015,0,Long Shot Outright Only,1000,BOVADA,BOVADA (1000/1),0.6725,16,237,-0.0005,0.000999000999,Yokohama Country Club (West Course),0.01,0.01,0.00,,,"https://pga-tour-res.cloudinary.com/image/upload/c_fill,d_headshots_default.png,dpr_2.0,f_auto,g_face:center,h_350,q_auto,w_280/headshots_60019.png"
Chandler Phillips,Early,2026-10-09 08:56,OUTRIGHT,300,700,500,400,400,0,0,300,350,400,0,0,275,350,137,397.5,,56,56,0.0025,0,,400, BET365, BET365 (400/1),0.99375,71,268,0.0000,0.002493765586,Yokohama Country Club (West Course),0.00,0.00,0.00,,,"https://pga-tour-res.cloudinary.com/image/upload/c_fill,d_headshots_default.png,dpr_2.0,f_auto,g_face:center,h_350,q_auto,w_280/headshots_57900.png"
Jordan Spieth,Late,2026-10-09 10:24,OUTRIGHT,400,410,1000,400,400,0,0,300,400,500,0,0,275,350,138,443.5,,45,45,0.0022,0,Possible Outright,500,BOVADA,BOVADA (500/1),0.887,59,242,-0.0003,0.001996007984,Yokohama Country Club (West Course),0.00,0.01,0.00,,,"https://pga-tour-res.cloudinary.com/image/upload/c_fill,d_headshots_default.png,dpr_2.0,f_auto,g_face:center,h_350,q_auto,w_280/headshots_34046.png"
Ren Yonezawa,Early,2026-10-09 09:51,OUTRIGHT,300,700,350,275,350,0,0,300,300,350,0,371.3,200,350,135,349.7,,55,55,0.0029,0,,371.3,PINNACLE,PINNACLE (371.3/1),0.9418260167,66,259,-0.0002,0.002686005909,Yokohama Country Club (West Course),0.00,0.00,0.00,,,"https://pga-tour-res.cloudinary.com/image/upload/c_fill,d_headshots_default.png,dpr_2.0,f_auto,g_face:center,h_350,q_auto,w_280/headshots_56100.png"
Ben Kohles,Early,2026-10-09 09:51,OUTRIGHT,200,330,500,350,400,0,0,200,300,350,0,0,275,250,134,315.5,,22,22,0.0032,-112,,400,POINTSBET,POINTSBET (400/1),0.78875,33,233,-0.0007,0.002493765586,Yokohama Country Club (West Course),0.02,0.03,0.01,,,"https://pga-tour-res.cloudinary.com/image/upload/c_fill,d_headshots_default.png,dpr_2.0,f_auto,g_face:center,h_350,q_auto,w_280/headshots_36884.png"
Billy Horschel,Late,2026-10-09 10:13,OUTRIGHT,500,550,1000,500,400,0,0,400,400,500,0,0,350,350,140,495.0,,51,51,0.0020,0,,500, BET365, BET365 (500/1),0.99,70,267,0.0000,0.001996007984,Yokohama Country Club (West Course),0.00,0.00,0.00,,,"https://pga-tour-res.cloudinary.com/image/upload/c_fill,d_headshots_default.png,dpr_2.0,f_auto,g_face:center,h_350,q_auto,w_280/headshots_29420.png"
Tony Finau,Early,2026-10-09 09:18,OUTRIGHT,1000,1200,1000,1000,400,0,0,250,1000,1000,0,0,1000,0,144,872.2,,61,61,0.0011,0,,1000, BET365, BET365 (1000/1),0.8722,57,260,-0.0001,0.000999000999,Yokohama Country Club (West Course),0.00,0.00,0.00,,,"https://pga-tour-res.cloudinary.com/image/upload/c_fill,d_headshots_default.png,dpr_2.0,f_auto,g_face:center,h_350,q_auto,w_280/headshots_29725.png"
Davis Thompson,Early,2026-10-09 09:29,OUTRIGHT,1000,1800,1000,1500,400,0,0,500,1000,1500,0,0,1250,0,147,1105.6,,47,47,0.0009,0,Long Shot Outright Only,1500, BET365, BET365 (1500/1),0.7370666667,23,245,-0.0002,0.0006662225183,Yokohama Country Club (West Course),0.00,0.01,0.00,,,"https://pga-tour-res.cloudinary.com/image/upload/c_fill,d_headshots_default.png,dpr_2.0,f_auto,g_face:center,h_350,q_auto,w_280/headshots_58168.png"
Taylor Moore,Early,2026-10-09 08:56,OUTRIGHT,1000,1300,1000,1000,400,0,0,750,1000,1000,0,0,1250,0,146,966.7,,59,59,0.0010,0,,1250,SKYBET,SKYBET (1250/1),0.77336,28,246,-0.0002,0.0007993605116,Yokohama Country Club (West Course),0.00,0.00,0.00,,,"https://pga-tour-res.cloudinary.com/image/upload/c_fill,d_headshots_default.png,dpr_2.0,f_auto,g_face:center,h_350,q_auto,w_280/headshots_49947.png"
Nick Taylor,Late,2026-10-09 10:35,OUTRIGHT,300,650,1000,500,400,0,0,300,500,500,0,0,350,350,139,485.0,,53,53,0.0021,0,,500, BET365, BET365 (500/1),0.97,69,265,-0.0001,0.001996007984,Yokohama Country Club (West Course),0.00,0.00,0.00,,,"https://pga-tour-res.cloudinary.com/image/upload/c_fill,d_headshots_default.png,dpr_2.0,f_auto,g_face:center,h_350,q_auto,w_280/headshots_25493.png"
Kevin Yu,Early,2026-10-09 09:18,OUTRIGHT,0,2250,1000,2000,400,0,0,1000,1000,2000,0,0,1250,0,149,1362.5,,31,31,0.0007,0,Long Shot Outright Only,2000, BET365, BET365 (2000/1),0.68125,18,247,-0.0002,0.0004997501249,Yokohama Country Club (West Course),0.01,0.02,0.01,,,"https://pga-tour-res.cloudinary.com/image/upload/c_fill,d_headshots_default.png,dpr_2.0,f_auto,g_face:center,h_350,q_auto,w_280/headshots_45242.png"
Rickie Fowler,Early,2026-10-09 09:29,OUTRIGHT,500,850,1000,600,400,0,0,400,500,750,0,0,700,350,141,605.0,,35,35,0.0017,0,Long Shot Outright Only,750,BOVADA,BOVADA (750/1),0.8066666667,40,240,-0.0003,0.001331557923,Yokohama Country Club (West Course),0.01,0.01,0.01,,,"https://pga-tour-res.cloudinary.com/image/upload/c_fill,d_headshots_default.png,dpr_2.0,f_auto,g_face:center,h_350,q_auto,w_280/headshots_32102.png"
Steven Fisk,Early,2026-10-09 09:07,OUTRIGHT,0,2750,1000,2000,400,0,0,300,1000,2000,0,0,1250,0,148,1337.5,0.05,52,52,0.0007,0,,2000, BET365, BET365 (2000/1),0.66875,13,244,-0.0002,0.0004997501249,Yokohama Country Club (West Course),0.00,0.00,0.00,,,"https://pga-tour-res.cloudinary.com/image/upload/c_fill,d_headshots_default.png,dpr_2.0,f_auto,g_face:center,h_350,q_auto,w_280/headshots_57123.png"
Kosuke Sunagawa,Late,2026-10-09 10:46,OUTRIGHT,500,1700,750,600,400,0,0,400,500,500,0,0,475,350,142,617.5,,63,63,0.0016,0,,600, BET365, BET365 (600/1),1.029166667,72,449,0.0000,0.001663893511,Yokohama Country Club (West Course),0.00,0.00,0.00,,,https://www.freeiconspng.com/uploads/--tie-user-users-work-worker-working-icon--icon-search-engine-6.png
Yusaku Hosono,Early,2026-10-09 08:56,OUTRIGHT,0,4500,1000,2000,400,0,0,1000,1000,2000,0,0,1250,0,151,1643.8,,68,68,0.0006,0,,2000, BET365, BET365 (2000/1),0.8219,43,262,-0.0001,0.0004997501249,Yokohama Country Club (West Course),0.00,0.00,0.00,,,"https://pga-tour-res.cloudinary.com/image/upload/c_fill,d_headshots_default.png,dpr_2.0,f_auto,g_face:center,h_350,q_auto,w_280/headshots_56165.png"
Tomohiro Ishizaka,Early,2026-10-09 09:07,OUTRIGHT,1000,3500,1000,2000,400,0,0,1000,1000,2000,0,0,1250,0,150,1461.1,,69,69,0.0007,0,,2000, BET365, BET365 (2000/1),0.73055,21,258,-0.0002,0.0004997501249,Yokohama Country Club (West Course),0.00,0.00,0.00,,,https://www.freeiconspng.com/uploads/--tie-user-users-work-worker-working-icon--icon-search-engine-6.png
Taylor Pendrith,Late,2026-10-09 10:35,OUTRIGHT,1000,1400,1000,1000,400,0,0,500,1000,1000,0,0,1250,0,145,950.0,,60,60,0.0011,0,,1250,SKYBET,SKYBET (1250/1),0.76,26,243,-0.0003,0.0007993605116,Yokohama Country Club (West Course),0.00,0.00,0.00,,,"https://pga-tour-res.cloudinary.com/image/upload/c_fill,d_headshots_default.png,dpr_2.0,f_auto,g_face:center,h_350,q_auto,w_280/headshots_40250.png"
Rasmus Neergaard-Petersen,Early,2026-10-09 08:45,OUTRIGHT,0,4500,1000,5000,400,0,0,1000,1000,5000,0,0,1250,0,154,2393.8,,58,58,0.0004,0,,5000, BET365, BET365 (5000/1),0.47876,2,249,-0.0002,0.000199960008,Yokohama Country Club (West Course),0.00,0.00,0.00,,,"https://pga-tour-res.cloudinary.com/image/upload/c_fill,d_headshots_default.png,dpr_2.0,f_auto,g_face:center,h_350,q_auto,w_280/headshots_52689.png"
Sahith Theegala,Early,2026-10-09 09:07,OUTRIGHT,0,4500,1000,5000,400,0,0,1000,1000,5000,0,0,1250,0,154,2393.8,,54,54,0.0004,0,,5000, BET365, BET365 (5000/1),0.47876,2,249,-0.0002,0.000199960008,Yokohama Country Club (West Course),0.00,0.00,0.00,,,"https://pga-tour-res.cloudinary.com/image/upload/c_fill,d_headshots_default.png,dpr_2.0,f_auto,g_face:center,h_350,q_auto,w_280/headshots_51634.png"
Sang-hee Lee,Late,2026-10-09 10:02,OUTRIGHT,0,4500,1000,2500,0,0,0,1000,1500,0,0,0,1250,0,152,1958.3,,67,67,0.0005,0,,2500, BET365, BET365 (2500/1),0.78332,31,261,-0.0001,0.000399840064,Yokohama Country Club (West Course),0.00,0.00,0.00,,,"https://pga-tour-res.cloudinary.com/image/upload/c_fill,d_headshots_default.png,dpr_2.0,f_auto,g_face:center,h_350,q_auto,w_280/headshots_33232.png"
Patrick Rodgers,Early,2026-10-09 08:56,OUTRIGHT,0,4500,1000,5000,400,0,0,1000,1000,5000,0,0,1250,0,154,2393.8,,64,64,0.0004,0,,5000, BET365, BET365 (5000/1),0.47876,2,249,-0.0002,0.000199960008,Yokohama Country Club (West Course),0.00,0.00,0.00,,,"https://pga-tour-res.cloudinary.com/image/upload/c_fill,d_headshots_default.png,dpr_2.0,f_auto,g_face:center,h_350,q_auto,w_280/headshots_36699.png"
Koshin Nagasaki,Early,2026-10-09 09:40,OUTRIGHT,0,5000,1000,5000,600,0,0,1000,1000,5000,0,0,1250,0,159,2481.3,,72,72,0.0004,0,,5000, BET365, BET365 (5000/1),0.49626,7,255,-0.0002,0.000199960008,Yokohama Country Club (West Course),0.00,0.00,0.00,,,https://www.freeiconspng.com/uploads/--tie-user-users-work-worker-working-icon--icon-search-engine-6.png
Yoshinori Fujimoto,Early,2026-10-09 08:45,OUTRIGHT,0,5000,1000,5000,450,0,0,1500,1500,5000,0,0,1250,0,161,2587.5,,71,71,0.0004,0,,5000, BET365, BET365 (5000/1),0.5175,9,257,-0.0002,0.000199960008,Yokohama Country Club (West Course),0.00,0.00,0.00,,,https://www.freeiconspng.com/uploads/--tie-user-users-work-worker-working-icon--icon-search-engine-6.png
Aguri Iwasaki,Early,2026-10-09 08:56,OUTRIGHT,0,5000,1000,5000,400,0,0,1000,1000,5000,0,0,1250,0,157,2456.3,,70,70,0.0004,0,,5000, BET365, BET365 (5000/1),0.49126,5,253,-0.0002,0.000199960008,Yokohama Country Club (West Course),0.00,0.00,0.00,,,https://www.freeiconspng.com/uploads/--tie-user-users-work-worker-working-icon--icon-search-engine-6.png
Jinichiro Kozuma,Late,2026-10-09 10:46,OUTRIGHT,0,5000,1000,5000,400,0,0,1500,1500,5000,0,0,1250,0,160,2581.3,,66,66,0.0004,0,,5000, BET365, BET365 (5000/1),0.51626,8,256,-0.0002,0.000199960008,Yokohama Country Club (West Course),0.00,0.00,0.00,,,"https://pga-tour-res.cloudinary.com/image/upload/c_fill,d_headshots_default.png,dpr_2.0,f_auto,g_face:center,h_350,q_auto,w_280/headshots_33689.png"
Aldrich Potgieter,Late,2026-10-09 10:35,OUTRIGHT,0,5000,1000,5000,400,0,0,1000,1000,5000,0,0,1250,0,157,2456.3,,62,62,0.0004,0,,5000, BET365, BET365 (5000/1),0.49126,5,253,-0.0002,0.000199960008,Yokohama Country Club (West Course),0.00,0.00,0.00,,,"https://pga-tour-res.cloudinary.com/image/upload/c_fill,d_headshots_default.png,dpr_2.0,f_auto,g_face:center,h_350,q_auto,w_280/headshots_63343.png"
Tom Hoge,Early,2026-10-09 09:29,OUTRIGHT,0,0,1000,5000,400,0,0,1500,2500,5000,0,0,1250,0,153,2378.6,,65,65,0.0004,0,,5000, BET365, BET365 (5000/1),0.47572,1,248,-0.0002,0.000199960008,Yokohama Country Club (West Course),0.00,0.00,0.00,,,"https://pga-tour-res.cloudinary.com/image/upload/c_fill,d_headshots_default.png,dpr_2.0,f_auto,g_face:center,h_350,q_auto,w_280/headshots_35532.png"
 ,,,OUTRIGHT,0,0,0,0,0,0,0,0,0,0,0,0,0,0,1,0.0,,,,,0,,0, BET365, BET365 (0/1),,,452,1.0000,1,Yokohama Country Club (West Course),0.00,,0.00,,,
 ,,,OUTRIGHT,0,0,0,0,0,0,0,0,0,0,0,0,0,0,1,0.0,,,,,0,,0, BET365, BET365 (0/1),,,452,1.0000,1,Yokohama Country Club (West Course),0.00,,0.00,,,
 ,,,OUTRIGHT,0,0,0,0,0,0,0,0,0,0,0,0,0,0,1,0.0,,,,,0,,0, BET365, BET365 (0/1),,,452,1.0000,1,Yokohama Country Club (West Course),0.00,,0.00,,,
 ,,,OUTRIGHT,0,0,0,0,0,0,0,0,0,0,0,0,0,0,1,0.0,,,,,0,,0, BET365, BET365 (0/1),,,452,1.0000,1,Yokohama Country Club (West Course),0.00,,0.00,,,
 ,,,OUTRIGHT,0,0,0,0,0,0,0,0,0,0,0,0,0,0,1,0.0,,,,,0,,0, BET365, BET365 (0/1),,,452,1.0000,1,Yokohama Country Club (West Course),0.00,,0.00,,,
 ,,,OUTRIGHT,0,0,0,0,0,0,0,0,0,0,0,0,0,0,1,0.0,,,,,0,,0, BET365, BET365 (0/1),,,452,1.0000,1,Yokohama Country Club (West Course),0.00,,0.00,,,
 ,,,OUTRIGHT,0,0,0,0,0,0,0,0,0,0,0,0,0,0,1,0.0,,,,,0,,0, BET365, BET365 (0/1),,,452,1.0000,1,Yokohama Country Club (West Course),0.00,,0.00,,,
 ,,,OUTRIGHT,0,0,0,0,0,0,0,0,0,0,0,0,0,0,1,0.0,,,,,0,,0, BET365, BET365 (0/1),,,452,1.0000,1,Yokohama Country Club (West Course),0.00,,0.00,,,
 ,,,OUTRIGHT,0,0,0,0,0,0,0,0,0,0,0,0,0,0,1,0.0,,,,,0,,0, BET365, BET365 (0/1),,,452,1.0000,1,Yokohama Country Club (West Course),0.00,,0.00,,,
 ,,,OUTRIGHT,0,0,0,0,0,0,0,0,0,0,0,0,0,0,1,0.0,,,,,0,,0, BET365, BET365 (0/1),,,452,1.0000,1,Yokohama Country Club (West Course),0.00,,0.00,,,
 ,,,OUTRIGHT,0,0,0,0,0,0,0,0,0,0,0,0,0,0,1,0.0,,,,,0,,0, BET365, BET365 (0/1),,,452,1.0000,1,Yokohama Country Club (West Course),0.00,,0.00,,,
 ,,,OUTRIGHT,0,0,0,0,0,0,0,0,0,0,0,0,0,0,1,0.0,,,,,0,,0, BET365, BET365 (0/1),,,452,1.0000,1,Yokohama Country Club (West Course),0.00,,0.00,,,
 ,,,OUTRIGHT,0,0,0,0,0,0,0,0,0,0,0,0,0,0,1,0.0,,,,,0,,0, BET365, BET365 (0/1),,,452,1.0000,1,Yokohama Country Club (West Course),0.00,,0.00,,,
 ,,,OUTRIGHT,0,0,0,0,0,0,0,0,0,0,0,0,0,0,1,0.0,,,,,0,,0, BET365, BET365 (0/1),,,452,1.0000,1,Yokohama Country Club (West Course),0.00,,0.00,,,
 ,,,OUTRIGHT,0,0,0,0,0,0,0,0,0,0,0,0,0,0,1,0.0,,,,,0,,0, BET365, BET365 (0/1),,,452,1.0000,1,Yokohama Country Club (West Course),0.00,,0.00,,,
 ,,,OUTRIGHT,0,0,0,0,0,0,0,0,0,0,0,0,0,0,1,0.0,,,,,0,,0, BET365, BET365 (0/1),,,452,1.0000,1,Yokohama Country Club (West Course),0.00,,0.00,,,
 ,,,OUTRIGHT,0,0,0,0,0,0,0,0,0,0,0,0,0,0,1,0.0,,,,,0,,0, BET365, BET365 (0/1),,,452,1.0000,1,Yokohama Country Club (West Course),0.00,,0.00,,,
 ,,,OUTRIGHT,0,0,0,0,0,0,0,0,0,0,0,0,0,0,1,0.0,,,,,0,,0, BET365, BET365 (0/1),,,452,1.0000,1,Yokohama Country Club (West Course),0.00,,0.00,,,
 ,,,OUTRIGHT,0,0,0,0,0,0,0,0,0,0,0,0,0,0,1,0.0,,,,,0,,0, BET365, BET365 (0/1),,,452,1.0000,1,Yokohama Country Club (West Course),0.00,,0.00,,,
 ,,,OUTRIGHT,0,0,0,0,0,0,0,0,0,0,0,0,0,0,1,0.0,,,,,0,,0, BET365, BET365 (0/1),,,452,1.0000,1,Yokohama Country Club (West Course),0.00,,0.00,,,
 ,,,OUTRIGHT,0,0,0,0,0,0,0,0,0,0,0,0,0,0,1,0.0,,,,,0,,0, BET365, BET365 (0/1),,,452,1.0000,1,Yokohama Country Club (West Course),0.00,,0.00,,,
 ,,,OUTRIGHT,0,0,0,0,0,0,0,0,0,0,0,0,0,0,1,0.0,,,,,0,,0, BET365, BET365 (0/1),,,452,1.0000,1,Yokohama Country Club (West Course),0.00,,0.00,,,
 ,,,OUTRIGHT,0,0,0,0,0,0,0,0,0,0,0,0,0,0,1,0.0,,,,,0,,0, BET365, BET365 (0/1),,,452,1.0000,1,Yokohama Country Club (West Course),0.00,,0.00,,,
 ,,,OUTRIGHT,0,0,0,0,0,0,0,0,0,0,0,0,0,0,1,0.0,,,,,0,,0, BET365, BET365 (0/1),,,452,1.0000,1,Yokohama Country Club (West Course),0.00,,0.00,,,
 ,,,OUTRIGHT,0,0,0,0,0,0,0,0,0,0,0,0,0,0,1,0.0,,,,,0,,0, BET365, BET365 (0/1),,,452,1.0000,1,Yokohama Country Club (West Course),0.00,,0.00,,,
 ,,,OUTRIGHT,0,0,0,0,0,0,0,0,0,0,0,0,0,0,1,0.0,,,,,0,,0, BET365, BET365 (0/1),,,452,1.0000,1,Yokohama Country Club (West Course),0.00,,0.00,,,
 ,,,OUTRIGHT,0,0,0,0,0,0,0,0,0,0,0,0,0,0,1,0.0,,,,,0,,0, BET365, BET365 (0/1),,,452,1.0000,1,Yokohama Country Club (West Course),0.00,,0.00,,,
 ,,,OUTRIGHT,0,0,0,0,0,0,0,0,0,0,0,0,0,0,1,0.0,,,,,0,,0, BET365, BET365 (0/1),,,452,1.0000,1,Yokohama Country Club (West Course),0.00,,0.00,,,
 ,,,OUTRIGHT,0,0,0,0,0,0,0,0,0,0,0,0,0,0,1,0.0,,,,,0,,0, BET365, BET365 (0/1),,,452,1.0000,1,Yokohama Country Club (West Course),0.00,,0.00,,,
 ,,,OUTRIGHT,0,0,0,0,0,0,0,0,0,0,0,0,0,0,1,0.0,,,,,0,,0, BET365, BET365 (0/1),,,452,1.0000,1,Yokohama Country Club (West Course),0.00,,0.00,,,
 ,,,OUTRIGHT,0,0,0,0,0,0,0,0,0,0,0,0,0,0,1,0.0,,,,,0,,0, BET365, BET365 (0/1),,,452,1.0000,1,Yokohama Country Club (West Course),0.00,,0.00,,,
 ,,,OUTRIGHT,0,0,0,0,0,0,0,0,0,0,0,0,0,0,1,0.0,,,,,0,,0, BET365, BET365 (0/1),,,452,1.0000,1,Yokohama Country Club (West Course),0.00,,0.00,,,
 ,,,OUTRIGHT,0,0,0,0,0,0,0,0,0,0,0,0,0,0,1,0.0,,,,,0,,0, BET365, BET365 (0/1),,,452,1.0000,1,Yokohama Country Club (West Course),0.00,,0.00,,,
 ,,,OUTRIGHT,0,0,0,0,0,0,0,0,0,0,0,0,0,0,1,0.0,,,,,0,,0, BET365, BET365 (0/1),,,452,1.0000,1,Yokohama Country Club (West Course),0.00,,0.00,,,
 ,,,OUTRIGHT,0,0,0,0,0,0,0,0,0,0,0,0,0,0,1,0.0,,,,,0,,0, BET365, BET365 (0/1),,,452,1.0000,1,Yokohama Country Club (West Course),0.00,,0.00,,,
 ,,,OUTRIGHT,0,0,0,0,0,0,0,0,0,0,0,0,0,0,1,0.0,,,,,0,,0, BET365, BET365 (0/1),,,452,1.0000,1,Yokohama Country Club (West Course),0.00,,0.00,,,
 ,,,OUTRIGHT,0,0,0,0,0,0,0,0,0,0,0,0,0,0,1,0.0,,,,,0,,0, BET365, BET365 (0/1),,,452,1.0000,1,Yokohama Country Club (West Course),0.00,,0.00,,,
 ,,,OUTRIGHT,0,0,0,0,0,0,0,0,0,0,0,0,0,0,1,0.0,,,,,0,,0, BET365, BET365 (0/1),,,452,1.0000,1,Yokohama Country Club (West Course),0.00,,0.00,,,
 ,,,OUTRIGHT,0,0,0,0,0,0,0,0,0,0,0,0,0,0,1,0.0,,,,,0,,0, BET365, BET365 (0/1),,,452,1.0000,1,Yokohama Country Club (West Course),0.00,,0.00,,,
 ,,,OUTRIGHT,0,0,0,0,0,0,0,0,0,0,0,0,0,0,1,0.0,,,,,0,,0, BET365, BET365 (0/1),,,452,1.0000,1,Yokohama Country Club (West Course),0.00,,0.00,,,
 ,,,OUTRIGHT,0,0,0,0,0,0,0,0,0,0,0,0,0,0,1,0.0,,,,,0,,0, BET365, BET365 (0/1),,,452,1.0000,1,Yokohama Country Club (West Course),0.00,,0.00,,,
 ,,,OUTRIGHT,0,0,0,0,0,0,0,0,0,0,0,0,0,0,1,0.0,,,,,0,,0, BET365, BET365 (0/1),,,452,1.0000,1,Yokohama Country Club (West Course),0.00,,0.00,,,
 ,,,OUTRIGHT,0,0,0,0,0,0,0,0,0,0,0,0,0,0,1,0.0,,,,,0,,0, BET365, BET365 (0/1),,,452,1.0000,1,Yokohama Country Club (West Course),0.00,,0.00,,,
 ,,,OUTRIGHT,0,0,0,0,0,0,0,0,0,0,0,0,0,0,1,0.0,,,,,0,,0, BET365, BET365 (0/1),,,452,1.0000,1,Yokohama Country Club (West Course),0.00,,0.00,,,
 ,,,OUTRIGHT,0,0,0,0,0,0,0,0,0,0,0,0,0,0,1,0.0,,,,,0,,0, BET365, BET365 (0/1),,,452,1.0000,1,Yokohama Country Club (West Course),0.00,,0.00,,,
 ,,,OUTRIGHT,0,0,0,0,0,0,0,0,0,0,0,0,0,0,1,0.0,,,,,0,,0, BET365, BET365 (0/1),,,452,1.0000,1,Yokohama Country Club (West Course),0.00,,0.00,,,
 ,,,OUTRIGHT,0,0,0,0,0,0,0,0,0,0,0,0,0,0,1,0.0,,,,,0,,0, BET365, BET365 (0/1),,,452,1.0000,1,Yokohama Country Club (West Course),0.00,,0.00,,,
 ,,,OUTRIGHT,0,0,0,0,0,0,0,0,0,0,0,0,0,0,1,0.0,,,,,0,,0, BET365, BET365 (0/1),,,452,1.0000,1,Yokohama Country Club (West Course),0.00,,0.00,,,
 ,,,OUTRIGHT,0,0,0,0,0,0,0,0,0,0,0,0,0,0,1,0.0,,,,,0,,0, BET365, BET365 (0/1),,,452,1.0000,1,Yokohama Country Club (West Course),0.00,,0.00,,,
 ,,,OUTRIGHT,0,0,0,0,0,0,0,0,0,0,0,0,0,0,1,0.0,,,,,0,,0, BET365, BET365 (0/1),,,452,1.0000,1,Yokohama Country Club (West Course),0.00,,0.00,,,
 ,,,OUTRIGHT,0,0,0,0,0,0,0,0,0,0,0,0,0,0,1,0.0,,,,,0,,0, BET365, BET365 (0/1),,,452,1.0000,1,Yokohama Country Club (West Course),0.00,,0.00,,,
 ,,,OUTRIGHT,0,0,0,0,0,0,0,0,0,0,0,0,0,0,1,0.0,,,,,0,,0, BET365, BET365 (0/1),,,452,1.0000,1,Yokohama Country Club (West Course),0.00,,0.00,,,
 ,,,OUTRIGHT,0,0,0,0,0,0,0,0,0,0,0,0,0,0,1,0.0,,,,,0,,0, BET365, BET365 (0/1),,,452,1.0000,1,Yokohama Country Club (West Course),0.00,,0.00,,,
 ,,,OUTRIGHT,0,0,0,0,0,0,0,0,0,0,0,0,0,0,1,0.0,,,,,0,,0, BET365, BET365 (0/1),,,452,1.0000,1,Yokohama Country Club (West Course),0.00,,0.00,,,
 ,,,OUTRIGHT,0,0,0,0,0,0,0,0,0,0,0,0,0,0,1,0.0,,,,,0,,0, BET365, BET365 (0/1),,,452,1.0000,1,Yokohama Country Club (West Course),0.00,,0.00,,,
 ,,,OUTRIGHT,0,0,0,0,0,0,0,0,0,0,0,0,0,0,1,0.0,,,,,0,,0, BET365, BET365 (0/1),,,452,1.0000,1,Yokohama Country Club (West Course),0.00,,0.00,,,
 ,,,OUTRIGHT,0,0,0,0,0,0,0,0,0,0,0,0,0,0,1,0.0,,,,,0,,0, BET365, BET365 (0/1),,,452,1.0000,1,Yokohama Country Club (West Course),0.00,,0.00,,,
 ,,,OUTRIGHT,0,0,0,0,0,0,0,0,0,0,0,0,0,0,1,0.0,,,,,0,,0, BET365, BET365 (0/1),,,452,1.0000,1,Yokohama Country Club (West Course),0.00,,0.00,,,
 ,,,OUTRIGHT,0,0,0,0,0,0,0,0,0,0,0,0,0,0,1,0.0,,,,,0,,0, BET365, BET365 (0/1),,,452,1.0000,1,Yokohama Country Club (West Course),0.00,,0.00,,,
 ,,,OUTRIGHT,0,0,0,0,0,0,0,0,0,0,0,0,0,0,1,0.0,,,,,0,,0, BET365, BET365 (0/1),,,452,1.0000,1,Yokohama Country Club (West Course),0.00,,0.00,,,
 ,,,OUTRIGHT,0,0,0,0,0,0,0,0,0,0,0,0,0,0,1,0.0,,,,,0,,0, BET365, BET365 (0/1),,,452,1.0000,1,Yokohama Country Club (West Course),0.00,,0.00,,,
 ,,,OUTRIGHT,0,0,0,0,0,0,0,0,0,0,0,0,0,0,1,0.0,,,,,0,,0, BET365, BET365 (0/1),,,452,1.0000,1,Yokohama Country Club (West Course),0.00,,0.00,,,
 ,,,OUTRIGHT,0,0,0,0,0,0,0,0,0,0,0,0,0,0,1,0.0,,,,,0,,0, BET365, BET365 (0/1),,,452,1.0000,1,Yokohama Country Club (West Course),0.00,,0.00,,,
 ,,,OUTRIGHT,0,0,0,0,0,0,0,0,0,0,0,0,0,0,1,0.0,,,,,0,,0, BET365, BET365 (0/1),,,452,1.0000,1,Yokohama Country Club (West Course),0.00,,0.00,,,
 ,,,OUTRIGHT,0,0,0,0,0,0,0,0,0,0,0,0,0,0,1,0.0,,,,,0,,0, BET365, BET365 (0/1),,,452,1.0000,1,Yokohama Country Club (West Course),0.00,,0.00,,,
 ,,,OUTRIGHT,0,0,0,0,0,0,0,0,0,0,0,0,0,0,1,0.0,,,,,0,,0, BET365, BET365 (0/1),,,452,1.0000,1,Yokohama Country Club (West Course),0.00,,0.00,,,
 ,,,OUTRIGHT,0,0,0,0,0,0,0,0,0,0,0,0,0,0,1,0.0,,,,,0,,0, BET365, BET365 (0/1),,,452,1.0000,1,Yokohama Country Club (West Course),0.00,,0.00,,,
 ,,,OUTRIGHT,0,0,0,0,0,0,0,0,0,0,0,0,0,0,1,0.0,,,,,0,,0, BET365, BET365 (0/1),,,452,1.0000,1,Yokohama Country Club (West Course),0.00,,0.00,,,
 ,,,OUTRIGHT,0,0,0,0,0,0,0,0,0,0,0,0,0,0,1,0.0,,,,,0,,0, BET365, BET365 (0/1),,,452,1.0000,1,Yokohama Country Club (West Course),0.00,,0.00,,,
 ,,,OUTRIGHT,0,0,0,0,0,0,0,0,0,0,0,0,0,0,1,0.0,,,,,0,,0, BET365, BET365 (0/1),,,452,1.0000,1,Yokohama Country Club (West Course),0.00,,0.00,,,
 ,,,OUTRIGHT,0,0,0,0,0,0,0,0,0,0,0,0,0,0,1,0.0,,,,,0,,0, BET365, BET365 (0/1),,,452,1.0000,1,Yokohama Country Club (West Course),0.00,,0.00,,,
 ,,,OUTRIGHT,0,0,0,0,0,0,0,0,0,0,0,0,0,0,1,0.0,,,,,0,,0, BET365, BET365 (0/1),,,452,1.0000,1,Yokohama Country Club (West Course),0.00,,0.00,,,
 ,,,OUTRIGHT,0,0,0,0,0,0,0,0,0,0,0,0,0,0,1,0.0,,,,,0,,0, BET365, BET365 (0/1),,,452,1.0000,1,Yokohama Country Club (West Course),0.00,,0.00,,,
 ,,,OUTRIGHT,0,0,0,0,0,0,0,0,0,0,0,0,0,0,1,0.0,,,,,0,,0, BET365, BET365 (0/1),,,452,1.0000,1,Yokohama Country Club (West Course),0.00,,0.00,,,
 ,,,OUTRIGHT,0,0,0,0,0,0,0,0,0,0,0,0,0,0,1,0.0,,,,,0,,0, BET365, BET365 (0/1),,,452,1.0000,1,Yokohama Country Club (West Course),0.00,,0.00,,,
 ,,,OUTRIGHT,0,0,0,0,0,0,0,0,0,0,0,0,0,0,1,0.0,,,,,0,,0, BET365, BET365 (0/1),,,452,1.0000,1,Yokohama Country Club (West Course),0.00,,0.00,,,
 ,,,OUTRIGHT,0,0,0,0,0,0,0,0,0,0,0,0,0,0,1,0.0,,,,,0,,0, BET365, BET365 (0/1),,,452,1.0000,1,Yokohama Country Club (West Course),0.00,,0.00,,,
 ,,,OUTRIGHT,0,0,0,0,0,0,0,0,0,0,0,0,0,0,1,0.0,,,,,0,,0, BET365, BET365 (0/1),,,452,1.0000,1,Yokohama Country Club (West Course),0.00,,0.00,,,
 ,,,OUTRIGHT,0,0,0,0,0,0,0,0,0,0,0,0,0,0,1,0.0,,,,,0,,0, BET365, BET365 (0/1),,,452,1.0000,1,Yokohama Country Club (West Course),0.00,,0.00,,,
 ,,,OUTRIGHT,0,0,0,0,0,0,0,0,0,0,0,0,0,0,1,0.0,,,,,0,,0, BET365, BET365 (0/1),,,452,1.0000,1,Yokohama Country Club (West Course),0.00,,0.00,,,
 ,,,OUTRIGHT,0,0,0,0,0,0,0,0,0,0,0,0,0,0,1,0.0,,,,,0,,0, BET365, BET365 (0/1),,,452,1.0000,1,Yokohama Country Club (West Course),0.00,,0.00,,,
 ,,,OUTRIGHT,0,0,0,0,0,0,0,0,0,0,0,0,0,0,1,0.0,,,,,0,,0, BET365, BET365 (0/1),,,452,1.0000,1,Yokohama Country Club (West Course),0.00,,0.00,,,
 ,,,OUTRIGHT,0,0,0,0,0,0,0,0,0,0,0,0,0,0,1,0.0,,,,,0,,0, BET365, BET365 (0/1),,,452,1.0000,1,Yokohama Country Club (West Course),0.00,,0.00,,,
 ,,,OUTRIGHT,0,0,0,0,0,0,0,0,0,0,0,0,0,0,1,0.0,,,,,0,,0, BET365, BET365 (0/1),,,452,1.0000,1,Yokohama Country Club (West Course),0.00,,0.00,,,
 ,,,OUTRIGHT,,,,,,,,,,,,,,,,,,,,,0,,0,, (0/1),,,452,1.0000,1,Yokohama Country Club (West Course),0.00,,0.00,,,
 ,,,OUTRIGHT,,,,,,,,,,,,,,,,,,,,,0,,0,, (0/1),,,452,1.0000,1,Yokohama Country Club (West Course),0.00,,0.00,,,
TEST,LATE,1,OUTRIGHT,1,1,1,1,1,1,1,1,1,1,1,1,1,1,1,150,0.001,150,150,0.0066,0,,1, BET365, BET365 (1/1),150,,451,0.4934,0.5,TBD,0.00,,-0.01,,,
,,,,,,,,,,,,,,,,,,,,,,,,0,,0,, (0/1),,,452,1.0000,1,TBD,0.00,,0.00,,,
,,,,,,,,,,,,,,,,,,,,,,,,0,,0,, (0/1),,,452,1.0000,1,TBD,0.00,,0.00,,,
,,,,,,,,,,,,,,,,,,,,,,,,0,,0,, (0/1),,,452,1.0000,1,TBD,0.00,,0.00,,,
,,,,,,,,,,,,,,,,,,,,,,,,0,,0,, (0/1),,,452,1.0000,1,TBD,0.00,,0.00,,,
,,,,,,,,,,,,,,,,,,,,,,,,0,,0,, (0/1),,,452,1.0000,1,TBD,0.00,,0.00,,,
,,,,,,,,,,,,,,,,,,,,,,,,0,,0,, (0/1),,,452,1.0000,1,TBD,0.00,,0.00,,,
,,,,,,,,,,,,,,,,,,,,,,,,0,,0,, (0/1),,,452,1.0000,1,TBD,0.00,,0.00,,,
,,,,,,,,,,,,,,,,,,,,,,,,0,,0,, (0/1),,,452,1.0000,1,TBD,0.00,,0.00,,,
Jacob Bridgeman,Late,2026-10-09 10:35,TOP 5,0,-1.36,-1.55,0,-1.4,0,-1.96,-1.75,-1.75,-2,0,0,-1.49,-1.61,1,-1.65,0.15,1,72,-1.5385,0,Good Bet,0, BET365, BET365 (0/1),,,994,2.5385,1,Yokohama Country Club (West Course),-0.44,,1.10,-0.3062683206,0.3631043845,"https://pga-tour-res.cloudinary.com/image/upload/c_fill,d_headshots_default.png,dpr_2.0,f_auto,g_face:center,h_350,q_auto,w_280/headshots_60004.png"
Jordan Smith,Early,2026-10-09 09:07,TOP 5,0,2.2,2.1,0,2.1,0,1.9,2.25,2.2,1.85,0,0,2.4,2.1,91,2.12,,,1,0.3205,-90,,2.4,SKYBET,SKYBET (2.4/1),0.8833333333,54,57,-0.0264,0.2941176471,Yokohama Country Club (West Course),0.32,,0.00,0.3205128205,,
Collin Morikawa,Late,2026-10-09 10:35,TOP 5,0,2.4,2.5,0,2.5,0,2,2.5,2.5,2,0,0,2.75,2.25,92,2.38,0.25,4,2,0.2959,-90,,2.75,SKYBET,SKYBET (2.75/1),0.8654545455,46,54,-0.0292,0.2666666667,Yokohama Country Club (West Course),0.28,,-0.02,0.276091072,0.2716101518,"https://pga-tour-res.cloudinary.com/image/upload/c_fill,d_headshots_default.png,dpr_2.0,f_auto,g_face:center,h_350,q_auto,w_280/headshots_50525.png"
Max Homa,Early,2026-10-09 09:07,TOP 5,0,2.95,2.8,0,2.8,0,2.25,3,3,2.4,0,0,3,2.75,95,2.77,0.05,10,9,0.2653,-86,,3,WILLIAMHILL,WILLIAMHILL (3/1),0.9233333333,66,89,-0.0153,0.25,Yokohama Country Club (West Course),0.17,,-0.10,0.172738663,0.1519759997,"https://pga-tour-res.cloudinary.com/image/upload/c_fill,d_headshots_default.png,dpr_2.0,f_auto,g_face:center,h_350,q_auto,w_280/headshots_39977.png"
Hideki Matsuyama,Early,2026-10-09 09:29,TOP 5,0,2.7,2.7,0,2.6,0,2,2.5,2.5,2,0,0,2.75,2.5,94,2.47,0.1,3,3,0.2882,-91,,2.75,SKYBET,SKYBET (2.75/1),0.8981818182,62,65,-0.0215,0.2666666667,Yokohama Country Club (West Course),0.24,,-0.05,0.2623325922,0.2992088925,"https://pga-tour-res.cloudinary.com/image/upload/c_fill,d_headshots_default.png,dpr_2.0,f_auto,g_face:center,h_350,q_auto,w_280/headshots_32839.png"
Michael Thorbjornsen,Late,2026-10-09 10:13,TOP 5,0,2.6,2.5,0,2.5,0,2,2.5,2.5,2,0,0,2.75,2.5,93,2.43,0.1,6,5,0.2915,-88,,2.75,SKYBET,SKYBET (2.75/1),0.8836363636,55,60,-0.0249,0.2666666667,Yokohama Country Club (West Course),0.22,,-0.08,0.2257558482,0.2238149033,"https://pga-tour-res.cloudinary.com/image/upload/c_fill,d_headshots_default.png,dpr_2.0,f_auto,g_face:center,h_350,q_auto,w_280/headshots_57364.png"
Min Woo Lee,Late,2026-10-09 10:24,TOP 5,0,3.05,3.4,0,3.3,0,2.5,3,3,2.6,0,0,3.5,3.2,96,3.06,0.15,9,7,0.2463,-89,,3.5,SKYBET,SKYBET (3.5/1),0.8742857143,51,61,-0.0241,0.2222222222,Yokohama Country Club (West Course),0.19,,-0.05,0.1908110679,0.1674185234,"https://pga-tour-res.cloudinary.com/image/upload/c_fill,d_headshots_default.png,dpr_2.0,f_auto,g_face:center,h_350,q_auto,w_280/headshots_37378.png"
Mac Meissner,Late,2026-10-09 10:02,TOP 5,0,3.7,3.8,0,3.5,0,3,3.5,3.5,3,0,0,4,4,99,3.56,0.05,14,16,0.2193,-83,,4,SKYBET,SKYBET (4/1),0.89,58,71,-0.0193,0.2,Yokohama Country Club (West Course),0.13,,-0.09,0.133030529,0.1031955609,"https://pga-tour-res.cloudinary.com/image/upload/c_fill,d_headshots_default.png,dpr_2.0,f_auto,g_face:center,h_350,q_auto,w_280/headshots_59143.png"
Ricky Castillo,Late,2026-10-09 10:13,TOP 5,0,3.65,3.8,0,3.5,0,2.75,3.5,3.5,2.8,0,0,4,3.5,98,3.44,0.15,13,10,0.2252,-88,,4,SKYBET,SKYBET (4/1),0.86,44,59,-0.0252,0.2,Yokohama Country Club (West Course),0.17,,-0.06,0.1569157883,0.1136814264,"https://pga-tour-res.cloudinary.com/image/upload/c_fill,d_headshots_default.png,dpr_2.0,f_auto,g_face:center,h_350,q_auto,w_280/headshots_59440.png"
Ryan Gerard,Early,2026-10-09 09:18,TOP 5,0,4.45,4.3,0,4,0,3.25,4,4,3.25,0,0,4,4.5,101,3.97,0.05,8,14,0.2012,-87,,4.5,UNIBET,UNIBET (4.5/1),0.8822222222,53,70,-0.0194,0.1818181818,Yokohama Country Club (West Course),0.15,,-0.05,0.1676175077,0.1844301865,"https://pga-tour-res.cloudinary.com/image/upload/c_fill,d_headshots_default.png,dpr_2.0,f_auto,g_face:center,h_350,q_auto,w_280/headshots_59018.png"
Pierceson Coody,Early,2026-10-09 09:51,TOP 5,0,4,4.3,0,4,0,3.25,4,4,3.2,0,0,4.5,4,100,3.92,,16,6,0.2033,-94,,4.5,SKYBET,SKYBET (4.5/1),0.8711111111,49,66,-0.0214,0.1818181818,Yokohama Country Club (West Course),0.20,,0.00,,0.0850362342,"https://pga-tour-res.cloudinary.com/image/upload/c_fill,d_headshots_default.png,dpr_2.0,f_auto,g_face:center,h_350,q_auto,w_280/headshots_59836.png"
Keith Mitchell,Early,2026-10-09 09:51,TOP 5,0,3.45,3.8,0,3.5,0,3,3.5,3.33,3,0,0,3.5,3.5,97,3.4,0.1,11,11,0.2273,-86,,3.5,POINTSBET,POINTSBET (3.5/1),0.9714285714,69,163,-0.0051,0.2222222222,Yokohama Country Club (West Course),0.16,,-0.07,0.1614031822,0.1379578796,"https://pga-tour-res.cloudinary.com/image/upload/c_fill,d_headshots_default.png,dpr_2.0,f_auto,g_face:center,h_350,q_auto,w_280/headshots_39546.png"
Kristoffer Ventura,Late,2026-10-09 10:02,TOP 5,0,4.6,4.7,0,4.25,0,4.5,4.5,5,4.5,0,0,5.5,5,102,4.73,,,8,0.1745,-94,,5.5,SKYBET,SKYBET (5.5/1),0.86,45,68,-0.0207,0.1538461538,Yokohama Country Club (West Course),0.17,,0.00,0.1745200698,,
Ryo Hisatsune,Early,2026-10-09 08:56,TOP 5,0,5.5,6,0,5,0,4.5,5.5,5,4.5,0,0,6,5.5,104,5.28,,20,12,0.1592,-92,,6,SKYBET,SKYBET (6/1),0.88,52,82,-0.0164,0.1428571429,Yokohama Country Club (West Course),0.16,,0.00,,0.05774176121,"https://pga-tour-res.cloudinary.com/image/upload/c_fill,d_headshots_default.png,dpr_2.0,f_auto,g_face:center,h_350,q_auto,w_280/headshots_51287.png"
Xander Schauffele,Late,2026-10-09 10:35,TOP 5,0,4.8,5.5,0,5,0,4.5,5,5,4.5,0,0,5.5,4.5,103,4.92,0.15,2,4,0.1689,-99,Good Bet,5.5,SKYBET,SKYBET (5.5/1),0.8945454545,61,91,-0.0151,0.1538461538,Yokohama Country Club (West Course),0.22,,0.05,0.2461122989,0.3296119851,"https://pga-tour-res.cloudinary.com/image/upload/c_fill,d_headshots_default.png,dpr_2.0,f_auto,g_face:center,h_350,q_auto,w_280/headshots_48081.png"
Justin Thomas,Early,2026-10-09 09:18,TOP 5,0,6,7,0,6.5,0,5,6,6,5,0,0,7,6,106,6.06,0.05,15,18,0.1416,-88,,7,SKYBET,SKYBET (7/1),0.8657142857,47,81,-0.0166,0.125,Yokohama Country Club (West Course),0.10,,-0.04,0.1023861373,0.09367690155,"https://pga-tour-res.cloudinary.com/image/upload/c_fill,d_headshots_default.png,dpr_2.0,f_auto,g_face:center,h_350,q_auto,w_280/headshots_33448.png"
Doug Ghim,Early,2026-10-09 09:40,TOP 5,0,6.9,7,0,6.5,0,6.5,8,8,6.5,0,0,8,5.5,108,6.99,0.05,5,15,0.1252,-93,Good Bet,8,WILLIAMHILL,WILLIAMHILL (8/1),0.87375,50,97,-0.0140,0.1111111111,Yokohama Country Club (West Course),0.14,,0.02,0.1733306948,0.2465570925,"https://pga-tour-res.cloudinary.com/image/upload/c_fill,d_headshots_default.png,dpr_2.0,f_auto,g_face:center,h_350,q_auto,w_280/headshots_52375.png"
Michael Brennan,Late,2026-10-09 10:13,TOP 5,0,5.5,6.5,0,5.5,0,5,6,5.5,5,0,0,6,5.5,105,5.61,0.05,12,17,0.1513,-88,,6,WILLIAMHILL,WILLIAMHILL (6/1),0.935,67,129,-0.0084,0.1428571429,Yokohama Country Club (West Course),0.11,,-0.04,0.1213783655,0.1252327774,"https://pga-tour-res.cloudinary.com/image/upload/c_fill,d_headshots_default.png,dpr_2.0,f_auto,g_face:center,h_350,q_auto,w_280/headshots_58611.png"
Johnny Keefer,Early,2026-10-09 08:45,TOP 5,0,7.4,7.5,0,6.5,0,6,6.5,7,5.5,0,0,7.5,7,107,6.77,0.1,21,21,0.1287,-86,,7.5,SKYBET,SKYBET (7.5/1),0.9026666667,63,111,-0.0111,0.1176470588,Yokohama Country Club (West Course),0.10,,-0.03,0.0857745679,0.05241571666,"https://pga-tour-res.cloudinary.com/image/upload/c_fill,d_headshots_default.png,dpr_2.0,f_auto,g_face:center,h_350,q_auto,w_280/headshots_63454.png"
Adam Scott,Early,2026-10-09 09:18,TOP 5,0,7.3,9,0,7.5,0,6.5,8,8.5,6.5,0,0,9,7,110,7.7,0.1,19,22,0.1149,-88,,9,SKYBET,SKYBET (9/1),0.8555555556,43,92,-0.0149,0.1,Yokohama Country Club (West Course),0.09,,-0.02,0.08678533973,0.06360899363,"https://pga-tour-res.cloudinary.com/image/upload/c_fill,d_headshots_default.png,dpr_2.0,f_auto,g_face:center,h_350,q_auto,w_280/headshots_24502.png"
Wyndham Clark,Early,2026-10-09 09:18,TOP 5,0,7.2,8.5,0,7.5,0,6,7,7,5.5,0,0,7.5,7.5,109,7.08,0.3,18,13,0.1238,-96,Good Bet,7.5,POINTSBET,POINTSBET (7.5/1),0.944,68,148,-0.0061,0.1176470588,Yokohama Country Club (West Course),0.15,,0.03,0.1262903279,0.0700724049,"https://pga-tour-res.cloudinary.com/image/upload/c_fill,d_headshots_default.png,dpr_2.0,f_auto,g_face:center,h_350,q_auto,w_280/headshots_51766.png"
Sungjae Im,Late,2026-10-09 10:24,TOP 5,0,8.1,10,0,8,0,8,9,9,7,0,0,10,7.5,111,8.51,0.15,23,20,0.1052,-91,,10,SKYBET,SKYBET (10/1),0.851,42,95,-0.0142,0.09090909091,Yokohama Country Club (West Course),0.10,,-0.01,0.08164688422,0.04319212105,"https://pga-tour-res.cloudinary.com/image/upload/c_fill,d_headshots_default.png,dpr_2.0,f_auto,g_face:center,h_350,q_auto,w_280/headshots_39971.png"
David Lipsky,Early,2026-10-09 09:40,TOP 5,0,12.5,13,0,11,0,10,12,11,9,0,0,12,9,116,11.06,0.05,33,32,0.0829,0,,12,WILLIAMHILL,WILLIAMHILL (12/1),0.9216666667,65,150,-0.0060,0.07692307692,Yokohama Country Club (West Course),0.05,,-0.03,0.04417812043,0.01641041444,"https://pga-tour-res.cloudinary.com/image/upload/c_fill,d_headshots_default.png,dpr_2.0,f_auto,g_face:center,h_350,q_auto,w_280/headshots_36326.png"
Michael Kim,Early,2026-10-09 09:51,TOP 5,0,9.5,10,0,10,0,8,9,9,7,0,0,10,8,113,8.94,0.05,26,28,0.1006,-85,,10,POINTSBET,POINTSBET (10/1),0.894,60,119,-0.0097,0.09090909091,Yokohama Country Club (West Course),0.06,,-0.04,0.05802220729,0.03230866676,"https://pga-tour-res.cloudinary.com/image/upload/c_fill,d_headshots_default.png,dpr_2.0,f_auto,g_face:center,h_350,q_auto,w_280/headshots_39975.png"
Andrew Putnam,Early,2026-10-09 09:40,TOP 5,0,11.5,11,0,10,0,9,10,10,7.5,0,0,11,8,115,9.78,0.05,32,31,0.0928,0,,11,SKYBET,SKYBET (11/1),0.8890909091,57,121,-0.0094,0.08333333333,Yokohama Country Club (West Course),0.06,,-0.04,0.04829374423,0.01807790282,"https://pga-tour-res.cloudinary.com/image/upload/c_fill,d_headshots_default.png,dpr_2.0,f_auto,g_face:center,h_350,q_auto,w_280/headshots_34256.png"
Nico Echavarria,Late,2026-10-09 10:24,TOP 5,0,8.9,11,0,10,0,9,9,9,7.5,0,0,10,8,114,9.16,,,19,0.0984,-95,,10,POINTSBET,POINTSBET (10/1),0.916,64,134,-0.0075,0.09090909091,Yokohama Country Club (West Course),0.10,,0.00,0.09842519685,,
Keita Nakajima,Late,2026-10-09 10:02,TOP 5,0,12.75,13,0,11,0,0,12,12,10,0,0,12,11,117,11.72,0.1,27,25,0.0786,-92,,12,WILLIAMHILL,WILLIAMHILL (12/1),0.9766666667,70,211,-0.0017,0.07692307692,Yokohama Country Club (West Course),0.07,,-0.01,0.0575363906,0.02932854639,"https://pga-tour-res.cloudinary.com/image/upload/c_fill,d_headshots_default.png,dpr_2.0,f_auto,g_face:center,h_350,q_auto,w_280/headshots_49228.png"
Christiaan Bezuidenhout,Early,2026-10-09 08:45,TOP 5,0,12.25,10,0,8.5,0,6.5,9,9,6.5,0,0,10,8,112,8.86,0.05,24,26,0.1014,-86,,10,SKYBET,SKYBET (10/1),0.886,56,113,-0.0105,0.09090909091,Yokohama Country Club (West Course),0.07,,-0.04,0.06174402009,0.03920812132,"https://pga-tour-res.cloudinary.com/image/upload/c_fill,d_headshots_default.png,dpr_2.0,f_auto,g_face:center,h_350,q_auto,w_280/headshots_45522.png"
Zach Bauchou,Early,2026-10-09 09:40,TOP 5,0,14.75,14,0,12,0,0,14,14,12,0,0,16,11,118,13.47,,,24,0.0691,-94,,16,SKYBET,SKYBET (16/1),0.841875,40,114,-0.0103,0.05882352941,Yokohama Country Club (West Course),0.07,,0.00,0.06910850035,,
Brian Harman,Early,2026-10-09 09:29,TOP 5,0,15,19,0,14,0,0,18,20,16,0,0,20,11,122,16.63,0.05,36,36,0.0567,0,,20,BETWAY,BETWAY (20/1),0.8315,38,123,-0.0091,0.04761904762,Yokohama Country Club (West Course),0.04,,-0.02,0.03337817656,0.01227535482,"https://pga-tour-res.cloudinary.com/image/upload/c_fill,d_headshots_default.png,dpr_2.0,f_auto,g_face:center,h_350,q_auto,w_280/headshots_27644.png"
Matt Wallace,Late,2026-10-09 10:46,TOP 5,0,14.25,19,0,14,0,0,16,16,14,0,0,20,10,120,15.41,0.1,29,29,0.0609,-91,,20,SKYBET,SKYBET (20/1),0.7705,28,99,-0.0133,0.04761904762,Yokohama Country Club (West Course),0.06,,0.00,0.04906328455,0.02416760099,"https://pga-tour-res.cloudinary.com/image/upload/c_fill,d_headshots_default.png,dpr_2.0,f_auto,g_face:center,h_350,q_auto,w_280/headshots_48887.png"
Kurt Kitayama,Early,2026-10-09 09:07,TOP 5,0,17.5,25,0,18,0,0,25,25,20,0,0,28,14,126,21.56,0.1,25,30,0.0443,0,Good Bet,28,SKYBET,SKYBET (28/1),0.77,27,118,-0.0098,0.03448275862,Yokohama Country Club (West Course),0.06,,0.01,0.04923788133,0.0355916019,"https://pga-tour-res.cloudinary.com/image/upload/c_fill,d_headshots_default.png,dpr_2.0,f_auto,g_face:center,h_350,q_auto,w_280/headshots_48117.png"
John Parry,Late,2026-10-09 10:46,TOP 5,0,15.5,17,0,13,0,0,14,14,12,0,0,18,11,119,14.31,,37,27,0.0653,-92,,18,SKYBET,SKYBET (18/1),0.795,31,104,-0.0127,0.05263157895,Yokohama Country Club (West Course),0.07,,0.00,,0.01114308789,"https://pga-tour-res.cloudinary.com/image/upload/c_fill,d_headshots_default.png,dpr_2.0,f_auto,g_face:center,h_350,q_auto,w_280/headshots_28723.png"
Lee Hodges,Early,2026-10-09 09:40,TOP 5,0,20,22,0,17,0,0,22,22,18,0,0,28,12,123,20.13,0.1,42,33,0.0473,0,Good Bet,28,SKYBET,SKYBET (28/1),0.7189285714,16,102,-0.0128,0.03448275862,Yokohama Country Club (West Course),0.05,,0.00,0.03587628475,0.006868518382,"https://pga-tour-res.cloudinary.com/image/upload/c_fill,d_headshots_default.png,dpr_2.0,f_auto,g_face:center,h_350,q_auto,w_280/headshots_54628.png"
Stephan Jaeger,Late,2026-10-09 10:13,TOP 5,0,18,25,0,17,0,0,22,22,18,0,0,25,14,123,20.13,0.05,44,40,0.0473,0,,25,SKYBET,SKYBET (25/1),0.8052,34,126,-0.0089,0.03846153846,Yokohama Country Club (West Course),0.03,,-0.01,0.0269386247,0.005659864947,"https://pga-tour-res.cloudinary.com/image/upload/c_fill,d_headshots_default.png,dpr_2.0,f_auto,g_face:center,h_350,q_auto,w_280/headshots_36799.png"
Max Greyserman,Late,2026-10-09 10:02,TOP 5,0,21.5,25,0,17,0,0,22,22,18,0,0,25,12,125,20.31,,34,34,0.0469,0,,25,SKYBET,SKYBET (25/1),0.8124,35,127,-0.0085,0.03846153846,Yokohama Country Club (West Course),0.05,,0.00,,0.01489673359,"https://pga-tour-res.cloudinary.com/image/upload/c_fill,d_headshots_default.png,dpr_2.0,f_auto,g_face:center,h_350,q_auto,w_280/headshots_51977.png"
Hiroshi Iwata,Early,2026-10-09 08:45,TOP 5,0,43,35,0,25,0,0,40,40,35,0,0,40,28,133,35.75,0.05,57,45,0.0272,0,,40,WILLIAMHILL,WILLIAMHILL (40/1),0.89375,59,196,-0.0028,0.0243902439,Yokohama Country Club (West Course),0.03,,0.00,0.01820790502,0.001608553801,"https://pga-tour-res.cloudinary.com/image/upload/c_fill,d_headshots_default.png,dpr_2.0,f_auto,g_face:center,h_350,q_auto,w_280/headshots_27747.png"
Denny McCarthy,Late,2026-10-09 10:02,TOP 5,0,18,19,0,14,0,0,16,16,14,0,0,20,14,121,16.38,0.05,43,38,0.0575,0,,20,SKYBET,SKYBET (20/1),0.819,36,117,-0.0099,0.04761904762,Yokohama Country Club (West Course),0.04,,-0.02,0.03062995286,0.006234972849,"https://pga-tour-res.cloudinary.com/image/upload/c_fill,d_headshots_default.png,dpr_2.0,f_auto,g_face:center,h_350,q_auto,w_280/headshots_47993.png"
Kevin Roy,Early,2026-10-09 08:45,TOP 5,0,33,33,0,22,0,0,35,33,28,0,0,40,20,130,30.5,0.05,40,43,0.0317,0,,40,SKYBET,SKYBET (40/1),0.7625,24,137,-0.0074,0.0243902439,Yokohama Country Club (West Course),0.03,,0.00,0.02308298265,0.008335277468,"https://pga-tour-res.cloudinary.com/image/upload/c_fill,d_headshots_default.png,dpr_2.0,f_auto,g_face:center,h_350,q_auto,w_280/headshots_39335.png"
Maverick McNealy,Late,2026-10-09 10:24,TOP 5,0,29,33,0,22,0,0,33,33,28,0,0,40,20,129,29.75,,28,41,0.0325,0,,40,SKYBET,SKYBET (40/1),0.74375,23,130,-0.0081,0.0243902439,Yokohama Country Club (West Course),0.03,,0.00,,0.02662330947,"https://pga-tour-res.cloudinary.com/image/upload/c_fill,d_headshots_default.png,dpr_2.0,f_auto,g_face:center,h_350,q_auto,w_280/headshots_46442.png"
Alex Smalley,Late,2026-10-09 10:24,TOP 5,0,28,33,0,22,0,0,33,28,25,0,0,35,18,128,27.75,0.15,17,23,0.0348,-105,Good Bet,35,SKYBET,SKYBET (35/1),0.7928571429,30,141,-0.0070,0.02777777778,Yokohama Country Club (West Course),0.08,,0.05,0.07519048975,0.0771925737,"https://pga-tour-res.cloudinary.com/image/upload/c_fill,d_headshots_default.png,dpr_2.0,f_auto,g_face:center,h_350,q_auto,w_280/headshots_46340.png"
Beau Hossler,Early,2026-10-09 09:51,TOP 5,0,25,33,0,22,0,0,25,28,22,0,0,40,20,127,26.88,0.1,41,35,0.0359,0,Good Bet,40,SKYBET,SKYBET (40/1),0.672,11,107,-0.0115,0.0243902439,Yokohama Country Club (West Course),0.04,,0.01,0.03240588832,0.007566439487,"https://pga-tour-res.cloudinary.com/image/upload/c_fill,d_headshots_default.png,dpr_2.0,f_auto,g_face:center,h_350,q_auto,w_280/headshots_35461.png"
Keegan Bradley,Early,2026-10-09 09:29,TOP 5,0,40,50,0,35,0,0,50,40,40,0,0,60,28,136,42.88,,38,49,0.0228,0,,60,SKYBET,SKYBET (60/1),0.7146666667,14,146,-0.0064,0.01639344262,Yokohama Country Club (West Course),0.02,,0.00,,0.01011526018,"https://pga-tour-res.cloudinary.com/image/upload/c_fill,d_headshots_default.png,dpr_2.0,f_auto,g_face:center,h_350,q_auto,w_280/headshots_33141.png"
Matt McCarty,Late,2026-10-09 10:13,TOP 5,0,37,40,0,28,0,0,35,40,30,0,0,40,20,132,33.75,,50,44,0.0288,0,,40,BETWAY,BETWAY (40/1),0.84375,41,174,-0.0044,0.0243902439,Yokohama Country Club (West Course),0.03,,0.00,,0.003166905315,"https://pga-tour-res.cloudinary.com/image/upload/c_fill,d_headshots_default.png,dpr_2.0,f_auto,g_face:center,h_350,q_auto,w_280/headshots_59141.png"
Takumi Kanaya,Late,2026-10-09 10:46,TOP 5,0,30,40,0,28,0,0,28,33,25,0,0,40,25,131,31.13,,46,42,0.0311,0,,40,SKYBET,SKYBET (40/1),0.77825,29,144,-0.0067,0.0243902439,Yokohama Country Club (West Course),0.03,,0.00,,0.004663898302,"https://pga-tour-res.cloudinary.com/image/upload/c_fill,d_headshots_default.png,dpr_2.0,f_auto,g_face:center,h_350,q_auto,w_280/headshots_47917.png"
Jackson Suber,Late,2026-10-09 10:46,TOP 5,0,49,0,0,60,0,0,100,100,90,0,0,150,66,143,87.86,0.1,39,39,0.0113,0,Good Bet,150,SKYBET,SKYBET (150/1),0.5857333333,2,170,-0.0046,0.006622516556,Yokohama Country Club (West Course),0.04,,0.02,0.02500900496,0.009182238303,"https://pga-tour-res.cloudinary.com/image/upload/c_fill,d_headshots_default.png,dpr_2.0,f_auto,g_face:center,h_350,q_auto,w_280/headshots_60019.png"
Chandler Phillips,Early,2026-10-09 08:56,TOP 5,0,63,45,0,30,0,0,40,40,35,0,0,60,40,137,44.13,0.05,56,48,0.0222,0,Good Bet,60,SKYBET,SKYBET (60/1),0.7355,22,155,-0.0058,0.01639344262,Yokohama Country Club (West Course),0.02,,0.00,0.01660540396,0.001772001517,"https://pga-tour-res.cloudinary.com/image/upload/c_fill,d_headshots_default.png,dpr_2.0,f_auto,g_face:center,h_350,q_auto,w_280/headshots_57900.png"
Jordan Spieth,Late,2026-10-09 10:24,TOP 5,0,40,55,0,35,0,0,50,50,40,0,0,55,28,137,44.13,,45,51,0.0222,0,,55,SKYBET,SKYBET (55/1),0.8023636364,33,177,-0.0043,0.01785714286,Yokohama Country Club (West Course),0.02,,0.00,,0.005137804445,"https://pga-tour-res.cloudinary.com/image/upload/c_fill,d_headshots_default.png,dpr_2.0,f_auto,g_face:center,h_350,q_auto,w_280/headshots_34046.png"
Ren Yonezawa,Early,2026-10-09 09:51,TOP 5,0,65,35,0,25,0,0,40,40,30,0,0,40,40,135,39.38,,55,46,0.0248,0,,40,WILLIAMHILL,WILLIAMHILL (40/1),0.9845,71,239,-0.0004,0.0243902439,Yokohama Country Club (West Course),0.02,,0.00,,0.001952057417,"https://pga-tour-res.cloudinary.com/image/upload/c_fill,d_headshots_default.png,dpr_2.0,f_auto,g_face:center,h_350,q_auto,w_280/headshots_56100.png"
Ben Kohles,Early,2026-10-09 09:51,TOP 5,0,33,50,0,35,0,0,40,40,30,0,0,50,28,134,38.25,0.05,22,37,0.0255,0,Good Bet,50,SKYBET,SKYBET (50/1),0.765,25,154,-0.0059,0.01960784314,Yokohama Country Club (West Course),0.04,,0.01,0.04061637301,0.04758094134,"https://pga-tour-res.cloudinary.com/image/upload/c_fill,d_headshots_default.png,dpr_2.0,f_auto,g_face:center,h_350,q_auto,w_280/headshots_36884.png"
Billy Horschel,Late,2026-10-09 10:13,TOP 5,0,51,70,0,45,0,0,50,50,40,0,0,66,33,139,50.63,,51,52,0.0194,0,,66,SKYBET,SKYBET (66/1),0.7671212121,26,172,-0.0044,0.01492537313,Yokohama Country Club (West Course),0.02,,0.00,,0.002874793013,"https://pga-tour-res.cloudinary.com/image/upload/c_fill,d_headshots_default.png,dpr_2.0,f_auto,g_face:center,h_350,q_auto,w_280/headshots_29420.png"
Tony Finau,Early,2026-10-09 09:18,TOP 5,0,98,0,0,66,0,0,125,125,90,0,0,175,0,144,113.17,,61,62,0.0088,0,,175,SKYBET,SKYBET (175/1),0.6466857143,5,192,-0.0031,0.005681818182,Yokohama Country Club (West Course),0.01,,0.00,,0.001092248855,"https://pga-tour-res.cloudinary.com/image/upload/c_fill,d_headshots_default.png,dpr_2.0,f_auto,g_face:center,h_350,q_auto,w_280/headshots_29725.png"
Davis Thompson,Early,2026-10-09 09:29,TOP 5,0,135,125,0,90,0,0,150,150,100,0,0,250,0,147,142.86,0.05,47,54,0.0070,0,Good Bet,250,SKYBET,SKYBET (250/1),0.57144,1,195,-0.0030,0.003984063745,Yokohama Country Club (West Course),0.02,,0.01,0.01276725326,0.004233704806,"https://pga-tour-res.cloudinary.com/image/upload/c_fill,d_headshots_default.png,dpr_2.0,f_auto,g_face:center,h_350,q_auto,w_280/headshots_58168.png"
Taylor Moore,Early,2026-10-09 08:56,TOP 5,0,100,0,0,70,0,0,150,150,100,0,0,225,0,146,132.5,0.05,59,56,0.0075,0,Good Bet,225,SKYBET,SKYBET (225/1),0.5888888889,3,193,-0.0031,0.004424778761,Yokohama Country Club (West Course),0.02,,0.01,0.0114929605,0.001325496529,"https://pga-tour-res.cloudinary.com/image/upload/c_fill,d_headshots_default.png,dpr_2.0,f_auto,g_face:center,h_350,q_auto,w_280/headshots_49947.png"
Nick Taylor,Late,2026-10-09 10:35,TOP 5,0,57,75,0,45,0,0,50,50,45,0,0,80,28,140,53.75,,53,53,0.0183,0,,80,SKYBET,SKYBET (80/1),0.671875,10,152,-0.0059,0.01234567901,Yokohama Country Club (West Course),0.02,,0.00,,0.00236891558,"https://pga-tour-res.cloudinary.com/image/upload/c_fill,d_headshots_default.png,dpr_2.0,f_auto,g_face:center,h_350,q_auto,w_280/headshots_25493.png"
Kevin Yu,Early,2026-10-09 09:18,TOP 5,0,165,150,0,100,0,0,200,200,175,0,0,275,0,149,180.71,0.05,31,50,0.0055,0,Good Bet,275,SKYBET,SKYBET (275/1),0.6571272727,8,208,-0.0019,0.003623188406,Yokohama Country Club (West Course),0.02,,0.02,0.02012517182,0.01991482735,"https://pga-tour-res.cloudinary.com/image/upload/c_fill,d_headshots_default.png,dpr_2.0,f_auto,g_face:center,h_350,q_auto,w_280/headshots_45242.png"
Rickie Fowler,Early,2026-10-09 09:29,TOP 5,0,70,0,0,60,0,0,80,80,60,0,0,110,40,141,71.43,0.05,35,47,0.0138,0,Good Bet,110,SKYBET,SKYBET (110/1),0.6493636364,6,168,-0.0048,0.009009009009,Yokohama Country Club (West Course),0.02,,0.01,0.01969681453,0.0135226732,"https://pga-tour-res.cloudinary.com/image/upload/c_fill,d_headshots_default.png,dpr_2.0,f_auto,g_face:center,h_350,q_auto,w_280/headshots_32102.png"
Steven Fisk,Early,2026-10-09 09:07,TOP 5,0,185,150,0,100,0,0,200,200,150,0,0,275,0,148,180,0.05,52,57,0.0055,0,Good Bet,275,SKYBET,SKYBET (275/1),0.6545454545,7,207,-0.0019,0.003623188406,Yokohama Country Club (West Course),0.02,,0.01,0.01147976639,0.002609624869,"https://pga-tour-res.cloudinary.com/image/upload/c_fill,d_headshots_default.png,dpr_2.0,f_auto,g_face:center,h_350,q_auto,w_280/headshots_57123.png"
Kosuke Sunagawa,Late,2026-10-09 10:46,TOP 5,0,130,80,0,60,0,0,80,80,55,0,0,110,50,142,80.63,,63,61,0.0123,0,,110,SKYBET,SKYBET (110/1),0.733,20,191,-0.0032,0.009009009009,Yokohama Country Club (West Course),0.01,,0.00,,0.0009000457835,https://www.freeiconspng.com/uploads/--tie-user-users-work-worker-working-icon--icon-search-engine-6.png
Yusaku Hosono,Early,2026-10-09 08:56,TOP 5,0,350,150,0,90,0,0,200,200,150,0,0,275,0,151,202.14,,68,64,0.0049,0,,275,SKYBET,SKYBET (275/1),0.7350545455,21,217,-0.0013,0.003623188406,Yokohama Country Club (West Course),0.00,,0.00,,0.0005547816788,"https://pga-tour-res.cloudinary.com/image/upload/c_fill,d_headshots_default.png,dpr_2.0,f_auto,g_face:center,h_350,q_auto,w_280/headshots_56165.png"
Tomohiro Ishizaka,Early,2026-10-09 09:07,TOP 5,0,250,150,0,100,0,0,200,200,150,0,0,275,0,150,189.29,,69,63,0.0053,0,,275,SKYBET,SKYBET (275/1),0.6883272727,12,212,-0.0016,0.003623188406,Yokohama Country Club (West Course),0.01,,0.00,,0.00050360915,https://www.freeiconspng.com/uploads/--tie-user-users-work-worker-working-icon--icon-search-engine-6.png
Taylor Pendrith,Late,2026-10-09 10:35,TOP 5,0,115,125,0,90,0,0,125,125,100,0,0,175,0,145,122.14,0.05,60,55,0.0081,0,Good Bet,175,SKYBET,SKYBET (175/1),0.6979428571,13,200,-0.0024,0.005681818182,Yokohama Country Club (West Course),0.02,,0.01,0.01164189636,0.001203234003,"https://pga-tour-res.cloudinary.com/image/upload/c_fill,d_headshots_default.png,dpr_2.0,f_auto,g_face:center,h_350,q_auto,w_280/headshots_40250.png"
Rasmus Neergaard-Petersen,Early,2026-10-09 08:45,TOP 5,0,340,150,0,90,0,0,300,300,400,0,0,275,0,157,265,,58,69,0.0038,0,,400,BOVADA,BOVADA (400/1),0.6625,9,218,-0.0013,0.002493765586,Yokohama Country Club (West Course),0.00,,0.00,,0.001460182344,"https://pga-tour-res.cloudinary.com/image/upload/c_fill,d_headshots_default.png,dpr_2.0,f_auto,g_face:center,h_350,q_auto,w_280/headshots_52689.png"
Sahith Theegala,Early,2026-10-09 09:07,TOP 5,0,310,150,0,90,0,0,300,300,250,0,0,275,0,154,239.29,,54,67,0.0042,0,,300,WILLIAMHILL,WILLIAMHILL (300/1),0.7976333333,32,229,-0.0008,0.003322259136,Yokohama Country Club (West Course),0.00,,0.00,,0.002150409084,"https://pga-tour-res.cloudinary.com/image/upload/c_fill,d_headshots_default.png,dpr_2.0,f_auto,g_face:center,h_350,q_auto,w_280/headshots_51634.png"
Sang-hee Lee,Late,2026-10-09 10:02,TOP 5,0,320,150,0,0,0,0,200,200,0,0,0,275,0,153,229,,67,66,0.0043,0,,275,SKYBET,SKYBET (275/1),0.8327272727,39,232,-0.0007,0.003623188406,Yokohama Country Club (West Course),0.00,,0.00,,0.0006111539298,"https://pga-tour-res.cloudinary.com/image/upload/c_fill,d_headshots_default.png,dpr_2.0,f_auto,g_face:center,h_350,q_auto,w_280/headshots_33232.png"
Patrick Rodgers,Early,2026-10-09 08:56,TOP 5,0,350,150,0,100,0,0,250,250,225,0,0,275,0,152,228.57,,64,65,0.0044,0,,275,SKYBET,SKYBET (275/1),0.8311636364,37,231,-0.0007,0.003623188406,Yokohama Country Club (West Course),0.00,,0.00,,0.0008170264256,"https://pga-tour-res.cloudinary.com/image/upload/c_fill,d_headshots_default.png,dpr_2.0,f_auto,g_face:center,h_350,q_auto,w_280/headshots_36699.png"
Koshin Nagasaki,Early,2026-10-09 09:40,TOP 5,0,500,150,0,100,0,0,300,300,400,0,0,275,0,159,289.29,,72,70,0.0034,0,,400,BOVADA,BOVADA (400/1),0.723225,17,224,-0.0010,0.002493765586,Yokohama Country Club (West Course),0.00,,0.00,,0.00037671084,https://www.freeiconspng.com/uploads/--tie-user-users-work-worker-working-icon--icon-search-engine-6.png
Yoshinori Fujimoto,Early,2026-10-09 08:45,TOP 5,0,500,150,0,100,0,0,300,300,400,0,0,275,0,159,289.29,,71,70,0.0034,0,,400,BOVADA,BOVADA (400/1),0.723225,17,224,-0.0010,0.002493765586,Yokohama Country Club (West Course),0.00,,0.00,,0.0004149890292,https://www.freeiconspng.com/uploads/--tie-user-users-work-worker-working-icon--icon-search-engine-6.png
Aguri Iwasaki,Early,2026-10-09 08:56,TOP 5,0,500,150,0,100,0,0,300,300,400,0,0,275,0,159,289.29,0.05,70,60,0.0034,0,Good Bet,400,BOVADA,BOVADA (400/1),0.723225,17,224,-0.0010,0.002493765586,Yokohama Country Club (West Course),0.02,,0.01,0.009710188707,0.0004571567261,https://www.freeiconspng.com/uploads/--tie-user-users-work-worker-working-icon--icon-search-engine-6.png
Jinichiro Kozuma,Late,2026-10-09 10:46,TOP 5,0,500,150,0,100,0,0,250,250,300,0,0,275,0,156,260.71,,66,68,0.0038,0,,300,BOVADA,BOVADA (300/1),0.8690333333,48,235,-0.0005,0.003322259136,Yokohama Country Club (West Course),0.00,,0.00,,0.0006732542551,"https://pga-tour-res.cloudinary.com/image/upload/c_fill,d_headshots_default.png,dpr_2.0,f_auto,g_face:center,h_350,q_auto,w_280/headshots_33689.png"
Aldrich Potgieter,Late,2026-10-09 10:35,TOP 5,0,500,150,0,80,0,0,300,300,400,0,0,275,0,158,286.43,0.05,62,59,0.0035,0,Good Bet,400,BOVADA,BOVADA (400/1),0.716075,15,221,-0.0010,0.002493765586,Yokohama Country Club (West Course),0.02,,0.01,0.009988786421,0.0009915008707,"https://pga-tour-res.cloudinary.com/image/upload/c_fill,d_headshots_default.png,dpr_2.0,f_auto,g_face:center,h_350,q_auto,w_280/headshots_63343.png"
Tom Hoge,Early,2026-10-09 09:29,TOP 5,0,0,150,0,100,0,0,300,300,400,0,0,275,0,155,254.17,0.05,65,58,0.0039,0,Good Bet,400,BOVADA,BOVADA (400/1),0.635425,4,214,-0.0014,0.002493765586,Yokohama Country Club (West Course),0.02,,0.01,0.01001048434,0.0007416646935,"https://pga-tour-res.cloudinary.com/image/upload/c_fill,d_headshots_default.png,dpr_2.0,f_auto,g_face:center,h_350,q_auto,w_280/headshots_35532.png"
 ,,,TOP 5,0,0,0,0,0,0,0,0,0,0,0,0,0,0,2,0,,,,,0,,0, BET365, BET365 (0/1),,,452,1.0000,1,Yokohama Country Club (West Course),,,0.00,,,
 ,,,TOP 5,0,0,0,0,0,0,0,0,0,0,0,0,0,0,2,0,,,,,0,,0, BET365, BET365 (0/1),,,452,1.0000,1,Yokohama Country Club (West Course),,,0.00,,,
 ,,,TOP 5,0,0,0,0,0,0,0,0,0,0,0,0,0,0,2,0,,,,,0,,0, BET365, BET365 (0/1),,,452,1.0000,1,Yokohama Country Club (West Course),,,0.00,,,
 ,,,TOP 5,0,0,0,0,0,0,0,0,0,0,0,0,0,0,2,0,,,,,0,,0, BET365, BET365 (0/1),,,452,1.0000,1,Yokohama Country Club (West Course),,,0.00,,,
 ,,,TOP 5,0,0,0,0,0,0,0,0,0,0,0,0,0,0,2,0,,,,,0,,0, BET365, BET365 (0/1),,,452,1.0000,1,Yokohama Country Club (West Course),,,0.00,,,
 ,,,TOP 5,0,0,0,0,0,0,0,0,0,0,0,0,0,0,2,0,,,,,0,,0, BET365, BET365 (0/1),,,452,1.0000,1,Yokohama Country Club (West Course),,,0.00,,,
 ,,,TOP 5,0,0,0,0,0,0,0,0,0,0,0,0,0,0,2,0,,,,,0,,0, BET365, BET365 (0/1),,,452,1.0000,1,Yokohama Country Club (West Course),,,0.00,,,
 ,,,TOP 5,0,0,0,0,0,0,0,0,0,0,0,0,0,0,2,0,,,,,0,,0, BET365, BET365 (0/1),,,452,1.0000,1,Yokohama Country Club (West Course),,,0.00,,,
 ,,,TOP 5,0,0,0,0,0,0,0,0,0,0,0,0,0,0,2,0,,,,,0,,0, BET365, BET365 (0/1),,,452,1.0000,1,Yokohama Country Club (West Course),,,0.00,,,
 ,,,TOP 5,0,0,0,0,0,0,0,0,0,0,0,0,0,0,2,0,,,,,0,,0, BET365, BET365 (0/1),,,452,1.0000,1,Yokohama Country Club (West Course),,,0.00,,,
 ,,,TOP 5,0,0,0,0,0,0,0,0,0,0,0,0,0,0,2,0,,,,,0,,0, BET365, BET365 (0/1),,,452,1.0000,1,Yokohama Country Club (West Course),,,0.00,,,
 ,,,TOP 5,0,0,0,0,0,0,0,0,0,0,0,0,0,0,2,0,,,,,0,,0, BET365, BET365 (0/1),,,452,1.0000,1,Yokohama Country Club (West Course),,,0.00,,,
 ,,,TOP 5,0,0,0,0,0,0,0,0,0,0,0,0,0,0,2,0,,,,,0,,0, BET365, BET365 (0/1),,,452,1.0000,1,Yokohama Country Club (West Course),,,0.00,,,
 ,,,TOP 5,0,0,0,0,0,0,0,0,0,0,0,0,0,0,2,0,,,,,0,,0, BET365, BET365 (0/1),,,452,1.0000,1,Yokohama Country Club (West Course),,,0.00,,,
 ,,,TOP 5,0,0,0,0,0,0,0,0,0,0,0,0,0,0,2,0,,,,,0,,0, BET365, BET365 (0/1),,,452,1.0000,1,Yokohama Country Club (West Course),,,0.00,,,
 ,,,TOP 5,0,0,0,0,0,0,0,0,0,0,0,0,0,0,2,0,,,,,0,,0, BET365, BET365 (0/1),,,452,1.0000,1,Yokohama Country Club (West Course),,,0.00,,,
 ,,,TOP 5,0,0,0,0,0,0,0,0,0,0,0,0,0,0,2,0,,,,,0,,0, BET365, BET365 (0/1),,,452,1.0000,1,Yokohama Country Club (West Course),,,0.00,,,
 ,,,TOP 5,0,0,0,0,0,0,0,0,0,0,0,0,0,0,2,0,,,,,0,,0, BET365, BET365 (0/1),,,452,1.0000,1,Yokohama Country Club (West Course),,,0.00,,,
 ,,,TOP 5,0,0,0,0,0,0,0,0,0,0,0,0,0,0,2,0,,,,,0,,0, BET365, BET365 (0/1),,,452,1.0000,1,Yokohama Country Club (West Course),,,0.00,,,
 ,,,TOP 5,0,0,0,0,0,0,0,0,0,0,0,0,0,0,2,0,,,,,0,,0, BET365, BET365 (0/1),,,452,1.0000,1,Yokohama Country Club (West Course),,,0.00,,,
 ,,,TOP 5,0,0,0,0,0,0,0,0,0,0,0,0,0,0,2,0,,,,,0,,0, BET365, BET365 (0/1),,,452,1.0000,1,Yokohama Country Club (West Course),,,0.00,,,
 ,,,TOP 5,0,0,0,0,0,0,0,0,0,0,0,0,0,0,2,0,,,,,0,,0, BET365, BET365 (0/1),,,452,1.0000,1,Yokohama Country Club (West Course),,,0.00,,,
 ,,,TOP 5,0,0,0,0,0,0,0,0,0,0,0,0,0,0,2,0,,,,,0,,0, BET365, BET365 (0/1),,,452,1.0000,1,Yokohama Country Club (West Course),,,0.00,,,
 ,,,TOP 5,0,0,0,0,0,0,0,0,0,0,0,0,0,0,2,0,,,,,0,,0, BET365, BET365 (0/1),,,452,1.0000,1,Yokohama Country Club (West Course),,,0.00,,,
 ,,,TOP 5,0,0,0,0,0,0,0,0,0,0,0,0,0,0,2,0,,,,,0,,0, BET365, BET365 (0/1),,,452,1.0000,1,Yokohama Country Club (West Course),,,0.00,,,
 ,,,TOP 5,0,0,0,0,0,0,0,0,0,0,0,0,0,0,2,0,,,,,0,,0, BET365, BET365 (0/1),,,452,1.0000,1,Yokohama Country Club (West Course),,,0.00,,,
 ,,,TOP 5,0,0,0,0,0,0,0,0,0,0,0,0,0,0,2,0,,,,,0,,0, BET365, BET365 (0/1),,,452,1.0000,1,Yokohama Country Club (West Course),,,0.00,,,
 ,,,TOP 5,0,0,0,0,0,0,0,0,0,0,0,0,0,0,2,0,,,,,0,,0, BET365, BET365 (0/1),,,452,1.0000,1,Yokohama Country Club (West Course),,,0.00,,,
 ,,,TOP 5,0,0,0,0,0,0,0,0,0,0,0,0,0,0,2,0,,,,,0,,0, BET365, BET365 (0/1),,,452,1.0000,1,Yokohama Country Club (West Course),,,0.00,,,
 ,,,TOP 5,0,0,0,0,0,0,0,0,0,0,0,0,0,0,2,0,,,,,0,,0, BET365, BET365 (0/1),,,452,1.0000,1,Yokohama Country Club (West Course),,,0.00,,,
 ,,,TOP 5,0,0,0,0,0,0,0,0,0,0,0,0,0,0,2,0,,,,,0,,0, BET365, BET365 (0/1),,,452,1.0000,1,Yokohama Country Club (West Course),,,0.00,,,
 ,,,TOP 5,0,0,0,0,0,0,0,0,0,0,0,0,0,0,2,0,,,,,0,,0, BET365, BET365 (0/1),,,452,1.0000,1,Yokohama Country Club (West Course),,,0.00,,,
 ,,,TOP 5,0,0,0,0,0,0,0,0,0,0,0,0,0,0,2,0,,,,,0,,0, BET365, BET365 (0/1),,,452,1.0000,1,Yokohama Country Club (West Course),,,0.00,,,
 ,,,TOP 5,0,0,0,0,0,0,0,0,0,0,0,0,0,0,2,0,,,,,0,,0, BET365, BET365 (0/1),,,452,1.0000,1,Yokohama Country Club (West Course),,,0.00,,,
 ,,,TOP 5,0,0,0,0,0,0,0,0,0,0,0,0,0,0,2,0,,,,,0,,0, BET365, BET365 (0/1),,,452,1.0000,1,Yokohama Country Club (West Course),,,0.00,,,
 ,,,TOP 5,0,0,0,0,0,0,0,0,0,0,0,0,0,0,2,0,,,,,0,,0, BET365, BET365 (0/1),,,452,1.0000,1,Yokohama Country Club (West Course),,,0.00,,,
 ,,,TOP 5,0,0,0,0,0,0,0,0,0,0,0,0,0,0,2,0,,,,,0,,0, BET365, BET365 (0/1),,,452,1.0000,1,Yokohama Country Club (West Course),,,0.00,,,
 ,,,TOP 5,0,0,0,0,0,0,0,0,0,0,0,0,0,0,2,0,,,,,0,,0, BET365, BET365 (0/1),,,452,1.0000,1,Yokohama Country Club (West Course),,,0.00,,,
 ,,,TOP 5,0,0,0,0,0,0,0,0,0,0,0,0,0,0,2,0,,,,,0,,0, BET365, BET365 (0/1),,,452,1.0000,1,Yokohama Country Club (West Course),,,0.00,,,
 ,,,TOP 5,0,0,0,0,0,0,0,0,0,0,0,0,0,0,2,0,,,,,0,,0, BET365, BET365 (0/1),,,452,1.0000,1,Yokohama Country Club (West Course),,,0.00,,,
 ,,,TOP 5,0,0,0,0,0,0,0,0,0,0,0,0,0,0,2,0,,,,,0,,0, BET365, BET365 (0/1),,,452,1.0000,1,Yokohama Country Club (West Course),,,0.00,,,
 ,,,TOP 5,0,0,0,0,0,0,0,0,0,0,0,0,0,0,2,0,,,,,0,,0, BET365, BET365 (0/1),,,452,1.0000,1,Yokohama Country Club (West Course),,,0.00,,,
 ,,,TOP 5,0,0,0,0,0,0,0,0,0,0,0,0,0,0,2,0,,,,,0,,0, BET365, BET365 (0/1),,,452,1.0000,1,Yokohama Country Club (West Course),,,0.00,,,
 ,,,TOP 5,0,0,0,0,0,0,0,0,0,0,0,0,0,0,2,0,,,,,0,,0, BET365, BET365 (0/1),,,452,1.0000,1,Yokohama Country Club (West Course),,,0.00,,,
 ,,,TOP 5,0,0,0,0,0,0,0,0,0,0,0,0,0,0,2,0,,,,,0,,0, BET365, BET365 (0/1),,,452,1.0000,1,Yokohama Country Club (West Course),,,0.00,,,
 ,,,TOP 5,0,0,0,0,0,0,0,0,0,0,0,0,0,0,2,0,,,,,0,,0, BET365, BET365 (0/1),,,452,1.0000,1,Yokohama Country Club (West Course),,,0.00,,,
 ,,,TOP 5,0,0,0,0,0,0,0,0,0,0,0,0,0,0,2,0,,,,,0,,0, BET365, BET365 (0/1),,,452,1.0000,1,Yokohama Country Club (West Course),,,0.00,,,
 ,,,TOP 5,0,0,0,0,0,0,0,0,0,0,0,0,0,0,2,0,,,,,0,,0, BET365, BET365 (0/1),,,452,1.0000,1,Yokohama Country Club (West Course),,,0.00,,,
 ,,,TOP 5,0,0,0,0,0,0,0,0,0,0,0,0,0,0,2,0,,,,,0,,0, BET365, BET365 (0/1),,,452,1.0000,1,Yokohama Country Club (West Course),,,0.00,,,
 ,,,TOP 5,0,0,0,0,0,0,0,0,0,0,0,0,0,0,2,0,,,,,0,,0, BET365, BET365 (0/1),,,452,1.0000,1,Yokohama Country Club (West Course),,,0.00,,,
 ,,,TOP 5,0,0,0,0,0,0,0,0,0,0,0,0,0,0,2,0,,,,,0,,0, BET365, BET365 (0/1),,,452,1.0000,1,Yokohama Country Club (West Course),,,0.00,,,
 ,,,TOP 5,0,0,0,0,0,0,0,0,0,0,0,0,0,0,2,0,,,,,0,,0, BET365, BET365 (0/1),,,452,1.0000,1,Yokohama Country Club (West Course),,,0.00,,,
 ,,,TOP 5,0,0,0,0,0,0,0,0,0,0,0,0,0,0,2,0,,,,,0,,0, BET365, BET365 (0/1),,,452,1.0000,1,Yokohama Country Club (West Course),,,0.00,,,
 ,,,TOP 5,0,0,0,0,0,0,0,0,0,0,0,0,0,0,2,0,,,,,0,,0, BET365, BET365 (0/1),,,452,1.0000,1,Yokohama Country Club (West Course),,,0.00,,,
 ,,,TOP 5,0,0,0,0,0,0,0,0,0,0,0,0,0,0,2,0,,,,,0,,0, BET365, BET365 (0/1),,,452,1.0000,1,Yokohama Country Club (West Course),,,0.00,,,
 ,,,TOP 5,0,0,0,0,0,0,0,0,0,0,0,0,0,0,2,0,,,,,0,,0, BET365, BET365 (0/1),,,452,1.0000,1,Yokohama Country Club (West Course),,,0.00,,,
 ,,,TOP 5,0,0,0,0,0,0,0,0,0,0,0,0,0,0,2,0,,,,,0,,0, BET365, BET365 (0/1),,,452,1.0000,1,Yokohama Country Club (West Course),,,0.00,,,
 ,,,TOP 5,0,0,0,0,0,0,0,0,0,0,0,0,0,0,2,0,,,,,0,,0, BET365, BET365 (0/1),,,452,1.0000,1,Yokohama Country Club (West Course),,,0.00,,,
 ,,,TOP 5,0,0,0,0,0,0,0,0,0,0,0,0,0,0,2,0,,,,,0,,0, BET365, BET365 (0/1),,,452,1.0000,1,Yokohama Country Club (West Course),,,0.00,,,
 ,,,TOP 5,0,0,0,0,0,0,0,0,0,0,0,0,0,0,2,0,,,,,0,,0, BET365, BET365 (0/1),,,452,1.0000,1,Yokohama Country Club (West Course),,,0.00,,,
 ,,,TOP 5,0,0,0,0,0,0,0,0,0,0,0,0,0,0,2,0,,,,,0,,0, BET365, BET365 (0/1),,,452,1.0000,1,Yokohama Country Club (West Course),,,0.00,,,
 ,,,TOP 5,0,0,0,0,0,0,0,0,0,0,0,0,0,0,2,0,,,,,0,,0, BET365, BET365 (0/1),,,452,1.0000,1,Yokohama Country Club (West Course),,,0.00,,,
 ,,,TOP 5,0,0,0,0,0,0,0,0,0,0,0,0,0,0,2,0,,,,,0,,0, BET365, BET365 (0/1),,,452,1.0000,1,Yokohama Country Club (West Course),,,0.00,,,
 ,,,TOP 5,0,0,0,0,0,0,0,0,0,0,0,0,0,0,2,0,,,,,0,,0, BET365, BET365 (0/1),,,452,1.0000,1,Yokohama Country Club (West Course),,,0.00,,,
 ,,,TOP 5,0,0,0,0,0,0,0,0,0,0,0,0,0,0,2,0,,,,,0,,0, BET365, BET365 (0/1),,,452,1.0000,1,Yokohama Country Club (West Course),,,0.00,,,
 ,,,TOP 5,0,0,0,0,0,0,0,0,0,0,0,0,0,0,2,0,,,,,0,,0, BET365, BET365 (0/1),,,452,1.0000,1,Yokohama Country Club (West Course),,,0.00,,,
 ,,,TOP 5,0,0,0,0,0,0,0,0,0,0,0,0,0,0,2,0,,,,,0,,0, BET365, BET365 (0/1),,,452,1.0000,1,Yokohama Country Club (West Course),,,0.00,,,
 ,,,TOP 5,0,0,0,0,0,0,0,0,0,0,0,0,0,0,2,0,,,,,0,,0, BET365, BET365 (0/1),,,452,1.0000,1,Yokohama Country Club (West Course),,,0.00,,,
 ,,,TOP 5,0,0,0,0,0,0,0,0,0,0,0,0,0,0,2,0,,,,,0,,0, BET365, BET365 (0/1),,,452,1.0000,1,Yokohama Country Club (West Course),,,0.00,,,
 ,,,TOP 5,0,0,0,0,0,0,0,0,0,0,0,0,0,0,2,0,,,,,0,,0, BET365, BET365 (0/1),,,452,1.0000,1,Yokohama Country Club (West Course),,,0.00,,,
 ,,,TOP 5,0,0,0,0,0,0,0,0,0,0,0,0,0,0,2,0,,,,,0,,0, BET365, BET365 (0/1),,,452,1.0000,1,Yokohama Country Club (West Course),,,0.00,,,
 ,,,TOP 5,0,0,0,0,0,0,0,0,0,0,0,0,0,0,2,0,,,,,0,,0, BET365, BET365 (0/1),,,452,1.0000,1,Yokohama Country Club (West Course),,,0.00,,,
 ,,,TOP 5,0,0,0,0,0,0,0,0,0,0,0,0,0,0,2,0,,,,,0,,0, BET365, BET365 (0/1),,,452,1.0000,1,Yokohama Country Club (West Course),,,0.00,,,
 ,,,TOP 5,0,0,0,0,0,0,0,0,0,0,0,0,0,0,2,0,,,,,0,,0, BET365, BET365 (0/1),,,452,1.0000,1,Yokohama Country Club (West Course),,,0.00,,,
 ,,,TOP 5,0,0,0,0,0,0,0,0,0,0,0,0,0,0,2,0,,,,,0,,0, BET365, BET365 (0/1),,,452,1.0000,1,Yokohama Country Club (West Course),,,0.00,,,
 ,,,TOP 5,0,0,0,0,0,0,0,0,0,0,0,0,0,0,2,0,,,,,0,,0, BET365, BET365 (0/1),,,452,1.0000,1,Yokohama Country Club (West Course),,,0.00,,,
 ,,,TOP 5,0,0,0,0,0,0,0,0,0,0,0,0,0,0,2,0,,,,,0,,0, BET365, BET365 (0/1),,,452,1.0000,1,Yokohama Country Club (West Course),,,0.00,,,
 ,,,TOP 5,0,0,0,0,0,0,0,0,0,0,0,0,0,0,2,0,,,,,0,,0, BET365, BET365 (0/1),,,452,1.0000,1,Yokohama Country Club (West Course),,,0.00,,,
 ,,,TOP 5,0,0,0,0,0,0,0,0,0,0,0,0,0,0,2,0,,,,,0,,0, BET365, BET365 (0/1),,,452,1.0000,1,Yokohama Country Club (West Course),,,0.00,,,
 ,,,TOP 5,0,0,0,0,0,0,0,0,0,0,0,0,0,0,2,0,,,,,0,,0, BET365, BET365 (0/1),,,452,1.0000,1,Yokohama Country Club (West Course),,,0.00,,,
 ,,,TOP 5,0,0,0,0,0,0,0,0,0,0,0,0,0,0,2,0,,,,,0,,0, BET365, BET365 (0/1),,,452,1.0000,1,Yokohama Country Club (West Course),,,0.00,,,
 ,,,TOP 5,0,0,0,0,0,0,0,0,0,0,0,0,0,0,2,0,,,,,0,,0, BET365, BET365 (0/1),,,452,1.0000,1,Yokohama Country Club (West Course),,,0.00,,,
 ,,,TOP 5,0,0,0,0,0,0,0,0,0,0,0,0,0,0,2,0,,,,,0,,0, BET365, BET365 (0/1),,,452,1.0000,1,Yokohama Country Club (West Course),,,0.00,,,
 ,,,TOP 5,0,0,0,0,0,0,0,0,0,0,0,0,0,0,2,0,,,,,0,,0, BET365, BET365 (0/1),,,452,1.0000,1,Yokohama Country Club (West Course),,,0.00,,,
 ,,,TOP 5,,,,,,,,,,,,,,,,,,,,,0,,0,, (0/1),,,452,1.0000,1,Yokohama Country Club (West Course),,,0.00,,,
 ,,,TOP 5,,,,,,,,,,,,,,,,,,,,,0,,0,, (0/1),,,452,1.0000,1,Yokohama Country Club (West Course),,,0.00,,,
 ,,,TOP 5,,,,,,,,,,,,,,,,,,,,,0,,0,, (0/1),,,452,1.0000,1,Yokohama Country Club (West Course),,,0.00,,,
 ,,,TOP 5,,,,,,,,,,,,,,,,,,,,,0,,0,, (0/1),,,452,1.0000,1,Yokohama Country Club (West Course),,,0.00,,,
,,,TOP 5,,,,,,,,,,,,,,,,,,,,,0,,0,, (0/1),,,452,1.0000,1,TBD,,,0.00,,,
,,,TOP 5,,,,,,,,,,,,,,,,,,,,,0,,0,, (0/1),,,452,1.0000,1,TBD,,,0.00,,,
,,,,,,,,,,,,,,,,,,,,,,,,0,,0,, (0/1),,,452,1.0000,1,TBD,,,0.00,,,
,,,,,,,,,,,,,,,,,,,,,,,,0,,0,, (0/1),,,452,1.0000,1,TBD,,,0.00,,,
,,,,,,,,,,,,,,,,,,,,,,,,0,,0,, (0/1),,,452,1.0000,1,TBD,,,0.00,,,
,,,,,,,,,,,,,,,,,,,,,,,,0,,0,, (0/1),,,452,1.0000,1,TBD,,,0.00,,,
,,,,,,,,,,,,,,,,,,,,,,,,0,,0,, (0/1),,,452,1.0000,1,TBD,,,0.00,,,
,,,,,,,,,,,,,,,,,,,,,,,,0,,0,, (0/1),,,452,1.0000,1,TBD,,,0.00,,,
,,,,,,,,,,,,,,,,,,,,,,,,0,,0,, (0/1),,,452,1.0000,1,TBD,,,0.00,,,
,,,,,,,,,,,,,,,,,,,,,,,,0,,0,, (0/1),,,452,1.0000,1,TBD,,,0.00,,,
Jacob Bridgeman,Late,2026-10-09 10:35,TOP 10,0,-3.1,-3.5,0,-3.25,0,0,-4.55,-4,0,0,0,-3.33,-3.33,1,-3.58,0.2,1,31,-0.3876,0,Good Bet,0, BET365, BET365 (0/1),,,982,1.3876,1,Yokohama Country Club (West Course),0.09,,0.48,0.1803432509,0.3631043845,"https://pga-tour-res.cloudinary.com/image/upload/c_fill,d_headshots_default.png,dpr_2.0,f_auto,g_face:center,h_350,q_auto,w_280/headshots_60004.png"
Jordan Smith,Early,2026-10-09 09:07,TOP 10,0,-1.02,-1.1,0,1,0,0,1,1,0,0,0,1,-1.1,2,0.1114285714,,,1,0.8997,-1,,1,POINTSBET,POINTSBET (1/1),0.1114285714,1,2,-0.3997,0.5,Yokohama Country Club (West Course),0.90,,0.00,0.8997429306,,
Collin Morikawa,Late,2026-10-09 10:35,TOP 10,0,1.02,1.05,0,1.15,0,0,-1.1,1,0,0,0,1.1,1,3,0.7457142857,0.3,4,2,0.5728,-1,,1.15,POINTSBET,POINTSBET (1.15/1),0.648447205,8,37,-0.1077,0.4651162791,Yokohama Country Club (West Course),0.37,,-0.20,0.3375323759,0.2716101518,"https://pga-tour-res.cloudinary.com/image/upload/c_fill,d_headshots_default.png,dpr_2.0,f_auto,g_face:center,h_350,q_auto,w_280/headshots_50525.png"
Max Homa,Early,2026-10-09 09:07,TOP 10,0,1.26,1.25,0,1.3,0,0,1.2,1.3,0,0,0,1.3,1.15,6,1.251428571,0.1,10,10,0.4442,4,,1.3,POINTSBET,POINTSBET (1.3/1),0.9626373626,61,122,-0.0094,0.4347826087,Yokohama Country Club (West Course),0.22,,-0.22,0.2000180871,0.1519759997,"https://pga-tour-res.cloudinary.com/image/upload/c_fill,d_headshots_default.png,dpr_2.0,f_auto,g_face:center,h_350,q_auto,w_280/headshots_39977.png"
Hideki Matsuyama,Early,2026-10-09 09:29,TOP 10,0,1.14,1.1,0,1.2,0,0,1,1,0,0,0,1.1,1.05,5,1.084285714,0.25,3,4,0.4798,-1,,1.2,POINTSBET,POINTSBET (1.2/1),0.9035714286,43,58,-0.0252,0.4545454545,Yokohama Country Club (West Course),0.34,,-0.14,0.3254814698,0.2992088925,"https://pga-tour-res.cloudinary.com/image/upload/c_fill,d_headshots_default.png,dpr_2.0,f_auto,g_face:center,h_350,q_auto,w_280/headshots_32839.png"
Michael Thorbjornsen,Late,2026-10-09 10:13,TOP 10,0,1.12,1.05,0,1.15,0,0,1,1.1,0,0,0,1.1,1.05,4,1.081428571,0.15,6,7,0.4804,3,,1.15,POINTSBET,POINTSBET (1.15/1),0.9403726708,58,87,-0.0153,0.4651162791,Yokohama Country Club (West Course),0.28,,-0.20,0.2603767937,0.2238149033,"https://pga-tour-res.cloudinary.com/image/upload/c_fill,d_headshots_default.png,dpr_2.0,f_auto,g_face:center,h_350,q_auto,w_280/headshots_57364.png"
Min Woo Lee,Late,2026-10-09 10:24,TOP 10,0,1.32,1.4,0,1.5,0,0,1.3,1.38,0,0,0,1.5,1.38,7,1.397142857,0.2,9,8,0.4172,1,,1.5,POINTSBET,POINTSBET (1.5/1),0.9314285714,54,77,-0.0172,0.4,Yokohama Country Club (West Course),0.25,,-0.17,0.2238837719,0.1674185234,"https://pga-tour-res.cloudinary.com/image/upload/c_fill,d_headshots_default.png,dpr_2.0,f_auto,g_face:center,h_350,q_auto,w_280/headshots_37378.png"
Mac Meissner,Late,2026-10-09 10:02,TOP 10,0,1.56,1.7,0,1.75,0,0,1.5,1.62,0,0,0,1.75,1.6,10,1.64,0.15,14,15,0.3788,5,,1.75,POINTSBET,POINTSBET (1.75/1),0.9371428571,56,90,-0.0152,0.3636363636,Yokohama Country Club (West Course),0.20,,-0.18,0.1676749123,0.1031955609,"https://pga-tour-res.cloudinary.com/image/upload/c_fill,d_headshots_default.png,dpr_2.0,f_auto,g_face:center,h_350,q_auto,w_280/headshots_59143.png"
Ricky Castillo,Late,2026-10-09 10:13,TOP 10,0,1.54,1.55,0,1.6,0,0,1.5,1.62,0,0,0,1.63,1.45,8,1.555714286,0.15,13,12,0.3913,4,,1.63,SKYBET,SKYBET (1.63/1),0.9544259422,59,112,-0.0111,0.3802281369,Yokohama Country Club (West Course),0.21,,-0.18,0.1764648648,0.1136814264,"https://pga-tour-res.cloudinary.com/image/upload/c_fill,d_headshots_default.png,dpr_2.0,f_auto,g_face:center,h_350,q_auto,w_280/headshots_59440.png"
Ryan Gerard,Early,2026-10-09 09:18,TOP 10,0,1.82,1.7,0,1.75,0,0,1.62,1.75,0,0,0,1.75,1.75,12,1.734285714,0.2,8,9,0.3657,-3,,1.75,POINTSBET,POINTSBET (1.75/1),0.9910204082,68,205,-0.0021,0.3636363636,Yokohama Country Club (West Course),0.24,,-0.12,0.2238033574,0.1844301865,"https://pga-tour-res.cloudinary.com/image/upload/c_fill,d_headshots_default.png,dpr_2.0,f_auto,g_face:center,h_350,q_auto,w_280/headshots_59018.png"
Pierceson Coody,Early,2026-10-09 09:51,TOP 10,0,1.72,1.75,0,1.75,0,0,1.62,1.75,0,0,0,1.75,1.63,11,1.71,,16,3,0.3690,-8,,1.75,POINTSBET,POINTSBET (1.75/1),0.9771428571,65,158,-0.0054,0.3636363636,Yokohama Country Club (West Course),0.37,,0.00,,0.0850362342,"https://pga-tour-res.cloudinary.com/image/upload/c_fill,d_headshots_default.png,dpr_2.0,f_auto,g_face:center,h_350,q_auto,w_280/headshots_59836.png"
Keith Mitchell,Early,2026-10-09 09:51,TOP 10,0,1.48,1.55,0,1.6,0,0,1.5,1.62,0,0,0,1.63,1.63,9,1.572857143,0.15,11,11,0.3887,2,,1.63,SKYBET,SKYBET (1.63/1),0.9649430324,62,128,-0.0084,0.3802281369,Yokohama Country Club (West Course),0.22,,-0.17,0.1905093196,0.1379578796,"https://pga-tour-res.cloudinary.com/image/upload/c_fill,d_headshots_default.png,dpr_2.0,f_auto,g_face:center,h_350,q_auto,w_280/headshots_39546.png"
Kristoffer Ventura,Late,2026-10-09 10:02,TOP 10,0,1.9,2,0,2,0,0,2,2.25,0,0,0,2.4,2.1,14,2.092857143,,,6,0.3233,-8,,2.4,SKYBET,SKYBET (2.4/1),0.8720238095,37,53,-0.0292,0.2941176471,Yokohama Country Club (West Course),0.32,,0.00,0.3233256351,,
Ryo Hisatsune,Early,2026-10-09 08:56,TOP 10,0,2.25,2.3,0,2.3,0,0,2.25,2.5,0,0,0,2.5,2.25,15,2.335714286,0.1,20,22,0.2998,7,,2.5,BETWAY,BETWAY (2.5/1),0.9342857143,55,96,-0.0141,0.2857142857,Yokohama Country Club (West Course),0.14,,-0.16,0.1146022302,0.05774176121,"https://pga-tour-res.cloudinary.com/image/upload/c_fill,d_headshots_default.png,dpr_2.0,f_auto,g_face:center,h_350,q_auto,w_280/headshots_51287.png"
Xander Schauffele,Late,2026-10-09 10:35,TOP 10,0,1.94,2.1,0,2.1,0,0,2,2.25,0,0,0,2.25,2,13,2.091428571,0.35,2,5,0.3235,-8,Good Bet,2.25,BETWAY,BETWAY (2.25/1),0.9295238095,53,85,-0.0158,0.3076923077,Yokohama Country Club (West Course),0.33,,0.01,0.3324622003,0.3296119851,"https://pga-tour-res.cloudinary.com/image/upload/c_fill,d_headshots_default.png,dpr_2.0,f_auto,g_face:center,h_350,q_auto,w_280/headshots_48081.png"
Justin Thomas,Early,2026-10-09 09:18,TOP 10,0,2.4,3,0,3,0,0,2.5,2.75,0,0,0,3,2.5,17,2.735714286,0.15,15,19,0.2677,2,,3,POINTSBET,POINTSBET (3/1),0.9119047619,47,75,-0.0177,0.25,Yokohama Country Club (West Course),0.16,,-0.10,0.1397434258,0.09367690155,"https://pga-tour-res.cloudinary.com/image/upload/c_fill,d_headshots_default.png,dpr_2.0,f_auto,g_face:center,h_350,q_auto,w_280/headshots_33448.png"
Doug Ghim,Early,2026-10-09 09:40,TOP 10,0,2.7,2.8,0,2.8,0,0,3,3.5,0,0,0,3.5,2.5,19,2.971428571,0.1,5,14,0.2518,-5,,3.5,BETWAY,BETWAY (3.5/1),0.8489795918,30,51,-0.0296,0.2222222222,Yokohama Country Club (West Course),0.20,,-0.05,0.2182939677,0.2465570925,"https://pga-tour-res.cloudinary.com/image/upload/c_fill,d_headshots_default.png,dpr_2.0,f_auto,g_face:center,h_350,q_auto,w_280/headshots_52375.png"
Michael Brennan,Late,2026-10-09 10:13,TOP 10,0,2.3,2.5,0,2.5,0,0,2.5,2.5,0,0,0,2.75,2.5,16,2.507142857,0.15,12,17,0.2851,1,,2.75,SKYBET,SKYBET (2.75/1),0.9116883117,46,74,-0.0185,0.2666666667,Yokohama Country Club (West Course),0.18,,-0.10,0.162166143,0.1252327774,"https://pga-tour-res.cloudinary.com/image/upload/c_fill,d_headshots_default.png,dpr_2.0,f_auto,g_face:center,h_350,q_auto,w_280/headshots_58611.png"
Johnny Keefer,Early,2026-10-09 08:45,TOP 10,0,2.95,3,0,3,0,0,2.75,3,0,0,0,3,2.75,18,2.921428571,0.25,21,18,0.2550,0,,3,POINTSBET,POINTSBET (3/1),0.9738095238,64,164,-0.0050,0.25,Yokohama Country Club (West Course),0.17,,-0.08,0.1324512515,0.05241571666,"https://pga-tour-res.cloudinary.com/image/upload/c_fill,d_headshots_default.png,dpr_2.0,f_auto,g_face:center,h_350,q_auto,w_280/headshots_63454.png"
Adam Scott,Early,2026-10-09 09:18,TOP 10,0,2.85,3.4,0,3.3,0,0,3,3.5,0,0,0,3.5,2.75,21,3.185714286,0.15,19,23,0.2389,2,,3.5,BETWAY,BETWAY (3.5/1),0.9102040816,45,79,-0.0167,0.2222222222,Yokohama Country Club (West Course),0.14,,-0.10,0.1159469661,0.06360899363,"https://pga-tour-res.cloudinary.com/image/upload/c_fill,d_headshots_default.png,dpr_2.0,f_auto,g_face:center,h_350,q_auto,w_280/headshots_24502.png"
Wyndham Clark,Early,2026-10-09 09:18,TOP 10,0,2.8,3.4,0,3.3,0,0,2.5,3,0,0,0,3.5,2.5,20,3,0.3,18,16,0.2500,-4,,3.5,SKYBET,SKYBET (3.5/1),0.8571428571,34,55,-0.0278,0.2222222222,Yokohama Country Club (West Course),0.19,,-0.06,0.1520434429,0.0700724049,"https://pga-tour-res.cloudinary.com/image/upload/c_fill,d_headshots_default.png,dpr_2.0,f_auto,g_face:center,h_350,q_auto,w_280/headshots_51766.png"
Sungjae Im,Late,2026-10-09 10:24,TOP 10,0,3.1,3.8,0,3.5,0,0,3.5,3.5,0,0,0,4,3.35,22,3.535714286,0.25,23,20,0.2205,-2,,4,SKYBET,SKYBET (4/1),0.8839285714,40,69,-0.0205,0.2,Yokohama Country Club (West Course),0.16,,-0.06,0.1200097608,0.04319212105,"https://pga-tour-res.cloudinary.com/image/upload/c_fill,d_headshots_default.png,dpr_2.0,f_auto,g_face:center,h_350,q_auto,w_280/headshots_39971.png"
David Lipsky,Early,2026-10-09 09:40,TOP 10,0,4.65,5,0,4.75,0,0,4,4.5,0,0,0,5,3.5,27,4.485714286,0.05,33,37,0.1823,0,,5,SKYBET,SKYBET (5/1),0.8971428571,42,86,-0.0156,0.1666666667,Yokohama Country Club (West Course),0.08,,-0.11,0.056304582,0.01641041444,"https://pga-tour-res.cloudinary.com/image/upload/c_fill,d_headshots_default.png,dpr_2.0,f_auto,g_face:center,h_350,q_auto,w_280/headshots_36326.png"
Michael Kim,Early,2026-10-09 09:51,TOP 10,0,3.65,3.8,0,4,0,0,3.5,4,0,0,0,4,3.35,23,3.757142857,0.15,26,26,0.2102,3,,4,POINTSBET,POINTSBET (4/1),0.9392857143,57,115,-0.0102,0.2,Yokohama Country Club (West Course),0.12,,-0.09,0.0914272421,0.03230866676,"https://pga-tour-res.cloudinary.com/image/upload/c_fill,d_headshots_default.png,dpr_2.0,f_auto,g_face:center,h_350,q_auto,w_280/headshots_39975.png"
Andrew Putnam,Early,2026-10-09 09:40,TOP 10,0,4.2,4.3,0,4.25,0,0,4,4,0,0,0,4.5,3.5,26,4.107142857,0.05,32,35,0.1958,0,,4.5,SKYBET,SKYBET (4.5/1),0.9126984127,49,98,-0.0140,0.1818181818,Yokohama Country Club (West Course),0.08,,-0.11,0.06000758085,0.01807790282,"https://pga-tour-res.cloudinary.com/image/upload/c_fill,d_headshots_default.png,dpr_2.0,f_auto,g_face:center,h_350,q_auto,w_280/headshots_34256.png"
Nico Echavarria,Late,2026-10-09 10:24,TOP 10,0,3.5,4.3,0,4,0,0,3.5,4,0,0,0,4,3.5,24,3.828571429,,,13,0.2071,-11,Good Bet,4,POINTSBET,POINTSBET (4/1),0.9571428571,60,139,-0.0071,0.2,Yokohama Country Club (West Course),0.21,,0.00,0.2071005917,,
Keita Nakajima,Late,2026-10-09 10:02,TOP 10,0,4.75,5,0,4.75,0,0,5,5,0,0,0,5,4.5,28,4.857142857,0.1,27,30,0.1707,0,,5,WILLIAMHILL,WILLIAMHILL (5/1),0.9714285714,63,178,-0.0041,0.1666666667,Yokohama Country Club (West Course),0.09,,-0.08,0.0717434693,0.02932854639,"https://pga-tour-res.cloudinary.com/image/upload/c_fill,d_headshots_default.png,dpr_2.0,f_auto,g_face:center,h_350,q_auto,w_280/headshots_49228.png"
Christiaan Bezuidenhout,Early,2026-10-09 08:45,TOP 10,0,4.5,4.3,0,4,0,0,3.5,4,0,0,0,4.5,3.35,25,4.021428571,0.1,24,27,0.1991,2,,4.5,SKYBET,SKYBET (4.5/1),0.8936507937,41,76,-0.0173,0.1818181818,Yokohama Country Club (West Course),0.11,,-0.09,0.08335417578,0.03920812132,"https://pga-tour-res.cloudinary.com/image/upload/c_fill,d_headshots_default.png,dpr_2.0,f_auto,g_face:center,h_350,q_auto,w_280/headshots_45522.png"
Zach Bauchou,Early,2026-10-09 09:40,TOP 10,0,5.3,6,0,5,0,0,5,5.5,0,0,0,7,4.5,29,5.471428571,,,21,0.1545,-8,,7,SKYBET,SKYBET (7/1),0.7816326531,20,52,-0.0295,0.125,Yokohama Country Club (West Course),0.15,,0.00,0.1545253863,,
Brian Harman,Early,2026-10-09 09:29,TOP 10,0,5.4,7,0,6.5,0,0,7,7,0,0,0,7,4.5,32,6.342857143,0.05,36,44,0.1362,0,,7,WILLIAMHILL,WILLIAMHILL (7/1),0.906122449,44,110,-0.0112,0.125,Yokohama Country Club (West Course),0.06,,-0.08,0.04460256698,0.01227535482,"https://pga-tour-res.cloudinary.com/image/upload/c_fill,d_headshots_default.png,dpr_2.0,f_auto,g_face:center,h_350,q_auto,w_280/headshots_27644.png"
Matt Wallace,Late,2026-10-09 10:46,TOP 10,0,5.2,7,0,6.5,0,0,6,6,0,0,0,7,4,31,5.957142857,0.15,29,28,0.1437,-3,,7,SKYBET,SKYBET (7/1),0.8510204082,31,72,-0.0187,0.125,Yokohama Country Club (West Course),0.10,,-0.05,0.07324799386,0.02416760099,"https://pga-tour-res.cloudinary.com/image/upload/c_fill,d_headshots_default.png,dpr_2.0,f_auto,g_face:center,h_350,q_auto,w_280/headshots_48887.png"
Kurt Kitayama,Early,2026-10-09 09:07,TOP 10,0,6.2,9,0,8,0,0,8,8,0,0,0,9,5.5,36,7.671428571,0.25,25,25,0.1153,-11,Good Bet,9,SKYBET,SKYBET (9/1),0.8523809524,32,88,-0.0153,0.1,Yokohama Country Club (West Course),0.12,,0.01,0.09441921155,0.0355916019,"https://pga-tour-res.cloudinary.com/image/upload/c_fill,d_headshots_default.png,dpr_2.0,f_auto,g_face:center,h_350,q_auto,w_280/headshots_48117.png"
John Parry,Late,2026-10-09 10:46,TOP 10,0,5.5,6.5,0,6,0,0,5,5.5,0,0,0,7,4.5,30,5.714285714,0.05,37,40,0.1489,0,,7,SKYBET,SKYBET (7/1),0.8163265306,24,62,-0.0239,0.125,Yokohama Country Club (West Course),0.06,,-0.08,0.04647308678,0.01114308789,"https://pga-tour-res.cloudinary.com/image/upload/c_fill,d_headshots_default.png,dpr_2.0,f_auto,g_face:center,h_350,q_auto,w_280/headshots_28723.png"
Lee Hodges,Early,2026-10-09 09:40,TOP 10,0,6.9,8.5,0,7.5,0,0,6,8,0,0,0,9,5,34,7.271428571,0.15,42,32,0.1209,0,,9,SKYBET,SKYBET (9/1),0.8079365079,22,67,-0.0209,0.1,Yokohama Country Club (West Course),0.08,,-0.04,0.05830073106,0.006868518382,"https://pga-tour-res.cloudinary.com/image/upload/c_fill,d_headshots_default.png,dpr_2.0,f_auto,g_face:center,h_350,q_auto,w_280/headshots_54628.png"
Stephan Jaeger,Late,2026-10-09 10:13,TOP 10,0,6.4,9,0,8,0,0,8,8,0,0,0,9,5,35,7.628571429,0.15,44,34,0.1159,0,,9,SKYBET,SKYBET (9/1),0.8476190476,29,84,-0.0159,0.1,Yokohama Country Club (West Course),0.08,,-0.03,0.05657472692,0.005659864947,"https://pga-tour-res.cloudinary.com/image/upload/c_fill,d_headshots_default.png,dpr_2.0,f_auto,g_face:center,h_350,q_auto,w_280/headshots_36799.png"
Max Greyserman,Late,2026-10-09 10:02,TOP 10,0,7.5,10,0,8.5,0,0,8,8,0,0,0,10,5,37,8.142857143,0.1,34,39,0.1094,0,,10,SKYBET,SKYBET (10/1),0.8142857143,23,73,-0.0185,0.09090909091,Yokohama Country Club (West Course),0.07,,-0.04,0.05081304015,0.01489673359,"https://pga-tour-res.cloudinary.com/image/upload/c_fill,d_headshots_default.png,dpr_2.0,f_auto,g_face:center,h_350,q_auto,w_280/headshots_51977.png"
Hiroshi Iwata,Early,2026-10-09 08:45,TOP 10,0,13.75,13,0,11,0,0,12,12,0,0,0,12,10,43,11.96428571,0.05,57,55,0.0771,0,,12,WILLIAMHILL,WILLIAMHILL (12/1),0.9970238095,70,252,-0.0002,0.07692307692,Yokohama Country Club (West Course),0.04,,-0.04,0.02639212953,0.001608553801,"https://pga-tour-res.cloudinary.com/image/upload/c_fill,d_headshots_default.png,dpr_2.0,f_auto,g_face:center,h_350,q_auto,w_280/headshots_27747.png"
Denny McCarthy,Late,2026-10-09 10:02,TOP 10,0,6.3,7.5,0,6.5,0,0,6,6.5,0,0,0,7.5,5,33,6.471428571,0.05,43,47,0.1338,0,,7.5,SKYBET,SKYBET (7.5/1),0.8628571429,36,83,-0.0162,0.1176470588,Yokohama Country Club (West Course),0.06,,-0.08,0.04050962616,0.006234972849,"https://pga-tour-res.cloudinary.com/image/upload/c_fill,d_headshots_default.png,dpr_2.0,f_auto,g_face:center,h_350,q_auto,w_280/headshots_47993.png"
Kevin Roy,Early,2026-10-09 08:45,TOP 10,0,10.5,13,0,11,0,0,12,12,0,0,0,12,7.5,41,11.14285714,0.05,40,54,0.0824,0,,12,WILLIAMHILL,WILLIAMHILL (12/1),0.9285714286,52,157,-0.0054,0.07692307692,Yokohama Country Club (West Course),0.04,,-0.04,0.03147175472,0.008335277468,"https://pga-tour-res.cloudinary.com/image/upload/c_fill,d_headshots_default.png,dpr_2.0,f_auto,g_face:center,h_350,q_auto,w_280/headshots_39335.png"
Maverick McNealy,Late,2026-10-09 10:24,TOP 10,0,9.6,13,0,11,0,0,14,14,0,0,0,14,7,42,11.8,0.15,28,36,0.0781,0,Good Bet,14,WILLIAMHILL,WILLIAMHILL (14/1),0.8428571429,27,108,-0.0115,0.06666666667,Yokohama Country Club (West Course),0.08,,0.00,0.06159898568,0.02662330947,"https://pga-tour-res.cloudinary.com/image/upload/c_fill,d_headshots_default.png,dpr_2.0,f_auto,g_face:center,h_350,q_auto,w_280/headshots_46442.png"
Alex Smalley,Late,2026-10-09 10:24,TOP 10,0,9.3,13,0,11,0,0,10,10,0,0,0,11,7,38,10.18571429,0.25,17,24,0.0894,-14,Good Bet,11,POINTSBET,POINTSBET (11/1),0.925974026,51,149,-0.0061,0.08333333333,Yokohama Country Club (West Course),0.13,,0.04,0.1141954931,0.0771925737,"https://pga-tour-res.cloudinary.com/image/upload/c_fill,d_headshots_default.png,dpr_2.0,f_auto,g_face:center,h_350,q_auto,w_280/headshots_46340.png"
Beau Hossler,Early,2026-10-09 09:51,TOP 10,0,8.6,13,0,11,0,0,10,10,0,0,0,12,7.5,39,10.3,0.1,41,46,0.0885,0,,12,SKYBET,SKYBET (12/1),0.8583333333,35,106,-0.0116,0.07692307692,Yokohama Country Club (West Course),0.06,,-0.03,0.04223897874,0.007566439487,"https://pga-tour-res.cloudinary.com/image/upload/c_fill,d_headshots_default.png,dpr_2.0,f_auto,g_face:center,h_350,q_auto,w_280/headshots_35461.png"
Keegan Bradley,Early,2026-10-09 09:29,TOP 10,0,12.5,19,0,14,0,0,14,16,0,0,0,20,10,47,15.07142857,,38,42,0.0622,0,,20,SKYBET,SKYBET (20/1),0.7535714286,17,93,-0.0146,0.04761904762,Yokohama Country Club (West Course),0.06,,0.00,,0.01011526018,"https://pga-tour-res.cloudinary.com/image/upload/c_fill,d_headshots_default.png,dpr_2.0,f_auto,g_face:center,h_350,q_auto,w_280/headshots_33141.png"
Matt McCarty,Late,2026-10-09 10:13,TOP 10,0,12,16,0,12,0,0,12,12,0,0,0,14,7.5,44,12.21428571,0.1,50,49,0.0757,0,,14,SKYBET,SKYBET (14/1),0.8724489796,38,124,-0.0090,0.06666666667,Yokohama Country Club (West Course),0.05,,-0.02,0.03703527832,0.003166905315,"https://pga-tour-res.cloudinary.com/image/upload/c_fill,d_headshots_default.png,dpr_2.0,f_auto,g_face:center,h_350,q_auto,w_280/headshots_59141.png"
Takumi Kanaya,Late,2026-10-09 10:46,TOP 10,0,9.6,14,0,12,0,0,10,11,0,0,0,12,8,40,10.94285714,,46,33,0.0837,0,,12,POINTSBET,POINTSBET (12/1),0.9119047619,47,143,-0.0068,0.07692307692,Yokohama Country Club (West Course),0.08,,0.00,,0.004663898302,"https://pga-tour-res.cloudinary.com/image/upload/c_fill,d_headshots_default.png,dpr_2.0,f_auto,g_face:center,h_350,q_auto,w_280/headshots_47917.png"
Jackson Suber,Late,2026-10-09 10:46,TOP 10,0,15,27,0,20,0,0,28,28,0,0,0,40,22,53,25.71428571,0.15,39,45,0.0374,0,Good Bet,40,SKYBET,SKYBET (40/1),0.6428571429,7,101,-0.0130,0.0243902439,Yokohama Country Club (West Course),0.06,,0.02,0.042995974,0.009182238303,"https://pga-tour-res.cloudinary.com/image/upload/c_fill,d_headshots_default.png,dpr_2.0,f_auto,g_face:center,h_350,q_auto,w_280/headshots_60019.png"
Chandler Phillips,Early,2026-10-09 08:56,TOP 10,0,18.5,19,0,14,0,0,14,16,0,0,0,22,14,49,16.78571429,0.1,56,52,0.0562,0,,22,SKYBET,SKYBET (22/1),0.762987013,19,103,-0.0127,0.04347826087,Yokohama Country Club (West Course),0.05,,-0.01,0.03230818083,0.001772001517,"https://pga-tour-res.cloudinary.com/image/upload/c_fill,d_headshots_default.png,dpr_2.0,f_auto,g_face:center,h_350,q_auto,w_280/headshots_57900.png"
Jordan Spieth,Late,2026-10-09 10:24,TOP 10,0,12.5,20,0,15,0,0,12,16,0,0,0,20,10,47,15.07142857,,45,42,0.0622,0,,20,SKYBET,SKYBET (20/1),0.7535714286,17,93,-0.0146,0.04761904762,Yokohama Country Club (West Course),0.06,,0.00,,0.005137804445,"https://pga-tour-res.cloudinary.com/image/upload/c_fill,d_headshots_default.png,dpr_2.0,f_auto,g_face:center,h_350,q_auto,w_280/headshots_34046.png"
Ren Yonezawa,Early,2026-10-09 09:51,TOP 10,0,19,16,0,12,0,0,14,14,0,0,0,14,14,46,14.71428571,,55,41,0.0636,0,,14,WILLIAMHILL,WILLIAMHILL (14/1),1.051020408,71,450,0.0030,0.06666666667,Yokohama Country Club (West Course),0.06,,0.00,,0.001952057417,"https://pga-tour-res.cloudinary.com/image/upload/c_fill,d_headshots_default.png,dpr_2.0,f_auto,g_face:center,h_350,q_auto,w_280/headshots_56100.png"
Ben Kohles,Early,2026-10-09 09:51,TOP 10,0,10.5,19,0,14,0,0,12,14,0,0,0,16,10,45,13.64285714,0.1,22,38,0.0683,0,Good Bet,16,SKYBET,SKYBET (16/1),0.8526785714,33,120,-0.0095,0.05882352941,Yokohama Country Club (West Course),0.07,,0.00,0.06220710139,0.04758094134,"https://pga-tour-res.cloudinary.com/image/upload/c_fill,d_headshots_default.png,dpr_2.0,f_auto,g_face:center,h_350,q_auto,w_280/headshots_36884.png"
Billy Horschel,Late,2026-10-09 10:13,TOP 10,0,15.5,25,0,17,0,0,14,16,0,0,0,22,11,50,17.21428571,,51,48,0.0549,0,,22,SKYBET,SKYBET (22/1),0.7824675325,21,109,-0.0114,0.04347826087,Yokohama Country Club (West Course),0.05,,0.00,,0.002874793013,"https://pga-tour-res.cloudinary.com/image/upload/c_fill,d_headshots_default.png,dpr_2.0,f_auto,g_face:center,h_350,q_auto,w_280/headshots_29420.png"
Tony Finau,Early,2026-10-09 09:18,TOP 10,0,27,35,0,25,0,0,33,33,0,0,0,45,0,55,33,0.05,61,62,0.0294,0,,45,SKYBET,SKYBET (45/1),0.7333333333,13,131,-0.0077,0.02173913043,Yokohama Country Club (West Course),0.02,,-0.01,0.01653770225,0.001092248855,"https://pga-tour-res.cloudinary.com/image/upload/c_fill,d_headshots_default.png,dpr_2.0,f_auto,g_face:center,h_350,q_auto,w_280/headshots_29725.png"
Davis Thompson,Early,2026-10-09 09:29,TOP 10,0,35,45,0,30,0,0,40,40,0,0,0,60,0,58,41.66666667,0.15,47,50,0.0234,0,Good Bet,60,SKYBET,SKYBET (60/1),0.6944444444,11,140,-0.0070,0.01639344262,Yokohama Country Club (West Course),0.05,,0.03,0.03722772288,0.004233704806,"https://pga-tour-res.cloudinary.com/image/upload/c_fill,d_headshots_default.png,dpr_2.0,f_auto,g_face:center,h_350,q_auto,w_280/headshots_58168.png"
Taylor Moore,Early,2026-10-09 08:56,TOP 10,0,28,40,0,28,0,0,40,40,0,0,0,55,0,57,38.5,0.05,59,64,0.0253,0,,55,SKYBET,SKYBET (55/1),0.7,12,135,-0.0075,0.01785714286,Yokohama Country Club (West Course),0.02,,0.00,0.01585858906,0.001325496529,"https://pga-tour-res.cloudinary.com/image/upload/c_fill,d_headshots_default.png,dpr_2.0,f_auto,g_face:center,h_350,q_auto,w_280/headshots_49947.png"
Nick Taylor,Late,2026-10-09 10:35,TOP 10,0,16.5,25,0,17,0,0,20,20,0,0,0,22,10,51,18.64285714,0.05,53,61,0.0509,0,,22,SKYBET,SKYBET (22/1),0.8474025974,28,136,-0.0074,0.04347826087,Yokohama Country Club (West Course),0.03,,-0.02,0.02160316753,0.00236891558,"https://pga-tour-res.cloudinary.com/image/upload/c_fill,d_headshots_default.png,dpr_2.0,f_auto,g_face:center,h_350,q_auto,w_280/headshots_25493.png"
Kevin Yu,Early,2026-10-09 09:18,TOP 10,0,43,50,0,35,0,0,50,50,0,0,0,90,0,59,53,0.1,31,53,0.0185,0,Good Bet,90,SKYBET,SKYBET (90/1),0.5888888889,2,133,-0.0075,0.01098901099,Yokohama Country Club (West Course),0.04,,0.03,0.03565260011,0.01991482735,"https://pga-tour-res.cloudinary.com/image/upload/c_fill,d_headshots_default.png,dpr_2.0,f_auto,g_face:center,h_350,q_auto,w_280/headshots_45242.png"
Rickie Fowler,Early,2026-10-09 09:29,TOP 10,0,20,30,0,22,0,0,20,22,0,0,0,30,14,52,22.57142857,0.25,35,29,0.0424,-23,Good Bet,30,SKYBET,SKYBET (30/1),0.7523809524,16,116,-0.0102,0.03225806452,Yokohama Country Club (West Course),0.09,,0.05,0.0665984524,0.0135226732,"https://pga-tour-res.cloudinary.com/image/upload/c_fill,d_headshots_default.png,dpr_2.0,f_auto,g_face:center,h_350,q_auto,w_280/headshots_32102.png"
Steven Fisk,Early,2026-10-09 09:07,TOP 10,0,46,70,0,45,0,0,66,50,0,0,0,90,0,60,61.16666667,0.15,52,51,0.0161,0,Good Bet,90,SKYBET,SKYBET (90/1),0.6796296296,10,161,-0.0051,0.01098901099,Yokohama Country Club (West Course),0.05,,0.03,0.0347829331,0.002609624869,"https://pga-tour-res.cloudinary.com/image/upload/c_fill,d_headshots_default.png,dpr_2.0,f_auto,g_face:center,h_350,q_auto,w_280/headshots_57123.png"
Kosuke Sunagawa,Late,2026-10-09 10:46,TOP 10,0,35,27,0,20,0,0,25,25,0,0,0,30,22,54,26.28571429,,63,56,0.0366,0,,30,SKYBET,SKYBET (30/1),0.8761904762,39,173,-0.0044,0.03225806452,Yokohama Country Club (West Course),0.04,,0.00,,0.0009000457835,https://www.freeiconspng.com/uploads/--tie-user-users-work-worker-working-icon--icon-search-engine-6.png
Yusaku Hosono,Early,2026-10-09 08:56,TOP 10,0,80,80,0,40,0,0,66,66,0,0,0,110,0,62,73.66666667,,68,67,0.0134,0,,110,SKYBET,SKYBET (110/1),0.6696969697,9,175,-0.0044,0.009009009009,Yokohama Country Club (West Course),0.01,,0.00,,0.0005547816788,"https://pga-tour-res.cloudinary.com/image/upload/c_fill,d_headshots_default.png,dpr_2.0,f_auto,g_face:center,h_350,q_auto,w_280/headshots_56165.png"
Tomohiro Ishizaka,Early,2026-10-09 09:07,TOP 10,0,62,80,0,50,0,0,50,66,0,0,0,110,0,61,69.66666667,,69,66,0.0142,0,,110,SKYBET,SKYBET (110/1),0.6333333333,6,160,-0.0051,0.009009009009,Yokohama Country Club (West Course),0.01,,0.00,,0.00050360915,https://www.freeiconspng.com/uploads/--tie-user-users-work-worker-working-icon--icon-search-engine-6.png
Taylor Pendrith,Late,2026-10-09 10:35,TOP 10,0,31,45,0,30,0,0,33,33,0,0,0,50,0,56,37,0.05,60,63,0.0263,0,,50,SKYBET,SKYBET (50/1),0.74,15,145,-0.0067,0.01960784314,Yokohama Country Club (West Course),0.02,,0.00,0.0159850983,0.001203234003,"https://pga-tour-res.cloudinary.com/image/upload/c_fill,d_headshots_default.png,dpr_2.0,f_auto,g_face:center,h_350,q_auto,w_280/headshots_40250.png"
Rasmus Neergaard-Petersen,Early,2026-10-09 08:45,TOP 10,0,80,0,0,70,0,0,100,125,0,0,0,175,0,66,110,0.1,58,58,0.0090,0,Good Bet,175,SKYBET,SKYBET (175/1),0.6285714286,5,190,-0.0033,0.005681818182,Yokohama Country Club (West Course),0.03,,0.02,0.02267791121,0.001460182344,"https://pga-tour-res.cloudinary.com/image/upload/c_fill,d_headshots_default.png,dpr_2.0,f_auto,g_face:center,h_350,q_auto,w_280/headshots_52689.png"
Sahith Theegala,Early,2026-10-09 09:07,TOP 10,0,76,0,0,80,0,0,100,100,0,0,0,175,0,65,106.2,0.1,54,57,0.0093,0,Good Bet,175,SKYBET,SKYBET (175/1),0.6068571429,4,184,-0.0036,0.005681818182,Yokohama Country Club (West Course),0.03,,0.02,0.02315591709,0.002150409084,"https://pga-tour-res.cloudinary.com/image/upload/c_fill,d_headshots_default.png,dpr_2.0,f_auto,g_face:center,h_350,q_auto,w_280/headshots_51634.png"
Sang-hee Lee,Late,2026-10-09 10:02,TOP 10,0,74,80,0,0,0,0,66,66,0,0,0,90,0,63,75.2,,67,68,0.0131,0,,90,SKYBET,SKYBET (90/1),0.8355555556,26,204,-0.0021,0.01098901099,Yokohama Country Club (West Course),0.01,,0.00,,0.0006111539298,"https://pga-tour-res.cloudinary.com/image/upload/c_fill,d_headshots_default.png,dpr_2.0,f_auto,g_face:center,h_350,q_auto,w_280/headshots_33232.png"
Patrick Rodgers,Early,2026-10-09 08:56,TOP 10,0,84,0,0,70,0,0,100,100,0,0,0,175,0,64,105.8,,64,69,0.0094,0,,175,SKYBET,SKYBET (175/1),0.6045714286,3,183,-0.0037,0.005681818182,Yokohama Country Club (West Course),0.01,,0.00,,0.0008170264256,"https://pga-tour-res.cloudinary.com/image/upload/c_fill,d_headshots_default.png,dpr_2.0,f_auto,g_face:center,h_350,q_auto,w_280/headshots_36699.png"
Koshin Nagasaki,Early,2026-10-09 09:40,TOP 10,0,380,0,0,80,0,0,200,150,0,0,0,175,0,70,197,,72,72,0.0051,0,,200,WILLIAMHILL,WILLIAMHILL (200/1),0.985,66,263,-0.0001,0.004975124378,Yokohama Country Club (West Course),0.01,,0.00,,0.00037671084,https://www.freeiconspng.com/uploads/--tie-user-users-work-worker-working-icon--icon-search-engine-6.png
Yoshinori Fujimoto,Early,2026-10-09 08:45,TOP 10,0,240,0,0,70,0,0,200,150,0,0,0,175,0,69,167,,71,71,0.0060,0,,200,WILLIAMHILL,WILLIAMHILL (200/1),0.835,25,222,-0.0010,0.004975124378,Yokohama Country Club (West Course),0.01,,0.00,,0.0004149890292,https://www.freeiconspng.com/uploads/--tie-user-users-work-worker-working-icon--icon-search-engine-6.png
Aguri Iwasaki,Early,2026-10-09 08:56,TOP 10,0,390,0,0,80,0,0,200,150,0,0,0,175,0,72,199,0.05,70,65,0.0050,0,Good Bet,200,WILLIAMHILL,WILLIAMHILL (200/1),0.995,69,266,0.0000,0.004975124378,Yokohama Country Club (West Course),0.02,,0.01,0.01127429404,0.0004571567261,https://www.freeiconspng.com/uploads/--tie-user-users-work-worker-working-icon--icon-search-engine-6.png
Jinichiro Kozuma,Late,2026-10-09 10:46,TOP 10,0,270,0,0,60,0,0,150,150,0,0,0,175,0,68,161,,66,70,0.0062,0,,175,SKYBET,SKYBET (175/1),0.92,50,236,-0.0005,0.005681818182,Yokohama Country Club (West Course),0.01,,0.00,,0.0006732542551,"https://pga-tour-res.cloudinary.com/image/upload/c_fill,d_headshots_default.png,dpr_2.0,f_auto,g_face:center,h_350,q_auto,w_280/headshots_33689.png"
Aldrich Potgieter,Late,2026-10-09 10:35,TOP 10,0,390,0,0,70,0,0,200,150,0,0,0,175,0,70,197,0.1,62,60,0.0051,0,Good Bet,200,WILLIAMHILL,WILLIAMHILL (200/1),0.985,66,263,-0.0001,0.004975124378,Yokohama Country Club (West Course),0.03,,0.03,0.02160500153,0.0009915008707,"https://pga-tour-res.cloudinary.com/image/upload/c_fill,d_headshots_default.png,dpr_2.0,f_auto,g_face:center,h_350,q_auto,w_280/headshots_63343.png"
Tom Hoge,Early,2026-10-09 09:29,TOP 10,0,0,0,0,66,0,0,200,150,0,0,0,175,0,67,147.75,0.1,65,59,0.0067,0,Good Bet,200,WILLIAMHILL,WILLIAMHILL (200/1),0.73875,14,210,-0.0017,0.004975124378,Yokohama Country Club (West Course),0.03,,0.03,0.02178953663,0.0007416646935,"https://pga-tour-res.cloudinary.com/image/upload/c_fill,d_headshots_default.png,dpr_2.0,f_auto,g_face:center,h_350,q_auto,w_280/headshots_35532.png"
 ,,,TOP 10,0,0,0,0,0,0,0,0,0,0,0,0,0,0,,,,,,,0,,0, BET365, BET365 (0/1),,,452,1.0000,1,Yokohama Country Club (West Course),,,0.00,,,
 ,,,TOP 10,0,0,0,0,0,0,0,0,0,0,0,0,0,0,,,,,,,0,,0, BET365, BET365 (0/1),,,452,1.0000,1,Yokohama Country Club (West Course),,,0.00,,,
 ,,,TOP 10,0,0,0,0,0,0,0,0,0,0,0,0,0,0,,,,,,,0,,0, BET365, BET365 (0/1),,,452,1.0000,1,Yokohama Country Club (West Course),,,0.00,,,
 ,,,TOP 10,0,0,0,0,0,0,0,0,0,0,0,0,0,0,,,,,,,0,,0, BET365, BET365 (0/1),,,452,1.0000,1,Yokohama Country Club (West Course),,,0.00,,,
 ,,,TOP 10,0,0,0,0,0,0,0,0,0,0,0,0,0,0,,,,,,,0,,0, BET365, BET365 (0/1),,,452,1.0000,1,Yokohama Country Club (West Course),,,0.00,,,
 ,,,TOP 10,0,0,0,0,0,0,0,0,0,0,0,0,0,0,,,,,,,0,,0, BET365, BET365 (0/1),,,452,1.0000,1,Yokohama Country Club (West Course),,,0.00,,,
 ,,,TOP 10,0,0,0,0,0,0,0,0,0,0,0,0,0,0,,,,,,,0,,0, BET365, BET365 (0/1),,,452,1.0000,1,Yokohama Country Club (West Course),,,0.00,,,
 ,,,TOP 10,0,0,0,0,0,0,0,0,0,0,0,0,0,0,,,,,,,0,,0, BET365, BET365 (0/1),,,452,1.0000,1,Yokohama Country Club (West Course),,,0.00,,,
 ,,,TOP 10,0,0,0,0,0,0,0,0,0,0,0,0,0,0,,,,,,,0,,0, BET365, BET365 (0/1),,,452,1.0000,1,Yokohama Country Club (West Course),,,0.00,,,
 ,,,TOP 10,0,0,0,0,0,0,0,0,0,0,0,0,0,0,,,,,,,0,,0, BET365, BET365 (0/1),,,452,1.0000,1,Yokohama Country Club (West Course),,,0.00,,,
 ,,,TOP 10,0,0,0,0,0,0,0,0,0,0,0,0,0,0,,,,,,,0,,0, BET365, BET365 (0/1),,,452,1.0000,1,Yokohama Country Club (West Course),,,0.00,,,
 ,,,TOP 10,0,0,0,0,0,0,0,0,0,0,0,0,0,0,,,,,,,0,,0, BET365, BET365 (0/1),,,452,1.0000,1,Yokohama Country Club (West Course),,,0.00,,,
 ,,,TOP 10,0,0,0,0,0,0,0,0,0,0,0,0,0,0,,,,,,,0,,0, BET365, BET365 (0/1),,,452,1.0000,1,Yokohama Country Club (West Course),,,0.00,,,
 ,,,TOP 10,0,0,0,0,0,0,0,0,0,0,0,0,0,0,,,,,,,0,,0, BET365, BET365 (0/1),,,452,1.0000,1,Yokohama Country Club (West Course),,,0.00,,,
 ,,,TOP 10,0,0,0,0,0,0,0,0,0,0,0,0,0,0,,,,,,,0,,0, BET365, BET365 (0/1),,,452,1.0000,1,Yokohama Country Club (West Course),,,0.00,,,
 ,,,TOP 10,0,0,0,0,0,0,0,0,0,0,0,0,0,0,,,,,,,0,,0, BET365, BET365 (0/1),,,452,1.0000,1,Yokohama Country Club (West Course),,,0.00,,,
 ,,,TOP 10,0,0,0,0,0,0,0,0,0,0,0,0,0,0,,,,,,,0,,0, BET365, BET365 (0/1),,,452,1.0000,1,Yokohama Country Club (West Course),,,0.00,,,
 ,,,TOP 10,0,0,0,0,0,0,0,0,0,0,0,0,0,0,,,,,,,0,,0, BET365, BET365 (0/1),,,452,1.0000,1,Yokohama Country Club (West Course),,,0.00,,,
 ,,,TOP 10,0,0,0,0,0,0,0,0,0,0,0,0,0,0,,,,,,,0,,0, BET365, BET365 (0/1),,,452,1.0000,1,Yokohama Country Club (West Course),,,0.00,,,
 ,,,TOP 10,0,0,0,0,0,0,0,0,0,0,0,0,0,0,,,,,,,0,,0, BET365, BET365 (0/1),,,452,1.0000,1,Yokohama Country Club (West Course),,,0.00,,,
 ,,,TOP 10,0,0,0,0,0,0,0,0,0,0,0,0,0,0,,,,,,,0,,0, BET365, BET365 (0/1),,,452,1.0000,1,Yokohama Country Club (West Course),,,0.00,,,
 ,,,TOP 10,0,0,0,0,0,0,0,0,0,0,0,0,0,0,,,,,,,0,,0, BET365, BET365 (0/1),,,452,1.0000,1,Yokohama Country Club (West Course),,,0.00,,,
 ,,,TOP 10,0,0,0,0,0,0,0,0,0,0,0,0,0,0,,,,,,,0,,0, BET365, BET365 (0/1),,,452,1.0000,1,Yokohama Country Club (West Course),,,0.00,,,
 ,,,TOP 10,0,0,0,0,0,0,0,0,0,0,0,0,0,0,,,,,,,0,,0, BET365, BET365 (0/1),,,452,1.0000,1,Yokohama Country Club (West Course),,,0.00,,,
 ,,,TOP 10,0,0,0,0,0,0,0,0,0,0,0,0,0,0,,,,,,,0,,0, BET365, BET365 (0/1),,,452,1.0000,1,Yokohama Country Club (West Course),,,0.00,,,
 ,,,TOP 10,0,0,0,0,0,0,0,0,0,0,0,0,0,0,,,,,,,0,,0, BET365, BET365 (0/1),,,452,1.0000,1,Yokohama Country Club (West Course),,,0.00,,,
 ,,,TOP 10,0,0,0,0,0,0,0,0,0,0,0,0,0,0,,,,,,,0,,0, BET365, BET365 (0/1),,,452,1.0000,1,Yokohama Country Club (West Course),,,0.00,,,
 ,,,TOP 10,0,0,0,0,0,0,0,0,0,0,0,0,0,0,,,,,,,0,,0, BET365, BET365 (0/1),,,452,1.0000,1,Yokohama Country Club (West Course),,,0.00,,,
 ,,,TOP 10,0,0,0,0,0,0,0,0,0,0,0,0,0,0,,,,,,,0,,0, BET365, BET365 (0/1),,,452,1.0000,1,Yokohama Country Club (West Course),,,0.00,,,
 ,,,TOP 10,0,0,0,0,0,0,0,0,0,0,0,0,0,0,,,,,,,0,,0, BET365, BET365 (0/1),,,452,1.0000,1,Yokohama Country Club (West Course),,,0.00,,,
 ,,,TOP 10,0,0,0,0,0,0,0,0,0,0,0,0,0,0,,,,,,,0,,0, BET365, BET365 (0/1),,,452,1.0000,1,Yokohama Country Club (West Course),,,0.00,,,
 ,,,TOP 10,0,0,0,0,0,0,0,0,0,0,0,0,0,0,,,,,,,0,,0, BET365, BET365 (0/1),,,452,1.0000,1,Yokohama Country Club (West Course),,,0.00,,,
 ,,,TOP 10,0,0,0,0,0,0,0,0,0,0,0,0,0,0,,,,,,,0,,0, BET365, BET365 (0/1),,,452,1.0000,1,Yokohama Country Club (West Course),,,0.00,,,
 ,,,TOP 10,0,0,0,0,0,0,0,0,0,0,0,0,0,0,,,,,,,0,,0, BET365, BET365 (0/1),,,452,1.0000,1,Yokohama Country Club (West Course),,,0.00,,,
 ,,,TOP 10,0,0,0,0,0,0,0,0,0,0,0,0,0,0,,,,,,,0,,0, BET365, BET365 (0/1),,,452,1.0000,1,Yokohama Country Club (West Course),,,0.00,,,
 ,,,TOP 10,0,0,0,0,0,0,0,0,0,0,0,0,0,0,,,,,,,0,,0, BET365, BET365 (0/1),,,452,1.0000,1,Yokohama Country Club (West Course),,,0.00,,,
 ,,,TOP 10,0,0,0,0,0,0,0,0,0,0,0,0,0,0,,,,,,,0,,0, BET365, BET365 (0/1),,,452,1.0000,1,Yokohama Country Club (West Course),,,0.00,,,
 ,,,TOP 10,0,0,0,0,0,0,0,0,0,0,0,0,0,0,,,,,,,0,,0, BET365, BET365 (0/1),,,452,1.0000,1,Yokohama Country Club (West Course),,,0.00,,,
 ,,,TOP 10,0,0,0,0,0,0,0,0,0,0,0,0,0,0,,,,,,,0,,0, BET365, BET365 (0/1),,,452,1.0000,1,Yokohama Country Club (West Course),,,0.00,,,
 ,,,TOP 10,0,0,0,0,0,0,0,0,0,0,0,0,0,0,,,,,,,0,,0, BET365, BET365 (0/1),,,452,1.0000,1,Yokohama Country Club (West Course),,,0.00,,,
 ,,,TOP 10,0,0,0,0,0,0,0,0,0,0,0,0,0,0,,,,,,,0,,0, BET365, BET365 (0/1),,,452,1.0000,1,Yokohama Country Club (West Course),,,0.00,,,
 ,,,TOP 10,0,0,0,0,0,0,0,0,0,0,0,0,0,0,,,,,,,0,,0, BET365, BET365 (0/1),,,452,1.0000,1,Yokohama Country Club (West Course),,,0.00,,,
 ,,,TOP 10,0,0,0,0,0,0,0,0,0,0,0,0,0,0,,,,,,,0,,0, BET365, BET365 (0/1),,,452,1.0000,1,Yokohama Country Club (West Course),,,0.00,,,
 ,,,TOP 10,0,0,0,0,0,0,0,0,0,0,0,0,0,0,,,,,,,0,,0, BET365, BET365 (0/1),,,452,1.0000,1,Yokohama Country Club (West Course),,,0.00,,,
 ,,,TOP 10,0,0,0,0,0,0,0,0,0,0,0,0,0,0,,,,,,,0,,0, BET365, BET365 (0/1),,,452,1.0000,1,Yokohama Country Club (West Course),,,0.00,,,
 ,,,TOP 10,0,0,0,0,0,0,0,0,0,0,0,0,0,0,,,,,,,0,,0, BET365, BET365 (0/1),,,452,1.0000,1,Yokohama Country Club (West Course),,,0.00,,,
 ,,,TOP 10,0,0,0,0,0,0,0,0,0,0,0,0,0,0,,,,,,,0,,0, BET365, BET365 (0/1),,,452,1.0000,1,Yokohama Country Club (West Course),,,0.00,,,
 ,,,TOP 10,0,0,0,0,0,0,0,0,0,0,0,0,0,0,,,,,,,0,,0, BET365, BET365 (0/1),,,452,1.0000,1,Yokohama Country Club (West Course),,,0.00,,,
 ,,,TOP 10,0,0,0,0,0,0,0,0,0,0,0,0,0,0,,,,,,,0,,0, BET365, BET365 (0/1),,,452,1.0000,1,Yokohama Country Club (West Course),,,0.00,,,
 ,,,TOP 10,0,0,0,0,0,0,0,0,0,0,0,0,0,0,,,,,,,0,,0, BET365, BET365 (0/1),,,452,1.0000,1,Yokohama Country Club (West Course),,,0.00,,,
 ,,,TOP 10,0,0,0,0,0,0,0,0,0,0,0,0,0,0,,,,,,,0,,0, BET365, BET365 (0/1),,,452,1.0000,1,Yokohama Country Club (West Course),,,0.00,,,
 ,,,TOP 10,0,0,0,0,0,0,0,0,0,0,0,0,0,0,,,,,,,0,,0, BET365, BET365 (0/1),,,452,1.0000,1,Yokohama Country Club (West Course),,,0.00,,,
 ,,,TOP 10,0,0,0,0,0,0,0,0,0,0,0,0,0,0,,,,,,,0,,0, BET365, BET365 (0/1),,,452,1.0000,1,Yokohama Country Club (West Course),,,0.00,,,
 ,,,TOP 10,0,0,0,0,0,0,0,0,0,0,0,0,0,0,,,,,,,0,,0, BET365, BET365 (0/1),,,452,1.0000,1,Yokohama Country Club (West Course),,,0.00,,,
 ,,,TOP 10,0,0,0,0,0,0,0,0,0,0,0,0,0,0,,,,,,,0,,0, BET365, BET365 (0/1),,,452,1.0000,1,Yokohama Country Club (West Course),,,0.00,,,
 ,,,TOP 10,0,0,0,0,0,0,0,0,0,0,0,0,0,0,,,,,,,0,,0, BET365, BET365 (0/1),,,452,1.0000,1,Yokohama Country Club (West Course),,,0.00,,,
 ,,,TOP 10,0,0,0,0,0,0,0,0,0,0,0,0,0,0,,,,,,,0,,0, BET365, BET365 (0/1),,,452,1.0000,1,Yokohama Country Club (West Course),,,0.00,,,
 ,,,TOP 10,0,0,0,0,0,0,0,0,0,0,0,0,0,0,,,,,,,0,,0, BET365, BET365 (0/1),,,452,1.0000,1,Yokohama Country Club (West Course),,,0.00,,,
 ,,,TOP 10,0,0,0,0,0,0,0,0,0,0,0,0,0,0,,,,,,,0,,0, BET365, BET365 (0/1),,,452,1.0000,1,Yokohama Country Club (West Course),,,0.00,,,
 ,,,TOP 10,0,0,0,0,0,0,0,0,0,0,0,0,0,0,,,,,,,0,,0, BET365, BET365 (0/1),,,452,1.0000,1,Yokohama Country Club (West Course),,,0.00,,,
 ,,,TOP 10,0,0,0,0,0,0,0,0,0,0,0,0,0,0,,,,,,,0,,0, BET365, BET365 (0/1),,,452,1.0000,1,Yokohama Country Club (West Course),,,0.00,,,
 ,,,TOP 10,0,0,0,0,0,0,0,0,0,0,0,0,0,0,,,,,,,0,,0, BET365, BET365 (0/1),,,452,1.0000,1,Yokohama Country Club (West Course),,,0.00,,,
 ,,,TOP 10,0,0,0,0,0,0,0,0,0,0,0,0,0,0,,,,,,,0,,0, BET365, BET365 (0/1),,,452,1.0000,1,Yokohama Country Club (West Course),,,0.00,,,
 ,,,TOP 10,0,0,0,0,0,0,0,0,0,0,0,0,0,0,,,,,,,0,,0, BET365, BET365 (0/1),,,452,1.0000,1,Yokohama Country Club (West Course),,,0.00,,,
 ,,,TOP 10,0,0,0,0,0,0,0,0,0,0,0,0,0,0,,,,,,,0,,0, BET365, BET365 (0/1),,,452,1.0000,1,Yokohama Country Club (West Course),,,0.00,,,
 ,,,TOP 10,0,0,0,0,0,0,0,0,0,0,0,0,0,0,,,,,,,0,,0, BET365, BET365 (0/1),,,452,1.0000,1,Yokohama Country Club (West Course),,,0.00,,,
 ,,,TOP 10,0,0,0,0,0,0,0,0,0,0,0,0,0,0,,,,,,,0,,0, BET365, BET365 (0/1),,,452,1.0000,1,Yokohama Country Club (West Course),,,0.00,,,
 ,,,TOP 10,0,0,0,0,0,0,0,0,0,0,0,0,0,0,,,,,,,0,,0, BET365, BET365 (0/1),,,452,1.0000,1,Yokohama Country Club (West Course),,,0.00,,,
 ,,,TOP 10,0,0,0,0,0,0,0,0,0,0,0,0,0,0,,,,,,,0,,0, BET365, BET365 (0/1),,,452,1.0000,1,Yokohama Country Club (West Course),,,0.00,,,
 ,,,TOP 10,0,0,0,0,0,0,0,0,0,0,0,0,0,0,,,,,,,0,,0, BET365, BET365 (0/1),,,452,1.0000,1,Yokohama Country Club (West Course),,,0.00,,,
 ,,,TOP 10,0,0,0,0,0,0,0,0,0,0,0,0,0,0,,,,,,,0,,0, BET365, BET365 (0/1),,,452,1.0000,1,Yokohama Country Club (West Course),,,0.00,,,
 ,,,TOP 10,0,0,0,0,0,0,0,0,0,0,0,0,0,0,,,,,,,0,,0, BET365, BET365 (0/1),,,452,1.0000,1,Yokohama Country Club (West Course),,,0.00,,,
 ,,,TOP 10,0,0,0,0,0,0,0,0,0,0,0,0,0,0,,,,,,,0,,0, BET365, BET365 (0/1),,,452,1.0000,1,Yokohama Country Club (West Course),,,0.00,,,
 ,,,TOP 10,0,0,0,0,0,0,0,0,0,0,0,0,0,0,,,,,,,0,,0, BET365, BET365 (0/1),,,452,1.0000,1,Yokohama Country Club (West Course),,,0.00,,,
 ,,,TOP 10,0,0,0,0,0,0,0,0,0,0,0,0,0,0,,,,,,,0,,0, BET365, BET365 (0/1),,,452,1.0000,1,Yokohama Country Club (West Course),,,0.00,,,
 ,,,TOP 10,0,0,0,0,0,0,0,0,0,0,0,0,0,0,,,,,,,0,,0, BET365, BET365 (0/1),,,452,1.0000,1,Yokohama Country Club (West Course),,,0.00,,,
 ,,,TOP 10,0,0,0,0,0,0,0,0,0,0,0,0,0,0,,,,,,,0,,0, BET365, BET365 (0/1),,,452,1.0000,1,Yokohama Country Club (West Course),,,0.00,,,
 ,,,TOP 10,0,0,0,0,0,0,0,0,0,0,0,0,0,0,,,,,,,0,,0, BET365, BET365 (0/1),,,452,1.0000,1,Yokohama Country Club (West Course),,,0.00,,,
 ,,,TOP 10,0,0,0,0,0,0,0,0,0,0,0,0,0,0,,,,,,,0,,0, BET365, BET365 (0/1),,,452,1.0000,1,Yokohama Country Club (West Course),,,0.00,,,
 ,,,TOP 10,0,0,0,0,0,0,0,0,0,0,0,0,0,0,,,,,,,0,,0, BET365, BET365 (0/1),,,452,1.0000,1,Yokohama Country Club (West Course),,,0.00,,,
 ,,,TOP 10,0,0,0,0,0,0,0,0,0,0,0,0,0,0,,,,,,,0,,0, BET365, BET365 (0/1),,,452,1.0000,1,Yokohama Country Club (West Course),,,0.00,,,
 ,,,TOP 10,0,0,0,0,0,0,0,0,0,0,0,0,0,0,,,,,,,0,,0, BET365, BET365 (0/1),,,452,1.0000,1,Yokohama Country Club (West Course),,,0.00,,,
 ,,,TOP 10,0,0,0,0,0,0,0,0,0,0,0,0,0,0,,,,,,,0,,0, BET365, BET365 (0/1),,,452,1.0000,1,Yokohama Country Club (West Course),,,0.00,,,
 ,,,TOP 10,0,0,0,0,0,0,0,0,0,0,0,0,0,0,,,,,,,0,,0, BET365, BET365 (0/1),,,452,1.0000,1,Yokohama Country Club (West Course),,,0.00,,,
 ,,,TOP 10,,,,,,,,,,,,,,,,,,,,,0,,0,, (0/1),,,452,1.0000,1,Yokohama Country Club (West Course),,,0.00,,,
 ,,,TOP 10,,,,,,,,,,,,,,,,,,,,,0,,0,, (0/1),,,452,1.0000,1,Yokohama Country Club (West Course),,,0.00,,,
 ,,,TOP 10,,,,,,,,,,,,,,,,,,,,,0,,0,, (0/1),,,452,1.0000,1,Yokohama Country Club (West Course),,,0.00,,,
 ,,,TOP 10,,,,,,,,,,,,,,,,,,,,,0,,0,, (0/1),,,452,1.0000,1,Yokohama Country Club (West Course),,,0.00,,,
Jacob Bridgeman,Late,2026-10-09 10:35,TOP 20,0,-9.5,-12.5,0,-10.99,0,0,-20,-16.67,-250,0,0,-16.67,0,1,-48.04714286,0.35,1,9,-0.0213,8,Good Bet,0, BET365, BET365 (0/1),,,981,1.0213,1,Yokohama Country Club (West Course),0.24,,0.26,0.2795945552,0.3564093507,"https://pga-tour-res.cloudinary.com/image/upload/c_fill,d_headshots_default.png,dpr_2.0,f_auto,g_face:center,h_350,q_auto,w_280/headshots_60004.png"
Jordan Smith,Early,2026-10-09 09:07,TOP 20,0,-2.85,-3.2,0,-2.9,0,0,-4,-2.78,-50,0,0,-2.78,0,2,-3.358571429,,,68,-0.4240,0,,0, BET365, BET365 (0/1),,,983,1.4240,1,Yokohama Country Club (West Course),-0.42,,0.00,-0.4239854634,,
Collin Morikawa,Late,2026-10-09 10:35,TOP 20,0,-2.75,-2.9,0,-2.4,0,0,-3.03,-3.03,-45,0,0,-2.78,0,3,-3.055714286,0.5,4,37,-0.4864,0,Good Bet,0, BET365, BET365 (0/1),,,984,1.4864,1,Yokohama Country Club (West Course),0.10,,0.59,0.1539853802,0.2521252746,"https://pga-tour-res.cloudinary.com/image/upload/c_fill,d_headshots_default.png,dpr_2.0,f_auto,g_face:center,h_350,q_auto,w_280/headshots_50525.png"
Max Homa,Early,2026-10-09 09:07,TOP 20,0,-2.15,-2.4,0,-2.1,0,0,-2.5,-2.27,-35,0,0,-2.27,0,6,-2.455714286,0.2,10,62,-0.6869,0,Good Bet,0, BET365, BET365 (0/1),,,987,1.6869,1,Yokohama Country Club (West Course),-0.10,,0.59,-0.02168849173,0.1261685099,"https://pga-tour-res.cloudinary.com/image/upload/c_fill,d_headshots_default.png,dpr_2.0,f_auto,g_face:center,h_350,q_auto,w_280/headshots_39977.png"
Hideki Matsuyama,Early,2026-10-09 09:29,TOP 20,0,-2.5,-2.5,0,-2.4,0,0,-2.78,-2.78,-45,0,0,-2.78,0,5,-2.891428571,0.45,3,43,-0.5287,0,Good Bet,0, BET365, BET365 (0/1),,,986,1.5287,1,Yokohama Country Club (West Course),0.09,,0.62,0.1540366941,0.282961459,"https://pga-tour-res.cloudinary.com/image/upload/c_fill,d_headshots_default.png,dpr_2.0,f_auto,g_face:center,h_350,q_auto,w_280/headshots_32839.png"
Michael Thorbjornsen,Late,2026-10-09 10:13,TOP 20,0,-2.5,-2.9,0,-2.6,0,0,-3.03,-2.78,-45,0,0,-2.78,0,4,-3.012857143,0.25,6,60,-0.4968,0,Good Bet,0, BET365, BET365 (0/1),,,985,1.4968,1,Yokohama Country Club (West Course),0.01,,0.50,0.07073953177,0.2001679681,"https://pga-tour-res.cloudinary.com/image/upload/c_fill,d_headshots_default.png,dpr_2.0,f_auto,g_face:center,h_350,q_auto,w_280/headshots_57364.png"
Min Woo Lee,Late,2026-10-09 10:24,TOP 20,0,-2.1,-2.1,0,-1.9,0,0,-2.5,-2.27,-30,0,0,-1.89,0,7,-2.251428571,0.4,9,61,-0.7991,0,Good Bet,0, BET365, BET365 (0/1),,,988,1.7991,1,Yokohama Country Club (West Course),-0.06,,0.74,0.005142378857,0.1415995508,"https://pga-tour-res.cloudinary.com/image/upload/c_fill,d_headshots_default.png,dpr_2.0,f_auto,g_face:center,h_350,q_auto,w_280/headshots_37378.png"
Mac Meissner,Late,2026-10-09 10:02,TOP 20,0,-1.78,-1.9,0,-1.7,0,0,-2,-2,-27.5,0,0,-1.75,0,9,-1.982857143,0.25,14,63,-1.0174,0,Good Bet,0, BET365, BET365 (0/1),,,990,2.0174,1,Yokohama Country Club (West Course),-0.20,,0.82,-0.1057729668,0.0795256755,"https://pga-tour-res.cloudinary.com/image/upload/c_fill,d_headshots_default.png,dpr_2.0,f_auto,g_face:center,h_350,q_auto,w_280/headshots_59143.png"
Ricky Castillo,Late,2026-10-09 10:13,TOP 20,0,-1.8,-1.9,0,-1.7,0,0,-2,-1.89,-30,0,0,-1.75,0,8,-2.005714286,0.2,13,64,-0.9943,0,Good Bet,0, BET365, BET365 (0/1),,,989,1.9943,1,Yokohama Country Club (West Course),-0.20,,0.79,-0.1053123979,0.08925206406,"https://pga-tour-res.cloudinary.com/image/upload/c_fill,d_headshots_default.png,dpr_2.0,f_auto,g_face:center,h_350,q_auto,w_280/headshots_59440.png"
Ryan Gerard,Early,2026-10-09 09:18,TOP 20,0,-1.56,-1.75,0,-1.6,0,0,-1.89,-1.64,-22.5,0,0,-1.61,0,12,-1.757142857,0.25,8,66,-1.3208,0,Good Bet,0, BET365, BET365 (0/1),,,993,2.3208,1,Yokohama Country Club (West Course),-0.26,,1.06,-0.1188002122,0.1589178853,"https://pga-tour-res.cloudinary.com/image/upload/c_fill,d_headshots_default.png,dpr_2.0,f_auto,g_face:center,h_350,q_auto,w_280/headshots_59018.png"
Pierceson Coody,Early,2026-10-09 09:51,TOP 20,0,-1.58,-1.75,0,-1.7,0,0,-2,-1.64,-25,0,0,-1.61,0,11,-1.825714286,0.2,16,67,-1.2111,0,Good Bet,0, BET365, BET365 (0/1),,,992,2.2111,1,Yokohama Country Club (West Course),-0.28,,0.93,-0.1643321915,0.06313723565,"https://pga-tour-res.cloudinary.com/image/upload/c_fill,d_headshots_default.png,dpr_2.0,f_auto,g_face:center,h_350,q_auto,w_280/headshots_59836.png"
Keith Mitchell,Early,2026-10-09 09:51,TOP 20,0,-1.82,-1.9,0,-1.7,0,0,-2,-1.75,-27.5,0,0,-1.75,0,10,-1.952857143,0.2,11,65,-1.0495,0,Good Bet,0, BET365, BET365 (0/1),,,991,2.0495,1,Yokohama Country Club (West Course),-0.21,,0.84,-0.1024435975,0.1124190917,"https://pga-tour-res.cloudinary.com/image/upload/c_fill,d_headshots_default.png,dpr_2.0,f_auto,g_face:center,h_350,q_auto,w_280/headshots_39546.png"
Kristoffer Ventura,Late,2026-10-09 10:02,TOP 20,0,-1.46,-1.55,0,-1.4,0,0,-1.37,-1.37,-17.5,0,0,-1.25,0,13,-1.45,,,72,-2.2222,0,,0, BET365, BET365 (0/1),,,995,3.2222,1,Yokohama Country Club (West Course),-2.22,,0.00,-2.222222222,,
Ryo Hisatsune,Early,2026-10-09 08:56,TOP 20,0,-1.26,-1.25,0,-1.15,0,0,-1.25,-1.2,-16.5,0,0,-1.1,0,15,-1.265714286,0.25,20,70,-3.7634,0,Good Bet,0, BET365, BET365 (0/1),,,997,4.7634,1,Yokohama Country Club (West Course),-1.04,,2.73,-0.6788104327,0.0397962322,"https://pga-tour-res.cloudinary.com/image/upload/c_fill,d_headshots_default.png,dpr_2.0,f_auto,g_face:center,h_350,q_auto,w_280/headshots_51287.png"
Xander Schauffele,Late,2026-10-09 10:35,TOP 20,0,-1.48,-1.4,0,-1.25,0,0,-1.37,-1.37,-17.5,0,0,-1.25,0,14,-1.41,0.55,2,69,-2.4390,0,Good Bet,0, BET365, BET365 (0/1),,,996,3.4390,1,Yokohama Country Club (West Course),-0.44,,2.00,-0.1872634402,0.3175690631,"https://pga-tour-res.cloudinary.com/image/upload/c_fill,d_headshots_default.png,dpr_2.0,f_auto,g_face:center,h_350,q_auto,w_280/headshots_48081.png"
Justin Thomas,Early,2026-10-09 09:18,TOP 20,0,-1.18,1,0,1.1,0,0,-1.1,-1.05,-14,0,0,1,0,17,-0.2328571429,0.5,15,1,1.3035,-16,,1.1,POINTSBET,POINTSBET (1.1/1),-0.2116883117,1,1,-0.8273,0.4761904762,Yokohama Country Club (West Course),0.57,,-0.73,0.4032231766,0.07085923591,"https://pga-tour-res.cloudinary.com/image/upload/c_fill,d_headshots_default.png,dpr_2.0,f_auto,g_face:center,h_350,q_auto,w_280/headshots_33448.png"
Doug Ghim,Early,2026-10-09 09:40,TOP 20,0,-1.08,-1.1,0,1,0,0,1.2,1.3,-11,0,0,1.25,0,107,0.21,0.4,5,2,0.8264,-105,,1.3,BETWAY,BETWAY (1.3/1),0.1615384615,50,3,-0.3917,0.4347826087,Yokohama Country Club (West Course),0.46,,-0.37,0.3800789643,0.2246495136,"https://pga-tour-res.cloudinary.com/image/upload/c_fill,d_headshots_default.png,dpr_2.0,f_auto,g_face:center,h_350,q_auto,w_280/headshots_52375.png"
Michael Brennan,Late,2026-10-09 10:13,TOP 20,0,-1.22,-1.2,0,-1.1,0,0,-1.2,-1.05,-15,0,0,-1.1,0,16,-1.195714286,0.25,12,71,-5.1095,0,Good Bet,0, BET365, BET365 (0/1),,,998,6.1095,1,Yokohama Country Club (West Course),-1.42,,3.69,-0.911796987,0.1001680387,"https://pga-tour-res.cloudinary.com/image/upload/c_fill,d_headshots_default.png,dpr_2.0,f_auto,g_face:center,h_350,q_auto,w_280/headshots_58611.png"
Johnny Keefer,Early,2026-10-09 08:45,TOP 20,0,1.06,-1.05,0,1,0,0,1,1,-14,0,0,1,0,108,0.3728571429,0.25,21,6,0.7284,-102,,1,POINTSBET,POINTSBET (1/1),0.3728571429,51,18,-0.2284,0.5,Yokohama Country Club (West Course),0.31,,-0.42,0.2169572056,0.03545937319,"https://pga-tour-res.cloudinary.com/image/upload/c_fill,d_headshots_default.png,dpr_2.0,f_auto,g_face:center,h_350,q_auto,w_280/headshots_63454.png"
Adam Scott,Early,2026-10-09 09:18,TOP 20,0,1,1.15,0,1.2,0,0,1.05,1.1,-11,0,0,1.25,0,110,0.8071428571,0.35,19,7,0.5534,-103,,1.25,SKYBET,SKYBET (1.25/1),0.6457142857,53,36,-0.1089,0.4444444444,Yokohama Country Club (West Course),0.29,,-0.26,0.2074700432,0.04466351079,"https://pga-tour-res.cloudinary.com/image/upload/c_fill,d_headshots_default.png,dpr_2.0,f_auto,g_face:center,h_350,q_auto,w_280/headshots_24502.png"
Wyndham Clark,Early,2026-10-09 09:18,TOP 20,0,-1.02,1.05,0,1.15,0,0,1,1.05,-12.5,0,0,1.1,0,109,0.44,0.45,18,4,0.6944,-105,,1.15,POINTSBET,POINTSBET (1.15/1),0.3826086957,52,17,-0.2293,0.4651162791,Yokohama Country Club (West Course),0.36,,-0.33,0.2589645381,0.05012608194,"https://pga-tour-res.cloudinary.com/image/upload/c_fill,d_headshots_default.png,dpr_2.0,f_auto,g_face:center,h_350,q_auto,w_280/headshots_51766.png"
Sungjae Im,Late,2026-10-09 10:24,TOP 20,0,1.06,1.3,0,1.4,0,0,1.2,1.2,10,0,0,1.38,0,112,1.22,0.4,23,8,0.4505,-104,,10,BOVADA,BOVADA (10/1),0.122,18,4,-0.3595,0.09090909091,Yokohama Country Club (West Course),0.27,,-0.18,0.18698129,0.02815199981,"https://pga-tour-res.cloudinary.com/image/upload/c_fill,d_headshots_default.png,dpr_2.0,f_auto,g_face:center,h_350,q_auto,w_280/headshots_39971.png"
David Lipsky,Early,2026-10-09 09:40,TOP 20,0,1.56,1.5,0,1.6,0,0,1.5,1.62,11.5,0,0,1.63,0,116,1.508571429,0.1,33,23,0.3986,-93,,11.5,BOVADA,BOVADA (11.5/1),0.1311801242,44,8,-0.3186,0.08,Yokohama Country Club (West Course),0.15,,-0.25,0.1050544953,0.008879739664,"https://pga-tour-res.cloudinary.com/image/upload/c_fill,d_headshots_default.png,dpr_2.0,f_auto,g_face:center,h_350,q_auto,w_280/headshots_36326.png"
Michael Kim,Early,2026-10-09 09:51,TOP 20,0,1.24,1.25,0,1.3,0,0,1.2,1.3,10,0,0,1.3,0,113,1.227142857,0.25,26,12,0.4490,-101,,10,BOVADA,BOVADA (10/1),0.1227142857,22,5,-0.3581,0.09090909091,Yokohama Country Club (West Course),0.22,,-0.23,0.151750051,0.01991482735,"https://pga-tour-res.cloudinary.com/image/upload/c_fill,d_headshots_default.png,dpr_2.0,f_auto,g_face:center,h_350,q_auto,w_280/headshots_39975.png"
Andrew Putnam,Early,2026-10-09 09:40,TOP 20,0,1.38,1.4,0,1.5,0,0,1.25,1.4,10.5,0,0,1.5,0,115,1.354285714,0.15,32,20,0.4248,-95,,10.5,BOVADA,BOVADA (10.5/1),0.1289795918,36,7,-0.3378,0.08695652174,Yokohama Country Club (West Course),0.18,,-0.25,0.1209309221,0.009965776315,"https://pga-tour-res.cloudinary.com/image/upload/c_fill,d_headshots_default.png,dpr_2.0,f_auto,g_face:center,h_350,q_auto,w_280/headshots_34256.png"
Nico Echavarria,Late,2026-10-09 10:24,TOP 20,0,1.2,1.5,0,1.6,0,0,1.25,1.38,10,0,0,1.38,0,114,1.33,,,3,0.4292,-111,,10,BOVADA,BOVADA (10/1),0.133,45,6,-0.3383,0.09090909091,Yokohama Country Club (West Course),0.43,,0.00,0.4291845494,,
Keita Nakajima,Late,2026-10-09 10:02,TOP 20,0,1.58,1.6,0,1.65,0,0,1.62,1.62,0,0,0,1.63,0,117,1.616666667,0.25,27,15,0.3822,-102,,1.65,POINTSBET,POINTSBET (1.65/1),0.9797979798,56,167,-0.0048,0.3773584906,Yokohama Country Club (West Course),0.20,,-0.19,0.137079867,0.01774457671,"https://pga-tour-res.cloudinary.com/image/upload/c_fill,d_headshots_default.png,dpr_2.0,f_auto,g_face:center,h_350,q_auto,w_280/headshots_49228.png"
Christiaan Bezuidenhout,Early,2026-10-09 08:45,TOP 20,0,1.48,1.3,0,1.4,0,0,1.38,1.38,-11,0,0,1.38,0,111,1.031428571,0.2,24,11,0.4923,-100,,1.4,POINTSBET,POINTSBET (1.4/1),0.7367346939,54,42,-0.0756,0.4166666667,Yokohama Country Club (West Course),0.22,,-0.27,0.1535033372,0.02508408993,"https://pga-tour-res.cloudinary.com/image/upload/c_fill,d_headshots_default.png,dpr_2.0,f_auto,g_face:center,h_350,q_auto,w_280/headshots_45522.png"
Zach Bauchou,Early,2026-10-09 09:40,TOP 20,0,1.78,1.95,0,2,0,0,2,2,15,0,0,2.25,0,118,1.925714286,,,5,0.3418,-113,,15,BOVADA,BOVADA (15/1),0.1283809524,32,9,-0.2793,0.0625,Yokohama Country Club (West Course),0.34,,0.00,0.341796875,,
Brian Harman,Early,2026-10-09 09:29,TOP 20,0,1.74,2.3,0,2.3,0,0,2.2,2.2,18.5,0,0,2.4,0,121,2.141428571,0.15,36,27,0.3183,-94,,18.5,BOVADA,BOVADA (18.5/1),0.1157528958,11,12,-0.2670,0.05128205128,Yokohama Country Club (West Course),0.14,,-0.18,0.09743423855,0.006281560226,"https://pga-tour-res.cloudinary.com/image/upload/c_fill,d_headshots_default.png,dpr_2.0,f_auto,g_face:center,h_350,q_auto,w_280/headshots_27644.png"
Matt Wallace,Late,2026-10-09 10:46,TOP 20,0,1.7,2.2,0,2.2,0,0,2,2,16.5,0,0,2.4,0,120,2.021428571,0.15,29,24,0.3310,-96,,16.5,BOVADA,BOVADA (16.5/1),0.1225108225,21,11,-0.2738,0.05714285714,Yokohama Country Club (West Course),0.15,,-0.18,0.1046465463,0.0140878215,"https://pga-tour-res.cloudinary.com/image/upload/c_fill,d_headshots_default.png,dpr_2.0,f_auto,g_face:center,h_350,q_auto,w_280/headshots_48887.png"
Kurt Kitayama,Early,2026-10-09 09:07,TOP 20,0,1.98,2.7,0,2.5,0,0,2.6,2.6,21,0,0,2.75,0,124,2.461428571,0.4,25,13,0.2889,-111,,21,BOVADA,BOVADA (21/1),0.1172108844,12,14,-0.2434,0.04545454545,Yokohama Country Club (West Course),0.22,,-0.07,0.1511899184,0.02235051051,"https://pga-tour-res.cloudinary.com/image/upload/c_fill,d_headshots_default.png,dpr_2.0,f_auto,g_face:center,h_350,q_auto,w_280/headshots_48117.png"
John Parry,Late,2026-10-09 10:46,TOP 20,0,1.8,2.1,0,2.1,0,0,1.88,1.88,15,0,0,2.25,0,119,1.93,0.15,37,25,0.3413,-94,,15,BOVADA,BOVADA (15/1),0.1286666667,34,10,-0.2788,0.0625,Yokohama Country Club (West Course),0.15,,-0.19,0.1016175959,0.005597017004,"https://pga-tour-res.cloudinary.com/image/upload/c_fill,d_headshots_default.png,dpr_2.0,f_auto,g_face:center,h_350,q_auto,w_280/headshots_28723.png"
Lee Hodges,Early,2026-10-09 09:40,TOP 20,0,2.15,2.5,0,2.5,0,0,2.5,2.4,20,0,0,3,0,123,2.435714286,0.3,42,18,0.2911,-105,,20,BOVADA,BOVADA (20/1),0.1217857143,15,15,-0.2434,0.04761904762,Yokohama Country Club (West Course),0.18,,-0.11,0.1200981089,0.003143417868,"https://pga-tour-res.cloudinary.com/image/upload/c_fill,d_headshots_default.png,dpr_2.0,f_auto,g_face:center,h_350,q_auto,w_280/headshots_54628.png"
Stephan Jaeger,Late,2026-10-09 10:13,TOP 20,0,2.05,2.7,0,2.6,0,0,2.5,2.75,20,0,0,2.75,0,125,2.478571429,0.25,44,21,0.2875,-104,,20,BOVADA,BOVADA (20/1),0.1239285714,25,16,-0.2399,0.04761904762,Yokohama Country Club (West Course),0.16,,-0.13,0.1089922449,0.002495630668,"https://pga-tour-res.cloudinary.com/image/upload/c_fill,d_headshots_default.png,dpr_2.0,f_auto,g_face:center,h_350,q_auto,w_280/headshots_36799.png"
Max Greyserman,Late,2026-10-09 10:02,TOP 20,0,2.4,3,0,3,0,0,2.5,2.75,21,0,0,3,0,126,2.678571429,0.2,34,26,0.2718,-100,,21,BOVADA,BOVADA (21/1),0.1275510204,31,19,-0.2264,0.04545454545,Yokohama Country Club (West Course),0.14,,-0.13,0.09911616541,0.007912055619,"https://pga-tour-res.cloudinary.com/image/upload/c_fill,d_headshots_default.png,dpr_2.0,f_auto,g_face:center,h_350,q_auto,w_280/headshots_51977.png"
Hiroshi Iwata,Early,2026-10-09 08:45,TOP 20,0,4.05,3.8,0,3.5,0,0,3.5,3.5,32,0,0,4,0,132,3.65,0.1,57,40,0.2151,0,,32,BOVADA,BOVADA (32/1),0.1140625,7,24,-0.1848,0.0303030303,Yokohama Country Club (West Course),0.09,,-0.12,0.06334486297,0.0005568504707,"https://pga-tour-res.cloudinary.com/image/upload/c_fill,d_headshots_default.png,dpr_2.0,f_auto,g_face:center,h_350,q_auto,w_280/headshots_27747.png"
Denny McCarthy,Late,2026-10-09 10:02,TOP 20,0,2,2.3,0,2.3,0,0,2.25,2.25,17,0,0,2.5,0,122,2.185714286,0.15,43,28,0.3139,-94,,17,BOVADA,BOVADA (17/1),0.1285714286,33,13,-0.2583,0.05555555556,Yokohama Country Club (West Course),0.14,,-0.17,0.09446078434,0.002800858803,"https://pga-tour-res.cloudinary.com/image/upload/c_fill,d_headshots_default.png,dpr_2.0,f_auto,g_face:center,h_350,q_auto,w_280/headshots_47993.png"
Kevin Roy,Early,2026-10-09 08:45,TOP 20,0,3.15,3.8,0,3.5,0,0,3.5,3.5,28,0,0,4,0,130,3.464285714,0.2,40,33,0.2240,0,,28,BOVADA,BOVADA (28/1),0.1237244898,24,23,-0.1895,0.03448275862,Yokohama Country Club (West Course),0.13,,-0.10,0.08717561015,0.003959350243,"https://pga-tour-res.cloudinary.com/image/upload/c_fill,d_headshots_default.png,dpr_2.0,f_auto,g_face:center,h_350,q_auto,w_280/headshots_39335.png"
Maverick McNealy,Late,2026-10-09 10:24,TOP 20,0,2.9,3.8,0,3.5,0,0,3,3.5,30,0,0,4.5,0,129,3.457142857,0.45,28,14,0.2244,-115,,30,BOVADA,BOVADA (30/1),0.1152380952,9,22,-0.1921,0.03225806452,Yokohama Country Club (West Course),0.21,,-0.02,0.1443582945,0.01581083266,"https://pga-tour-res.cloudinary.com/image/upload/c_fill,d_headshots_default.png,dpr_2.0,f_auto,g_face:center,h_350,q_auto,w_280/headshots_46442.png"
Alex Smalley,Late,2026-10-09 10:24,TOP 20,0,2.8,3.8,0,3.5,0,0,3,3,26,0,0,3.5,0,127,3.171428571,0.45,17,10,0.2397,-117,,26,BOVADA,BOVADA (26/1),0.121978022,17,20,-0.2027,0.03703703704,Yokohama Country Club (West Course),0.23,,-0.01,0.1716992572,0.05625675291,"https://pga-tour-res.cloudinary.com/image/upload/c_fill,d_headshots_default.png,dpr_2.0,f_auto,g_face:center,h_350,q_auto,w_280/headshots_46340.png"
Beau Hossler,Early,2026-10-09 09:51,TOP 20,0,2.6,3.8,0,3.5,0,0,3.5,3.5,26,0,0,4,0,128,3.357142857,0.1,41,38,0.2295,0,,26,BOVADA,BOVADA (26/1),0.1291208791,37,21,-0.1925,0.03703703704,Yokohama Country Club (West Course),0.10,,-0.13,0.06801836352,0.003527873623,"https://pga-tour-res.cloudinary.com/image/upload/c_fill,d_headshots_default.png,dpr_2.0,f_auto,g_face:center,h_350,q_auto,w_280/headshots_35461.png"
Keegan Bradley,Early,2026-10-09 09:29,TOP 20,0,3.6,5.5,0,5,0,0,4,4.5,35,0,0,5,0,136,4.442857143,0.25,38,31,0.1837,0,,35,BOVADA,BOVADA (35/1),0.1269387755,30,29,-0.1559,0.02777777778,Yokohama Country Club (West Course),0.13,,-0.05,0.08973765062,0.00498707299,"https://pga-tour-res.cloudinary.com/image/upload/c_fill,d_headshots_default.png,dpr_2.0,f_auto,g_face:center,h_350,q_auto,w_280/headshots_33141.png"
Matt McCarty,Late,2026-10-09 10:13,TOP 20,0,3.5,4.7,0,4.25,0,0,4,4,32,0,0,4.5,0,133,4.021428571,0.2,50,34,0.1991,0,,32,BOVADA,BOVADA (32/1),0.1256696429,28,26,-0.1688,0.0303030303,Yokohama Country Club (West Course),0.12,,-0.08,0.08057862097,0.0012488633,"https://pga-tour-res.cloudinary.com/image/upload/c_fill,d_headshots_default.png,dpr_2.0,f_auto,g_face:center,h_350,q_auto,w_280/headshots_59141.png"
Takumi Kanaya,Late,2026-10-09 10:46,TOP 20,0,2.8,4.7,0,4.25,0,0,3,3.33,28,0,0,4.5,0,131,3.625714286,0.1,46,39,0.2162,0,,28,BOVADA,BOVADA (28/1),0.1294897959,39,25,-0.1817,0.03448275862,Yokohama Country Club (West Course),0.10,,-0.12,0.06442536842,0.001981337733,"https://pga-tour-res.cloudinary.com/image/upload/c_fill,d_headshots_default.png,dpr_2.0,f_auto,g_face:center,h_350,q_auto,w_280/headshots_47917.png"
Jackson Suber,Late,2026-10-09 10:46,TOP 20,0,4.25,7.5,0,6.5,0,0,6,7,60,0,0,9,0,141,6.607142857,0.25,39,35,0.1315,0,,60,BOVADA,BOVADA (60/1),0.1101190476,4,34,-0.1151,0.01639344262,Yokohama Country Club (West Course),0.12,,-0.02,0.07895723898,0.004443598615,"https://pga-tour-res.cloudinary.com/image/upload/c_fill,d_headshots_default.png,dpr_2.0,f_auto,g_face:center,h_350,q_auto,w_280/headshots_60019.png"
Chandler Phillips,Early,2026-10-09 08:56,TOP 20,0,5.1,5.5,0,5,0,0,5,5,40,0,0,6.5,0,137,5.157142857,0.3,56,29,0.1624,-108,,40,BOVADA,BOVADA (40/1),0.1289285714,35,30,-0.1380,0.0243902439,Yokohama Country Club (West Course),0.14,,-0.02,0.09285757225,0.0006249560733,"https://pga-tour-res.cloudinary.com/image/upload/c_fill,d_headshots_default.png,dpr_2.0,f_auto,g_face:center,h_350,q_auto,w_280/headshots_57900.png"
Jordan Spieth,Late,2026-10-09 10:24,TOP 20,0,3.6,6.5,0,6,0,0,5.5,5.5,45,0,0,6,0,139,5.371428571,0.45,45,17,0.1570,-122,Good Bet,45,BOVADA,BOVADA (45/1),0.1193650794,13,31,-0.1352,0.02173913043,Yokohama Country Club (West Course),0.18,,0.03,0.1227243337,0.002223665265,"https://pga-tour-res.cloudinary.com/image/upload/c_fill,d_headshots_default.png,dpr_2.0,f_auto,g_face:center,h_350,q_auto,w_280/headshots_34046.png"
Ren Yonezawa,Early,2026-10-09 09:51,TOP 20,0,5.3,4.7,0,4.25,0,0,4,4,35,0,0,4.5,0,134,4.321428571,,55,16,0.1879,-118,,35,BOVADA,BOVADA (35/1),0.1234693878,23,27,-0.1601,0.02777777778,Yokohama Country Club (West Course),0.19,,0.00,,0.0007013913323,"https://pga-tour-res.cloudinary.com/image/upload/c_fill,d_headshots_default.png,dpr_2.0,f_auto,g_face:center,h_350,q_auto,w_280/headshots_56100.png"
Ben Kohles,Early,2026-10-09 09:51,TOP 20,0,3.05,6,0,5,0,0,4,4,35,0,0,5,0,135,4.364285714,0.3,22,22,0.1864,-113,,35,BOVADA,BOVADA (35/1),0.1246938776,26,28,-0.1586,0.02777777778,Yokohama Country Club (West Course),0.16,,-0.03,0.1162407001,0.03159513044,"https://pga-tour-res.cloudinary.com/image/upload/c_fill,d_headshots_default.png,dpr_2.0,f_auto,g_face:center,h_350,q_auto,w_280/headshots_36884.png"
Billy Horschel,Late,2026-10-09 10:13,TOP 20,0,4.5,6.5,0,6,0,0,5,5,35,0,0,6,0,138,5.214285714,0.3,51,30,0.1609,0,,35,BOVADA,BOVADA (35/1),0.1489795918,49,32,-0.1331,0.02777777778,Yokohama Country Club (West Course),0.14,,-0.02,0.09285156788,0.001112766395,"https://pga-tour-res.cloudinary.com/image/upload/c_fill,d_headshots_default.png,dpr_2.0,f_auto,g_face:center,h_350,q_auto,w_280/headshots_29420.png"
Tony Finau,Early,2026-10-09 09:18,TOP 20,0,7.1,10,0,8.5,0,0,9,9,70,0,0,11,0,144,8.8,0.2,61,42,0.1020,0,,70,BOVADA,BOVADA (70/1),0.1257142857,29,39,-0.0880,0.01408450704,Yokohama Country Club (West Course),0.09,,-0.01,0.06061875738,0.0003509901947,"https://pga-tour-res.cloudinary.com/image/upload/c_fill,d_headshots_default.png,dpr_2.0,f_auto,g_face:center,h_350,q_auto,w_280/headshots_29725.png"
Davis Thompson,Early,2026-10-09 09:29,TOP 20,0,8.5,13,0,11,0,0,11,11,85,0,0,14,0,147,11,0.35,47,32,0.0833,0,Good Bet,85,BOVADA,BOVADA (85/1),0.1294117647,38,43,-0.0717,0.01162790698,Yokohama Country Club (West Course),0.13,,0.05,0.08772591761,0.001765418237,"https://pga-tour-res.cloudinary.com/image/upload/c_fill,d_headshots_default.png,dpr_2.0,f_auto,g_face:center,h_350,q_auto,w_280/headshots_58168.png"
Taylor Moore,Early,2026-10-09 08:56,TOP 20,0,7.2,11,0,10,0,0,10,10,80,0,0,12,0,145,9.742857143,0.15,59,47,0.0931,0,,80,BOVADA,BOVADA (80/1),0.1217857143,15,40,-0.0807,0.01234567901,Yokohama Country Club (West Course),0.07,,-0.02,0.048882279,0.0004420962057,"https://pga-tour-res.cloudinary.com/image/upload/c_fill,d_headshots_default.png,dpr_2.0,f_auto,g_face:center,h_350,q_auto,w_280/headshots_49947.png"
Nick Taylor,Late,2026-10-09 10:35,TOP 20,0,4.6,7.5,0,6.5,0,0,5.5,5.5,45,0,0,7,0,140,5.871428571,0.1,53,46,0.1455,0,,45,BOVADA,BOVADA (45/1),0.1304761905,41,33,-0.1238,0.02173913043,Yokohama Country Club (West Course),0.07,,-0.07,0.04963609938,0.0008834504538,"https://pga-tour-res.cloudinary.com/image/upload/c_fill,d_headshots_default.png,dpr_2.0,f_auto,g_face:center,h_350,q_auto,w_280/headshots_25493.png"
Kevin Yu,Early,2026-10-09 09:18,TOP 20,0,10,13,0,11,0,0,12,12,100,0,0,16,0,148,12,0.2,31,45,0.0769,0,Good Bet,100,BOVADA,BOVADA (100/1),0.12,14,44,-0.0670,0.009900990099,Yokohama Country Club (West Course),0.09,,0.01,0.0620953998,0.01118464069,"https://pga-tour-res.cloudinary.com/image/upload/c_fill,d_headshots_default.png,dpr_2.0,f_auto,g_face:center,h_350,q_auto,w_280/headshots_45242.png"
Rickie Fowler,Early,2026-10-09 09:29,TOP 20,0,5.3,9,0,8,0,0,6,6,50,0,0,8,0,142,6.757142857,0.45,35,19,0.1289,-123,Good Bet,50,BOVADA,BOVADA (50/1),0.1351428571,47,35,-0.1093,0.01960784314,Yokohama Country Club (West Course),0.18,,0.05,0.1200125847,0.007049826514,"https://pga-tour-res.cloudinary.com/image/upload/c_fill,d_headshots_default.png,dpr_2.0,f_auto,g_face:center,h_350,q_auto,w_280/headshots_32102.png"
Steven Fisk,Early,2026-10-09 09:07,TOP 20,0,10.5,19,0,14,0,0,16,16,140,0,0,22,0,150,15.92857143,0.25,52,41,0.0591,0,Good Bet,140,BOVADA,BOVADA (140/1),0.1137755102,5,45,-0.0520,0.007092198582,Yokohama Country Club (West Course),0.09,,0.03,0.06240924651,0.0009915008707,"https://pga-tour-res.cloudinary.com/image/upload/c_fill,d_headshots_default.png,dpr_2.0,f_auto,g_face:center,h_350,q_auto,w_280/headshots_57123.png"
Kosuke Sunagawa,Late,2026-10-09 10:46,TOP 20,0,8.9,8.5,0,8,0,0,7,8,55,0,0,8,0,143,7.7,,63,36,0.1149,0,,55,BOVADA,BOVADA (55/1),0.14,48,38,-0.0971,0.01785714286,Yokohama Country Club (West Course),0.11,,0.00,,0.0002786590682,https://www.freeiconspng.com/uploads/--tie-user-users-work-worker-working-icon--icon-search-engine-6.png
Yusaku Hosono,Early,2026-10-09 08:56,TOP 20,0,17,20,0,15,0,0,16,16,140,0,0,22,0,151,17.14285714,,68,51,0.0551,0,,140,BOVADA,BOVADA (140/1),0.1224489796,20,47,-0.0480,0.007092198582,Yokohama Country Club (West Course),0.06,,0.00,,0.0001565015603,"https://pga-tour-res.cloudinary.com/image/upload/c_fill,d_headshots_default.png,dpr_2.0,f_auto,g_face:center,h_350,q_auto,w_280/headshots_56165.png"
Tomohiro Ishizaka,Early,2026-10-09 09:07,TOP 20,0,14,19,0,17,0,0,14,14,120,0,0,20,0,149,15.71428571,,69,49,0.0598,0,,120,BOVADA,BOVADA (120/1),0.130952381,43,46,-0.0516,0.00826446281,Yokohama Country Club (West Course),0.06,,0.00,,0.0001394465487,https://www.freeiconspng.com/uploads/--tie-user-users-work-worker-working-icon--icon-search-engine-6.png
Taylor Pendrith,Late,2026-10-09 10:35,TOP 20,0,8,13,0,11,0,0,9,9,75,0,0,11,0,146,9.785714286,0.05,60,55,0.0927,0,,75,BOVADA,BOVADA (75/1),0.1304761905,41,41,-0.0796,0.01315789474,Yokohama Country Club (West Course),0.04,,-0.05,0.02877939719,0.000393918054,"https://pga-tour-res.cloudinary.com/image/upload/c_fill,d_headshots_default.png,dpr_2.0,f_auto,g_face:center,h_350,q_auto,w_280/headshots_40250.png"
Rasmus Neergaard-Petersen,Early,2026-10-09 08:45,TOP 20,0,16.5,0,0,17,0,0,20,22,180,0,0,30,0,155,20.58333333,0.25,58,44,0.0463,0,Good Bet,180,BOVADA,BOVADA (180/1),0.1143518519,8,50,-0.0408,0.005524861878,Yokohama Country Club (West Course),0.09,,0.04,0.05956410934,0.0004961667867,"https://pga-tour-res.cloudinary.com/image/upload/c_fill,d_headshots_default.png,dpr_2.0,f_auto,g_face:center,h_350,q_auto,w_280/headshots_52689.png"
Sahith Theegala,Early,2026-10-09 09:07,TOP 20,0,16.5,0,0,15,0,0,20,20,160,0,0,30,0,153,19.58333333,0.15,54,48,0.0486,0,Good Bet,160,BOVADA,BOVADA (160/1),0.1223958333,19,48,-0.0424,0.006211180124,Yokohama Country Club (West Course),0.06,,0.01,0.04018890419,0.0007871750065,"https://pga-tour-res.cloudinary.com/image/upload/c_fill,d_headshots_default.png,dpr_2.0,f_auto,g_face:center,h_350,q_auto,w_280/headshots_51634.png"
Sang-hee Lee,Late,2026-10-09 10:02,TOP 20,0,16,22,0,0,0,0,12,16,0,0,0,20,0,152,17.2,,67,52,0.0549,0,,20,SKYBET,SKYBET (20/1),0.86,55,138,-0.0073,0.04761904762,Yokohama Country Club (West Course),0.05,,0.00,,0.0001756424853,"https://pga-tour-res.cloudinary.com/image/upload/c_fill,d_headshots_default.png,dpr_2.0,f_auto,g_face:center,h_350,q_auto,w_280/headshots_33232.png"
Patrick Rodgers,Early,2026-10-09 08:56,TOP 20,0,18,0,0,15,0,0,20,22,180,0,0,30,0,154,20.5,0.15,64,50,0.0465,0,Good Bet,180,BOVADA,BOVADA (180/1),0.1138888889,6,49,-0.0410,0.005524861878,Yokohama Country Club (West Course),0.06,,0.01,0.03945130063,0.0002482917439,"https://pga-tour-res.cloudinary.com/image/upload/c_fill,d_headshots_default.png,dpr_2.0,f_auto,g_face:center,h_350,q_auto,w_280/headshots_36699.png"
Koshin Nagasaki,Early,2026-10-09 09:40,TOP 20,0,74,0,0,28,0,0,40,50,450,0,0,75,0,159,52,,72,59,0.0189,0,,450,BOVADA,BOVADA (450/1),0.1155555556,10,80,-0.0167,0.0022172949,Yokohama Country Club (West Course),0.02,,0.00,,0.00009864499718,https://www.freeiconspng.com/uploads/--tie-user-users-work-worker-working-icon--icon-search-engine-6.png
Yoshinori Fujimoto,Early,2026-10-09 08:45,TOP 20,0,43,0,0,30,0,0,33,33,280,0,0,60,0,156,37.83333333,,71,56,0.0258,0,,280,BOVADA,BOVADA (280/1),0.1351190476,46,63,-0.0222,0.003558718861,Yokohama Country Club (West Course),0.03,,0.00,,0.0001107097746,https://www.freeiconspng.com/uploads/--tie-user-users-work-worker-working-icon--icon-search-engine-6.png
Aguri Iwasaki,Early,2026-10-09 08:56,TOP 20,0,76,0,0,35,0,0,25,50,400,0,0,75,0,158,50.16666667,0.05,70,58,0.0195,0,Good Bet,400,BOVADA,BOVADA (400/1),0.1254166667,27,78,-0.0171,0.002493765586,Yokohama Country Club (West Course),0.02,,0.00,0.01398334487,0.0001242501347,https://www.freeiconspng.com/uploads/--tie-user-users-work-worker-working-icon--icon-search-engine-6.png
Jinichiro Kozuma,Late,2026-10-09 10:46,TOP 20,0,48,0,0,35,0,0,33,33,300,0,0,55,0,157,39,,66,57,0.0250,0,,300,BOVADA,BOVADA (300/1),0.13,40,64,-0.0217,0.003322259136,Yokohama Country Club (West Course),0.03,,0.00,,0.0001971244412,"https://pga-tour-res.cloudinary.com/image/upload/c_fill,d_headshots_default.png,dpr_2.0,f_auto,g_face:center,h_350,q_auto,w_280/headshots_33689.png"
Aldrich Potgieter,Late,2026-10-09 10:35,TOP 20,0,110,0,0,40,0,0,66,66,800,0,0,75,0,161,72.83333333,0.15,62,54,0.0135,0,Good Bet,800,BOVADA,BOVADA (800/1),0.09104166667,3,105,-0.0123,0.001248439451,Yokohama Country Club (West Course),0.05,,0.04,0.03289644789,0.0003127404684,"https://pga-tour-res.cloudinary.com/image/upload/c_fill,d_headshots_default.png,dpr_2.0,f_auto,g_face:center,h_350,q_auto,w_280/headshots_63343.png"
Tom Hoge,Early,2026-10-09 09:29,TOP 20,0,0,0,0,30,0,0,80,66,1000,0,0,75,0,160,70.2,0.15,65,53,0.0140,0,Good Bet,1000,BOVADA,BOVADA (1000/1),0.0702,2,100,-0.0130,0.000999000999,Yokohama Country Club (West Course),0.05,,0.04,0.03294172901,0.0002212337481,"https://pga-tour-res.cloudinary.com/image/upload/c_fill,d_headshots_default.png,dpr_2.0,f_auto,g_face:center,h_350,q_auto,w_280/headshots_35532.png"
 ,,,TOP 20,0,0,0,0,0,0,0,0,0,0,0,0,0,0,18,0,,,,,0,,0, BET365, BET365 (0/1),,,452,1.0000,1,Yokohama Country Club (West Course),,,0.00,,,
 ,,,TOP 20,0,0,0,0,0,0,0,0,0,0,0,0,0,0,18,0,,,,,0,,0, BET365, BET365 (0/1),,,452,1.0000,1,Yokohama Country Club (West Course),,,0.00,,,
 ,,,TOP 20,0,0,0,0,0,0,0,0,0,0,0,0,0,0,18,0,,,,,0,,0, BET365, BET365 (0/1),,,452,1.0000,1,Yokohama Country Club (West Course),,,0.00,,,
 ,,,TOP 20,0,0,0,0,0,0,0,0,0,0,0,0,0,0,18,0,,,,,0,,0, BET365, BET365 (0/1),,,452,1.0000,1,Yokohama Country Club (West Course),,,0.00,,,
 ,,,TOP 20,0,0,0,0,0,0,0,0,0,0,0,0,0,0,18,0,,,,,0,,0, BET365, BET365 (0/1),,,452,1.0000,1,Yokohama Country Club (West Course),,,0.00,,,
 ,,,TOP 20,0,0,0,0,0,0,0,0,0,0,0,0,0,0,18,0,,,,,0,,0, BET365, BET365 (0/1),,,452,1.0000,1,Yokohama Country Club (West Course),,,0.00,,,
 ,,,TOP 20,0,0,0,0,0,0,0,0,0,0,0,0,0,0,18,0,,,,,0,,0, BET365, BET365 (0/1),,,452,1.0000,1,Yokohama Country Club (West Course),,,0.00,,,
 ,,,TOP 20,0,0,0,0,0,0,0,0,0,0,0,0,0,0,18,0,,,,,0,,0, BET365, BET365 (0/1),,,452,1.0000,1,Yokohama Country Club (West Course),,,0.00,,,
 ,,,TOP 20,0,0,0,0,0,0,0,0,0,0,0,0,0,0,18,0,,,,,0,,0, BET365, BET365 (0/1),,,452,1.0000,1,Yokohama Country Club (West Course),,,0.00,,,
 ,,,TOP 20,0,0,0,0,0,0,0,0,0,0,0,0,0,0,18,0,,,,,0,,0, BET365, BET365 (0/1),,,452,1.0000,1,Yokohama Country Club (West Course),,,0.00,,,
 ,,,TOP 20,0,0,0,0,0,0,0,0,0,0,0,0,0,0,18,0,,,,,0,,0, BET365, BET365 (0/1),,,452,1.0000,1,Yokohama Country Club (West Course),,,0.00,,,
 ,,,TOP 20,0,0,0,0,0,0,0,0,0,0,0,0,0,0,18,0,,,,,0,,0, BET365, BET365 (0/1),,,452,1.0000,1,Yokohama Country Club (West Course),,,0.00,,,
 ,,,TOP 20,0,0,0,0,0,0,0,0,0,0,0,0,0,0,18,0,,,,,0,,0, BET365, BET365 (0/1),,,452,1.0000,1,Yokohama Country Club (West Course),,,0.00,,,
 ,,,TOP 20,0,0,0,0,0,0,0,0,0,0,0,0,0,0,18,0,,,,,0,,0, BET365, BET365 (0/1),,,452,1.0000,1,Yokohama Country Club (West Course),,,0.00,,,
 ,,,TOP 20,0,0,0,0,0,0,0,0,0,0,0,0,0,0,18,0,,,,,0,,0, BET365, BET365 (0/1),,,452,1.0000,1,Yokohama Country Club (West Course),,,0.00,,,
 ,,,TOP 20,0,0,0,0,0,0,0,0,0,0,0,0,0,0,18,0,,,,,0,,0, BET365, BET365 (0/1),,,452,1.0000,1,Yokohama Country Club (West Course),,,0.00,,,
 ,,,TOP 20,0,0,0,0,0,0,0,0,0,0,0,0,0,0,18,0,,,,,0,,0, BET365, BET365 (0/1),,,452,1.0000,1,Yokohama Country Club (West Course),,,0.00,,,
 ,,,TOP 20,0,0,0,0,0,0,0,0,0,0,0,0,0,0,18,0,,,,,0,,0, BET365, BET365 (0/1),,,452,1.0000,1,Yokohama Country Club (West Course),,,0.00,,,
 ,,,TOP 20,0,0,0,0,0,0,0,0,0,0,0,0,0,0,18,0,,,,,0,,0, BET365, BET365 (0/1),,,452,1.0000,1,Yokohama Country Club (West Course),,,0.00,,,
 ,,,TOP 20,0,0,0,0,0,0,0,0,0,0,0,0,0,0,18,0,,,,,0,,0, BET365, BET365 (0/1),,,452,1.0000,1,Yokohama Country Club (West Course),,,0.00,,,
 ,,,TOP 20,0,0,0,0,0,0,0,0,0,0,0,0,0,0,18,0,,,,,0,,0, BET365, BET365 (0/1),,,452,1.0000,1,Yokohama Country Club (West Course),,,0.00,,,
 ,,,TOP 20,0,0,0,0,0,0,0,0,0,0,0,0,0,0,18,0,,,,,0,,0, BET365, BET365 (0/1),,,452,1.0000,1,Yokohama Country Club (West Course),,,0.00,,,
 ,,,TOP 20,0,0,0,0,0,0,0,0,0,0,0,0,0,0,18,0,,,,,0,,0, BET365, BET365 (0/1),,,452,1.0000,1,Yokohama Country Club (West Course),,,0.00,,,
 ,,,TOP 20,0,0,0,0,0,0,0,0,0,0,0,0,0,0,18,0,,,,,0,,0, BET365, BET365 (0/1),,,452,1.0000,1,Yokohama Country Club (West Course),,,0.00,,,
 ,,,TOP 20,0,0,0,0,0,0,0,0,0,0,0,0,0,0,18,0,,,,,0,,0, BET365, BET365 (0/1),,,452,1.0000,1,Yokohama Country Club (West Course),,,0.00,,,
 ,,,TOP 20,0,0,0,0,0,0,0,0,0,0,0,0,0,0,18,0,,,,,0,,0, BET365, BET365 (0/1),,,452,1.0000,1,Yokohama Country Club (West Course),,,0.00,,,
 ,,,TOP 20,0,0,0,0,0,0,0,0,0,0,0,0,0,0,18,0,,,,,0,,0, BET365, BET365 (0/1),,,452,1.0000,1,Yokohama Country Club (West Course),,,0.00,,,
 ,,,TOP 20,0,0,0,0,0,0,0,0,0,0,0,0,0,0,18,0,,,,,0,,0, BET365, BET365 (0/1),,,452,1.0000,1,Yokohama Country Club (West Course),,,0.00,,,
 ,,,TOP 20,0,0,0,0,0,0,0,0,0,0,0,0,0,0,18,0,,,,,0,,0, BET365, BET365 (0/1),,,452,1.0000,1,Yokohama Country Club (West Course),,,0.00,,,
 ,,,TOP 20,0,0,0,0,0,0,0,0,0,0,0,0,0,0,18,0,,,,,0,,0, BET365, BET365 (0/1),,,452,1.0000,1,Yokohama Country Club (West Course),,,0.00,,,
 ,,,TOP 20,0,0,0,0,0,0,0,0,0,0,0,0,0,0,18,0,,,,,0,,0, BET365, BET365 (0/1),,,452,1.0000,1,Yokohama Country Club (West Course),,,0.00,,,
 ,,,TOP 20,0,0,0,0,0,0,0,0,0,0,0,0,0,0,18,0,,,,,0,,0, BET365, BET365 (0/1),,,452,1.0000,1,Yokohama Country Club (West Course),,,0.00,,,
 ,,,TOP 20,0,0,0,0,0,0,0,0,0,0,0,0,0,0,18,0,,,,,0,,0, BET365, BET365 (0/1),,,452,1.0000,1,Yokohama Country Club (West Course),,,0.00,,,
 ,,,TOP 20,0,0,0,0,0,0,0,0,0,0,0,0,0,0,18,0,,,,,0,,0, BET365, BET365 (0/1),,,452,1.0000,1,Yokohama Country Club (West Course),,,0.00,,,
 ,,,TOP 20,0,0,0,0,0,0,0,0,0,0,0,0,0,0,18,0,,,,,0,,0, BET365, BET365 (0/1),,,452,1.0000,1,Yokohama Country Club (West Course),,,0.00,,,
 ,,,TOP 20,0,0,0,0,0,0,0,0,0,0,0,0,0,0,18,0,,,,,0,,0, BET365, BET365 (0/1),,,452,1.0000,1,Yokohama Country Club (West Course),,,0.00,,,
 ,,,TOP 20,0,0,0,0,0,0,0,0,0,0,0,0,0,0,18,0,,,,,0,,0, BET365, BET365 (0/1),,,452,1.0000,1,Yokohama Country Club (West Course),,,0.00,,,
 ,,,TOP 20,0,0,0,0,0,0,0,0,0,0,0,0,0,0,18,0,,,,,0,,0, BET365, BET365 (0/1),,,452,1.0000,1,Yokohama Country Club (West Course),,,0.00,,,
 ,,,TOP 20,0,0,0,0,0,0,0,0,0,0,0,0,0,0,18,0,,,,,0,,0, BET365, BET365 (0/1),,,452,1.0000,1,Yokohama Country Club (West Course),,,0.00,,,
 ,,,TOP 20,0,0,0,0,0,0,0,0,0,0,0,0,0,0,18,0,,,,,0,,0, BET365, BET365 (0/1),,,452,1.0000,1,Yokohama Country Club (West Course),,,0.00,,,
 ,,,TOP 20,0,0,0,0,0,0,0,0,0,0,0,0,0,0,18,0,,,,,0,,0, BET365, BET365 (0/1),,,452,1.0000,1,Yokohama Country Club (West Course),,,0.00,,,
 ,,,TOP 20,0,0,0,0,0,0,0,0,0,0,0,0,0,0,18,0,,,,,0,,0, BET365, BET365 (0/1),,,452,1.0000,1,Yokohama Country Club (West Course),,,0.00,,,
 ,,,TOP 20,0,0,0,0,0,0,0,0,0,0,0,0,0,0,18,0,,,,,0,,0, BET365, BET365 (0/1),,,452,1.0000,1,Yokohama Country Club (West Course),,,0.00,,,
 ,,,TOP 20,0,0,0,0,0,0,0,0,0,0,0,0,0,0,18,0,,,,,0,,0, BET365, BET365 (0/1),,,452,1.0000,1,Yokohama Country Club (West Course),,,0.00,,,
 ,,,TOP 20,0,0,0,0,0,0,0,0,0,0,0,0,0,0,18,0,,,,,0,,0, BET365, BET365 (0/1),,,452,1.0000,1,Yokohama Country Club (West Course),,,0.00,,,
 ,,,TOP 20,0,0,0,0,0,0,0,0,0,0,0,0,0,0,18,0,,,,,0,,0, BET365, BET365 (0/1),,,452,1.0000,1,Yokohama Country Club (West Course),,,0.00,,,
 ,,,TOP 20,0,0,0,0,0,0,0,0,0,0,0,0,0,0,18,0,,,,,0,,0, BET365, BET365 (0/1),,,452,1.0000,1,Yokohama Country Club (West Course),,,0.00,,,
 ,,,TOP 20,0,0,0,0,0,0,0,0,0,0,0,0,0,0,18,0,,,,,0,,0, BET365, BET365 (0/1),,,452,1.0000,1,Yokohama Country Club (West Course),,,0.00,,,
 ,,,TOP 20,0,0,0,0,0,0,0,0,0,0,0,0,0,0,18,0,,,,,0,,0, BET365, BET365 (0/1),,,452,1.0000,1,Yokohama Country Club (West Course),,,0.00,,,
 ,,,TOP 20,0,0,0,0,0,0,0,0,0,0,0,0,0,0,18,0,,,,,0,,0, BET365, BET365 (0/1),,,452,1.0000,1,Yokohama Country Club (West Course),,,0.00,,,
 ,,,TOP 20,0,0,0,0,0,0,0,0,0,0,0,0,0,0,18,0,,,,,0,,0, BET365, BET365 (0/1),,,452,1.0000,1,Yokohama Country Club (West Course),,,0.00,,,
 ,,,TOP 20,0,0,0,0,0,0,0,0,0,0,0,0,0,0,18,0,,,,,0,,0, BET365, BET365 (0/1),,,452,1.0000,1,Yokohama Country Club (West Course),,,0.00,,,
 ,,,TOP 20,0,0,0,0,0,0,0,0,0,0,0,0,0,0,18,0,,,,,0,,0, BET365, BET365 (0/1),,,452,1.0000,1,Yokohama Country Club (West Course),,,0.00,,,
 ,,,TOP 20,0,0,0,0,0,0,0,0,0,0,0,0,0,0,18,0,,,,,0,,0, BET365, BET365 (0/1),,,452,1.0000,1,Yokohama Country Club (West Course),,,0.00,,,
 ,,,TOP 20,0,0,0,0,0,0,0,0,0,0,0,0,0,0,18,0,,,,,0,,0, BET365, BET365 (0/1),,,452,1.0000,1,Yokohama Country Club (West Course),,,0.00,,,
 ,,,TOP 20,0,0,0,0,0,0,0,0,0,0,0,0,0,0,18,0,,,,,0,,0, BET365, BET365 (0/1),,,452,1.0000,1,Yokohama Country Club (West Course),,,0.00,,,
 ,,,TOP 20,0,0,0,0,0,0,0,0,0,0,0,0,0,0,18,0,,,,,0,,0, BET365, BET365 (0/1),,,452,1.0000,1,Yokohama Country Club (West Course),,,0.00,,,
 ,,,TOP 20,0,0,0,0,0,0,0,0,0,0,0,0,0,0,18,0,,,,,0,,0, BET365, BET365 (0/1),,,452,1.0000,1,Yokohama Country Club (West Course),,,0.00,,,
 ,,,TOP 20,0,0,0,0,0,0,0,0,0,0,0,0,0,0,18,0,,,,,0,,0, BET365, BET365 (0/1),,,452,1.0000,1,Yokohama Country Club (West Course),,,0.00,,,
 ,,,TOP 20,0,0,0,0,0,0,0,0,0,0,0,0,0,0,18,0,,,,,0,,0, BET365, BET365 (0/1),,,452,1.0000,1,Yokohama Country Club (West Course),,,0.00,,,
 ,,,TOP 20,0,0,0,0,0,0,0,0,0,0,0,0,0,0,18,0,,,,,0,,0, BET365, BET365 (0/1),,,452,1.0000,1,Yokohama Country Club (West Course),,,0.00,,,
 ,,,TOP 20,0,0,0,0,0,0,0,0,0,0,0,0,0,0,18,0,,,,,0,,0, BET365, BET365 (0/1),,,452,1.0000,1,Yokohama Country Club (West Course),,,0.00,,,
 ,,,TOP 20,0,0,0,0,0,0,0,0,0,0,0,0,0,0,18,0,,,,,0,,0, BET365, BET365 (0/1),,,452,1.0000,1,Yokohama Country Club (West Course),,,0.00,,,
 ,,,TOP 20,0,0,0,0,0,0,0,0,0,0,0,0,0,0,18,0,,,,,0,,0, BET365, BET365 (0/1),,,452,1.0000,1,Yokohama Country Club (West Course),,,0.00,,,
 ,,,TOP 20,0,0,0,0,0,0,0,0,0,0,0,0,0,0,18,0,,,,,0,,0, BET365, BET365 (0/1),,,452,1.0000,1,Yokohama Country Club (West Course),,,0.00,,,
 ,,,TOP 20,0,0,0,0,0,0,0,0,0,0,0,0,0,0,18,0,,,,,0,,0, BET365, BET365 (0/1),,,452,1.0000,1,Yokohama Country Club (West Course),,,0.00,,,
 ,,,TOP 20,0,0,0,0,0,0,0,0,0,0,0,0,0,0,18,0,,,,,0,,0, BET365, BET365 (0/1),,,452,1.0000,1,Yokohama Country Club (West Course),,,0.00,,,
 ,,,TOP 20,0,0,0,0,0,0,0,0,0,0,0,0,0,0,18,0,,,,,0,,0, BET365, BET365 (0/1),,,452,1.0000,1,Yokohama Country Club (West Course),,,0.00,,,
 ,,,TOP 20,0,0,0,0,0,0,0,0,0,0,0,0,0,0,18,0,,,,,0,,0, BET365, BET365 (0/1),,,452,1.0000,1,Yokohama Country Club (West Course),,,0.00,,,
 ,,,TOP 20,0,0,0,0,0,0,0,0,0,0,0,0,0,0,18,0,,,,,0,,0, BET365, BET365 (0/1),,,452,1.0000,1,Yokohama Country Club (West Course),,,0.00,,,
 ,,,TOP 20,0,0,0,0,0,0,0,0,0,0,0,0,0,0,18,0,,,,,0,,0, BET365, BET365 (0/1),,,452,1.0000,1,Yokohama Country Club (West Course),,,0.00,,,
 ,,,TOP 20,0,0,0,0,0,0,0,0,0,0,0,0,0,0,18,0,,,,,0,,0, BET365, BET365 (0/1),,,452,1.0000,1,Yokohama Country Club (West Course),,,0.00,,,
 ,,,TOP 20,0,0,0,0,0,0,0,0,0,0,0,0,0,0,18,0,,,,,0,,0, BET365, BET365 (0/1),,,452,1.0000,1,Yokohama Country Club (West Course),,,0.00,,,
 ,,,TOP 20,0,0,0,0,0,0,0,0,0,0,0,0,0,0,18,0,,,,,0,,0, BET365, BET365 (0/1),,,452,1.0000,1,Yokohama Country Club (West Course),,,0.00,,,
 ,,,TOP 20,0,0,0,0,0,0,0,0,0,0,0,0,0,0,18,0,,,,,0,,0, BET365, BET365 (0/1),,,452,1.0000,1,Yokohama Country Club (West Course),,,0.00,,,
 ,,,TOP 20,0,0,0,0,0,0,0,0,0,0,0,0,0,0,18,0,,,,,0,,0, BET365, BET365 (0/1),,,452,1.0000,1,Yokohama Country Club (West Course),,,0.00,,,
 ,,,TOP 20,0,0,0,0,0,0,0,0,0,0,0,0,0,0,18,0,,,,,0,,0, BET365, BET365 (0/1),,,452,1.0000,1,Yokohama Country Club (West Course),,,0.00,,,
 ,,,TOP 20,0,0,0,0,0,0,0,0,0,0,0,0,0,0,18,0,,,,,0,,0, BET365, BET365 (0/1),,,452,1.0000,1,Yokohama Country Club (West Course),,,0.00,,,
 ,,,TOP 20,0,0,0,0,0,0,0,0,0,0,0,0,0,0,18,0,,,,,0,,0, BET365, BET365 (0/1),,,452,1.0000,1,Yokohama Country Club (West Course),,,0.00,,,
 ,,,TOP 20,0,0,0,0,0,0,0,0,0,0,0,0,0,0,18,0,,,,,0,,0, BET365, BET365 (0/1),,,452,1.0000,1,Yokohama Country Club (West Course),,,0.00,,,
 ,,,TOP 20,0,0,0,0,0,0,0,0,0,0,0,0,0,0,18,0,,,,,0,,0, BET365, BET365 (0/1),,,452,1.0000,1,Yokohama Country Club (West Course),,,0.00,,,
 ,,,TOP 20,0,0,0,0,0,0,0,0,0,0,0,0,0,0,18,0,,,,,0,,0, BET365, BET365 (0/1),,,452,1.0000,1,Yokohama Country Club (West Course),,,0.00,,,
 ,,,TOP 20,0,0,0,0,0,0,0,0,0,0,0,0,0,0,18,0,,,,,0,,0, BET365, BET365 (0/1),,,452,1.0000,1,Yokohama Country Club (West Course),,,0.00,,,
 ,,,TOP 20,0,0,0,0,0,0,0,0,0,0,0,0,0,0,18,0,,,,,0,,0, BET365, BET365 (0/1),,,452,1.0000,1,Yokohama Country Club (West Course),,,0.00,,,
 ,,,TOP 20,,,,,,,,,,,,,,,,,,,,,0,,0,, (0/1),,,452,1.0000,1,Yokohama Country Club (West Course),,,0.00,,,
 ,,,TOP 20,,,,,,,,,,,,,,,,,,,,,0,,0,, (0/1),,,452,1.0000,1,Yokohama Country Club (West Course),,,0.00,,,
 ,,,TOP 20,,,,,,,,,,,,,,,,,,,,,0,,0,, (0/1),,,452,1.0000,1,Yokohama Country Club (West Course),,,0.00,,,
 ,,,TOP 20,,,,,,,,,,,,,,,,,,,,,0,,0,, (0/1),,,452,1.0000,1,Yokohama Country Club (West Course),,,0.00,,,
Jacob Bridgeman,Late,2026-10-09 10:35,MADE CUT,,,,,,,,,,,,,,,,,0.947368421,1,3,1.0000,0,,0.00,, (0/1),,,269,0.0000,1,Yokohama Country Club (West Course),,,,,,"https://pga-tour-res.cloudinary.com/image/upload/c_fill,d_headshots_default.png,dpr_2.0,f_auto,g_face:center,h_350,q_auto,w_280/headshots_60004.png"
Jordan Smith,Early,2026-10-09 09:07,MADE CUT,,,,,,,,,,,,,,,,,,,,1.0000,0,,0.00,, (0/1),,,269,0.0000,1,Yokohama Country Club (West Course),,,,,,
Collin Morikawa,Late,2026-10-09 10:35,MADE CUT,,,,,,,,,,,,,,,,,0.894736842,4,11,1.0000,0,,0.00,, (0/1),,,269,0.0000,1,Yokohama Country Club (West Course),,,,,,"https://pga-tour-res.cloudinary.com/image/upload/c_fill,d_headshots_default.png,dpr_2.0,f_auto,g_face:center,h_350,q_auto,w_280/headshots_50525.png"
Max Homa,Early,2026-10-09 09:07,MADE CUT,,,,,,,,,,,,,,,,,0.8,10,27,1.0000,0,,0.00,, (0/1),,,269,0.0000,1,Yokohama Country Club (West Course),,,,,,"https://pga-tour-res.cloudinary.com/image/upload/c_fill,d_headshots_default.png,dpr_2.0,f_auto,g_face:center,h_350,q_auto,w_280/headshots_39977.png"
Hideki Matsuyama,Early,2026-10-09 09:29,MADE CUT,,,,,,,,,,,,,,,,,0.947368421,3,2,1.0000,0,,0.00,, (0/1),,,269,0.0000,1,Yokohama Country Club (West Course),,,,,,"https://pga-tour-res.cloudinary.com/image/upload/c_fill,d_headshots_default.png,dpr_2.0,f_auto,g_face:center,h_350,q_auto,w_280/headshots_32839.png"
Michael Thorbjornsen,Late,2026-10-09 10:13,MADE CUT,,,,,,,,,,,,,,,,,0.75,6,29,1.0000,0,,0.00,, (0/1),,,269,0.0000,1,Yokohama Country Club (West Course),,,,,,"https://pga-tour-res.cloudinary.com/image/upload/c_fill,d_headshots_default.png,dpr_2.0,f_auto,g_face:center,h_350,q_auto,w_280/headshots_57364.png"
Min Woo Lee,Late,2026-10-09 10:24,MADE CUT,,,,,,,,,,,,,,,,,0.894736842,9,12,1.0000,0,,0.00,, (0/1),,,269,0.0000,1,Yokohama Country Club (West Course),,,,,,"https://pga-tour-res.cloudinary.com/image/upload/c_fill,d_headshots_default.png,dpr_2.0,f_auto,g_face:center,h_350,q_auto,w_280/headshots_37378.png"
Mac Meissner,Late,2026-10-09 10:02,MADE CUT,,,,,,,,,,,,,,,,,0.75,14,35,1.0000,0,,0.00,, (0/1),,,269,0.0000,1,Yokohama Country Club (West Course),,,,,,"https://pga-tour-res.cloudinary.com/image/upload/c_fill,d_headshots_default.png,dpr_2.0,f_auto,g_face:center,h_350,q_auto,w_280/headshots_59143.png"
Ricky Castillo,Late,2026-10-09 10:13,MADE CUT,,,,,,,,,,,,,,,,,0.947368421,13,8,1.0000,0,,0.00,, (0/1),,,269,0.0000,1,Yokohama Country Club (West Course),,,,,,"https://pga-tour-res.cloudinary.com/image/upload/c_fill,d_headshots_default.png,dpr_2.0,f_auto,g_face:center,h_350,q_auto,w_280/headshots_59440.png"
Ryan Gerard,Early,2026-10-09 09:18,MADE CUT,,,,,,,,,,,,,,,,,0.833333333,8,20,1.0000,0,,0.00,, (0/1),,,269,0.0000,1,Yokohama Country Club (West Course),,,,,,"https://pga-tour-res.cloudinary.com/image/upload/c_fill,d_headshots_default.png,dpr_2.0,f_auto,g_face:center,h_350,q_auto,w_280/headshots_59018.png"
Pierceson Coody,Early,2026-10-09 09:51,MADE CUT,,,,,,,,,,,,,,,,,0.7,16,43,1.0000,0,,0.00,, (0/1),,,269,0.0000,1,Yokohama Country Club (West Course),,,,,,"https://pga-tour-res.cloudinary.com/image/upload/c_fill,d_headshots_default.png,dpr_2.0,f_auto,g_face:center,h_350,q_auto,w_280/headshots_59836.png"
Keith Mitchell,Early,2026-10-09 09:51,MADE CUT,,,,,,,,,,,,,,,,,0.85,11,17,1.0000,0,,0.00,, (0/1),,,269,0.0000,1,Yokohama Country Club (West Course),,,,,,"https://pga-tour-res.cloudinary.com/image/upload/c_fill,d_headshots_default.png,dpr_2.0,f_auto,g_face:center,h_350,q_auto,w_280/headshots_39546.png"
Kristoffer Ventura,Late,2026-10-09 10:02,MADE CUT,,,,,,,,,,,,,,,,,,,,1.0000,0,,0.00,, (0/1),,,269,0.0000,1,Yokohama Country Club (West Course),,,,,,
Ryo Hisatsune,Early,2026-10-09 08:56,MADE CUT,,,,,,,,,,,,,,,,,0.9,20,14,1.0000,0,,0.00,, (0/1),,,269,0.0000,1,Yokohama Country Club (West Course),,,,,,"https://pga-tour-res.cloudinary.com/image/upload/c_fill,d_headshots_default.png,dpr_2.0,f_auto,g_face:center,h_350,q_auto,w_280/headshots_51287.png"
Xander Schauffele,Late,2026-10-09 10:35,MADE CUT,,,,,,,,,,,,,,,,,0.894736842,2,10,1.0000,0,,0.00,, (0/1),,,269,0.0000,1,Yokohama Country Club (West Course),,,,,,"https://pga-tour-res.cloudinary.com/image/upload/c_fill,d_headshots_default.png,dpr_2.0,f_auto,g_face:center,h_350,q_auto,w_280/headshots_48081.png"
Justin Thomas,Early,2026-10-09 09:18,MADE CUT,,,,,,,,,,,,,,,,,0.947368421,15,4,1.0000,0,,0.00,, (0/1),,,269,0.0000,1,Yokohama Country Club (West Course),,,,,,"https://pga-tour-res.cloudinary.com/image/upload/c_fill,d_headshots_default.png,dpr_2.0,f_auto,g_face:center,h_350,q_auto,w_280/headshots_33448.png"
Doug Ghim,Early,2026-10-09 09:40,MADE CUT,,,,,,,,,,,,,,,,,0.85,5,15,1.0000,0,,0.00,, (0/1),,,269,0.0000,1,Yokohama Country Club (West Course),,,,,,"https://pga-tour-res.cloudinary.com/image/upload/c_fill,d_headshots_default.png,dpr_2.0,f_auto,g_face:center,h_350,q_auto,w_280/headshots_52375.png"
Michael Brennan,Late,2026-10-09 10:13,MADE CUT,,,,,,,,,,,,,,,,,0.8,12,24,1.0000,0,,0.00,, (0/1),,,269,0.0000,1,Yokohama Country Club (West Course),,,,,,"https://pga-tour-res.cloudinary.com/image/upload/c_fill,d_headshots_default.png,dpr_2.0,f_auto,g_face:center,h_350,q_auto,w_280/headshots_58611.png"
Johnny Keefer,Early,2026-10-09 08:45,MADE CUT,,,,,,,,,,,,,,,,,0.6,21,51,1.0000,0,,0.00,, (0/1),,,269,0.0000,1,Yokohama Country Club (West Course),,,,,,"https://pga-tour-res.cloudinary.com/image/upload/c_fill,d_headshots_default.png,dpr_2.0,f_auto,g_face:center,h_350,q_auto,w_280/headshots_63454.png"
Adam Scott,Early,2026-10-09 09:18,MADE CUT,,,,,,,,,,,,,,,,,0.894736842,19,13,1.0000,0,,0.00,, (0/1),,,269,0.0000,1,Yokohama Country Club (West Course),,,,,,"https://pga-tour-res.cloudinary.com/image/upload/c_fill,d_headshots_default.png,dpr_2.0,f_auto,g_face:center,h_350,q_auto,w_280/headshots_24502.png"
Wyndham Clark,Early,2026-10-09 09:18,MADE CUT,,,,,,,,,,,,,,,,,0.736842105,18,31,1.0000,0,,0.00,, (0/1),,,269,0.0000,1,Yokohama Country Club (West Course),,,,,,"https://pga-tour-res.cloudinary.com/image/upload/c_fill,d_headshots_default.png,dpr_2.0,f_auto,g_face:center,h_350,q_auto,w_280/headshots_51766.png"
Sungjae Im,Late,2026-10-09 10:24,MADE CUT,,,,,,,,,,,,,,,,,0.8,23,25,1.0000,0,,0.00,, (0/1),,,269,0.0000,1,Yokohama Country Club (West Course),,,,,,"https://pga-tour-res.cloudinary.com/image/upload/c_fill,d_headshots_default.png,dpr_2.0,f_auto,g_face:center,h_350,q_auto,w_280/headshots_39971.png"
David Lipsky,Early,2026-10-09 09:40,MADE CUT,,,,,,,,,,,,,,,,,0.55,33,58,1.0000,0,,0.00,, (0/1),,,269,0.0000,1,Yokohama Country Club (West Course),,,,,,"https://pga-tour-res.cloudinary.com/image/upload/c_fill,d_headshots_default.png,dpr_2.0,f_auto,g_face:center,h_350,q_auto,w_280/headshots_36326.png"
Michael Kim,Early,2026-10-09 09:51,MADE CUT,,,,,,,,,,,,,,,,,0.8,26,26,1.0000,0,,0.00,, (0/1),,,269,0.0000,1,Yokohama Country Club (West Course),,,,,,"https://pga-tour-res.cloudinary.com/image/upload/c_fill,d_headshots_default.png,dpr_2.0,f_auto,g_face:center,h_350,q_auto,w_280/headshots_39975.png"
Andrew Putnam,Early,2026-10-09 09:40,MADE CUT,,,,,,,,,,,,,,,,,0.75,32,37,1.0000,0,,0.00,, (0/1),,,269,0.0000,1,Yokohama Country Club (West Course),,,,,,"https://pga-tour-res.cloudinary.com/image/upload/c_fill,d_headshots_default.png,dpr_2.0,f_auto,g_face:center,h_350,q_auto,w_280/headshots_34256.png"
Nico Echavarria,Late,2026-10-09 10:24,MADE CUT,,,,,,,,,,,,,,,,,,,,1.0000,0,,0.00,, (0/1),,,269,0.0000,1,Yokohama Country Club (West Course),,,,,,
Keita Nakajima,Late,2026-10-09 10:02,MADE CUT,,,,,,,,,,,,,,,,,0.6,27,52,1.0000,0,,0.00,, (0/1),,,269,0.0000,1,Yokohama Country Club (West Course),,,,,,"https://pga-tour-res.cloudinary.com/image/upload/c_fill,d_headshots_default.png,dpr_2.0,f_auto,g_face:center,h_350,q_auto,w_280/headshots_49228.png"
Christiaan Bezuidenhout,Early,2026-10-09 08:45,MADE CUT,,,,,,,,,,,,,,,,,0.85,24,21,1.0000,0,,0.00,, (0/1),,,269,0.0000,1,Yokohama Country Club (West Course),,,,,,"https://pga-tour-res.cloudinary.com/image/upload/c_fill,d_headshots_default.png,dpr_2.0,f_auto,g_face:center,h_350,q_auto,w_280/headshots_45522.png"
Zach Bauchou,Early,2026-10-09 09:40,MADE CUT,,,,,,,,,,,,,,,,,,,,1.0000,0,,0.00,, (0/1),,,269,0.0000,1,Yokohama Country Club (West Course),,,,,,
Brian Harman,Early,2026-10-09 09:29,MADE CUT,,,,,,,,,,,,,,,,,0.85,36,22,1.0000,0,,0.00,, (0/1),,,269,0.0000,1,Yokohama Country Club (West Course),,,,,,"https://pga-tour-res.cloudinary.com/image/upload/c_fill,d_headshots_default.png,dpr_2.0,f_auto,g_face:center,h_350,q_auto,w_280/headshots_27644.png"
Matt Wallace,Late,2026-10-09 10:46,MADE CUT,,,,,,,,,,,,,,,,,0.7,29,38,1.0000,0,,0.00,, (0/1),,,269,0.0000,1,Yokohama Country Club (West Course),,,,,,"https://pga-tour-res.cloudinary.com/image/upload/c_fill,d_headshots_default.png,dpr_2.0,f_auto,g_face:center,h_350,q_auto,w_280/headshots_48887.png"
Kurt Kitayama,Early,2026-10-09 09:07,MADE CUT,,,,,,,,,,,,,,,,,0.947368421,25,5,1.0000,0,,0.00,, (0/1),,,269,0.0000,1,Yokohama Country Club (West Course),,,,,,"https://pga-tour-res.cloudinary.com/image/upload/c_fill,d_headshots_default.png,dpr_2.0,f_auto,g_face:center,h_350,q_auto,w_280/headshots_48117.png"
John Parry,Late,2026-10-09 10:46,MADE CUT,,,,,,,,,,,,,,,,,0.789473684,37,28,1.0000,0,,0.00,, (0/1),,,269,0.0000,1,Yokohama Country Club (West Course),,,,,,"https://pga-tour-res.cloudinary.com/image/upload/c_fill,d_headshots_default.png,dpr_2.0,f_auto,g_face:center,h_350,q_auto,w_280/headshots_28723.png"
Lee Hodges,Early,2026-10-09 09:40,MADE CUT,,,,,,,,,,,,,,,,,0.65,42,47,1.0000,0,,0.00,, (0/1),,,269,0.0000,1,Yokohama Country Club (West Course),,,,,,"https://pga-tour-res.cloudinary.com/image/upload/c_fill,d_headshots_default.png,dpr_2.0,f_auto,g_face:center,h_350,q_auto,w_280/headshots_54628.png"
Stephan Jaeger,Late,2026-10-09 10:13,MADE CUT,,,,,,,,,,,,,,,,,0.7,44,41,1.0000,0,,0.00,, (0/1),,,269,0.0000,1,Yokohama Country Club (West Course),,,,,,"https://pga-tour-res.cloudinary.com/image/upload/c_fill,d_headshots_default.png,dpr_2.0,f_auto,g_face:center,h_350,q_auto,w_280/headshots_36799.png"
Max Greyserman,Late,2026-10-09 10:02,MADE CUT,,,,,,,,,,,,,,,,,0.6,34,53,1.0000,0,,0.00,, (0/1),,,269,0.0000,1,Yokohama Country Club (West Course),,,,,,"https://pga-tour-res.cloudinary.com/image/upload/c_fill,d_headshots_default.png,dpr_2.0,f_auto,g_face:center,h_350,q_auto,w_280/headshots_51977.png"
Hiroshi Iwata,Early,2026-10-09 08:45,MADE CUT,,,,,,,,,,,,,,,,,0.3,57,61,1.0000,0,,0.00,, (0/1),,,269,0.0000,1,Yokohama Country Club (West Course),,,,,,"https://pga-tour-res.cloudinary.com/image/upload/c_fill,d_headshots_default.png,dpr_2.0,f_auto,g_face:center,h_350,q_auto,w_280/headshots_27747.png"
Denny McCarthy,Late,2026-10-09 10:02,MADE CUT,,,,,,,,,,,,,,,,,0.75,43,36,1.0000,0,,0.00,, (0/1),,,269,0.0000,1,Yokohama Country Club (West Course),,,,,,"https://pga-tour-res.cloudinary.com/image/upload/c_fill,d_headshots_default.png,dpr_2.0,f_auto,g_face:center,h_350,q_auto,w_280/headshots_47993.png"
Kevin Roy,Early,2026-10-09 08:45,MADE CUT,,,,,,,,,,,,,,,,,0.7,40,39,1.0000,0,,0.00,, (0/1),,,269,0.0000,1,Yokohama Country Club (West Course),,,,,,"https://pga-tour-res.cloudinary.com/image/upload/c_fill,d_headshots_default.png,dpr_2.0,f_auto,g_face:center,h_350,q_auto,w_280/headshots_39335.png"
Maverick McNealy,Late,2026-10-09 10:24,MADE CUT,,,,,,,,,,,,,,,,,0.95,28,6,1.0000,0,,0.00,, (0/1),,,269,0.0000,1,Yokohama Country Club (West Course),,,,,,"https://pga-tour-res.cloudinary.com/image/upload/c_fill,d_headshots_default.png,dpr_2.0,f_auto,g_face:center,h_350,q_auto,w_280/headshots_46442.png"
Alex Smalley,Late,2026-10-09 10:24,MADE CUT,,,,,,,,,,,,,,,,,0.842105263,17,18,1.0000,0,,0.00,, (0/1),,,269,0.0000,1,Yokohama Country Club (West Course),,,,,,"https://pga-tour-res.cloudinary.com/image/upload/c_fill,d_headshots_default.png,dpr_2.0,f_auto,g_face:center,h_350,q_auto,w_280/headshots_46340.png"
Beau Hossler,Early,2026-10-09 09:51,MADE CUT,,,,,,,,,,,,,,,,,0.65,41,46,1.0000,0,,0.00,, (0/1),,,269,0.0000,1,Yokohama Country Club (West Course),,,,,,"https://pga-tour-res.cloudinary.com/image/upload/c_fill,d_headshots_default.png,dpr_2.0,f_auto,g_face:center,h_350,q_auto,w_280/headshots_35461.png"
Keegan Bradley,Early,2026-10-09 09:29,MADE CUT,,,,,,,,,,,,,,,,,0.85,38,19,1.0000,0,,0.00,, (0/1),,,269,0.0000,1,Yokohama Country Club (West Course),,,,,,"https://pga-tour-res.cloudinary.com/image/upload/c_fill,d_headshots_default.png,dpr_2.0,f_auto,g_face:center,h_350,q_auto,w_280/headshots_33141.png"
Matt McCarty,Late,2026-10-09 10:13,MADE CUT,,,,,,,,,,,,,,,,,0.75,50,1,1.0000,0,,0.00,, (0/1),,,269,0.0000,1,Yokohama Country Club (West Course),,,,,,"https://pga-tour-res.cloudinary.com/image/upload/c_fill,d_headshots_default.png,dpr_2.0,f_auto,g_face:center,h_350,q_auto,w_280/headshots_59141.png"
Takumi Kanaya,Late,2026-10-09 10:46,MADE CUT,,,,,,,,,,,,,,,,,0.6,46,55,1.0000,0,,0.00,, (0/1),,,269,0.0000,1,Yokohama Country Club (West Course),,,,,,"https://pga-tour-res.cloudinary.com/image/upload/c_fill,d_headshots_default.png,dpr_2.0,f_auto,g_face:center,h_350,q_auto,w_280/headshots_47917.png"
Jackson Suber,Late,2026-10-09 10:46,MADE CUT,,,,,,,,,,,,,,,,,0.684210526,39,42,1.0000,0,,0.00,, (0/1),,,269,0.0000,1,Yokohama Country Club (West Course),,,,,,"https://pga-tour-res.cloudinary.com/image/upload/c_fill,d_headshots_default.png,dpr_2.0,f_auto,g_face:center,h_350,q_auto,w_280/headshots_60019.png"
Chandler Phillips,Early,2026-10-09 08:56,MADE CUT,,,,,,,,,,,,,,,,,0.65,56,50,1.0000,0,,0.00,, (0/1),,,269,0.0000,1,Yokohama Country Club (West Course),,,,,,"https://pga-tour-res.cloudinary.com/image/upload/c_fill,d_headshots_default.png,dpr_2.0,f_auto,g_face:center,h_350,q_auto,w_280/headshots_57900.png"
Jordan Spieth,Late,2026-10-09 10:24,MADE CUT,,,,,,,,,,,,,,,,,0.95,45,7,1.0000,0,,0.00,, (0/1),,,269,0.0000,1,Yokohama Country Club (West Course),,,,,,"https://pga-tour-res.cloudinary.com/image/upload/c_fill,d_headshots_default.png,dpr_2.0,f_auto,g_face:center,h_350,q_auto,w_280/headshots_34046.png"
Ren Yonezawa,Early,2026-10-09 09:51,MADE CUT,,,,,,,,,,,,,,,,,0.6,55,56,1.0000,0,,0.00,, (0/1),,,269,0.0000,1,Yokohama Country Club (West Course),,,,,,"https://pga-tour-res.cloudinary.com/image/upload/c_fill,d_headshots_default.png,dpr_2.0,f_auto,g_face:center,h_350,q_auto,w_280/headshots_56100.png"
Ben Kohles,Early,2026-10-09 09:51,MADE CUT,,,,,,,,,,,,,,,,,0.85,22,16,1.0000,0,,0.00,, (0/1),,,269,0.0000,1,Yokohama Country Club (West Course),,,,,,"https://pga-tour-res.cloudinary.com/image/upload/c_fill,d_headshots_default.png,dpr_2.0,f_auto,g_face:center,h_350,q_auto,w_280/headshots_36884.png"
Billy Horschel,Late,2026-10-09 10:13,MADE CUT,,,,,,,,,,,,,,,,,0.6,51,54,1.0000,0,,0.00,, (0/1),,,269,0.0000,1,Yokohama Country Club (West Course),,,,,,"https://pga-tour-res.cloudinary.com/image/upload/c_fill,d_headshots_default.png,dpr_2.0,f_auto,g_face:center,h_350,q_auto,w_280/headshots_29420.png"
Tony Finau,Early,2026-10-09 09:18,MADE CUT,,,,,,,,,,,,,,,,,0.684210526,61,45,1.0000,0,,0.00,, (0/1),,,269,0.0000,1,Yokohama Country Club (West Course),,,,,,"https://pga-tour-res.cloudinary.com/image/upload/c_fill,d_headshots_default.png,dpr_2.0,f_auto,g_face:center,h_350,q_auto,w_280/headshots_29725.png"
Davis Thompson,Early,2026-10-09 09:29,MADE CUT,,,,,,,,,,,,,,,,,0.75,47,33,1.0000,0,,0.00,, (0/1),,,269,0.0000,1,Yokohama Country Club (West Course),,,,,,"https://pga-tour-res.cloudinary.com/image/upload/c_fill,d_headshots_default.png,dpr_2.0,f_auto,g_face:center,h_350,q_auto,w_280/headshots_58168.png"
Taylor Moore,Early,2026-10-09 08:56,MADE CUT,,,,,,,,,,,,,,,,,0.65,59,49,1.0000,0,,0.00,, (0/1),,,269,0.0000,1,Yokohama Country Club (West Course),,,,,,"https://pga-tour-res.cloudinary.com/image/upload/c_fill,d_headshots_default.png,dpr_2.0,f_auto,g_face:center,h_350,q_auto,w_280/headshots_49947.png"
Nick Taylor,Late,2026-10-09 10:35,MADE CUT,,,,,,,,,,,,,,,,,0.85,53,23,1.0000,0,,0.00,, (0/1),,,269,0.0000,1,Yokohama Country Club (West Course),,,,,,"https://pga-tour-res.cloudinary.com/image/upload/c_fill,d_headshots_default.png,dpr_2.0,f_auto,g_face:center,h_350,q_auto,w_280/headshots_25493.png"
Kevin Yu,Early,2026-10-09 09:18,MADE CUT,,,,,,,,,,,,,,,,,0.736842105,31,34,1.0000,0,,0.00,, (0/1),,,269,0.0000,1,Yokohama Country Club (West Course),,,,,,"https://pga-tour-res.cloudinary.com/image/upload/c_fill,d_headshots_default.png,dpr_2.0,f_auto,g_face:center,h_350,q_auto,w_280/headshots_45242.png"
Rickie Fowler,Early,2026-10-09 09:29,MADE CUT,,,,,,,,,,,,,,,,,0.75,35,30,1.0000,0,,0.00,, (0/1),,,269,0.0000,1,Yokohama Country Club (West Course),,,,,,"https://pga-tour-res.cloudinary.com/image/upload/c_fill,d_headshots_default.png,dpr_2.0,f_auto,g_face:center,h_350,q_auto,w_280/headshots_32102.png"
Steven Fisk,Early,2026-10-09 09:07,MADE CUT,,,,,,,,,,,,,,,,,0.7,52,40,1.0000,0,,0.00,, (0/1),,,269,0.0000,1,Yokohama Country Club (West Course),,,,,,"https://pga-tour-res.cloudinary.com/image/upload/c_fill,d_headshots_default.png,dpr_2.0,f_auto,g_face:center,h_350,q_auto,w_280/headshots_57123.png"
Kosuke Sunagawa,Late,2026-10-09 10:46,MADE CUT,,,,,,,,,,,,,,,,,0,63,67,1.0000,0,,0.00,, (0/1),,,269,0.0000,1,Yokohama Country Club (West Course),,,,,,https://www.freeiconspng.com/uploads/--tie-user-users-work-worker-working-icon--icon-search-engine-6.png
Yusaku Hosono,Early,2026-10-09 08:56,MADE CUT,,,,,,,,,,,,,,,,,,68,63,1.0000,0,,0.00,, (0/1),,,269,0.0000,1,Yokohama Country Club (West Course),,,,,,"https://pga-tour-res.cloudinary.com/image/upload/c_fill,d_headshots_default.png,dpr_2.0,f_auto,g_face:center,h_350,q_auto,w_280/headshots_56165.png"
Tomohiro Ishizaka,Early,2026-10-09 09:07,MADE CUT,,,,,,,,,,,,,,,,,0,69,66,1.0000,0,,0.00,, (0/1),,,269,0.0000,1,Yokohama Country Club (West Course),,,,,,https://www.freeiconspng.com/uploads/--tie-user-users-work-worker-working-icon--icon-search-engine-6.png
Taylor Pendrith,Late,2026-10-09 10:35,MADE CUT,,,,,,,,,,,,,,,,,0.65,60,48,1.0000,0,,0.00,, (0/1),,,269,0.0000,1,Yokohama Country Club (West Course),,,,,,"https://pga-tour-res.cloudinary.com/image/upload/c_fill,d_headshots_default.png,dpr_2.0,f_auto,g_face:center,h_350,q_auto,w_280/headshots_40250.png"
Rasmus Neergaard-Petersen,Early,2026-10-09 08:45,MADE CUT,,,,,,,,,,,,,,,,,0.75,58,32,1.0000,0,,0.00,, (0/1),,,269,0.0000,1,Yokohama Country Club (West Course),,,,,,"https://pga-tour-res.cloudinary.com/image/upload/c_fill,d_headshots_default.png,dpr_2.0,f_auto,g_face:center,h_350,q_auto,w_280/headshots_52689.png"
Sahith Theegala,Early,2026-10-09 09:07,MADE CUT,,,,,,,,,,,,,,,,,0.95,54,9,1.0000,0,,0.00,, (0/1),,,269,0.0000,1,Yokohama Country Club (West Course),,,,,,"https://pga-tour-res.cloudinary.com/image/upload/c_fill,d_headshots_default.png,dpr_2.0,f_auto,g_face:center,h_350,q_auto,w_280/headshots_51634.png"
Sang-hee Lee,Late,2026-10-09 10:02,MADE CUT,,,,,,,,,,,,,,,,,0,67,64,1.0000,0,,0.00,, (0/1),,,269,0.0000,1,Yokohama Country Club (West Course),,,,,,"https://pga-tour-res.cloudinary.com/image/upload/c_fill,d_headshots_default.png,dpr_2.0,f_auto,g_face:center,h_350,q_auto,w_280/headshots_33232.png"
Patrick Rodgers,Early,2026-10-09 08:56,MADE CUT,,,,,,,,,,,,,,,,,0.7,64,44,1.0000,0,,0.00,, (0/1),,,269,0.0000,1,Yokohama Country Club (West Course),,,,,,"https://pga-tour-res.cloudinary.com/image/upload/c_fill,d_headshots_default.png,dpr_2.0,f_auto,g_face:center,h_350,q_auto,w_280/headshots_36699.png"
Koshin Nagasaki,Early,2026-10-09 09:40,MADE CUT,,,,,,,,,,,,,,,,,0,72,65,1.0000,0,,0.00,, (0/1),,,269,0.0000,1,Yokohama Country Club (West Course),,,,,,https://www.freeiconspng.com/uploads/--tie-user-users-work-worker-working-icon--icon-search-engine-6.png
Yoshinori Fujimoto,Early,2026-10-09 08:45,MADE CUT,,,,,,,,,,,,,,,,,,71,68,1.0000,0,,0.00,, (0/1),,,269,0.0000,1,Yokohama Country Club (West Course),,,,,,https://www.freeiconspng.com/uploads/--tie-user-users-work-worker-working-icon--icon-search-engine-6.png
Aguri Iwasaki,Early,2026-10-09 08:56,MADE CUT,,,,,,,,,,,,,,,,,0.235294118,70,62,1.0000,0,,0.00,, (0/1),,,269,0.0000,1,Yokohama Country Club (West Course),,,,,,https://www.freeiconspng.com/uploads/--tie-user-users-work-worker-working-icon--icon-search-engine-6.png
Jinichiro Kozuma,Late,2026-10-09 10:46,MADE CUT,,,,,,,,,,,,,,,,,0.428571429,66,60,1.0000,0,,0.00,, (0/1),,,269,0.0000,1,Yokohama Country Club (West Course),,,,,,"https://pga-tour-res.cloudinary.com/image/upload/c_fill,d_headshots_default.png,dpr_2.0,f_auto,g_face:center,h_350,q_auto,w_280/headshots_33689.png"
Aldrich Potgieter,Late,2026-10-09 10:35,MADE CUT,,,,,,,,,,,,,,,,,0.55,62,57,1.0000,0,,0.00,, (0/1),,,269,0.0000,1,Yokohama Country Club (West Course),,,,,,"https://pga-tour-res.cloudinary.com/image/upload/c_fill,d_headshots_default.png,dpr_2.0,f_auto,g_face:center,h_350,q_auto,w_280/headshots_63343.png"
Tom Hoge,Early,2026-10-09 09:29,MADE CUT,,,,,,,,,,,,,,,,,0.5,65,59,1.0000,0,,0.00,, (0/1),,,269,0.0000,1,Yokohama Country Club (West Course),,,,,,"https://pga-tour-res.cloudinary.com/image/upload/c_fill,d_headshots_default.png,dpr_2.0,f_auto,g_face:center,h_350,q_auto,w_280/headshots_35532.png"
 ,,,MADE CUT,0.00,0.00,0.00,0.00,0.00,0.00,0.00,0.00,0.00,0.00,0.00,0.00,0.00,0.00,,,,,,1.0000,0,,0.00, BET365, BET365 (0/1),,,269,0.0000,1,Yokohama Country Club (West Course),,,,,,
 ,,,MADE CUT,0.00,0.00,0.00,0.00,0.00,0.00,0.00,0.00,0.00,0.00,0.00,0.00,0.00,0.00,,,,,,1.0000,0,,0.00, BET365, BET365 (0/1),,,269,0.0000,1,Yokohama Country Club (West Course),,,,,,
 ,,,MADE CUT,0.00,0.00,0.00,0.00,0.00,0.00,0.00,0.00,0.00,0.00,0.00,0.00,0.00,0.00,,,,,,1.0000,0,,0.00, BET365, BET365 (0/1),,,269,0.0000,1,Yokohama Country Club (West Course),,,,,,
 ,,,MADE CUT,0.00,0.00,0.00,0.00,0.00,0.00,0.00,0.00,0.00,0.00,0.00,0.00,0.00,0.00,,,,,,1.0000,0,,0.00, BET365, BET365 (0/1),,,269,0.0000,1,Yokohama Country Club (West Course),,,,,,
 ,,,MADE CUT,0.00,0.00,0.00,0.00,0.00,0.00,0.00,0.00,0.00,0.00,0.00,0.00,0.00,0.00,,,,,,1.0000,0,,0.00, BET365, BET365 (0/1),,,269,0.0000,1,Yokohama Country Club (West Course),,,,,,
 ,,,MADE CUT,0.00,0.00,0.00,0.00,0.00,0.00,0.00,0.00,0.00,0.00,0.00,0.00,0.00,0.00,,,,,,1.0000,0,,0.00, BET365, BET365 (0/1),,,269,0.0000,1,Yokohama Country Club (West Course),,,,,,
 ,,,MADE CUT,0.00,0.00,0.00,0.00,0.00,0.00,0.00,0.00,0.00,0.00,0.00,0.00,0.00,0.00,,,,,,1.0000,0,,0.00, BET365, BET365 (0/1),,,269,0.0000,1,Yokohama Country Club (West Course),,,,,,
 ,,,MADE CUT,0.00,0.00,0.00,0.00,0.00,0.00,0.00,0.00,0.00,0.00,0.00,0.00,0.00,0.00,,,,,,1.0000,0,,0.00, BET365, BET365 (0/1),,,269,0.0000,1,Yokohama Country Club (West Course),,,,,,
 ,,,MADE CUT,0.00,0.00,0.00,0.00,0.00,0.00,0.00,0.00,0.00,0.00,0.00,0.00,0.00,0.00,,,,,,1.0000,0,,0.00, BET365, BET365 (0/1),,,269,0.0000,1,Yokohama Country Club (West Course),,,,,,
 ,,,MADE CUT,0.00,0.00,0.00,0.00,0.00,0.00,0.00,0.00,0.00,0.00,0.00,0.00,0.00,0.00,,,,,,1.0000,0,,0.00, BET365, BET365 (0/1),,,269,0.0000,1,Yokohama Country Club (West Course),,,,,,
 ,,,MADE CUT,0.00,0.00,0.00,0.00,0.00,0.00,0.00,0.00,0.00,0.00,0.00,0.00,0.00,0.00,,,,,,1.0000,0,,0.00, BET365, BET365 (0/1),,,269,0.0000,1,Yokohama Country Club (West Course),,,,,,
 ,,,MADE CUT,0.00,0.00,0.00,0.00,0.00,0.00,0.00,0.00,0.00,0.00,0.00,0.00,0.00,0.00,,,,,,1.0000,0,,0.00, BET365, BET365 (0/1),,,269,0.0000,1,Yokohama Country Club (West Course),,,,,,
 ,,,MADE CUT,0.00,0.00,0.00,0.00,0.00,0.00,0.00,0.00,0.00,0.00,0.00,0.00,0.00,0.00,,,,,,1.0000,0,,0.00, BET365, BET365 (0/1),,,269,0.0000,1,Yokohama Country Club (West Course),,,,,,
 ,,,MADE CUT,0.00,0.00,0.00,0.00,0.00,0.00,0.00,0.00,0.00,0.00,0.00,0.00,0.00,0.00,,,,,,1.0000,0,,0.00, BET365, BET365 (0/1),,,269,0.0000,1,Yokohama Country Club (West Course),,,,,,
 ,,,MADE CUT,0.00,0.00,0.00,0.00,0.00,0.00,0.00,0.00,0.00,0.00,0.00,0.00,0.00,0.00,,,,,,1.0000,0,,0.00, BET365, BET365 (0/1),,,269,0.0000,1,Yokohama Country Club (West Course),,,,,,
 ,,,MADE CUT,0.00,0.00,0.00,0.00,0.00,0.00,0.00,0.00,0.00,0.00,0.00,0.00,0.00,0.00,,,,,,1.0000,0,,0.00, BET365, BET365 (0/1),,,269,0.0000,1,Yokohama Country Club (West Course),,,,,,
 ,,,MADE CUT,0.00,0.00,0.00,0.00,0.00,0.00,0.00,0.00,0.00,0.00,0.00,0.00,0.00,0.00,,,,,,1.0000,0,,0.00, BET365, BET365 (0/1),,,269,0.0000,1,Yokohama Country Club (West Course),,,,,,
 ,,,MADE CUT,0.00,0.00,0.00,0.00,0.00,0.00,0.00,0.00,0.00,0.00,0.00,0.00,0.00,0.00,,,,,,1.0000,0,,0.00, BET365, BET365 (0/1),,,269,0.0000,1,Yokohama Country Club (West Course),,,,,,
 ,,,MADE CUT,0.00,0.00,0.00,0.00,0.00,0.00,0.00,0.00,0.00,0.00,0.00,0.00,0.00,0.00,,,,,,1.0000,0,,0.00, BET365, BET365 (0/1),,,269,0.0000,1,Yokohama Country Club (West Course),,,,,,
 ,,,MADE CUT,0.00,0.00,0.00,0.00,0.00,0.00,0.00,0.00,0.00,0.00,0.00,0.00,0.00,0.00,,,,,,1.0000,0,,0.00, BET365, BET365 (0/1),,,269,0.0000,1,Yokohama Country Club (West Course),,,,,,
 ,,,MADE CUT,0.00,0.00,0.00,0.00,0.00,0.00,0.00,0.00,0.00,0.00,0.00,0.00,0.00,0.00,,,,,,1.0000,0,,0.00, BET365, BET365 (0/1),,,269,0.0000,1,Yokohama Country Club (West Course),,,,,,
 ,,,MADE CUT,0.00,0.00,0.00,0.00,0.00,0.00,0.00,0.00,0.00,0.00,0.00,0.00,0.00,0.00,,,,,,1.0000,0,,0.00, BET365, BET365 (0/1),,,269,0.0000,1,Yokohama Country Club (West Course),,,,,,
 ,,,MADE CUT,0.00,0.00,0.00,0.00,0.00,0.00,0.00,0.00,0.00,0.00,0.00,0.00,0.00,0.00,,,,,,1.0000,0,,0.00, BET365, BET365 (0/1),,,269,0.0000,1,Yokohama Country Club (West Course),,,,,,
 ,,,MADE CUT,0.00,0.00,0.00,0.00,0.00,0.00,0.00,0.00,0.00,0.00,0.00,0.00,0.00,0.00,,,,,,1.0000,0,,0.00, BET365, BET365 (0/1),,,269,0.0000,1,Yokohama Country Club (West Course),,,,,,
 ,,,MADE CUT,0.00,0.00,0.00,0.00,0.00,0.00,0.00,0.00,0.00,0.00,0.00,0.00,0.00,0.00,,,,,,1.0000,0,,0.00, BET365, BET365 (0/1),,,269,0.0000,1,Yokohama Country Club (West Course),,,,,,
 ,,,MADE CUT,0.00,0.00,0.00,0.00,0.00,0.00,0.00,0.00,0.00,0.00,0.00,0.00,0.00,0.00,,,,,,1.0000,0,,0.00, BET365, BET365 (0/1),,,269,0.0000,1,Yokohama Country Club (West Course),,,,,,
 ,,,MADE CUT,0.00,0.00,0.00,0.00,0.00,0.00,0.00,0.00,0.00,0.00,0.00,0.00,0.00,0.00,,,,,,1.0000,0,,0.00, BET365, BET365 (0/1),,,269,0.0000,1,Yokohama Country Club (West Course),,,,,,
 ,,,MADE CUT,0.00,0.00,0.00,0.00,0.00,0.00,0.00,0.00,0.00,0.00,0.00,0.00,0.00,0.00,,,,,,1.0000,0,,0.00, BET365, BET365 (0/1),,,269,0.0000,1,Yokohama Country Club (West Course),,,,,,
 ,,,MADE CUT,0.00,0.00,0.00,0.00,0.00,0.00,0.00,0.00,0.00,0.00,0.00,0.00,0.00,0.00,,,,,,1.0000,0,,0.00, BET365, BET365 (0/1),,,269,0.0000,1,Yokohama Country Club (West Course),,,,,,
 ,,,MADE CUT,0.00,0.00,0.00,0.00,0.00,0.00,0.00,0.00,0.00,0.00,0.00,0.00,0.00,0.00,,,,,,1.0000,0,,0.00, BET365, BET365 (0/1),,,269,0.0000,1,Yokohama Country Club (West Course),,,,,,
 ,,,MADE CUT,0.00,0.00,0.00,0.00,0.00,0.00,0.00,0.00,0.00,0.00,0.00,0.00,0.00,0.00,,,,,,1.0000,0,,0.00, BET365, BET365 (0/1),,,269,0.0000,1,Yokohama Country Club (West Course),,,,,,
 ,,,MADE CUT,0.00,0.00,0.00,0.00,0.00,0.00,0.00,0.00,0.00,0.00,0.00,0.00,0.00,0.00,,,,,,1.0000,0,,0.00, BET365, BET365 (0/1),,,269,0.0000,1,Yokohama Country Club (West Course),,,,,,
 ,,,MADE CUT,0.00,0.00,0.00,0.00,0.00,0.00,0.00,0.00,0.00,0.00,0.00,0.00,0.00,0.00,,,,,,1.0000,0,,0.00, BET365, BET365 (0/1),,,269,0.0000,1,Yokohama Country Club (West Course),,,,,,
 ,,,MADE CUT,0.00,0.00,0.00,0.00,0.00,0.00,0.00,0.00,0.00,0.00,0.00,0.00,0.00,0.00,,,,,,1.0000,0,,0.00, BET365, BET365 (0/1),,,269,0.0000,1,Yokohama Country Club (West Course),,,,,,
 ,,,MADE CUT,0.00,0.00,0.00,0.00,0.00,0.00,0.00,0.00,0.00,0.00,0.00,0.00,0.00,0.00,,,,,,1.0000,0,,0.00, BET365, BET365 (0/1),,,269,0.0000,1,Yokohama Country Club (West Course),,,,,,
 ,,,MADE CUT,0.00,0.00,0.00,0.00,0.00,0.00,0.00,0.00,0.00,0.00,0.00,0.00,0.00,0.00,,,,,,1.0000,0,,0.00, BET365, BET365 (0/1),,,269,0.0000,1,Yokohama Country Club (West Course),,,,,,
 ,,,MADE CUT,0.00,0.00,0.00,0.00,0.00,0.00,0.00,0.00,0.00,0.00,0.00,0.00,0.00,0.00,,,,,,1.0000,0,,0.00, BET365, BET365 (0/1),,,269,0.0000,1,Yokohama Country Club (West Course),,,,,,
 ,,,MADE CUT,0.00,0.00,0.00,0.00,0.00,0.00,0.00,0.00,0.00,0.00,0.00,0.00,0.00,0.00,,,,,,1.0000,0,,0.00, BET365, BET365 (0/1),,,269,0.0000,1,Yokohama Country Club (West Course),,,,,,
 ,,,MADE CUT,0.00,0.00,0.00,0.00,0.00,0.00,0.00,0.00,0.00,0.00,0.00,0.00,0.00,0.00,,,,,,1.0000,0,,0.00, BET365, BET365 (0/1),,,269,0.0000,1,Yokohama Country Club (West Course),,,,,,
 ,,,MADE CUT,0.00,0.00,0.00,0.00,0.00,0.00,0.00,0.00,0.00,0.00,0.00,0.00,0.00,0.00,,,,,,1.0000,0,,0.00, BET365, BET365 (0/1),,,269,0.0000,1,Yokohama Country Club (West Course),,,,,,
 ,,,MADE CUT,0.00,0.00,0.00,0.00,0.00,0.00,0.00,0.00,0.00,0.00,0.00,0.00,0.00,0.00,,,,,,1.0000,0,,0.00, BET365, BET365 (0/1),,,269,0.0000,1,Yokohama Country Club (West Course),,,,,,
 ,,,MADE CUT,0.00,0.00,0.00,0.00,0.00,0.00,0.00,0.00,0.00,0.00,0.00,0.00,0.00,0.00,,,,,,1.0000,0,,0.00, BET365, BET365 (0/1),,,269,0.0000,1,Yokohama Country Club (West Course),,,,,,
 ,,,MADE CUT,0.00,0.00,0.00,0.00,0.00,0.00,0.00,0.00,0.00,0.00,0.00,0.00,0.00,0.00,,,,,,1.0000,0,,0.00, BET365, BET365 (0/1),,,269,0.0000,1,Yokohama Country Club (West Course),,,,,,
 ,,,MADE CUT,0.00,0.00,0.00,0.00,0.00,0.00,0.00,0.00,0.00,0.00,0.00,0.00,0.00,0.00,,,,,,1.0000,0,,0.00, BET365, BET365 (0/1),,,269,0.0000,1,Yokohama Country Club (West Course),,,,,,
 ,,,MADE CUT,0.00,0.00,0.00,0.00,0.00,0.00,0.00,0.00,0.00,0.00,0.00,0.00,0.00,0.00,,,,,,1.0000,0,,0.00, BET365, BET365 (0/1),,,269,0.0000,1,Yokohama Country Club (West Course),,,,,,
 ,,,MADE CUT,0.00,0.00,0.00,0.00,0.00,0.00,0.00,0.00,0.00,0.00,0.00,0.00,0.00,0.00,,,,,,1.0000,0,,0.00, BET365, BET365 (0/1),,,269,0.0000,1,Yokohama Country Club (West Course),,,,,,
 ,,,MADE CUT,0.00,0.00,0.00,0.00,0.00,0.00,0.00,0.00,0.00,0.00,0.00,0.00,0.00,0.00,,,,,,1.0000,0,,0.00, BET365, BET365 (0/1),,,269,0.0000,1,Yokohama Country Club (West Course),,,,,,
 ,,,MADE CUT,0.00,0.00,0.00,0.00,0.00,0.00,0.00,0.00,0.00,0.00,0.00,0.00,0.00,0.00,,,,,,1.0000,0,,0.00, BET365, BET365 (0/1),,,269,0.0000,1,Yokohama Country Club (West Course),,,,,,
 ,,,MADE CUT,0.00,0.00,0.00,0.00,0.00,0.00,0.00,0.00,0.00,0.00,0.00,0.00,0.00,0.00,,,,,,1.0000,0,,0.00, BET365, BET365 (0/1),,,269,0.0000,1,Yokohama Country Club (West Course),,,,,,
 ,,,MADE CUT,0.00,0.00,0.00,0.00,0.00,0.00,0.00,0.00,0.00,0.00,0.00,0.00,0.00,0.00,,,,,,1.0000,0,,0.00, BET365, BET365 (0/1),,,269,0.0000,1,Yokohama Country Club (West Course),,,,,,
 ,,,MADE CUT,0.00,0.00,0.00,0.00,0.00,0.00,0.00,0.00,0.00,0.00,0.00,0.00,0.00,0.00,,,,,,1.0000,0,,0.00, BET365, BET365 (0/1),,,269,0.0000,1,Yokohama Country Club (West Course),,,,,,
 ,,,MADE CUT,0.00,0.00,0.00,0.00,0.00,0.00,0.00,0.00,0.00,0.00,0.00,0.00,0.00,0.00,,,,,,1.0000,0,,0.00, BET365, BET365 (0/1),,,269,0.0000,1,Yokohama Country Club (West Course),,,,,,
 ,,,MADE CUT,0.00,0.00,0.00,0.00,0.00,0.00,0.00,0.00,0.00,0.00,0.00,0.00,0.00,0.00,,,,,,1.0000,0,,0.00, BET365, BET365 (0/1),,,269,0.0000,1,Yokohama Country Club (West Course),,,,,,
 ,,,MADE CUT,0.00,0.00,0.00,0.00,0.00,0.00,0.00,0.00,0.00,0.00,0.00,0.00,0.00,0.00,,,,,,1.0000,0,,0.00, BET365, BET365 (0/1),,,269,0.0000,1,Yokohama Country Club (West Course),,,,,,
 ,,,MADE CUT,0.00,0.00,0.00,0.00,0.00,0.00,0.00,0.00,0.00,0.00,0.00,0.00,0.00,0.00,,,,,,1.0000,0,,0.00, BET365, BET365 (0/1),,,269,0.0000,1,Yokohama Country Club (West Course),,,,,,
 ,,,MADE CUT,0.00,0.00,0.00,0.00,0.00,0.00,0.00,0.00,0.00,0.00,0.00,0.00,0.00,0.00,,,,,,1.0000,0,,0.00, BET365, BET365 (0/1),,,269,0.0000,1,Yokohama Country Club (West Course),,,,,,
 ,,,MADE CUT,0.00,0.00,0.00,0.00,0.00,0.00,0.00,0.00,0.00,0.00,0.00,0.00,0.00,0.00,,,,,,1.0000,0,,0.00, BET365, BET365 (0/1),,,269,0.0000,1,Yokohama Country Club (West Course),,,,,,
 ,,,MADE CUT,0.00,0.00,0.00,0.00,0.00,0.00,0.00,0.00,0.00,0.00,0.00,0.00,0.00,0.00,,,,,,1.0000,0,,0.00, BET365, BET365 (0/1),,,269,0.0000,1,Yokohama Country Club (West Course),,,,,,
 ,,,MADE CUT,0.00,0.00,0.00,0.00,0.00,0.00,0.00,0.00,0.00,0.00,0.00,0.00,0.00,0.00,,,,,,1.0000,0,,0.00, BET365, BET365 (0/1),,,269,0.0000,1,Yokohama Country Club (West Course),,,,,,
 ,,,MADE CUT,0.00,0.00,0.00,0.00,0.00,0.00,0.00,0.00,0.00,0.00,0.00,0.00,0.00,0.00,,,,,,1.0000,0,,0.00, BET365, BET365 (0/1),,,269,0.0000,1,Yokohama Country Club (West Course),,,,,,
 ,,,MADE CUT,0.00,0.00,0.00,0.00,0.00,0.00,0.00,0.00,0.00,0.00,0.00,0.00,0.00,0.00,,,,,,1.0000,0,,0.00, BET365, BET365 (0/1),,,269,0.0000,1,Yokohama Country Club (West Course),,,,,,
 ,,,MADE CUT,0.00,0.00,0.00,0.00,0.00,0.00,0.00,0.00,0.00,0.00,0.00,0.00,0.00,0.00,,,,,,1.0000,0,,0.00, BET365, BET365 (0/1),,,269,0.0000,1,Yokohama Country Club (West Course),,,,,,
 ,,,MADE CUT,0.00,0.00,0.00,0.00,0.00,0.00,0.00,0.00,0.00,0.00,0.00,0.00,0.00,0.00,,,,,,1.0000,0,,0.00, BET365, BET365 (0/1),,,269,0.0000,1,Yokohama Country Club (West Course),,,,,,
 ,,,MADE CUT,0.00,0.00,0.00,0.00,0.00,0.00,0.00,0.00,0.00,0.00,0.00,0.00,0.00,0.00,,,,,,1.0000,0,,0.00, BET365, BET365 (0/1),,,269,0.0000,1,Yokohama Country Club (West Course),,,,,,
 ,,,MADE CUT,0.00,0.00,0.00,0.00,0.00,0.00,0.00,0.00,0.00,0.00,0.00,0.00,0.00,0.00,,,,,,1.0000,0,,0.00, BET365, BET365 (0/1),,,269,0.0000,1,Yokohama Country Club (West Course),,,,,,
 ,,,MADE CUT,0.00,0.00,0.00,0.00,0.00,0.00,0.00,0.00,0.00,0.00,0.00,0.00,0.00,0.00,,,,,,1.0000,0,,0.00, BET365, BET365 (0/1),,,269,0.0000,1,Yokohama Country Club (West Course),,,,,,
 ,,,MADE CUT,0.00,0.00,0.00,0.00,0.00,0.00,0.00,0.00,0.00,0.00,0.00,0.00,0.00,0.00,,,,,,1.0000,0,,0.00, BET365, BET365 (0/1),,,269,0.0000,1,Yokohama Country Club (West Course),,,,,,
 ,,,MADE CUT,0.00,0.00,0.00,0.00,0.00,0.00,0.00,0.00,0.00,0.00,0.00,0.00,0.00,0.00,,,,,,1.0000,0,,0.00, BET365, BET365 (0/1),,,269,0.0000,1,Yokohama Country Club (West Course),,,,,,
 ,,,MADE CUT,0.00,0.00,0.00,0.00,0.00,0.00,0.00,0.00,0.00,0.00,0.00,0.00,0.00,0.00,,,,,,1.0000,0,,0.00, BET365, BET365 (0/1),,,269,0.0000,1,Yokohama Country Club (West Course),,,,,,
 ,,,MADE CUT,0.00,0.00,0.00,0.00,0.00,0.00,0.00,0.00,0.00,0.00,0.00,0.00,0.00,0.00,,,,,,1.0000,0,,0.00, BET365, BET365 (0/1),,,269,0.0000,1,Yokohama Country Club (West Course),,,,,,
 ,,,MADE CUT,0.00,0.00,0.00,0.00,0.00,0.00,0.00,0.00,0.00,0.00,0.00,0.00,0.00,0.00,,,,,,1.0000,0,,0.00, BET365, BET365 (0/1),,,269,0.0000,1,Yokohama Country Club (West Course),,,,,,
 ,,,MADE CUT,0.00,0.00,0.00,0.00,0.00,0.00,0.00,0.00,0.00,0.00,0.00,0.00,0.00,0.00,,,,,,1.0000,0,,0.00, BET365, BET365 (0/1),,,269,0.0000,1,Yokohama Country Club (West Course),,,,,,
 ,,,MADE CUT,0.00,0.00,0.00,0.00,0.00,0.00,0.00,0.00,0.00,0.00,0.00,0.00,0.00,0.00,,,,,,1.0000,0,,0.00, BET365, BET365 (0/1),,,269,0.0000,1,Yokohama Country Club (West Course),,,,,,
 ,,,MADE CUT,0.00,0.00,0.00,0.00,0.00,0.00,0.00,0.00,0.00,0.00,0.00,0.00,0.00,0.00,,,,,,1.0000,0,,0.00, BET365, BET365 (0/1),,,269,0.0000,1,Yokohama Country Club (West Course),,,,,,
 ,,,MADE CUT,0.00,0.00,0.00,0.00,0.00,0.00,0.00,0.00,0.00,0.00,0.00,0.00,0.00,0.00,,,,,,1.0000,0,,0.00, BET365, BET365 (0/1),,,269,0.0000,1,Yokohama Country Club (West Course),,,,,,
 ,,,MADE CUT,0.00,0.00,0.00,0.00,0.00,0.00,0.00,0.00,0.00,0.00,0.00,0.00,0.00,0.00,,,,,,1.0000,0,,0.00, BET365, BET365 (0/1),,,269,0.0000,1,Yokohama Country Club (West Course),,,,,,
 ,,,MADE CUT,0.00,0.00,0.00,0.00,0.00,0.00,0.00,0.00,0.00,0.00,0.00,0.00,0.00,0.00,,,,,,1.0000,0,,0.00, BET365, BET365 (0/1),,,269,0.0000,1,Yokohama Country Club (West Course),,,,,,
 ,,,MADE CUT,0.00,0.00,0.00,0.00,0.00,0.00,0.00,0.00,0.00,0.00,0.00,0.00,0.00,0.00,,,,,,1.0000,0,,0.00, BET365, BET365 (0/1),,,269,0.0000,1,Yokohama Country Club (West Course),,,,,,
 ,,,MADE CUT,0.00,0.00,0.00,0.00,0.00,0.00,0.00,0.00,0.00,0.00,0.00,0.00,0.00,0.00,,,,,,1.0000,0,,0.00, BET365, BET365 (0/1),,,269,0.0000,1,Yokohama Country Club (West Course),,,,,,
 ,,,MADE CUT,0.00,0.00,0.00,0.00,0.00,0.00,0.00,0.00,0.00,0.00,0.00,0.00,0.00,0.00,,,,,,1.0000,0,,0.00, BET365, BET365 (0/1),,,269,0.0000,1,Yokohama Country Club (West Course),,,,,,
 ,,,MADE CUT,0.00,0.00,0.00,0.00,0.00,0.00,0.00,0.00,0.00,0.00,0.00,0.00,0.00,0.00,,,,,,1.0000,0,,0.00, BET365, BET365 (0/1),,,269,0.0000,1,Yokohama Country Club (West Course),,,,,,
 ,,,MADE CUT,0.00,0.00,0.00,0.00,0.00,0.00,0.00,0.00,0.00,0.00,0.00,0.00,0.00,0.00,,,,,,1.0000,0,,0.00, BET365, BET365 (0/1),,,269,0.0000,1,Yokohama Country Club (West Course),,,,,,
 ,,,MADE CUT,0.00,0.00,0.00,0.00,0.00,0.00,0.00,0.00,0.00,0.00,0.00,0.00,0.00,0.00,,,,,,1.0000,0,,0.00, BET365, BET365 (0/1),,,269,0.0000,1,Yokohama Country Club (West Course),,,,,,
 ,,,MADE CUT,0.00,0.00,0.00,0.00,0.00,0.00,0.00,0.00,0.00,0.00,0.00,0.00,0.00,0.00,,,,,,1.0000,0,,0.00, BET365, BET365 (0/1),,,269,0.0000,1,Yokohama Country Club (West Course),,,,,,
 ,,,MADE CUT,,,,,,,,,,,,,,,,,,,,1.0000,0,,0,, (0/1),,,269,0.0000,1,Yokohama Country Club (West Course),,,,,,
 ,,,MADE CUT,,,,,,,,,,,,,,,,,,,,1.0000,0,,0,, (0/1),,,269,0.0000,1,Yokohama Country Club (West Course),,,,,,
 ,,,MADE CUT,,,,,,,,,,,,,,,,,,,,1.0000,0,,0,, (0/1),,,269,0.0000,1,Yokohama Country Club (West Course),,,,,,
 ,,,MADE CUT,,,,,,,,,,,,,,,,,,,,1.0000,0,,0,, (0/1),,,269,0.0000,1,Yokohama Country Club (West Course),,,,,,
,,,MADE CUT,,,,,,,,,,,,,,,,,,,,1.0000,0,,0,, (0/1),,,269,0.0000,1,TBD,,,,,,
,,,MADE CUT,,,,,,,,,,,,,,,,,,,,1.0000,0,,0,, (0/1),,,269,0.0000,1,TBD,,,,,,
,,,MADE CUT,,,,,,,,,,,,,,,,,,,,1.0000,0,,0,, (0/1),,,269,0.0000,1,TBD,,,,,,
,,,MADE CUT,,,,,,,,,,,,,,,,,,,,1.0000,0,,0,, (0/1),,,269,0.0000,1,TBD,,,,,,
,,,MADE CUT,,,,,,,,,,,,,,,,,,,,1.0000,0,,0,, (0/1),,,269,0.0000,1,TBD,,,,,,
,,,MADE CUT,,,,,,,,,,,,,,,,,,,,1.0000,0,,0,, (0/1),,,269,0.0000,1,TBD,,,,,,
,,,MADE CUT,,,,,,,,,,,,,,,,,,,,1.0000,0,,0,, (0/1),,,269,0.0000,1,TBD,,,,,,
,,,MADE CUT,,,,,,,,,,,,,,,,,,,,1.0000,0,,0,, (0/1),,,269,0.0000,1,TBD,,,,,,
,,,MADE CUT,,,,,,,,,,,,,,,,,,,,1.0000,0,,0,, (0/1),,,269,0.0000,1,TBD,,,,,,
,,,MADE CUT,,,,,,,,,,,,,,,,,,,,1.0000,0,,0,, (0/1),,,269,0.0000,1,TBD,,,,,,
,,,MADE CUT,,,,,,,,,,,,,,,,,,,,1.0000,0,,0,, (0/1),,,269,0.0000,1,TBD,,,,,,
,,,MADE CUT,,,,,,,,,,,,,,,,,,,,1.0000,0,,0,, (0/1),,,269,0.0000,1,TBD,,,,,,
,,,MADE CUT,,,,,,,,,,,,,,,,,,,,1.0000,0,,0,, (0/1),,,269,0.0000,1,TBD,,,,,,
,,,MADE CUT,,,,,,,,,,,,,,,,,,,,1.0000,0,,0,, (0/1),,,269,0.0000,1,TBD,,,,,,
,,,MADE CUT,,,,,,,,,,,,,,,,,,,,1.0000,0,,0,, (0/1),,,269,0.0000,1,TBD,,,,,,
,,,MADE CUT,,,,,,,,,,,,,,,,,,,,1.0000,0,,0,, (0/1),,,269,0.0000,1,TBD,,,,,,
,,,,,,,,,,,,,,,,,,,,,,,1.0000,0,,0,, (0/1),,,269,0.0000,1,TBD,,,,,,
,,,,,,,,,,,,,,,,,,,,,,,1.0000,0,,0,, (0/1),,,269,0.0000,1,TBD,,,,,,
,,,,,,,,,,,,,,,,,,,,,,,1.0000,0,,0,, (0/1),,,269,0.0000,1,TBD,,,,,,
,,,,,,,,,,,,,,,,,,,,,,,1.0000,0,,0,, (0/1),,,269,0.0000,1,TBD,,,,,,
Jacob Bridgeman,Late,2026-10-09 10:35,FRL,,,,,,,,,,,,,,,,,,1,3,,0,Good Bet,0,, (0/1),,,452,1.0000,1,Yokohama Country Club (West Course),0.03,,0.030,0.03011371609,0.03011371609,"https://pga-tour-res.cloudinary.com/image/upload/c_fill,d_headshots_default.png,dpr_2.0,f_auto,g_face:center,h_350,q_auto,w_280/headshots_60004.png"
Jordan Smith,Early,2026-10-09 09:07,FRL,,,,,,,,,,,,,,,,,,,,,0,,0,, (0/1),,,452,1.0000,1,Yokohama Country Club (West Course),,,0.000,,,
Collin Morikawa,Late,2026-10-09 10:35,FRL,,,,,,,,,,,,,,,,,,4,2,,0,Good Bet,0,, (0/1),,,452,1.0000,1,Yokohama Country Club (West Course),0.04,,0.036,0.03565875991,0.03565875991,"https://pga-tour-res.cloudinary.com/image/upload/c_fill,d_headshots_default.png,dpr_2.0,f_auto,g_face:center,h_350,q_auto,w_280/headshots_50525.png"
Max Homa,Early,2026-10-09 09:07,FRL,,,,,,,,,,,,,,,,,,10,30,,0,Good Bet,0,, (0/1),,,452,1.0000,1,Yokohama Country Club (West Course),0.00,,0.000,0.0003139883079,0.0003139883079,"https://pga-tour-res.cloudinary.com/image/upload/c_fill,d_headshots_default.png,dpr_2.0,f_auto,g_face:center,h_350,q_auto,w_280/headshots_39977.png"
Hideki Matsuyama,Early,2026-10-09 09:29,FRL,,,,,,,,,,,,,,,,,,3,1,,0,Good Bet,0,, (0/1),,,452,1.0000,1,Yokohama Country Club (West Course),0.04,,0.042,0.04222485045,0.04222485045,"https://pga-tour-res.cloudinary.com/image/upload/c_fill,d_headshots_default.png,dpr_2.0,f_auto,g_face:center,h_350,q_auto,w_280/headshots_32839.png"
Michael Thorbjornsen,Late,2026-10-09 10:13,FRL,,,,,,,,,,,,,,,,,,6,11,,0,Good Bet,0,, (0/1),,,452,1.0000,1,Yokohama Country Club (West Course),0.01,,0.008,0.007790212015,0.007790212015,"https://pga-tour-res.cloudinary.com/image/upload/c_fill,d_headshots_default.png,dpr_2.0,f_auto,g_face:center,h_350,q_auto,w_280/headshots_57364.png"
Min Woo Lee,Late,2026-10-09 10:24,FRL,,,,,,,,,,,,,,,,,,9,12,,0,Good Bet,0,, (0/1),,,452,1.0000,1,Yokohama Country Club (West Course),0.01,,0.007,0.006578810746,0.006578810746,"https://pga-tour-res.cloudinary.com/image/upload/c_fill,d_headshots_default.png,dpr_2.0,f_auto,g_face:center,h_350,q_auto,w_280/headshots_37378.png"
Mac Meissner,Late,2026-10-09 10:02,FRL,,,,,,,,,,,,,,,,,,14,45,,0,Good Bet,0,, (0/1),,,452,1.0000,1,Yokohama Country Club (West Course),0.00,,0.000,0.0000248819958,0.0000248819958,"https://pga-tour-res.cloudinary.com/image/upload/c_fill,d_headshots_default.png,dpr_2.0,f_auto,g_face:center,h_350,q_auto,w_280/headshots_59143.png"
Ricky Castillo,Late,2026-10-09 10:13,FRL,,,,,,,,,,,,,,,,,,13,33,,0,Good Bet,0,, (0/1),,,452,1.0000,1,Yokohama Country Club (West Course),0.00,,0.000,0.0001891070952,0.0001891070952,"https://pga-tour-res.cloudinary.com/image/upload/c_fill,d_headshots_default.png,dpr_2.0,f_auto,g_face:center,h_350,q_auto,w_280/headshots_59440.png"
Ryan Gerard,Early,2026-10-09 09:18,FRL,,,,,,,,,,,,,,,,,,8,6,,0,Good Bet,0,, (0/1),,,452,1.0000,1,Yokohama Country Club (West Course),0.02,,0.018,0.01813671793,0.01813671793,"https://pga-tour-res.cloudinary.com/image/upload/c_fill,d_headshots_default.png,dpr_2.0,f_auto,g_face:center,h_350,q_auto,w_280/headshots_59018.png"
Pierceson Coody,Early,2026-10-09 09:51,FRL,,,,,,,,,,,,,,,,,,16,47,,0,Good Bet,0,, (0/1),,,452,1.0000,1,Yokohama Country Club (West Course),0.00,,0.000,0.00001774522228,0.00001774522228,"https://pga-tour-res.cloudinary.com/image/upload/c_fill,d_headshots_default.png,dpr_2.0,f_auto,g_face:center,h_350,q_auto,w_280/headshots_59836.png"
Keith Mitchell,Early,2026-10-09 09:51,FRL,,,,,,,,,,,,,,,,,,11,21,,0,Good Bet,0,, (0/1),,,452,1.0000,1,Yokohama Country Club (West Course),0.00,,0.001,0.00143724377,0.00143724377,"https://pga-tour-res.cloudinary.com/image/upload/c_fill,d_headshots_default.png,dpr_2.0,f_auto,g_face:center,h_350,q_auto,w_280/headshots_39546.png"
Kristoffer Ventura,Late,2026-10-09 10:02,FRL,,,,,,,,,,,,,,,,,,,,,0,,0,, (0/1),,,452,1.0000,1,Yokohama Country Club (West Course),,,0.000,,,
Ryo Hisatsune,Early,2026-10-09 08:56,FRL,,,,,,,,,,,,,,,,,,20,35,,0,Good Bet,0,, (0/1),,,452,1.0000,1,Yokohama Country Club (West Course),0.00,,0.000,0.0001348664901,0.0001348664901,"https://pga-tour-res.cloudinary.com/image/upload/c_fill,d_headshots_default.png,dpr_2.0,f_auto,g_face:center,h_350,q_auto,w_280/headshots_51287.png"
Xander Schauffele,Late,2026-10-09 10:35,FRL,,,,,,,,,,,,,,,,,,2,4,,0,Good Bet,0,, (0/1),,,452,1.0000,1,Yokohama Country Club (West Course),0.03,,0.025,0.02543094316,0.02543094316,"https://pga-tour-res.cloudinary.com/image/upload/c_fill,d_headshots_default.png,dpr_2.0,f_auto,g_face:center,h_350,q_auto,w_280/headshots_48081.png"
Justin Thomas,Early,2026-10-09 09:18,FRL,,,,,,,,,,,,,,,,,,15,8,,0,Good Bet,0,, (0/1),,,452,1.0000,1,Yokohama Country Club (West Course),0.01,,0.013,0.0129346574,0.0129346574,"https://pga-tour-res.cloudinary.com/image/upload/c_fill,d_headshots_default.png,dpr_2.0,f_auto,g_face:center,h_350,q_auto,w_280/headshots_33448.png"
Doug Ghim,Early,2026-10-09 09:40,FRL,,,,,,,,,,,,,,,,,,5,5,,0,Good Bet,0,, (0/1),,,452,1.0000,1,Yokohama Country Club (West Course),0.02,,0.021,0.02147635544,0.02147635544,"https://pga-tour-res.cloudinary.com/image/upload/c_fill,d_headshots_default.png,dpr_2.0,f_auto,g_face:center,h_350,q_auto,w_280/headshots_52375.png"
Michael Brennan,Late,2026-10-09 10:13,FRL,,,,,,,,,,,,,,,,,,12,7,,0,Good Bet,0,, (0/1),,,452,1.0000,1,Yokohama Country Club (West Course),0.02,,0.015,0.01531640405,0.01531640405,"https://pga-tour-res.cloudinary.com/image/upload/c_fill,d_headshots_default.png,dpr_2.0,f_auto,g_face:center,h_350,q_auto,w_280/headshots_58611.png"
Johnny Keefer,Early,2026-10-09 08:45,FRL,,,,,,,,,,,,,,,,,,21,27,,0,Good Bet,0,, (0/1),,,452,1.0000,1,Yokohama Country Club (West Course),0.00,,0.001,0.0005213376971,0.0005213376971,"https://pga-tour-res.cloudinary.com/image/upload/c_fill,d_headshots_default.png,dpr_2.0,f_auto,g_face:center,h_350,q_auto,w_280/headshots_63454.png"
Adam Scott,Early,2026-10-09 09:18,FRL,,,,,,,,,,,,,,,,,,19,13,,0,Good Bet,0,, (0/1),,,452,1.0000,1,Yokohama Country Club (West Course),0.01,,0.006,0.005555785998,0.005555785998,"https://pga-tour-res.cloudinary.com/image/upload/c_fill,d_headshots_default.png,dpr_2.0,f_auto,g_face:center,h_350,q_auto,w_280/headshots_24502.png"
Wyndham Clark,Early,2026-10-09 09:18,FRL,,,,,,,,,,,,,,,,,,18,10,,0,Good Bet,0,, (0/1),,,452,1.0000,1,Yokohama Country Club (West Course),0.01,,0.009,0.009224676858,0.009224676858,"https://pga-tour-res.cloudinary.com/image/upload/c_fill,d_headshots_default.png,dpr_2.0,f_auto,g_face:center,h_350,q_auto,w_280/headshots_51766.png"
Sungjae Im,Late,2026-10-09 10:24,FRL,,,,,,,,,,,,,,,,,,23,20,,0,Good Bet,0,, (0/1),,,452,1.0000,1,Yokohama Country Club (West Course),0.00,,0.002,0.001701893263,0.001701893263,"https://pga-tour-res.cloudinary.com/image/upload/c_fill,d_headshots_default.png,dpr_2.0,f_auto,g_face:center,h_350,q_auto,w_280/headshots_39971.png"
David Lipsky,Early,2026-10-09 09:40,FRL,,,,,,,,,,,,,,,,,,33,62,,0,Good Bet,0,, (0/1),,,452,1.0000,1,Yokohama Country Club (West Course),0.00,,0.000,0.000001406219707,0.000001406219707,"https://pga-tour-res.cloudinary.com/image/upload/c_fill,d_headshots_default.png,dpr_2.0,f_auto,g_face:center,h_350,q_auto,w_280/headshots_36326.png"
Michael Kim,Early,2026-10-09 09:51,FRL,,,,,,,,,,,,,,,,,,26,28,,0,Good Bet,0,, (0/1),,,452,1.0000,1,Yokohama Country Club (West Course),0.00,,0.000,0.0004402681258,0.0004402681258,"https://pga-tour-res.cloudinary.com/image/upload/c_fill,d_headshots_default.png,dpr_2.0,f_auto,g_face:center,h_350,q_auto,w_280/headshots_39975.png"
Andrew Putnam,Early,2026-10-09 09:40,FRL,,,,,,,,,,,,,,,,,,32,63,,0,Good Bet,0,, (0/1),,,452,1.0000,1,Yokohama Country Club (West Course),0.00,,0.000,0.000001187548336,0.000001187548336,"https://pga-tour-res.cloudinary.com/image/upload/c_fill,d_headshots_default.png,dpr_2.0,f_auto,g_face:center,h_350,q_auto,w_280/headshots_34256.png"
Nico Echavarria,Late,2026-10-09 10:24,FRL,,,,,,,,,,,,,,,,,,,,,0,,0,, (0/1),,,452,1.0000,1,Yokohama Country Club (West Course),,,0.000,,,
Keita Nakajima,Late,2026-10-09 10:02,FRL,,,,,,,,,,,,,,,,,,27,26,,0,Good Bet,0,, (0/1),,,452,1.0000,1,Yokohama Country Club (West Course),0.00,,0.001,0.0006173351611,0.0006173351611,"https://pga-tour-res.cloudinary.com/image/upload/c_fill,d_headshots_default.png,dpr_2.0,f_auto,g_face:center,h_350,q_auto,w_280/headshots_49228.png"
Christiaan Bezuidenhout,Early,2026-10-09 08:45,FRL,,,,,,,,,,,,,,,,,,24,31,,0,Good Bet,0,, (0/1),,,452,1.0000,1,Yokohama Country Club (West Course),0.00,,0.000,0.0002651621869,0.0002651621869,"https://pga-tour-res.cloudinary.com/image/upload/c_fill,d_headshots_default.png,dpr_2.0,f_auto,g_face:center,h_350,q_auto,w_280/headshots_45522.png"
Zach Bauchou,Early,2026-10-09 09:40,FRL,,,,,,,,,,,,,,,,,,,,,0,,0,, (0/1),,,452,1.0000,1,Yokohama Country Club (West Course),,,0.000,,,
Brian Harman,Early,2026-10-09 09:29,FRL,,,,,,,,,,,,,,,,,,36,36,,0,Good Bet,0,, (0/1),,,452,1.0000,1,Yokohama Country Club (West Course),0.00,,0.000,0.0001138943475,0.0001138943475,"https://pga-tour-res.cloudinary.com/image/upload/c_fill,d_headshots_default.png,dpr_2.0,f_auto,g_face:center,h_350,q_auto,w_280/headshots_27644.png"
Matt Wallace,Late,2026-10-09 10:46,FRL,,,,,,,,,,,,,,,,,,29,23,,0,Good Bet,0,, (0/1),,,452,1.0000,1,Yokohama Country Club (West Course),0.00,,0.001,0.00102500661,0.00102500661,"https://pga-tour-res.cloudinary.com/image/upload/c_fill,d_headshots_default.png,dpr_2.0,f_auto,g_face:center,h_350,q_auto,w_280/headshots_48887.png"
Kurt Kitayama,Early,2026-10-09 09:07,FRL,,,,,,,,,,,,,,,,,,25,9,,0,Good Bet,0,, (0/1),,,452,1.0000,1,Yokohama Country Club (West Course),0.01,,0.011,0.01092327949,0.01092327949,"https://pga-tour-res.cloudinary.com/image/upload/c_fill,d_headshots_default.png,dpr_2.0,f_auto,g_face:center,h_350,q_auto,w_280/headshots_48117.png"
John Parry,Late,2026-10-09 10:46,FRL,,,,,,,,,,,,,,,,,,37,49,,0,Good Bet,0,, (0/1),,,452,1.0000,1,Yokohama Country Club (West Course),0.00,,0.000,0.00001265545242,0.00001265545242,"https://pga-tour-res.cloudinary.com/image/upload/c_fill,d_headshots_default.png,dpr_2.0,f_auto,g_face:center,h_350,q_auto,w_280/headshots_28723.png"
Lee Hodges,Early,2026-10-09 09:40,FRL,,,,,,,,,,,,,,,,,,42,50,,0,Good Bet,0,, (0/1),,,452,1.0000,1,Yokohama Country Club (West Course),0.00,,0.000,0.00001068749172,0.00001068749172,"https://pga-tour-res.cloudinary.com/image/upload/c_fill,d_headshots_default.png,dpr_2.0,f_auto,g_face:center,h_350,q_auto,w_280/headshots_54628.png"
Stephan Jaeger,Late,2026-10-09 10:13,FRL,,,,,,,,,,,,,,,,,,44,42,,0,Good Bet,0,, (0/1),,,452,1.0000,1,Yokohama Country Club (West Course),0.00,,0.000,0.00004131339308,0.00004131339308,"https://pga-tour-res.cloudinary.com/image/upload/c_fill,d_headshots_default.png,dpr_2.0,f_auto,g_face:center,h_350,q_auto,w_280/headshots_36799.png"
Max Greyserman,Late,2026-10-09 10:02,FRL,,,,,,,,,,,,,,,,,,34,32,,0,Good Bet,0,, (0/1),,,452,1.0000,1,Yokohama Country Club (West Course),0.00,,0.000,0.0002239286737,0.0002239286737,"https://pga-tour-res.cloudinary.com/image/upload/c_fill,d_headshots_default.png,dpr_2.0,f_auto,g_face:center,h_350,q_auto,w_280/headshots_51977.png"
Hiroshi Iwata,Early,2026-10-09 08:45,FRL,,,,,,,,,,,,,,,,,,57,66,,0,Good Bet,0,, (0/1),,,452,1.0000,1,Yokohama Country Club (West Course),0.00,,0.000,0.0000007152298689,0.0000007152298689,"https://pga-tour-res.cloudinary.com/image/upload/c_fill,d_headshots_default.png,dpr_2.0,f_auto,g_face:center,h_350,q_auto,w_280/headshots_27747.png"
Denny McCarthy,Late,2026-10-09 10:02,FRL,,,,,,,,,,,,,,,,,,43,56,,0,Good Bet,0,, (0/1),,,452,1.0000,1,Yokohama Country Club (West Course),0.00,,0.000,0.000003876720453,0.000003876720453,"https://pga-tour-res.cloudinary.com/image/upload/c_fill,d_headshots_default.png,dpr_2.0,f_auto,g_face:center,h_350,q_auto,w_280/headshots_47993.png"
Kevin Roy,Early,2026-10-09 08:45,FRL,,,,,,,,,,,,,,,,,,40,29,,0,Good Bet,0,, (0/1),,,452,1.0000,1,Yokohama Country Club (West Course),0.00,,0.000,0.0003718051154,0.0003718051154,"https://pga-tour-res.cloudinary.com/image/upload/c_fill,d_headshots_default.png,dpr_2.0,f_auto,g_face:center,h_350,q_auto,w_280/headshots_39335.png"
Maverick McNealy,Late,2026-10-09 10:24,FRL,,,,,,,,,,,,,,,,,,28,18,,0,Good Bet,0,, (0/1),,,452,1.0000,1,Yokohama Country Club (West Course),0.00,,0.002,0.002386360697,0.002386360697,"https://pga-tour-res.cloudinary.com/image/upload/c_fill,d_headshots_default.png,dpr_2.0,f_auto,g_face:center,h_350,q_auto,w_280/headshots_46442.png"
Alex Smalley,Late,2026-10-09 10:24,FRL,,,,,,,,,,,,,,,,,,17,15,,0,Good Bet,0,, (0/1),,,452,1.0000,1,Yokohama Country Club (West Course),0.00,,0.004,0.00396224878,0.00396224878,"https://pga-tour-res.cloudinary.com/image/upload/c_fill,d_headshots_default.png,dpr_2.0,f_auto,g_face:center,h_350,q_auto,w_280/headshots_46340.png"
Beau Hossler,Early,2026-10-09 09:51,FRL,,,,,,,,,,,,,,,,,,41,38,,0,Good Bet,0,, (0/1),,,452,1.0000,1,Yokohama Country Club (West Course),0.00,,0.000,0.00008122662383,0.00008122662383,"https://pga-tour-res.cloudinary.com/image/upload/c_fill,d_headshots_default.png,dpr_2.0,f_auto,g_face:center,h_350,q_auto,w_280/headshots_35461.png"
Keegan Bradley,Early,2026-10-09 09:29,FRL,,,,,,,,,,,,,,,,,,38,22,,0,Good Bet,0,, (0/1),,,452,1.0000,1,Yokohama Country Club (West Course),0.00,,0.001,0.001213748065,0.001213748065,"https://pga-tour-res.cloudinary.com/image/upload/c_fill,d_headshots_default.png,dpr_2.0,f_auto,g_face:center,h_350,q_auto,w_280/headshots_33141.png"
Matt McCarty,Late,2026-10-09 10:13,FRL,,,,,,,,,,,,,,,,,,50,52,,0,Good Bet,0,, (0/1),,,452,1.0000,1,Yokohama Country Club (West Course),0.00,,0.000,0.000007622054022,0.000007622054022,"https://pga-tour-res.cloudinary.com/image/upload/c_fill,d_headshots_default.png,dpr_2.0,f_auto,g_face:center,h_350,q_auto,w_280/headshots_59141.png"
Takumi Kanaya,Late,2026-10-09 10:46,FRL,,,,,,,,,,,,,,,,,,46,44,,0,Good Bet,0,, (0/1),,,452,1.0000,1,Yokohama Country Club (West Course),0.00,,0.000,0.0000294636873,0.0000294636873,"https://pga-tour-res.cloudinary.com/image/upload/c_fill,d_headshots_default.png,dpr_2.0,f_auto,g_face:center,h_350,q_auto,w_280/headshots_47917.png"
Jackson Suber,Late,2026-10-09 10:46,FRL,,,,,,,,,,,,,,,,,,39,25,,0,Good Bet,0,, (0/1),,,452,1.0000,1,Yokohama Country Club (West Course),0.00,,0.001,0.0007310092925,0.0007310092925,"https://pga-tour-res.cloudinary.com/image/upload/c_fill,d_headshots_default.png,dpr_2.0,f_auto,g_face:center,h_350,q_auto,w_280/headshots_60019.png"
Chandler Phillips,Early,2026-10-09 08:56,FRL,,,,,,,,,,,,,,,,,,56,59,,0,Good Bet,0,, (0/1),,,452,1.0000,1,Yokohama Country Club (West Course),0.00,,0.000,0.000002334849181,0.000002334849181,"https://pga-tour-res.cloudinary.com/image/upload/c_fill,d_headshots_default.png,dpr_2.0,f_auto,g_face:center,h_350,q_auto,w_280/headshots_57900.png"
Jordan Spieth,Late,2026-10-09 10:24,FRL,,,,,,,,,,,,,,,,,,45,24,,0,Good Bet,0,, (0/1),,,452,1.0000,1,Yokohama Country Club (West Course),0.00,,0.001,0.0008656150167,0.0008656150167,"https://pga-tour-res.cloudinary.com/image/upload/c_fill,d_headshots_default.png,dpr_2.0,f_auto,g_face:center,h_350,q_auto,w_280/headshots_34046.png"
Ren Yonezawa,Early,2026-10-09 09:51,FRL,,,,,,,,,,,,,,,,,,55,53,,0,Good Bet,0,, (0/1),,,452,1.0000,1,Yokohama Country Club (West Course),0.00,,0.000,0.000006436801824,0.000006436801824,"https://pga-tour-res.cloudinary.com/image/upload/c_fill,d_headshots_default.png,dpr_2.0,f_auto,g_face:center,h_350,q_auto,w_280/headshots_56100.png"
Ben Kohles,Early,2026-10-09 09:51,FRL,,,,,,,,,,,,,,,,,,22,14,,0,Good Bet,0,, (0/1),,,452,1.0000,1,Yokohama Country Club (West Course),0.00,,0.005,0.004691844658,0.004691844658,"https://pga-tour-res.cloudinary.com/image/upload/c_fill,d_headshots_default.png,dpr_2.0,f_auto,g_face:center,h_350,q_auto,w_280/headshots_36884.png"
Billy Horschel,Late,2026-10-09 10:13,FRL,,,,,,,,,,,,,,,,,,51,41,,0,Good Bet,0,, (0/1),,,452,1.0000,1,Yokohama Country Club (West Course),0.00,,0.000,0.00004892070978,0.00004892070978,"https://pga-tour-res.cloudinary.com/image/upload/c_fill,d_headshots_default.png,dpr_2.0,f_auto,g_face:center,h_350,q_auto,w_280/headshots_29420.png"
Tony Finau,Early,2026-10-09 09:18,FRL,,,,,,,,,,,,,,,,,,61,58,,0,Good Bet,0,, (0/1),,,452,1.0000,1,Yokohama Country Club (West Course),0.00,,0.000,0.000002764780877,0.000002764780877,"https://pga-tour-res.cloudinary.com/image/upload/c_fill,d_headshots_default.png,dpr_2.0,f_auto,g_face:center,h_350,q_auto,w_280/headshots_29725.png"
Davis Thompson,Early,2026-10-09 09:29,FRL,,,,,,,,,,,,,,,,,,47,34,,0,Good Bet,0,, (0/1),,,452,1.0000,1,Yokohama Country Club (West Course),0.00,,0.000,0.0001597003762,0.0001597003762,"https://pga-tour-res.cloudinary.com/image/upload/c_fill,d_headshots_default.png,dpr_2.0,f_auto,g_face:center,h_350,q_auto,w_280/headshots_58168.png"
Taylor Moore,Early,2026-10-09 08:56,FRL,,,,,,,,,,,,,,,,,,59,55,,0,Good Bet,0,, (0/1),,,452,1.0000,1,Yokohama Country Club (West Course),0.00,,0.000,0.000004590567416,0.000004590567416,"https://pga-tour-res.cloudinary.com/image/upload/c_fill,d_headshots_default.png,dpr_2.0,f_auto,g_face:center,h_350,q_auto,w_280/headshots_49947.png"
Nick Taylor,Late,2026-10-09 10:35,FRL,,,,,,,,,,,,,,,,,,53,51,,0,Good Bet,0,, (0/1),,,452,1.0000,1,Yokohama Country Club (West Course),0.00,,0.000,0.000009025554787,0.000009025554787,"https://pga-tour-res.cloudinary.com/image/upload/c_fill,d_headshots_default.png,dpr_2.0,f_auto,g_face:center,h_350,q_auto,w_280/headshots_25493.png"
Kevin Yu,Early,2026-10-09 09:18,FRL,,,,,,,,,,,,,,,,,,31,19,,0,Good Bet,0,, (0/1),,,452,1.0000,1,Yokohama Country Club (West Course),0.00,,0.002,0.002015274471,0.002015274471,"https://pga-tour-res.cloudinary.com/image/upload/c_fill,d_headshots_default.png,dpr_2.0,f_auto,g_face:center,h_350,q_auto,w_280/headshots_45242.png"
Rickie Fowler,Early,2026-10-09 09:29,FRL,,,,,,,,,,,,,,,,,,35,17,,0,Good Bet,0,, (0/1),,,452,1.0000,1,Yokohama Country Club (West Course),0.00,,0.003,0.002825777559,0.002825777559,"https://pga-tour-res.cloudinary.com/image/upload/c_fill,d_headshots_default.png,dpr_2.0,f_auto,g_face:center,h_350,q_auto,w_280/headshots_32102.png"
Steven Fisk,Early,2026-10-09 09:07,FRL,,,,,,,,,,,,,,,,,,52,39,,0,Good Bet,0,, (0/1),,,452,1.0000,1,Yokohama Country Club (West Course),0.00,,0.000,0.00006859564088,0.00006859564088,"https://pga-tour-res.cloudinary.com/image/upload/c_fill,d_headshots_default.png,dpr_2.0,f_auto,g_face:center,h_350,q_auto,w_280/headshots_57123.png"
Kosuke Sunagawa,Late,2026-10-09 10:46,FRL,,,,,,,,,,,,,,,,,,63,70,,0,Good Bet,0,, (0/1),,,452,1.0000,1,Yokohama Country Club (West Course),0.00,,0.000,0.0000003637794029,0.0000003637794029,https://www.freeiconspng.com/uploads/--tie-user-users-work-worker-working-icon--icon-search-engine-6.png
Yusaku Hosono,Early,2026-10-09 08:56,FRL,,,,,,,,,,,,,,,,,,68,65,,0,Good Bet,0,, (0/1),,,452,1.0000,1,Yokohama Country Club (West Course),0.00,,0.000,0.0000008469300202,0.0000008469300202,"https://pga-tour-res.cloudinary.com/image/upload/c_fill,d_headshots_default.png,dpr_2.0,f_auto,g_face:center,h_350,q_auto,w_280/headshots_56165.png"
Tomohiro Ishizaka,Early,2026-10-09 09:07,FRL,,,,,,,,,,,,,,,,,,69,69,,0,Good Bet,0,, (0/1),,,452,1.0000,1,Yokohama Country Club (West Course),0.00,,0.000,0.0000004307645841,0.0000004307645841,https://www.freeiconspng.com/uploads/--tie-user-users-work-worker-working-icon--icon-search-engine-6.png
Taylor Pendrith,Late,2026-10-09 10:35,FRL,,,,,,,,,,,,,,,,,,60,54,,0,Good Bet,0,, (0/1),,,452,1.0000,1,Yokohama Country Club (West Course),0.00,,0.000,0.000005435859887,0.000005435859887,"https://pga-tour-res.cloudinary.com/image/upload/c_fill,d_headshots_default.png,dpr_2.0,f_auto,g_face:center,h_350,q_auto,w_280/headshots_40250.png"
Rasmus Neergaard-Petersen,Early,2026-10-09 08:45,FRL,,,,,,,,,,,,,,,,,,58,46,,0,Good Bet,0,, (0/1),,,452,1.0000,1,Yokohama Country Club (West Course),0.00,,0.000,0.00002101277103,0.00002101277103,"https://pga-tour-res.cloudinary.com/image/upload/c_fill,d_headshots_default.png,dpr_2.0,f_auto,g_face:center,h_350,q_auto,w_280/headshots_52689.png"
Sahith Theegala,Early,2026-10-09 09:07,FRL,,,,,,,,,,,,,,,,,,54,40,,0,Good Bet,0,, (0/1),,,452,1.0000,1,Yokohama Country Club (West Course),0.00,,0.000,0.00005792881355,0.00005792881355,"https://pga-tour-res.cloudinary.com/image/upload/c_fill,d_headshots_default.png,dpr_2.0,f_auto,g_face:center,h_350,q_auto,w_280/headshots_51634.png"
Sang-hee Lee,Late,2026-10-09 10:02,FRL,,,,,,,,,,,,,,,,,,67,67,,0,Good Bet,0,, (0/1),,,452,1.0000,1,Yokohama Country Club (West Course),0.00,,0.000,0.000000604009485,0.000000604009485,"https://pga-tour-res.cloudinary.com/image/upload/c_fill,d_headshots_default.png,dpr_2.0,f_auto,g_face:center,h_350,q_auto,w_280/headshots_33232.png"
Patrick Rodgers,Early,2026-10-09 08:56,FRL,,,,,,,,,,,,,,,,,,64,64,,0,Good Bet,0,, (0/1),,,452,1.0000,1,Yokohama Country Club (West Course),0.00,,0.000,0.000001002881018,0.000001002881018,"https://pga-tour-res.cloudinary.com/image/upload/c_fill,d_headshots_default.png,dpr_2.0,f_auto,g_face:center,h_350,q_auto,w_280/headshots_36699.png"
Koshin Nagasaki,Early,2026-10-09 09:40,FRL,,,,,,,,,,,,,,,,,,72,72,,0,Good Bet,0,, (0/1),,,452,1.0000,1,Yokohama Country Club (West Course),0.00,,0.000,0.0000002594384477,0.0000002594384477,https://www.freeiconspng.com/uploads/--tie-user-users-work-worker-working-icon--icon-search-engine-6.png
Yoshinori Fujimoto,Early,2026-10-09 08:45,FRL,,,,,,,,,,,,,,,,,,71,71,,0,Good Bet,0,, (0/1),,,452,1.0000,1,Yokohama Country Club (West Course),0.00,,0.000,0.0000003072106177,0.0000003072106177,https://www.freeiconspng.com/uploads/--tie-user-users-work-worker-working-icon--icon-search-engine-6.png
Aguri Iwasaki,Early,2026-10-09 08:56,FRL,,,,,,,,,,,,,,,,,,70,68,,0,Good Bet,0,, (0/1),,,452,1.0000,1,Yokohama Country Club (West Course),0.00,,0.000,0.0000005100842035,0.0000005100842035,https://www.freeiconspng.com/uploads/--tie-user-users-work-worker-working-icon--icon-search-engine-6.png
Jinichiro Kozuma,Late,2026-10-09 10:46,FRL,,,,,,,,,,,,,,,,,,66,61,,0,Good Bet,0,, (0/1),,,452,1.0000,1,Yokohama Country Club (West Course),0.00,,0.000,0.000001665156527,0.000001665156527,"https://pga-tour-res.cloudinary.com/image/upload/c_fill,d_headshots_default.png,dpr_2.0,f_auto,g_face:center,h_350,q_auto,w_280/headshots_33689.png"
Aldrich Potgieter,Late,2026-10-09 10:35,FRL,,,,,,,,,,,,,,,,,,62,57,,0,Good Bet,0,, (0/1),,,452,1.0000,1,Yokohama Country Club (West Course),0.00,,0.000,0.000003273878827,0.000003273878827,"https://pga-tour-res.cloudinary.com/image/upload/c_fill,d_headshots_default.png,dpr_2.0,f_auto,g_face:center,h_350,q_auto,w_280/headshots_63343.png"
Tom Hoge,Early,2026-10-09 09:29,FRL,,,,,,,,,,,,,,,,,,65,60,,0,Good Bet,0,, (0/1),,,452,1.0000,1,Yokohama Country Club (West Course),0.00,,0.000,0.00000197177315,0.00000197177315,"https://pga-tour-res.cloudinary.com/image/upload/c_fill,d_headshots_default.png,dpr_2.0,f_auto,g_face:center,h_350,q_auto,w_280/headshots_35532.png"
 ,,,FRL,0,0,0,0,0,0,0,0,0,0,0,0,0,0,,0,,,,,0,,0, BET365, BET365 (0/1),,,452,1.0000,1,Yokohama Country Club (West Course),,,0.000,,,
 ,,,FRL,0,0,0,0,0,0,0,0,0,0,0,0,0,0,,0,,,,,0,,0, BET365, BET365 (0/1),,,452,1.0000,1,Yokohama Country Club (West Course),,,0.000,,,
 ,,,FRL,0,0,0,0,0,0,0,0,0,0,0,0,0,0,,0,,,,,0,,0, BET365, BET365 (0/1),,,452,1.0000,1,Yokohama Country Club (West Course),,,0.000,,,
 ,,,FRL,0,0,0,0,0,0,0,0,0,0,0,0,0,0,,0,,,,,0,,0, BET365, BET365 (0/1),,,452,1.0000,1,Yokohama Country Club (West Course),,,0.000,,,
 ,,,FRL,0,0,0,0,0,0,0,0,0,0,0,0,0,0,,0,,,,,0,,0, BET365, BET365 (0/1),,,452,1.0000,1,Yokohama Country Club (West Course),,,0.000,,,
 ,,,FRL,0,0,0,0,0,0,0,0,0,0,0,0,0,0,,0,,,,,0,,0, BET365, BET365 (0/1),,,452,1.0000,1,Yokohama Country Club (West Course),,,0.000,,,
 ,,,FRL,0,0,0,0,0,0,0,0,0,0,0,0,0,0,,0,,,,,0,,0, BET365, BET365 (0/1),,,452,1.0000,1,Yokohama Country Club (West Course),,,0.000,,,
 ,,,FRL,0,0,0,0,0,0,0,0,0,0,0,0,0,0,,0,,,,,0,,0, BET365, BET365 (0/1),,,452,1.0000,1,Yokohama Country Club (West Course),,,0.000,,,
 ,,,FRL,0,0,0,0,0,0,0,0,0,0,0,0,0,0,,0,,,,,0,,0, BET365, BET365 (0/1),,,452,1.0000,1,Yokohama Country Club (West Course),,,0.000,,,
 ,,,FRL,0,0,0,0,0,0,0,0,0,0,0,0,0,0,,0,,,,,0,,0, BET365, BET365 (0/1),,,452,1.0000,1,Yokohama Country Club (West Course),,,0.000,,,
 ,,,FRL,0,0,0,0,0,0,0,0,0,0,0,0,0,0,,0,,,,,0,,0, BET365, BET365 (0/1),,,452,1.0000,1,Yokohama Country Club (West Course),,,0.000,,,
 ,,,FRL,0,0,0,0,0,0,0,0,0,0,0,0,0,0,,0,,,,,0,,0, BET365, BET365 (0/1),,,452,1.0000,1,Yokohama Country Club (West Course),,,0.000,,,
 ,,,FRL,0,0,0,0,0,0,0,0,0,0,0,0,0,0,,0,,,,,0,,0, BET365, BET365 (0/1),,,452,1.0000,1,Yokohama Country Club (West Course),,,0.000,,,
 ,,,FRL,0,0,0,0,0,0,0,0,0,0,0,0,0,0,,0,,,,,0,,0, BET365, BET365 (0/1),,,452,1.0000,1,Yokohama Country Club (West Course),,,0.000,,,
 ,,,FRL,0,0,0,0,0,0,0,0,0,0,0,0,0,0,,0,,,,,0,,0, BET365, BET365 (0/1),,,452,1.0000,1,Yokohama Country Club (West Course),,,0.000,,,
 ,,,FRL,0,0,0,0,0,0,0,0,0,0,0,0,0,0,,0,,,,,0,,0, BET365, BET365 (0/1),,,452,1.0000,1,Yokohama Country Club (West Course),,,0.000,,,
 ,,,FRL,0,0,0,0,0,0,0,0,0,0,0,0,0,0,,0,,,,,0,,0, BET365, BET365 (0/1),,,452,1.0000,1,Yokohama Country Club (West Course),,,0.000,,,
 ,,,FRL,0,0,0,0,0,0,0,0,0,0,0,0,0,0,,0,,,,,0,,0, BET365, BET365 (0/1),,,452,1.0000,1,Yokohama Country Club (West Course),,,0.000,,,
 ,,,FRL,0,0,0,0,0,0,0,0,0,0,0,0,0,0,,0,,,,,0,,0, BET365, BET365 (0/1),,,452,1.0000,1,Yokohama Country Club (West Course),,,0.000,,,
 ,,,FRL,0,0,0,0,0,0,0,0,0,0,0,0,0,0,,0,,,,,0,,0, BET365, BET365 (0/1),,,452,1.0000,1,Yokohama Country Club (West Course),,,0.000,,,
 ,,,FRL,0,0,0,0,0,0,0,0,0,0,0,0,0,0,,0,,,,,0,,0, BET365, BET365 (0/1),,,452,1.0000,1,Yokohama Country Club (West Course),,,0.000,,,
 ,,,FRL,0,0,0,0,0,0,0,0,0,0,0,0,0,0,,0,,,,,0,,0, BET365, BET365 (0/1),,,452,1.0000,1,Yokohama Country Club (West Course),,,0.000,,,
 ,,,FRL,0,0,0,0,0,0,0,0,0,0,0,0,0,0,,0,,,,,0,,0, BET365, BET365 (0/1),,,452,1.0000,1,Yokohama Country Club (West Course),,,0.000,,,
 ,,,FRL,0,0,0,0,0,0,0,0,0,0,0,0,0,0,,0,,,,,0,,0, BET365, BET365 (0/1),,,452,1.0000,1,Yokohama Country Club (West Course),,,0.000,,,
 ,,,FRL,0,0,0,0,0,0,0,0,0,0,0,0,0,0,,0,,,,,0,,0, BET365, BET365 (0/1),,,452,1.0000,1,Yokohama Country Club (West Course),,,0.000,,,
 ,,,FRL,0,0,0,0,0,0,0,0,0,0,0,0,0,0,,0,,,,,0,,0, BET365, BET365 (0/1),,,452,1.0000,1,Yokohama Country Club (West Course),,,0.000,,,
 ,,,FRL,0,0,0,0,0,0,0,0,0,0,0,0,0,0,,0,,,,,0,,0, BET365, BET365 (0/1),,,452,1.0000,1,Yokohama Country Club (West Course),,,0.000,,,
 ,,,FRL,0,0,0,0,0,0,0,0,0,0,0,0,0,0,,0,,,,,0,,0, BET365, BET365 (0/1),,,452,1.0000,1,Yokohama Country Club (West Course),,,0.000,,,
 ,,,FRL,0,0,0,0,0,0,0,0,0,0,0,0,0,0,,0,,,,,0,,0, BET365, BET365 (0/1),,,452,1.0000,1,Yokohama Country Club (West Course),,,0.000,,,
 ,,,FRL,0,0,0,0,0,0,0,0,0,0,0,0,0,0,,0,,,,,0,,0, BET365, BET365 (0/1),,,452,1.0000,1,Yokohama Country Club (West Course),,,0.000,,,
 ,,,FRL,0,0,0,0,0,0,0,0,0,0,0,0,0,0,,0,,,,,0,,0, BET365, BET365 (0/1),,,452,1.0000,1,Yokohama Country Club (West Course),,,0.000,,,
 ,,,FRL,0,0,0,0,0,0,0,0,0,0,0,0,0,0,,0,,,,,0,,0, BET365, BET365 (0/1),,,452,1.0000,1,Yokohama Country Club (West Course),,,0.000,,,
 ,,,FRL,0,0,0,0,0,0,0,0,0,0,0,0,0,0,,0,,,,,0,,0, BET365, BET365 (0/1),,,452,1.0000,1,Yokohama Country Club (West Course),,,0.000,,,
 ,,,FRL,0,0,0,0,0,0,0,0,0,0,0,0,0,0,,0,,,,,0,,0, BET365, BET365 (0/1),,,452,1.0000,1,Yokohama Country Club (West Course),,,0.000,,,
 ,,,FRL,0,0,0,0,0,0,0,0,0,0,0,0,0,0,,0,,,,,0,,0, BET365, BET365 (0/1),,,452,1.0000,1,Yokohama Country Club (West Course),,,0.000,,,
 ,,,FRL,0,0,0,0,0,0,0,0,0,0,0,0,0,0,,0,,,,,0,,0, BET365, BET365 (0/1),,,452,1.0000,1,Yokohama Country Club (West Course),,,0.000,,,
 ,,,FRL,0,0,0,0,0,0,0,0,0,0,0,0,0,0,,0,,,,,0,,0, BET365, BET365 (0/1),,,452,1.0000,1,Yokohama Country Club (West Course),,,0.000,,,
 ,,,FRL,0,0,0,0,0,0,0,0,0,0,0,0,0,0,,0,,,,,0,,0, BET365, BET365 (0/1),,,452,1.0000,1,Yokohama Country Club (West Course),,,0.000,,,
 ,,,FRL,0,0,0,0,0,0,0,0,0,0,0,0,0,0,,0,,,,,0,,0, BET365, BET365 (0/1),,,452,1.0000,1,Yokohama Country Club (West Course),,,0.000,,,
 ,,,FRL,0,0,0,0,0,0,0,0,0,0,0,0,0,0,,0,,,,,0,,0, BET365, BET365 (0/1),,,452,1.0000,1,Yokohama Country Club (West Course),,,0.000,,,
 ,,,FRL,0,0,0,0,0,0,0,0,0,0,0,0,0,0,,0,,,,,0,,0, BET365, BET365 (0/1),,,452,1.0000,1,Yokohama Country Club (West Course),,,0.000,,,
 ,,,FRL,0,0,0,0,0,0,0,0,0,0,0,0,0,0,,0,,,,,0,,0, BET365, BET365 (0/1),,,452,1.0000,1,Yokohama Country Club (West Course),,,0.000,,,
 ,,,FRL,0,0,0,0,0,0,0,0,0,0,0,0,0,0,,0,,,,,0,,0, BET365, BET365 (0/1),,,452,1.0000,1,Yokohama Country Club (West Course),,,0.000,,,
 ,,,FRL,0,0,0,0,0,0,0,0,0,0,0,0,0,0,,0,,,,,0,,0, BET365, BET365 (0/1),,,452,1.0000,1,Yokohama Country Club (West Course),,,0.000,,,
 ,,,FRL,0,0,0,0,0,0,0,0,0,0,0,0,0,0,,0,,,,,0,,0, BET365, BET365 (0/1),,,452,1.0000,1,Yokohama Country Club (West Course),,,0.000,,,
 ,,,FRL,0,0,0,0,0,0,0,0,0,0,0,0,0,0,,0,,,,,0,,0, BET365, BET365 (0/1),,,452,1.0000,1,Yokohama Country Club (West Course),,,0.000,,,
 ,,,FRL,0,0,0,0,0,0,0,0,0,0,0,0,0,0,,0,,,,,0,,0, BET365, BET365 (0/1),,,452,1.0000,1,Yokohama Country Club (West Course),,,0.000,,,
 ,,,FRL,0,0,0,0,0,0,0,0,0,0,0,0,0,0,,0,,,,,0,,0, BET365, BET365 (0/1),,,452,1.0000,1,Yokohama Country Club (West Course),,,0.000,,,
 ,,,FRL,0,0,0,0,0,0,0,0,0,0,0,0,0,0,,0,,,,,0,,0, BET365, BET365 (0/1),,,452,1.0000,1,Yokohama Country Club (West Course),,,0.000,,,
 ,,,FRL,0,0,0,0,0,0,0,0,0,0,0,0,0,0,,0,,,,,0,,0, BET365, BET365 (0/1),,,452,1.0000,1,Yokohama Country Club (West Course),,,0.000,,,
 ,,,FRL,0,0,0,0,0,0,0,0,0,0,0,0,0,0,,0,,,,,0,,0, BET365, BET365 (0/1),,,452,1.0000,1,Yokohama Country Club (West Course),,,0.000,,,
 ,,,FRL,0,0,0,0,0,0,0,0,0,0,0,0,0,0,,0,,,,,0,,0, BET365, BET365 (0/1),,,452,1.0000,1,Yokohama Country Club (West Course),,,0.000,,,
 ,,,FRL,0,0,0,0,0,0,0,0,0,0,0,0,0,0,,0,,,,,0,,0, BET365, BET365 (0/1),,,452,1.0000,1,Yokohama Country Club (West Course),,,0.000,,,
 ,,,FRL,0,0,0,0,0,0,0,0,0,0,0,0,0,0,,0,,,,,0,,0, BET365, BET365 (0/1),,,452,1.0000,1,Yokohama Country Club (West Course),,,0.000,,,
 ,,,FRL,0,0,0,0,0,0,0,0,0,0,0,0,0,0,,0,,,,,0,,0, BET365, BET365 (0/1),,,452,1.0000,1,Yokohama Country Club (West Course),,,0.000,,,
 ,,,FRL,0,0,0,0,0,0,0,0,0,0,0,0,0,0,,0,,,,,0,,0, BET365, BET365 (0/1),,,452,1.0000,1,Yokohama Country Club (West Course),,,0.000,,,
 ,,,FRL,0,0,0,0,0,0,0,0,0,0,0,0,0,0,,0,,,,,0,,0, BET365, BET365 (0/1),,,452,1.0000,1,Yokohama Country Club (West Course),,,0.000,,,
 ,,,FRL,0,0,0,0,0,0,0,0,0,0,0,0,0,0,,0,,,,,0,,0, BET365, BET365 (0/1),,,452,1.0000,1,Yokohama Country Club (West Course),,,0.000,,,
 ,,,FRL,0,0,0,0,0,0,0,0,0,0,0,0,0,0,,0,,,,,0,,0, BET365, BET365 (0/1),,,452,1.0000,1,Yokohama Country Club (West Course),,,0.000,,,
 ,,,FRL,0,0,0,0,0,0,0,0,0,0,0,0,0,0,,0,,,,,0,,0, BET365, BET365 (0/1),,,452,1.0000,1,Yokohama Country Club (West Course),,,0.000,,,
 ,,,FRL,0,0,0,0,0,0,0,0,0,0,0,0,0,0,,0,,,,,0,,0, BET365, BET365 (0/1),,,452,1.0000,1,Yokohama Country Club (West Course),,,0.000,,,
 ,,,FRL,0,0,0,0,0,0,0,0,0,0,0,0,0,0,,0,,,,,0,,0, BET365, BET365 (0/1),,,452,1.0000,1,Yokohama Country Club (West Course),,,0.000,,,
 ,,,FRL,0,0,0,0,0,0,0,0,0,0,0,0,0,0,,0,,,,,0,,0, BET365, BET365 (0/1),,,452,1.0000,1,Yokohama Country Club (West Course),,,0.000,,,
 ,,,FRL,0,0,0,0,0,0,0,0,0,0,0,0,0,0,,0,,,,,0,,0, BET365, BET365 (0/1),,,452,1.0000,1,Yokohama Country Club (West Course),,,0.000,,,
 ,,,FRL,0,0,0,0,0,0,0,0,0,0,0,0,0,0,,0,,,,,0,,0, BET365, BET365 (0/1),,,452,1.0000,1,Yokohama Country Club (West Course),,,0.000,,,
 ,,,FRL,0,0,0,0,0,0,0,0,0,0,0,0,0,0,,0,,,,,0,,0, BET365, BET365 (0/1),,,452,1.0000,1,Yokohama Country Club (West Course),,,0.000,,,
 ,,,FRL,0,0,0,0,0,0,0,0,0,0,0,0,0,0,,0,,,,,0,,0, BET365, BET365 (0/1),,,452,1.0000,1,Yokohama Country Club (West Course),,,0.000,,,
 ,,,FRL,0,0,0,0,0,0,0,0,0,0,0,0,0,0,,0,,,,,0,,0, BET365, BET365 (0/1),,,452,1.0000,1,Yokohama Country Club (West Course),,,0.000,,,
 ,,,FRL,0,0,0,0,0,0,0,0,0,0,0,0,0,0,,0,,,,,0,,0, BET365, BET365 (0/1),,,452,1.0000,1,Yokohama Country Club (West Course),,,0.000,,,
 ,,,FRL,0,0,0,0,0,0,0,0,0,0,0,0,0,0,,0,,,,,0,,0, BET365, BET365 (0/1),,,452,1.0000,1,Yokohama Country Club (West Course),,,0.000,,,
 ,,,FRL,0,0,0,0,0,0,0,0,0,0,0,0,0,0,,0,,,,,0,,0, BET365, BET365 (0/1),,,452,1.0000,1,Yokohama Country Club (West Course),,,0.000,,,
 ,,,FRL,0,0,0,0,0,0,0,0,0,0,0,0,0,0,,0,,,,,0,,0, BET365, BET365 (0/1),,,452,1.0000,1,Yokohama Country Club (West Course),,,0.000,,,
 ,,,FRL,0,0,0,0,0,0,0,0,0,0,0,0,0,0,,0,,,,,0,,0, BET365, BET365 (0/1),,,452,1.0000,1,Yokohama Country Club (West Course),,,0.000,,,
 ,,,FRL,0,0,0,0,0,0,0,0,0,0,0,0,0,0,,0,,,,,0,,0, BET365, BET365 (0/1),,,452,1.0000,1,Yokohama Country Club (West Course),,,0.000,,,
 ,,,FRL,0,0,0,0,0,0,0,0,0,0,0,0,0,0,,0,,,,,0,,0, BET365, BET365 (0/1),,,452,1.0000,1,Yokohama Country Club (West Course),,,0.000,,,
 ,,,FRL,0,0,0,0,0,0,0,0,0,0,0,0,0,0,,0,,,,,0,,0, BET365, BET365 (0/1),,,452,1.0000,1,Yokohama Country Club (West Course),,,0.000,,,
 ,,,FRL,0,0,0,0,0,0,0,0,0,0,0,0,0,0,,0,,,,,0,,0, BET365, BET365 (0/1),,,452,1.0000,1,Yokohama Country Club (West Course),,,0.000,,,
 ,,,FRL,0,0,0,0,0,0,0,0,0,0,0,0,0,0,,0,,,,,0,,0, BET365, BET365 (0/1),,,452,1.0000,1,Yokohama Country Club (West Course),,,0.000,,,
 ,,,FRL,0,0,0,0,0,0,0,0,0,0,0,0,0,0,,0,,,,,0,,0, BET365, BET365 (0/1),,,452,1.0000,1,Yokohama Country Club (West Course),,,0.000,,,
 ,,,FRL,0,0,0,0,0,0,0,0,0,0,0,0,0,0,,0,,,,,0,,0, BET365, BET365 (0/1),,,452,1.0000,1,Yokohama Country Club (West Course),,,0.000,,,
 ,,,FRL,0,0,0,0,0,0,0,0,0,0,0,0,0,0,,0,,,,,0,,0, BET365, BET365 (0/1),,,452,1.0000,1,Yokohama Country Club (West Course),,,0.000,,,
 ,,,FRL,0,0,0,0,0,0,0,0,0,0,0,0,0,0,,0,,,,,0,,0, BET365, BET365 (0/1),,,452,1.0000,1,Yokohama Country Club (West Course),,,0.000,,,
 ,,,FRL,0,0,0,0,0,0,0,0,0,0,0,0,0,0,,0,,,,,0,,0, BET365, BET365 (0/1),,,452,1.0000,1,Yokohama Country Club (West Course),,,0.000,,,
 ,,,FRL,0,0,0,0,0,0,0,0,0,0,0,0,0,0,,0,,,,,0,,0, BET365, BET365 (0/1),,,452,1.0000,1,Yokohama Country Club (West Course),,,0.000,,,
 ,,,FRL,,,,,,,,,,,,,,,,,,,,,0,,0,, (0/1),,,452,1.0000,1,Yokohama Country Club (West Course),,,0.00,,,
 ,,,FRL,,,,,,,,,,,,,,,,,,,,,0,,0,, (0/1),,,452,1.0000,1,Yokohama Country Club (West Course),,,0.00,,,
 ,,,FRL,,,,,,,,,,,,,,,,,,,,,0,,0,, (0/1),,,452,1.0000,1,Yokohama Country Club (West Course),,,0.00,,,
 ,,,FRL,,,,,,,,,,,,,,,,,,,,,0,,0,, (0/1),,,452,1.0000,1,Yokohama Country Club (West Course),,,0.00,,,
,,,,,,,,,,,,,,,,,,,,,,,,0,,0,, (0/1),,,452,1.0000,1,TBD,,,0.00,,,