Rank,EntryId,EntryName,TimeRemaining,Points,Lineup,,Player,Roster Position,%Drafted,FPTS,,,,,,,,,,,,,,
1,5202572056,ILoveRory,364,139.5,G Xander Schauffele G Si Woo Kim G Rickie Fowler G Davis Thompson G Michael Kim G Emiliano Grillo,,Chris Gotterup,G,32.23%,17,,Xander,Schauffele,Si,Woo,Kim,Rickie,Fowler,Davis,Thompson,Michael,Kim,Emiliano,rillo
2,5203231051,KidTycoon,376,137,G Wyndham Clark G Jake Knapp G Ryan Gerard G Rickie Fowler G Keegan Bradley G Kevin Yu,,Cameron Young,G,30.70%,0,,,,,,,,,,,,,,
3,5201442257,billstock75,371,136,G Xander Schauffele G Jackson Koivun G Rickie Fowler G Ryo Hisatsune G Michael Kim G Emiliano Grillo,,Jake Knapp,G,29.25%,0,,,,,,,,,,,,,,
4,5200707485,KC_Ed,365,134.5,G Benjamin James G Christiaan Bezuidenhout G Michael Kim G Kevin Yu G Nick Taylor G Emiliano Grillo,,Hideki Matsuyama,G,24.56%,0,,,,,,,,,,,,,,
5,5202219356,shakedown55,375,133,G Xander Schauffele G Chris Gotterup G Rickie Fowler G Keegan Bradley G Tony Finau G Sungjae Im,,Si Woo Kim,G,24.18%,13.5,,,,,,,,,,,,,,
5,5203179702,shuffy2300,374,133,G Cameron Young G Ryan Gerard G Akshay Bhatia G Rickie Fowler G Michael Kim G Emiliano Grillo,,Ben Kohles,G,23.86%,0,,,,,,,,,,,,,,
7,5201911926,RodOloteo,386,131,G Cameron Young G Jackson Koivun G Akshay Bhatia G Rickie Fowler G Ryo Hisatsune G Peter Malnati,,Ryan Gerard,G,21.59%,16,,,,,,,,,,,,,,
7,5201040704,rugjeff,368,131,G Chris Gotterup G Jackson Koivun G Wyndham Clark G Rickie Fowler G William Mouw G Gordon Sargent,,Jacob Bridgeman,G,21.40%,0,,,,,,,,,,,,,,
9,5203153082,Richskin94,361,130.5,G Chris Gotterup G Wyndham Clark G Ryan Gerard G Keegan Bradley G Christiaan Bezuidenhout G Emiliano Grillo,,Wyndham Clark,G,20.73%,17,,,,,,,,,,,,,,
10,5202183517,GronkMonster87,373,127.5,G Chris Gotterup G Wyndham Clark G Rickie Fowler G Keegan Bradley G Jordan Spieth G Christiaan Bezuidenhout,,Jackson Koivun,G,18.63%,18.5,,,,,,,,,,,,,,
11,5201747083,Taos22,372,126.5,G Xander Schauffele G Chris Gotterup G Rickie Fowler G Keegan Bradley G Pierceson Coody G Pontus Nyholm,,Jackson Suber,G,16.80%,0,,,,,,,,,,,,,,
11,5202855831,timothyandstacy,372,126.5,G Chris Gotterup G Si Woo Kim G Nicolai Højgaard G Keegan Bradley G Christiaan Bezuidenhout G Michael Kim,,Ryo Hisatsune,G,16.65%,0,,,,,,,,,,,,,,
11,5202413426,wahooszee,361,126.5,G Chris Gotterup G Jackson Koivun G Ryan Gerard G Rickie Fowler G Emiliano Grillo G Zac Blair,,Russell Henley,G,14.99%,0,,,,,,,,,,,,,,
14,5203221977,TheSkovietUnion,358,125.5,G Xander Schauffele G Chris Gotterup G Keegan Bradley G Eric Cole G Christiaan Bezuidenhout G Emiliano Grillo,,Akshay Bhatia,G,14.76%,12,,,,,,,,,,,,,,
15,5203235581,chrisgillbilly,378,125,G Chris Gotterup G Akshay Bhatia G Rickie Fowler G Jordan Spieth G Stephan Jaeger G Tony Finau,,Davis Thompson,G,13.65%,8.5,,,,,,,,,,,,,,
16,5201671289,4grlslhmt,373,124.5,G Si Woo Kim G Jake Knapp G Ryan Gerard G Rickie Fowler G Eric Cole G Michael Kim,,J.J. Spaun,G,13.06%,0,,,,,,,,,,,,,,
17,5202619100,muttbunky26,385,123.5,G Cameron Young G J.J. Spaun G Rickie Fowler G Keegan Bradley G Eric Cole G Stephan Jaeger,,Rickie Fowler,G,12.91%,38.5,,,,,,,,,,,,,,
18,5200652214,notthisyear,385,122.5,G Si Woo Kim G Hideki Matsuyama G Jake Knapp G Rickie Fowler G Michael Kim G Chris Kirk,,Ben Griffin,G,12.09%,0,,,,,,,,,,,,,,
19,5200659679,JDW1980,372,121.5,G Chris Gotterup G Ryan Gerard G Akshay Bhatia G Rickie Fowler G Benjamin James G Chris Kirk,,Xander Schauffele,G,10.70%,12.5,,,,,,,,,,,,,,
20,5202444385,joe_1995_c,374,121,G Xander Schauffele G Ryan Gerard G Rickie Fowler G Keegan Bradley G Jordan Spieth G Eric Cole,,Corey Conners,G,10.47%,0,,,,,,,,,,,,,,
21,5201340846,wahoo21,386,120.5,G Cameron Young G Si Woo Kim G Ben Griffin G Rickie Fowler G Chandler Phillips G Peter Malnati,,Michael Thorbjornsen,G,10.05%,0,,,,,,,,,,,,,,
22,5202733604,thammack,384,118.5,G Russell Henley G Hideki Matsuyama G Rickie Fowler G Keegan Bradley G Christiaan Bezuidenhout G Ricky Castillo,,Nicolai Højgaard,G,9.42%,0,,,,,,,,,,,,,,
22,5200802937,theNastyNatty,383,118.5,G Xander Schauffele G Ben Griffin G Jake Knapp G Keegan Bradley G Michael Kim G Tony Finau,,Michael Brennan,G,9.38%,0,,,,,,,,,,,,,,
22,5200786718,kmdilsaver,375,118.5,G Chris Gotterup G Wyndham Clark G Michael Thorbjornsen G Rickie Fowler G Keegan Bradley G William Mouw,,Patrick Cantlay,G,9.19%,0,,,,,,,,,,,,,,
22,5202156716,Keroppi613,365,118.5,G Xander Schauffele G Jackson Koivun G Akshay Bhatia G Keegan Bradley G Aldrich Potgieter G Chris Kirk,,Rasmus Neergaard-Petersen,G,8.96%,0,,,,,,,,,,,,,,
26,5203120500,BeanosEmpire,365,117,G Xander Schauffele G Jackson Koivun G Akshay Bhatia G Rickie Fowler G Stephan Jaeger G Austin Smotherman,,Chandler Phillips,G,8.52%,6.5,,,,,,,,,,,,,,
27,5202577766,1974hammer,398,116.5,G Cameron Young G Russell Henley G Hideki Matsuyama G Rickie Fowler G Nick Taylor G Peter Malnati,,Christiaan Bezuidenhout,G,7.76%,16.5,,,,,,,,,,,,,,
27,5202176311,Rusch,378,116.5,G Cameron Young G Si Woo Kim G Rickie Fowler G Davis Thompson G Tony Finau G Chris Kirk,,Keegan Bradley,G,7.02%,38.5,,,,,,,,,,,,,,
29,5202912140,jcav,372,116,G Xander Schauffele G Jackson Koivun G Jake Knapp G Rickie Fowler G Chris Kirk G Joel Dahmen,,Emiliano Grillo,G,6.75%,25.5,,,,,,,,,,,,,,
30,5203030562,KJGeezy2,376,115.5,G Xander Schauffele G Chris Gotterup G Rickie Fowler G Corey Conners G Christiaan Bezuidenhout G Stephan Jaeger,,Zac Blair,G,6.37%,11,,,,,,,,,,,,,,
30,5201230037,chim91,375,115.5,G Wyndham Clark G Russell Henley G Akshay Bhatia G Rickie Fowler G Keegan Bradley G Andrew Novak,,Sungjae Im,G,6.18%,0,,,,,,,,,,,,,,
30,5202657883,Redtrash,371,115.5,G Si Woo Kim G Jackson Koivun G Wyndham Clark G Ben Kohles G Michael Kim G Emiliano Grillo,,Eric Cole,G,6.16%,15.5,,,,,,,,,,,,,,
33,5202383830,jthesaint,376,115,G Xander Schauffele G Ryan Gerard G Michael Thorbjornsen G Rickie Fowler G Keegan Bradley G Andrew Novak,,Johnny Keefer,G,6.16%,14,,,,,,,,,,,,,,
33,5202745506,ckarren,372,115,G Si Woo Kim G Jackson Koivun G Wyndham Clark G Rasmus Neergaard-Petersen G Michael Kim G Ricky Castillo,,Denny McCarthy,G,5.45%,0,,,,,,,,,,,,,,
33,5200873441,blinks80,371,115,G Chris Gotterup G Wyndham Clark G Hideki Matsuyama G Rickie Fowler G Emiliano Grillo G Joel Dahmen,,Jordan L. Smith,G,4.81%,0,,,,,,,,,,,,,,
33,5202354702,Swicky92,362,115,G Chris Gotterup G Si Woo Kim G Wyndham Clark G Kevin Yu G Chris Kirk G Zac Blair,,Nick Taylor,G,4.14%,16,,,,,,,,,,,,,,
37,5202921445,deg123,375,114.5,G Xander Schauffele G Patrick Cantlay G Akshay Bhatia G Keegan Bradley G Ricky Castillo G Tony Finau,,Chris Kirk,G,4.08%,29.5,,,,,,,,,,,,,,
38,5201503011,PhillySpecial93,375,114,G Chris Gotterup G Wyndham Clark G Akshay Bhatia G Keegan Bradley G Ryo Hisatsune G Chris Kirk,,Aldrich Potgieter,G,4.08%,7.5,,,,,,,,,,,,,,
38,5202956729,dbccf1215,375,114,G Chris Gotterup G Wyndham Clark G Ryan Gerard G Rickie Fowler G Emiliano Grillo G Kevin Roy,,Benjamin James,G,4.06%,8.5,,,,,,,,,,,,,,
40,5202740616,ricket17,383,113.5,G Chris Gotterup G Russell Henley G Rickie Fowler G Keegan Bradley G Johnny Keefer G Nicolas Echavarria,,Jordan Spieth,G,3.95%,0,,,,,,,,,,,,,,
41,5202642184,Moonshinerman,381,113,G Cameron Young G Wyndham Clark G Jacob Bridgeman G Keegan Bradley G Christiaan Bezuidenhout G Michael Kim,,Ricky Castillo,G,3.66%,25,,,,,,,,,,,,,,
41,5200604286,bisonation33,377,113,G Si Woo Kim G Wyndham Clark G Ryan Gerard G Michael Thorbjornsen G Rickie Fowler G Davis Riley,,Michael Kim,G,3.47%,41,,,,,,,,,,,,,,
43,5202285795,GoTribe2016,363,112.5,G Xander Schauffele G Wyndham Clark G Rickie Fowler G Eric Cole G Pierceson Coody G Christiaan Bezuidenhout,,Kevin Yu,G,3.30%,27,,,,,,,,,,,,,,
44,5201078238,free1jer,375,112,G Xander Schauffele G Russell Henley G Ryan Gerard G Michael Kim G Nick Taylor G Tony Finau,,Max Greyserman,G,3.24%,0,,,,,,,,,,,,,,
45,5201361587,A1GAMER1,387,111.5,G Jackson Koivun G Ryan Gerard G Rickie Fowler G Michael Brennan G Jacob Bridgeman G Keegan Bradley,,Doug Ghim,G,3.17%,15,,,,,,,,,,,,,,
45,5201763133,capt_buzzkill,387,111.5,G Chris Gotterup G Patrick Cantlay G J.J. Spaun G Keegan Bradley G Doug Ghim G Michael Kim,,Marco Penge,G,3.17%,0,,,,,,,,,,,,,,
45,5201089605,ritleysammich,386,111.5,G Chris Gotterup G Patrick Cantlay G Rickie Fowler G Tony Finau G Chris Kirk G Kevin Roy,,Mac Meissner,G,3.13%,0,,,,,,,,,,,,,,
45,5203019305,RStalis,384,111.5,G Si Woo Kim G Jackson Koivun G J.J. Spaun G Keegan Bradley G Ben Kohles G Michael Kim,,Billy Horschel,G,2.63%,0,,,,,,,,,,,,,,
45,5202458074,Shamrock3333,380,111.5,G Chris Gotterup G Hideki Matsuyama G Ryan Gerard G Rickie Fowler G Sam Stevens G Ricky Castillo,,Harris English,G,2.44%,0,,,,,,,,,,,,,,
50,5203141125,Audlivia1986,374,111,G Xander Schauffele G Hideki Matsuyama G Ryan Gerard G Michael Kim G Nick Taylor G Emiliano Grillo,,Nicolas Echavarria,G,2.31%,5.5,,,,,,,,,,,,,,
50,5202380059,Dangledeez,373,111,G Xander Schauffele G Wyndham Clark G Rickie Fowler G Jacob Bridgeman G Christiaan Bezuidenhout G Tony Finau,,Lucas Glover,G,2.27%,3,,,,,,,,,,,,,,
52,5202303096,B32044,379,110.5,G Chris Gotterup G Wyndham Clark G Jake Knapp G Keegan Bradley G Benjamin James G Chris Kirk,,William Mouw,G,2.27%,7.5,,,,,,,,,,,,,,
52,5202328213,slipperywhendry,375,110.5,G Si Woo Kim G Wyndham Clark G Ryan Gerard G Keegan Bradley G Corey Conners G Emiliano Grillo,,Pierceson Coody,G,2.19%,12.5,,,,,,,,,,,,,,
54,5201765216,VMen16,388,110,G Cameron Young G Chris Gotterup G Rickie Fowler G Keegan Bradley G Nick Taylor G Andrew Putnam,,Kevin Roy,G,1.93%,0,,,,,,,,,,,,,,
54,5203011164,anthonyunger,378,110,G Chris Gotterup G Si Woo Kim G Rickie Fowler G Jordan Spieth G Nick Taylor G Ricky Castillo,,Matt Wallace,G,1.89%,0,,,,,,,,,,,,,,
54,5202048191,pizzatom55,372,110,G Chris Gotterup G Jackson Koivun G Rickie Fowler G Jacob Bridgeman G Ricky Castillo G Zac Blair,,Sudarshan Yellamaraju,G,1.89%,0,,,,,,,,,,,,,,
54,5201470429,eddiebrob1992,316,110,G Chris Gotterup G Ryan Gerard G Rickie Fowler G Brooks Koepka G Keegan Bradley G Jordan Spieth,,John Parry,G,1.85%,0,,,,,,,,,,,,,,
58,5202703635,dolphins1977,377,109.5,G Si Woo Kim G Hideki Matsuyama G Ryan Gerard G Akshay Bhatia G Michael Kim G Kevin Yu,,Andrew Putnam,G,1.83%,0,,,,,,,,,,,,,,
58,5203217352,byronma,373,109.5,G Chris Gotterup G Jackson Koivun G Wyndham Clark G Michael Kim G Nick Taylor G Sudarshan Yellamaraju,,Sam Stevens,G,1.79%,15,,,,,,,,,,,,,,
60,5201164437,turnabuck,376,109,G Chris Gotterup G Ryan Gerard G Akshay Bhatia G Jacob Bridgeman G Keegan Bradley G Emiliano Grillo,,Tony Finau,G,1.70%,26.5,,,,,,,,,,,,,,
60,5201517668,PaetyHardy1959,376,109,G Chris Gotterup G Hideki Matsuyama G Akshay Bhatia G Rickie Fowler G Keegan Bradley G Lucas Glover,,Brad Dalke,G,1.68%,0,,,,,,,,,,,,,,
62,5202382590,twobeasts,388,108.5,G Chris Gotterup G Si Woo Kim G Hideki Matsuyama G Ryan Gerard G John Parry G Peter Malnati,,Seamus Power,G,1.49%,12.5,,,,,,,,,,,,,,
62,5203211223,BFDAY,385,108.5,G Wyndham Clark G Hideki Matsuyama G Akshay Bhatia G Rickie Fowler G Jacob Bridgeman G Michael Kim,,Zachary Bauchou,G,1.41%,0,,,,,,,,,,,,,,
62,5202326841,neval015,372,108.5,G Chris Gotterup G Russell Henley G Akshay Bhatia G Keegan Bradley G Eric Cole G Emiliano Grillo,,Joel Dahmen,G,1.22%,17,,,,,,,,,,,,,,
65,5200788194,TwoHearted,388,108,G Si Woo Kim G Patrick Cantlay G Ben Griffin G Keegan Bradley G Doug Ghim G Michael Kim,,Lee Hodges,G,1.11%,0,,,,,,,,,,,,,,
65,5201798618,PurplePain42,388,108,G Si Woo Kim G Patrick Cantlay G Ben Griffin G Keegan Bradley G Doug Ghim G Michael Kim,,Davis Chatfield,G,1.11%,5.5,,,,,,,,,,,,,,
65,5202248225,pdog63,386,108,G Chris Gotterup G Wyndham Clark G Jake Knapp G Akshay Bhatia G Jordan Spieth G Peter Malnati,,Austin Smotherman,G,1.07%,4.5,,,,,,,,,,,,,,
65,5200655593,ObiRyan,370,108,G Xander Schauffele G Keegan Bradley G Doug Ghim G Kevin Yu G Austin Smotherman G Hao-Tong Li,,Matti Schmid,G,1.01%,0,,,,,,,,,,,,,,
65,5202826538,johnrad11,363,108,G Chris Gotterup G Si Woo Kim G Jackson Koivun G Kevin Yu G Emiliano Grillo G Chandler Phillips,,Tom Hoge,G,0.99%,0,,,,,,,,,,,,,,
70,5203031781,HowardTown,388,107.5,G Chris Gotterup G Si Woo Kim G Rickie Fowler G Keegan Bradley G Corey Conners G Jordan L. Smith,,Stephan Jaeger,G,0.86%,31,,,,,,,,,,,,,,
70,5202285566,smoothowen,382,107.5,G Xander Schauffele G Harris English G Rickie Fowler G Jordan Spieth G Eric Cole G Michael Kim,,Taylor Moore,G,0.82%,0,,,,,,,,,,,,,,
70,5201414512,pepe31,378,107.5,G Cameron Young G Xander Schauffele G Rickie Fowler G Davis Thompson G Ricky Castillo G Matt Kuchar,,Matthew McCarty,G,0.78%,0,,,,,,,,,,,,,,
70,5202633691,jayruv,375,107.5,G Si Woo Kim G Jackson Koivun G Russell Henley G Aldrich Potgieter G Michael Kim G Kevin Yu,,Mackenzie Hughes,G,0.78%,19.5,,,,,,,,,,,,,,
70,5203181112,Johnnymanziel2,374,107.5,G Chris Gotterup G Si Woo Kim G Jake Knapp G Keegan Bradley G Eric Cole G Matt Kuchar,,Cameron Davis,G,0.74%,0,,,,,,,,,,,,,,
75,5201560951,Grasshopper62,386,107,G Si Woo Kim G Ben Griffin G Nicolai Højgaard G Rickie Fowler G Keegan Bradley G Christiaan Bezuidenhout,,Rasmus Højgaard,G,0.74%,0,,,,,,,,,,,,,,
75,5202211375,jagwarrior,386,107,G Si Woo Kim G Russell Henley G Rickie Fowler G Jacob Bridgeman G Keegan Bradley G Christiaan Bezuidenhout,,Taylor Pendrith,G,0.69%,0,,,,,,,,,,,,,,
75,5200823040,oldschool24,379,107,G Chris Gotterup G Jake Knapp G Ryan Gerard G Keegan Bradley G Davis Thompson G Kevin Yu,,Andrew Novak,G,0.67%,9.5,,,,,,,,,,,,,,
75,5201074505,Northforker12,378,107,G Si Woo Kim G Jackson Koivun G Wyndham Clark G Michael Brennan G Emiliano Grillo G Gordon Sargent,,Jesper Svensson,G,0.67%,2,,,,,,,,,,,,,,
79,5203236397,timmydub10375,382,106.5,G Cameron Young G Russell Henley G Keegan Bradley G Eric Cole G Kevin Yu G Emiliano Grillo,,A.J. Ewart,G,0.59%,0,,,,,,,,,,,,,,
79,5200944319,GolfisGlorious,376,106.5,G Chris Gotterup G Wyndham Clark G Michael Thorbjornsen G Rickie Fowler G Aldrich Potgieter G Tony Finau,,Patrick Rodgers,G,0.59%,0,,,,,,,,,,,,,,
81,5201391813,FBMacD,391,105.5,G Si Woo Kim G Patrick Cantlay G Rickie Fowler G Jacob Bridgeman G Keegan Bradley G Doug Ghim,,Brooks Koepka,G,0.57%,0,,,,,,,,,,,,,,
81,5201840438,jthomasma21,388,105.5,G Cameron Young G Si Woo Kim G Rickie Fowler G Jackson Suber G Kevin Yu G Tony Finau,,Mark Hubbard,G,0.57%,19,,,,,,,,,,,,,,
81,5203074585,pgannon15,372,105.5,G Jackson Koivun G Wyndham Clark G Ryan Gerard G Keegan Bradley G Eric Cole G Ben Kohles,,Ryan Ruffels,G,0.55%,5.5,,,,,,,,,,,,,,
84,5202465827,jallencox,392,105,G Chris Gotterup G Russell Henley G Jake Knapp G Rickie Fowler G Kevin Yu G Patrick Fishburn,,William Jennings,G,0.55%,0,,,,,,,,,,,,,,
84,5202530723,4courtney4,389,105,G J.J. Spaun G Ryan Gerard G Akshay Bhatia G Nicolai Højgaard G Rickie Fowler G Keegan Bradley,,Rico Hoey,G,0.46%,0,,,,,,,,,,,,,,
84,5203101983,gheineman,387,105,G Si Woo Kim G Jake Knapp G Akshay Bhatia G Rickie Fowler G Jacob Bridgeman G Michael Kim,,Zecheng Dou,G,0.44%,0,,,,,,,,,,,,,,
84,5203258324,komroz,386,105,G Cameron Young G Chris Gotterup G Keegan Bradley G Davis Thompson G Michael Kim G Kevin Roy,,Patrick Fishburn,G,0.42%,22.5,,,,,,,,,,,,,,
84,5202172656,k9ike,378,105,G Chris Gotterup G Si Woo Kim G Russell Henley G Emiliano Grillo G Mackenzie Hughes G Chris Kirk,,Steven Fisk,G,0.42%,0,,,,,,,,,,,,,,
89,5203033037,ugizzle23,385,104.5,G Cameron Young G Akshay Bhatia G Rickie Fowler G Keegan Bradley G Eric Cole G Ryo Hisatsune,,Kevin Streelman,G,0.42%,11.5,,,,,,,,,,,,,,
89,5201409619,kbenz2,376,104.5,G Xander Schauffele G Hideki Matsuyama G Akshay Bhatia G Keegan Bradley G Nick Taylor G Emiliano Grillo,,Beau Hossler,G,0.40%,0,,,,,,,,,,,,,,
89,5202718775,crowdixon,370,104.5,G Chris Gotterup G Wyndham Clark G Michael Thorbjornsen G Keegan Bradley G Eric Cole G Christiaan Bezuidenhout,,Gordon Sargent,G,0.34%,32.5,,,,,,,,,,,,,,
92,5201011537,Dwood1131,376,104,G Chris Gotterup G Jackson Koivun G Russell Henley G Michael Kim G Emiliano Grillo G Jesper Svensson,,Pontus Nyholm,G,0.29%,7.5,,,,,,,,,,,,,,
93,5202282135,davism54,392,103.5,G Xander Schauffele G Jake Knapp G Rickie Fowler G Keegan Bradley G Jordan Spieth G Johnny Keefer,,Aaron Wise,G,0.27%,3.5,,,,,,,,,,,,,,
93,5202515832,cooplar,384,103.5,G Jackson Koivun G Russell Henley G Ben Griffin G Keegan Bradley G Eric Cole G Stephan Jaeger,,Max McGreevy,G,0.27%,21,,,,,,,,,,,,,,
93,5200577218,mmogler,379,103.5,G Chris Gotterup G Wyndham Clark G Ryan Gerard G Keegan Bradley G Doug Ghim G Sudarshan Yellamaraju,,Harry Hall,G,0.25%,15.5,,,,,,,,,,,,,,
96,5201467735,Thekid07,382,103,G Si Woo Kim G Jackson Koivun G Rickie Fowler G Ryo Hisatsune G Kevin Yu G Davis Chatfield,,Keita Nakajima,G,0.23%,9,,,,,,,,,,,,,,
96,5202967188,charleshubbell,380,103,G Si Woo Kim G Jake Knapp G Ryan Gerard G Akshay Bhatia G Rickie Fowler G Matt Kuchar,,Austin Eckroat,G,0.23%,0,,,,,,,,,,,,,,
96,5201436735,ukwildcat2255,379,103,G Chris Gotterup G Jake Knapp G Ryan Gerard G Rickie Fowler G Christiaan Bezuidenhout G Sam Stevens,,Matt Kuchar,G,0.21%,23,,,,,,,,,,,,,,
96,5201597967,MrDanner82,375,103,G Xander Schauffele G Jackson Koivun G Nicolai Højgaard G Rickie Fowler G Kevin Yu G Chandler Phillips,,Luke Clanton,G,0.19%,0,,,,,,,,,,,,,,
96,5203064718,blank5759,373,103,G Xander Schauffele G Chris Gotterup G Nicolai Højgaard G Christiaan Bezuidenhout G Michael Kim G Nick Taylor,,Hao-Tong Li,G,0.19%,10.5,,,,,,,,,,,,,,
101,5201914609,markereese,385,102.5,G Si Woo Kim G Russell Henley G Hideki Matsuyama G Keegan Bradley G Emiliano Grillo G Ricky Castillo,,John VanDerLaan,G,0.19%,0,,,,,,,,,,,,,,
101,5203260955,baroberts,385,102.5,G Cameron Young G Xander Schauffele G Keegan Bradley G Ricky Castillo G Tony Finau G Rico Hoey,,Kris Ventura,G,0.17%,0,,,,,,,,,,,,,,
103,5201029475,1bobbythebull,385,102,G Chris Gotterup G Wyndham Clark G Jacob Bridgeman G Keegan Bradley G Denny McCarthy G Chris Kirk,,Peter Malnati,G,0.17%,62,,,,,,,,,,,,,,
103,5202251599,bobbo015,380,102,G Si Woo Kim G Jackson Koivun G Russell Henley G Akshay Bhatia G Emiliano Grillo G Gordon Sargent,,Hayden Springer,G,0.17%,0,,,,,,,,,,,,,,
103,5202822230,eebob2072,374,102,G Xander Schauffele G Jackson Koivun G Harris English G Rickie Fowler G Lucas Glover G Chris Kirk,,Keenan Huskey,G,0.17%,1,,,,,,,,,,,,,,
103,5201102467,Gotham66,361,102,G Chris Gotterup G Si Woo Kim G Wyndham Clark G Christiaan Bezuidenhout G Kevin Yu G Zac Blair,,Adrien Dumont De Chassart,G,0.15%,3.5,,,,,,,,,,,,,,
107,5202308962,EYEHATETOM,380,101.5,G Chris Gotterup G Wyndham Clark G J.J. Spaun G Keegan Bradley G Kevin Yu G Jesper Svensson,,Neal Shipley,G,0.15%,14.5,,,,,,,,,,,,,,
107,5203171318,jigsaw48,380,101.5,G Jackson Koivun G J.J. Spaun G Ryan Gerard G Akshay Bhatia G Johnny Keefer G Michael Kim,,Webb Simpson,G,0.15%,0,,,,,,,,,,,,,,
107,5200847647,Icon615,376,101.5,G Chris Gotterup G Si Woo Kim G J.J. Spaun G Rickie Fowler G Lucas Glover G Chris Kirk,,Karl Vilips,G,0.13%,11.5,,,,,,,,,,,,,,
107,5202871979,clayharned,373,101.5,G Chris Gotterup G Wyndham Clark G Akshay Bhatia G Johnny Keefer G Sam Stevens G Tony Finau,,Davis Riley,G,0.13%,28,,,,,,,,,,,,,,
107,5202340313,marksda3,362,101.5,G Chris Gotterup G Jackson Koivun G Wyndham Clark G Keegan Bradley G Lucas Glover G William Mouw,,Hank Lebioda,G,0.11%,0,,,,,,,,,,,,,,
112,5202698673,thebigeasy,379,101,G Wyndham Clark G Hideki Matsuyama G Ryan Gerard G Rickie Fowler G Eric Cole G Johnny Keefer,,Chad Ramey,G,0.11%,0,,,,,,,,,,,,,,
112,5201265171,Wolphious,374,101,G Chris Gotterup G Jackson Koivun G Ryan Gerard G Rickie Fowler G Ben Kohles G Zac Blair,,Vince Whaley,G,0.11%,11,,,,,,,,,,,,,,
112,5202492339,tszone72,366,101,G Chris Gotterup G Jackson Koivun G Wyndham Clark G Doug Ghim G Kevin Yu G Chandler Phillips,,Chandler Blanchet,G,0.11%,0,,,,,,,,,,,,,,
115,5201051487,rdixon34,378,100.5,G Si Woo Kim G Russell Henley G Ryan Gerard G Rickie Fowler G Christiaan Bezuidenhout G Nick Taylor,,Erik Van Rooyen,G,0.11%,0,,,,,,,,,,,,,,
115,5203101483,boundsb2323,378,100.5,G Chris Gotterup G Si Woo Kim G Russell Henley G Emiliano Grillo G Ricky Castillo G Mackenzie Hughes,,Adam Svensson,G,0.08%,18,,,,,,,,,,,,,,
115,5200858839,Bones0024,376,100.5,G Xander Schauffele G Chris Gotterup G Rickie Fowler G Matt Wallace G Christiaan Bezuidenhout G Nick Taylor,,Thorbjørn Olesen,G,0.08%,0,,,,,,,,,,,,,,
115,5202997138,nickyb4444,375,100.5,G Chris Gotterup G Si Woo Kim G Jackson Koivun G Ricky Castillo G Tony Finau G Matthew McCarty,,Joe Highsmith,G,0.08%,0,,,,,,,,,,,,,,
115,5201073611,Kthom12,315,100.5,G Xander Schauffele G Jake Knapp G Rickie Fowler G Brooks Koepka G Davis Thompson G Michael Kim,,Lanto Griffin,G,0.08%,15.5,,,,,,,,,,,,,,
120,5202714453,jonnynewmz,391,100,G Cameron Young G Wyndham Clark G Akshay Bhatia G Keegan Bradley G Marco Penge G Gordon Sargent,,Dylan Wu,G,0.08%,0,,,,,,,,,,,,,,
120,5201777929,slick6666,387,100,G Si Woo Kim G Jackson Koivun G Russell Henley G Rickie Fowler G Chris Kirk G Cameron Davis,,Justin Lower,G,0.08%,0,,,,,,,,,,,,,,
120,5202353767,TKlaffky,384,100,G Cameron Young G Jackson Koivun G Rickie Fowler G Ryo Hisatsune G Christiaan Bezuidenhout G Tony Finau,,Patton Kizzire,G,0.06%,19,,,,,,,,,,,,,,
123,5201911147,nparker24,387,99.5,G Chris Gotterup G Wyndham Clark G Nicolai Højgaard G Rickie Fowler G Ben Kohles G Kevin Yu,,Garrick Higgo,G,0.06%,0,,,,,,,,,,,,,,
123,5200754267,Amazin11000,376,99.5,G Si Woo Kim G Russell Henley G Ryan Gerard G Keegan Bradley G Eric Cole G Nick Taylor,,Matthieu Pavon,G,0.06%,0,,,,,,,,,,,,,,
123,5201119102,owenkoivisto,375,99.5,G Jackson Koivun G Wyndham Clark G Ryan Gerard G Rickie Fowler G Jackson Suber G Andrew Novak,,David Lipsky,G,0.06%,0,,,,,,,,,,,,,,
126,5202573940,NorCalKing_916,378,99,G Chris Gotterup G Hideki Matsuyama G Ryan Gerard G Rickie Fowler G Davis Thompson G Mark Hubbard,,Stefano Mazzoli,G,0.06%,9,,,,,,,,,,,,,,
126,5201793940,BubbleheadsBrownsFan,377,99,G Si Woo Kim G Russell Henley G Ryan Gerard G Akshay Bhatia G Keegan Bradley G Mark Hubbard,,Rafael Campos,G,0.06%,0,,,,,,,,,,,,,,
126,5202714608,Mreyno06,372,99,G Jackson Koivun G Wyndham Clark G J.J. Spaun G Ryan Gerard G Michael Kim G Chandler Phillips,,Christo Lamprecht,G,0.04%,4,,,,,,,,,,,,,,
129,5202031861,Pdiddy31,388,98.5,G Chris Gotterup G J.J. Spaun G Ryan Gerard G Jacob Bridgeman G Keegan Bradley G Kevin Yu,,Adam Schenk,G,0.04%,5.5,,,,,,,,,,,,,,
129,5202485361,sconyers09,387,98.5,G Wyndham Clark G Jake Knapp G Ryan Gerard G Keegan Bradley G Ben Kohles G Kevin Yu,,Brian Campbell,G,0.02%,0,,,,,,,,,,,,,,
129,5202300533,RacingPrez,383,98.5,G Xander Schauffele G Jackson Koivun G Hideki Matsuyama G Michael Kim G Tony Finau G Sungjae Im,,Danny Walker,G,0.02%,10,,,,,,,,,,,,,,
129,5202931124,makemoney73,383,98.5,G Si Woo Kim G Jackson Koivun G Hideki Matsuyama G Corey Conners G Michael Kim G Emiliano Grillo,,Ben Silverman,G,0.02%,0,,,,,,,,,,,,,,
129,5201553631,Zackholton,368,98.5,G Xander Schauffele G Chris Gotterup G Ryan Gerard G Aldrich Potgieter G Nick Taylor G Chris Kirk,,Nick Dunlap,G,0.02%,6.5,,,,,,,,,,,,,,
134,5201474453,birdiebones,386,98,G Cameron Young G Si Woo Kim G Rickie Fowler G Christiaan Bezuidenhout G Chris Kirk G Matti Schmid,,Ryan Celano,G,0.02%,4,,,,,,,,,,,,,,
134,5202884623,coydog_usmc,386,98,G Cameron Young G Si Woo Kim G Rickie Fowler G Ryo Hisatsune G Christiaan Bezuidenhout G Chris Kirk,,Brandt Snedeker,G,0.02%,17.5,,,,,,,,,,,,,,
134,5201799073,jtodak22,384,98,G Cameron Young G Si Woo Kim G Jackson Koivun G Michael Kim G Ricky Castillo G William Jennings,,Takumi Kanaya,G,0.02%,8,,,,,,,,,,,,,,
137,5202113559,kochy1,390,97.5,G Patrick Cantlay G J.J. Spaun G Akshay Bhatia G Rickie Fowler G Keegan Bradley G Davis Thompson,,Trace Crowe,G,0.02%,0,,,,,,,,,,,,,,
137,5203154858,bjbsnoop,390,97.5,G Wyndham Clark G Patrick Cantlay G Ben Griffin G Rickie Fowler G Doug Ghim G Kevin Yu,,Kensei Hirata,G,0.02%,3,,,,,,,,,,,,,,
137,5202735888,zhester37,389,97.5,G Wyndham Clark G Russell Henley G Patrick Cantlay G Keegan Bradley G Doug Ghim G Kevin Yu,,Brendon Todd,G,0.02%,6,,,,,,,,,,,,,,
137,5203251730,struncdaddy,389,97.5,G Si Woo Kim G Russell Henley G Hideki Matsuyama G Rickie Fowler G Nick Taylor G Chris Kirk,,Adrien Saddier,G,0.02%,0,,,,,,,,,,,,,,
137,5202184727,sitkow,385,97.5,G Chris Gotterup G Wyndham Clark G Harris English G Keegan Bradley G Corey Conners G Ricky Castillo,,Patrick Wilkes-Krier,G,0.02%,0,,,,,,,,,,,,,,
137,5202524160,DavidFug,383,97.5,G Chris Gotterup G Hideki Matsuyama G J.J. Spaun G Keegan Bradley G Eric Cole G Tony Finau,,,,,,,,,,,,,,,,,,,
137,5202156702,Caelixx,376,97.5,G Si Woo Kim G Wyndham Clark G Akshay Bhatia G Rickie Fowler G Ben Kohles G Christiaan Bezuidenhout,,,,,,,,,,,,,,,,,,,
137,5203196165,jimmyc80,373,97.5,G Si Woo Kim G Wyndham Clark G Hideki Matsuyama G Keegan Bradley G Emiliano Grillo G Lucas Glover,,,,,,,,,,,,,,,,,,,
145,5202815531,tyredaddy,387,97,G Chris Gotterup G Russell Henley G Ryan Gerard G Rickie Fowler G Emiliano Grillo G Kevin Roy,,,,,,,,,,,,,,,,,,,
145,5200658943,cammick,384,97,G Chris Gotterup G Si Woo Kim G Russell Henley G Michael Kim G Emiliano Grillo G Sungjae Im,,,,,,,,,,,,,,,,,,,
145,5201171831,tricky8181,384,97,G Chris Gotterup G Si Woo Kim G J.J. Spaun G Ben Kohles G Michael Kim G Emiliano Grillo,,,,,,,,,,,,,,,,,,,
145,5202375579,radam42,384,97,G Chris Gotterup G Si Woo Kim G Jake Knapp G Ben Kohles G Michael Kim G Emiliano Grillo,,,,,,,,,,,,,,,,,,,
145,5203250647,brady526,378,97,G Chris Gotterup G Si Woo Kim G Rickie Fowler G Eric Cole G Jackson Suber G Pierceson Coody,,,,,,,,,,,,,,,,,,,
145,5201545417,ebutz07,374,97,G Chris Gotterup G Jackson Koivun G Akshay Bhatia G Rickie Fowler G Ben Kohles G Zac Blair,,,,,,,,,,,,,,,,,,,
151,5200591587,burnsy2323,396,96.5,G Chris Gotterup G Patrick Cantlay G J.J. Spaun G Rickie Fowler G Michael Kim G Sungjae Im,,,,,,,,,,,,,,,,,,,
151,5200624170,sportsfanatic89,396,96.5,G Chris Gotterup G Patrick Cantlay G J.J. Spaun G Rickie Fowler G Michael Kim G Sungjae Im,,,,,,,,,,,,,,,,,,,
151,5201497186,GByrdNBP,396,96.5,G Cameron Young G Chris Gotterup G Rickie Fowler G Ben Kohles G Michael Kim G Billy Horschel,,,,,,,,,,,,,,,,,,,
151,5202319677,jabbo123,396,96.5,G Chris Gotterup G Hideki Matsuyama G Ben Griffin G Rickie Fowler G Michael Kim G Matthew McCarty,,,,,,,,,,,,,,,,,,,
151,5202704808,fcruz1994,396,96.5,G Chris Gotterup G Patrick Cantlay G J.J. Spaun G Rickie Fowler G Michael Kim G Sungjae Im,,,,,,,,,,,,,,,,,,,
151,5202861553,RINO19,396,96.5,G Chris Gotterup G Ben Griffin G Jake Knapp G Rickie Fowler G Jordan L. Smith G Michael Kim,,,,,,,,,,,,,,,,,,,
151,5201497983,james66p,394,96.5,G Cameron Young G Wyndham Clark G Keegan Bradley G Denny McCarthy G Corey Conners G Michael Kim,,,,,,,,,,,,,,,,,,,
151,5202993914,TheWamboozler,394,96.5,G Wyndham Clark G Ben Griffin G J.J. Spaun G Jacob Bridgeman G Keegan Bradley G Michael Kim,,,,,,,,,,,,,,,,,,,
151,5202144315,srushing29,388,96.5,G Chris Gotterup G Russell Henley G Ryan Gerard G Rickie Fowler G Jordan L. Smith G Ricky Castillo,,,,,,,,,,,,,,,,,,,
151,5202439917,eckenrode10,387,96.5,G Xander Schauffele G Ben Griffin G Ryan Gerard G Keegan Bradley G Ryo Hisatsune G Chris Kirk,,,,,,,,,,,,,,,,,,,
151,5203184462,Jiwyman1,385,96.5,G Xander Schauffele G Si Woo Kim G Russell Henley G Michael Kim G Chris Kirk G Zachary Bauchou,,,,,,,,,,,,,,,,,,,
151,5201589021,JoKo82,376,96.5,G Chris Gotterup G Jackson Koivun G Ryan Gerard G Rickie Fowler G Ben Kohles G Chandler Phillips,,,,,,,,,,,,,,,,,,,
151,5200773371,rjs83,373,96.5,G Chris Gotterup G Wyndham Clark G Jake Knapp G Ryan Gerard G Chris Kirk G Joel Dahmen,,,,,,,,,,,,,,,,,,,
164,5202200177,scottd923,387,96,G Si Woo Kim G Wyndham Clark G Michael Thorbjornsen G Michael Brennan G Keegan Bradley G Kevin Yu,,,,,,,,,,,,,,,,,,,
165,5202956425,Paul322,397,95.5,G Russell Henley G J.J. Spaun G Ryan Gerard G Michael Thorbjornsen G Rickie Fowler G Michael Kim,,,,,,,,,,,,,,,,,,,
165,5203208060,tdtone,397,95.5,G Jackson Koivun G Hideki Matsuyama G Rickie Fowler G Keegan Bradley G Jordan Spieth G Corey Conners,,,,,,,,,,,,,,,,,,,
165,5201450587,tonychrome,390,95.5,G Cameron Young G Hideki Matsuyama G Akshay Bhatia G Rickie Fowler G Harry Hall G Chris Kirk,,,,,,,,,,,,,,,,,,,
165,5202535727,P.Dallas,387,95.5,G Si Woo Kim G Wyndham Clark G Ben Griffin G Rickie Fowler G Tony Finau G Sungjae Im,,,,,,,,,,,,,,,,,,,
165,5202550376,Okiehawg,382,95.5,G Chris Gotterup G Jackson Koivun G Ryan Gerard G Rickie Fowler G Ben Kohles G Davis Chatfield,,,,,,,,,,,,,,,,,,,
165,5201674963,columbiaspice,377,95.5,G Xander Schauffele G Ryan Gerard G Akshay Bhatia G Rickie Fowler G Ben Kohles G Christiaan Bezuidenhout,,,,,,,,,,,,,,,,,,,
165,5202951830,emptypoker,358,95.5,G Chris Gotterup G Jackson Koivun G Wyndham Clark G Emiliano Grillo G Chandler Phillips G Zac Blair,,,,,,,,,,,,,,,,,,,
165,5201806079,topshelf2112,325,95.5,G Jackson Koivun G Jake Knapp G Rickie Fowler G Brooks Koepka G Jacob Bridgeman G Keegan Bradley,,,,,,,,,,,,,,,,,,,
173,5202401552,rgar19,391,95,G Cameron Young G Chris Gotterup G Rickie Fowler G Johnny Keefer G Emiliano Grillo G Taylor Moore,,,,,,,,,,,,,,,,,,,
173,5201690541,tntbaer,382,95,G Chris Gotterup G J.J. Spaun G Ryan Gerard G Keegan Bradley G Davis Thompson G Doug Ghim,,,,,,,,,,,,,,,,,,,
173,5203101538,Rslawre,382,95,G Chris Gotterup G J.J. Spaun G Ryan Gerard G Keegan Bradley G Davis Thompson G Doug Ghim,,,,,,,,,,,,,,,,,,,
173,5203253579,NateDawg2121,377,95,G Xander Schauffele G Chris Gotterup G Denny McCarthy G Emiliano Grillo G Sam Stevens G Ricky Castillo,,,,,,,,,,,,,,,,,,,
177,5201781295,Tooljw00,393,94.5,G Cameron Young G Wyndham Clark G Hideki Matsuyama G Eric Cole G Ryo Hisatsune G Peter Malnati,,,,,,,,,,,,,,,,,,,
177,5201107163,dank102,387,94.5,G Chris Gotterup G Si Woo Kim G Rickie Fowler G Jacob Bridgeman G Rasmus Neergaard-Petersen G Emiliano Grillo,,,,,,,,,,,,,,,,,,,
177,5201343388,278sps,386,94.5,G Si Woo Kim G Wyndham Clark G Russell Henley G Rickie Fowler G Emiliano Grillo G Cameron Davis,,,,,,,,,,,,,,,,,,,
177,5201430534,jamiela02,386,94.5,G Jackson Koivun G Jake Knapp G Akshay Bhatia G Rickie Fowler G Michael Brennan G Emiliano Grillo,,,,,,,,,,,,,,,,,,,
177,5201059147,rjtatejr,383,94.5,G Si Woo Kim G Ben Griffin G Jake Knapp G Keegan Bradley G Emiliano Grillo G Joel Dahmen,,,,,,,,,,,,,,,,,,,
177,5203223428,JoeySwerve,371,94.5,G Chris Gotterup G Jackson Koivun G Wyndham Clark G Christiaan Bezuidenhout G Emiliano Grillo G Sungjae Im,,,,,,,,,,,,,,,,,,,
183,5202605611,zamp123,398,94,G Chris Gotterup G Hideki Matsuyama G Rickie Fowler G Jacob Bridgeman G Keegan Bradley G Ben Kohles,,,,,,,,,,,,,,,,,,,
183,5203079703,rmanick,398,94,G Chris Gotterup G Russell Henley G Rickie Fowler G Keegan Bradley G Jackson Suber G Ben Kohles,,,,,,,,,,,,,,,,,,,
183,5203197850,dogsunder,398,94,G Chris Gotterup G Patrick Cantlay G Rickie Fowler G Keegan Bradley G Corey Conners G Matt Wallace,,,,,,,,,,,,,,,,,,,
183,5201638853,SmittyMI,397,94,G Wyndham Clark G Hideki Matsuyama G Rickie Fowler G Jacob Bridgeman G Keegan Bradley G Ryo Hisatsune,,,,,,,,,,,,,,,,,,,
183,5202281647,rhballs17,397,94,G Wyndham Clark G Patrick Cantlay G Rickie Fowler G Jacob Bridgeman G Keegan Bradley G Corey Conners,,,,,,,,,,,,,,,,,,,
183,5200778122,charles52,392,94,G Cameron Young G Jackson Koivun G Michael Thorbjornsen G Rickie Fowler G Johnny Keefer G Matt Kuchar,,,,,,,,,,,,,,,,,,,
183,5203232741,CashOut27103,387,94,G Cameron Young G Si Woo Kim G Rickie Fowler G Jacob Bridgeman G Stephan Jaeger G Zac Blair,,,,,,,,,,,,,,,,,,,
183,5201296913,mommyimscared,384,94,G Si Woo Kim G Russell Henley G Ben Griffin G Keegan Bradley G Christiaan Bezuidenhout G Emiliano Grillo,,,,,,,,,,,,,,,,,,,
183,5203089475,SoCalDistortion,376,94,G Si Woo Kim G Wyndham Clark G Russell Henley G Davis Thompson G Emiliano Grillo G Chris Kirk,,,,,,,,,,,,,,,,,,,
192,5201063681,TAMUSA,388,93.5,G Si Woo Kim G Russell Henley G Ryan Gerard G Rickie Fowler G Ben Kohles G Emiliano Grillo,,,,,,,,,,,,,,,,,,,
192,5202790079,drinknbeer,387,93.5,G Xander Schauffele G J.J. Spaun G Ryan Gerard G Keegan Bradley G Denny McCarthy G Tony Finau,,,,,,,,,,,,,,,,,,,
194,5200561067,scamnewton14,399,93,G Jake Knapp G J.J. Spaun G Ryan Gerard G Rickie Fowler G Jacob Bridgeman G Keegan Bradley,,,,,,,,,,,,,,,,,,,
194,5201763696,TheKemper,399,93,G Jake Knapp G J.J. Spaun G Ryan Gerard G Rickie Fowler G Michael Brennan G Keegan Bradley,,,,,,,,,,,,,,,,,,,
194,5202008703,Steeledawg12,399,93,G Russell Henley G Hideki Matsuyama G Ryan Gerard G Rickie Fowler G Keegan Bradley G Ben Kohles,,,,,,,,,,,,,,,,,,,
194,5202424953,Viking66,399,93,G Hideki Matsuyama G Jake Knapp G Ryan Gerard G Rickie Fowler G Keegan Bradley G Ben Kohles,,,,,,,,,,,,,,,,,,,
194,5203003780,zimzimzimmerman,399,93,G Cameron Young G Ryan Gerard G Rickie Fowler G Michael Brennan G Keegan Bradley G Sudarshan Yellamaraju,,,,,,,,,,,,,,,,,,,
194,5201226337,Orochi,396,93,G Cameron Young G Si Woo Kim G Jacob Bridgeman G Keegan Bradley G Michael Kim G Sungjae Im,,,,,,,,,,,,,,,,,,,
194,5202716233,stingerz22,396,93,G Si Woo Kim G Jake Knapp G J.J. Spaun G Michael Brennan G Keegan Bradley G Michael Kim,,,,,,,,,,,,,,,,,,,
194,5203209304,kev410,389,93,G Si Woo Kim G Hideki Matsuyama G Ryan Gerard G Rickie Fowler G Ryo Hisatsune G Ricky Castillo,,,,,,,,,,,,,,,,,,,
194,5202837395,stay1201,384,93,G Xander Schauffele G Hideki Matsuyama G Rickie Fowler G Jacob Bridgeman G Christiaan Bezuidenhout G Emiliano Grillo,,,,,,,,,,,,,,,,,,,
194,5200643356,ACMEWreckingCrew,382,93,G Chris Gotterup G Jackson Koivun G Jake Knapp G Corey Conners G Christiaan Bezuidenhout G Michael Kim,,,,,,,,,,,,,,,,,,,
194,5202950057,voglmatt,381,93,G Chris Gotterup G Wyndham Clark G Akshay Bhatia G Keegan Bradley G Rasmus Neergaard-Petersen G Benjamin James,,,,,,,,,,,,,,,,,,,
194,5202789234,docdre42,374,93,G Chris Gotterup G Jackson Koivun G Russell Henley G Christiaan Bezuidenhout G Nick Taylor G Ricky Castillo,,,,,,,,,,,,,,,,,,,
194,5201573440,jebman,365,93,G Chris Gotterup G Si Woo Kim G Jackson Koivun G Nick Taylor G Ricky Castillo G Lucas Glover,,,,,,,,,,,,,,,,,,,
207,5203192361,SoonerTrojan,395,92.5,G Cameron Young G Michael Thorbjornsen G Rickie Fowler G Keegan Bradley G Marco Penge G Eric Cole,,,,,,,,,,,,,,,,,,,
207,5200625383,Maizy4,391,92.5,G Jackson Koivun G Jake Knapp G Ryan Gerard G Rickie Fowler G Ryo Hisatsune G Mackenzie Hughes,,,,,,,,,,,,,,,,,,,
207,5202148042,bigb19,387,92.5,G Xander Schauffele G Ryan Gerard G Michael Thorbjornsen G Rickie Fowler G Jordan Spieth G Emiliano Grillo,,,,,,,,,,,,,,,,,,,
207,5202260363,RI_MIKE,386,92.5,G Xander Schauffele G Si Woo Kim G Rickie Fowler G Ryo Hisatsune G Benjamin James G Mackenzie Hughes,,,,,,,,,,,,,,,,,,,
207,5200614184,Vc92,373,92.5,G Chris Gotterup G Wyndham Clark G Hideki Matsuyama G Akshay Bhatia G Chris Kirk G Joel Dahmen,,,,,,,,,,,,,,,,,,,
212,5203246006,mpoit,401,92,G Cameron Young G Ben Griffin G Rickie Fowler G Keegan Bradley G Doug Ghim G Mac Meissner,,,,,,,,,,,,,,,,,,,
212,5202134069,Cicima6709,395,92,G Cameron Young G Xander Schauffele G Keegan Bradley G Mac Meissner G Michael Kim G Sungjae Im,,,,,,,,,,,,,,,,,,,
212,5202919438,ajbuchman,381,92,G Chris Gotterup G Jake Knapp G Akshay Bhatia G Rickie Fowler G Davis Thompson G Nick Taylor,,,,,,,,,,,,,,,,,,,
212,5202686426,mikeso1o,376,92,G Xander Schauffele G Chris Gotterup G Rickie Fowler G Ben Kohles G Aldrich Potgieter G Christiaan Bezuidenhout,,,,,,,,,,,,,,,,,,,
216,5202155145,fonty67,399,91.5,G Si Woo Kim G Hideki Matsuyama G Ryan Gerard G Harris English G Nicolai Højgaard G Peter Malnati,,,,,,,,,,,,,,,,,,,
216,5203172510,BoilerMurph,387,91.5,G Wyndham Clark G Russell Henley G Hideki Matsuyama G Emiliano Grillo G Mackenzie Hughes G Chris Kirk,,,,,,,,,,,,,,,,,,,
216,5202807511,Cracker04,384,91.5,G Cameron Young G Chris Gotterup G Wyndham Clark G Keegan Bradley G Hank Lebioda G Patton Kizzire,,,,,,,,,,,,,,,,,,,
216,5201677457,Rotomania,369,91.5,G Xander Schauffele G Chris Gotterup G Wyndham Clark G Kevin Yu G William Mouw G Hao-Tong Li,,,,,,,,,,,,,,,,,,,
220,5202845733,Ben919,385,91,G Chris Gotterup G Wyndham Clark G Ryan Gerard G Jordan Spieth G Jordan L. Smith G Michael Kim,,,,,,,,,,,,,,,,,,,
220,5202344023,driley,380,91,G Chris Gotterup G Si Woo Kim G Jackson Koivun G Kevin Yu G Sam Stevens G Kevin Roy,,,,,,,,,,,,,,,,,,,
220,5200647741,TheBigCalhoun,377,91,G Si Woo Kim G Jake Knapp G Ryan Gerard G Rickie Fowler G Eric Cole G Aldrich Potgieter,,,,,,,,,,,,,,,,,,,
223,5201905759,bryanbigbets,399,90.5,G Si Woo Kim G Ben Griffin G Jake Knapp G Rickie Fowler G Keegan Bradley G Kevin Roy,,,,,,,,,,,,,,,,,,,
223,5202168900,Pinneyaj,396,90.5,G Cameron Young G Jake Knapp G Nicolai Højgaard G Rickie Fowler G Emiliano Grillo G Tony Finau,,,,,,,,,,,,,,,,,,,
223,5202369252,CuredMeat,391,90.5,G Cameron Young G Xander Schauffele G Jackson Koivun G Kevin Yu G Luke Clanton G Gordon Sargent,,,,,,,,,,,,,,,,,,,
223,5201816502,Jreed91015,379,90.5,G Chris Gotterup G Jackson Koivun G Wyndham Clark G Ben Kohles G Benjamin James G Chris Kirk,,,,,,,,,,,,,,,,,,,
223,5201086828,TunaChuck,376,90.5,G Si Woo Kim G Jackson Koivun G Akshay Bhatia G Michael Brennan G Eric Cole G Stephan Jaeger,,,,,,,,,,,,,,,,,,,
223,5202794646,jeff622859,366,90.5,G Chris Gotterup G Wyndham Clark G Akshay Bhatia G Davis Thompson G Chris Kirk G Chandler Phillips,,,,,,,,,,,,,,,,,,,
229,5200901936,ThunderValley,392,90,G Cameron Young G Si Woo Kim G Jacob Bridgeman G Keegan Bradley G Benjamin James G Chris Kirk,,,,,,,,,,,,,,,,,,,
229,5201879361,EggmansFinest,390,90,G Si Woo Kim G Hideki Matsuyama G J.J. Spaun G Rickie Fowler G Davis Thompson G Chris Kirk,,,,,,,,,,,,,,,,,,,
229,5201828540,tyreich,389,90,G Cameron Young G Si Woo Kim G Keegan Bradley G Davis Thompson G Ben Kohles G Chris Kirk,,,,,,,,,,,,,,,,,,,
229,5201104912,Steelgood,388,90,G Chris Gotterup G Jackson Koivun G Ryan Gerard G Rickie Fowler G Jackson Suber G Patrick Rodgers,,,,,,,,,,,,,,,,,,,
233,5200559604,Mxmastermike,398,89.5,G Xander Schauffele G Russell Henley G Rickie Fowler G Keegan Bradley G Ryo Hisatsune G Sungjae Im,,,,,,,,,,,,,,,,,,,
233,5201073615,merkules3,398,89.5,G Xander Schauffele G Jake Knapp G Rickie Fowler G Keegan Bradley G Ryo Hisatsune G Jackson Suber,,,,,,,,,,,,,,,,,,,
233,5202236091,TeeJayOrTj,398,89.5,G Xander Schauffele G Russell Henley G Rickie Fowler G Jacob Bridgeman G Keegan Bradley G Matti Schmid,,,,,,,,,,,,,,,,,,,
233,5200579814,nelsonoah,395,89.5,G Cameron Young G Hideki Matsuyama G Rickie Fowler G Keegan Bradley G Ben Kohles G Seamus Power,,,,,,,,,,,,,,,,,,,
233,5202677757,Webedawgs,389,89.5,G Chris Gotterup G Jackson Koivun G Rickie Fowler G Jacob Bridgeman G Beau Hossler G Harry Hall,,,,,,,,,,,,,,,,,,,
233,5203235416,tylers90,388,89.5,G Chris Gotterup G Russell Henley G Rickie Fowler G Jacob Bridgeman G Davis Thompson G Emiliano Grillo,,,,,,,,,,,,,,,,,,,
233,5201025399,ulylz,385,89.5,G Cameron Young G Jackson Koivun G Jake Knapp G Nick Taylor G Emiliano Grillo G Chris Kirk,,,,,,,,,,,,,,,,,,,
233,5201356558,bgriffin22,383,89.5,G Cameron Young G Chris Gotterup G Hideki Matsuyama G Michael Kim G Nick Taylor G Lanto Griffin,,,,,,,,,,,,,,,,,,,
233,5202195733,texaschieffan,383,89.5,G Chris Gotterup G Jackson Koivun G Jacob Bridgeman G Keegan Bradley G Eric Cole G Corey Conners,,,,,,,,,,,,,,,,,,,
233,5202340693,DatWin,383,89.5,G Jackson Koivun G Wyndham Clark G Rickie Fowler G Jacob Bridgeman G Jordan Spieth G Eric Cole,,,,,,,,,,,,,,,,,,,
233,5202548860,bionicknee,370,89.5,G Si Woo Kim G Wyndham Clark G Ryan Gerard G Eric Cole G Doug Ghim G Pierceson Coody,,,,,,,,,,,,,,,,,,,
233,5200752634,mitch714444,365,89.5,G Chris Gotterup G Si Woo Kim G Jackson Koivun G Emiliano Grillo G Andrew Novak G Nicolas Echavarria,,,,,,,,,,,,,,,,,,,
245,5201670781,silasgold,399,89,G Hideki Matsuyama G Jake Knapp G Akshay Bhatia G Rickie Fowler G Keegan Bradley G Denny McCarthy,,,,,,,,,,,,,,,,,,,
245,5203215334,D3genr8golfr,399,89,G Cameron Young G Akshay Bhatia G Rickie Fowler G Keegan Bradley G Ryo Hisatsune G Jackson Suber,,,,,,,,,,,,,,,,,,,
245,5202187226,Milehighpackerbacker,389,89,G Jackson Koivun G Jake Knapp G Ryan Gerard G Rickie Fowler G Jacob Bridgeman G Nick Taylor,,,,,,,,,,,,,,,,,,,
245,5202988822,dunnie834,388,89,G Cameron Young G Xander Schauffele G Keegan Bradley G Davis Thompson G Chris Kirk G Patrick Rodgers,,,,,,,,,,,,,,,,,,,
245,5202969309,c.w.76,385,89,G Chris Gotterup G Wyndham Clark G Rickie Fowler G Jacob Bridgeman G Jackson Suber G Christiaan Bezuidenhout,,,,,,,,,,,,,,,,,,,
245,5203155802,Benzenowe,381,89,G Xander Schauffele G Jackson Koivun G Hideki Matsuyama G Michael Kim G Matthew McCarty G Joel Dahmen,,,,,,,,,,,,,,,,,,,
245,5202399729,mdelgross,380,89,G Jackson Koivun G Jake Knapp G Ryan Gerard G Rickie Fowler G Davis Thompson G Aldrich Potgieter,,,,,,,,,,,,,,,,,,,
245,5203006903,jmere,380,89,G Wyndham Clark G Ryan Gerard G Akshay Bhatia G Rickie Fowler G Jackson Suber G Nicolas Echavarria,,,,,,,,,,,,,,,,,,,
245,5200810937,Chvck8686,373,89,G Si Woo Kim G Jackson Koivun G Ryan Gerard G Eric Cole G Max Greyserman G Emiliano Grillo,,,,,,,,,,,,,,,,,,,
245,5201458487,allgreenie,327,89,G Hideki Matsuyama G J.J. Spaun G Akshay Bhatia G Rickie Fowler G Brooks Koepka G Keegan Bradley,,,,,,,,,,,,,,,,,,,
255,5201103202,billyboy1952,392,88.5,G Chris Gotterup G Si Woo Kim G Rickie Fowler G Jacob Bridgeman G Jackson Suber G Mackenzie Hughes,,,,,,,,,,,,,,,,,,,
255,5201259833,speedygreenz,388,88.5,G Chris Gotterup G Wyndham Clark G Ryan Gerard G Rickie Fowler G Jacob Bridgeman G Brad Dalke,,,,,,,,,,,,,,,,,,,
255,5203155781,PyroPrince3,375,88.5,G Chris Gotterup G Jackson Koivun G Ryan Gerard G Pierceson Coody G Benjamin James G Nick Taylor,,,,,,,,,,,,,,,,,,,
255,5201460565,TheMrBigE,374,88.5,G Si Woo Kim G Wyndham Clark G Ryan Gerard G Jacob Bridgeman G Christiaan Bezuidenhout G Emiliano Grillo,,,,,,,,,,,,,,,,,,,
255,5202550164,riverpirate,374,88.5,G Si Woo Kim G Jackson Koivun G Ryan Gerard G Eric Cole G Ryo Hisatsune G Ricky Castillo,,,,,,,,,,,,,,,,,,,
260,5201344429,Zack7831,391,88,G Jackson Koivun G Wyndham Clark G Jake Knapp G Rickie Fowler G Johnny Keefer G Sungjae Im,,,,,,,,,,,,,,,,,,,
260,5202153450,IMTheSchmitt,387,88,G Jackson Koivun G Russell Henley G Hideki Matsuyama G Rickie Fowler G Emiliano Grillo G Nicolas Echavarria,,,,,,,,,,,,,,,,,,,
260,5203050436,ShowboatKing,387,88,G Chris Gotterup G Ryan Gerard G Nicolai Højgaard G Rickie Fowler G Mac Meissner G Christiaan Bezuidenhout,,,,,,,,,,,,,,,,,,,
260,5203062127,honestabe00,387,88,G Chris Gotterup G Ryan Gerard G Rickie Fowler G Jacob Bridgeman G Ryo Hisatsune G Christiaan Bezuidenhout,,,,,,,,,,,,,,,,,,,
260,5202308673,Reese4isu,386,88,G Chris Gotterup G Russell Henley G Ryan Gerard G Keegan Bradley G Ben Kohles G Christiaan Bezuidenhout,,,,,,,,,,,,,,,,,,,
260,5203041224,snowdev30,385,88,G Cameron Young G Wyndham Clark G Ryan Gerard G Jackson Suber G Emiliano Grillo G Chris Kirk,,,,,,,,,,,,,,,,,,,
260,5203035816,MeanMachine590,384,88,G Chris Gotterup G Si Woo Kim G Jacob Bridgeman G Ryo Hisatsune G Christiaan Bezuidenhout G Michael Kim,,,,,,,,,,,,,,,,,,,
260,5201345157,jrossiter,383,88,G Si Woo Kim G Wyndham Clark G Russell Henley G Rasmus Neergaard-Petersen G Christiaan Bezuidenhout G Michael Kim,,,,,,,,,,,,,,,,,,,
260,5202190386,LML081013,383,88,G Jackson Koivun G Hideki Matsuyama G J.J. Spaun G Akshay Bhatia G Christiaan Bezuidenhout G Michael Kim,,,,,,,,,,,,,,,,,,,
260,5201518600,laffworks,378,88,G Chris Gotterup G Si Woo Kim G Ryan Gerard G Jackson Suber G Nick Taylor G Emiliano Grillo,,,,,,,,,,,,,,,,,,,
260,5201493192,mattwinter56,376,88,G Chris Gotterup G Si Woo Kim G Ryan Gerard G Ryo Hisatsune G Christiaan Bezuidenhout G Ricky Castillo,,,,,,,,,,,,,,,,,,,
260,5201523112,Demented14,376,88,G Chris Gotterup G Si Woo Kim G Hideki Matsuyama G Christiaan Bezuidenhout G Nick Taylor G Ricky Castillo,,,,,,,,,,,,,,,,,,,
260,5200888369,espope,375,88,G Si Woo Kim G Wyndham Clark G Ryan Gerard G Jacob Bridgeman G Christiaan Bezuidenhout G Ricky Castillo,,,,,,,,,,,,,,,,,,,
260,5202143255,vondullis,373,88,G Chris Gotterup G Si Woo Kim G Wyndham Clark G Rasmus Neergaard-Petersen G Chris Kirk G Zac Blair,,,,,,,,,,,,,,,,,,,
260,5202550561,jthor58,366,88,G Si Woo Kim G Jackson Koivun G Ryan Gerard G Akshay Bhatia G Ricky Castillo G Lucas Glover,,,,,,,,,,,,,,,,,,,
260,5202327563,chaz5236,365,88,G Xander Schauffele G Chris Gotterup G Si Woo Kim G Sam Stevens G Mark Hubbard G Zac Blair,,,,,,,,,,,,,,,,,,,
276,5202816141,NBheroinaddicts,392,87.5,G Si Woo Kim G Hideki Matsuyama G Ryan Gerard G Jacob Bridgeman G Keegan Bradley G Mackenzie Hughes,,,,,,,,,,,,,,,,,,,
276,5201165822,DJillWilliam,387,87.5,G Jackson Koivun G Hideki Matsuyama G Michael Thorbjornsen G Rickie Fowler G Eric Cole G Doug Ghim,,,,,,,,,,,,,,,,,,,
276,5203092781,ParkDaShark,384,87.5,G Wyndham Clark G Russell Henley G Hideki Matsuyama G Rickie Fowler G Emiliano Grillo G Chandler Phillips,,,,,,,,,,,,,,,,,,,
276,5201202954,childplzz,382,87.5,G Chris Gotterup G Jackson Koivun G Jake Knapp G Davis Thompson G Johnny Keefer G Chris Kirk,,,,,,,,,,,,,,,,,,,
276,5202537796,scottie332,381,87.5,G Wyndham Clark G Patrick Cantlay G Ben Griffin G Keegan Bradley G Eric Cole G Christiaan Bezuidenhout,,,,,,,,,,,,,,,,,,,
276,5202033178,18Skeeter,377,87.5,G Chris Gotterup G Si Woo Kim G Ben Griffin G Christiaan Bezuidenhout G Emiliano Grillo G Sam Stevens,,,,,,,,,,,,,,,,,,,
282,5201265166,svenrick66,390,87,G Si Woo Kim G Jackson Koivun G Jake Knapp G Johnny Keefer G Ben Kohles G Michael Kim,,,,,,,,,,,,,,,,,,,
282,5202383763,MojoGreen72,388,87,G Chris Gotterup G Si Woo Kim G Jake Knapp G Jackson Suber G Michael Kim G Harry Hall,,,,,,,,,,,,,,,,,,,
282,5202374038,reh256,386,87,G Si Woo Kim G Jackson Koivun G Rickie Fowler G Jacob Bridgeman G Ryo Hisatsune G Christiaan Bezuidenhout,,,,,,,,,,,,,,,,,,,
282,5202640100,grege99,386,87,G Si Woo Kim G Jackson Koivun G Rickie Fowler G Jacob Bridgeman G Denny McCarthy G Christiaan Bezuidenhout,,,,,,,,,,,,,,,,,,,
282,5203057722,scrubjay,386,87,G Si Woo Kim G Jackson Koivun G Rickie Fowler G Jacob Bridgeman G Ryo Hisatsune G Christiaan Bezuidenhout,,,,,,,,,,,,,,,,,,,
282,5200979157,ChampionshipVentures,385,87,G Wyndham Clark G J.J. Spaun G Ryan Gerard G Rickie Fowler G Eric Cole G Ryo Hisatsune,,,,,,,,,,,,,,,,,,,
282,5202432856,zokin,385,87,G Xander Schauffele G Hideki Matsuyama G Jake Knapp G Keegan Bradley G Andrew Novak G Tony Finau,,,,,,,,,,,,,,,,,,,
282,5203250000,Puffer10,385,87,G Wyndham Clark G Hideki Matsuyama G Ryan Gerard G Rickie Fowler G Eric Cole G Ben Kohles,,,,,,,,,,,,,,,,,,,
282,5202811806,EfrainGuz,384,87,G Cameron Young G Xander Schauffele G Rickie Fowler G Ben Kohles G Ricky Castillo G Zac Blair,,,,,,,,,,,,,,,,,,,
282,5201598937,carur,380,87,G Chris Gotterup G Jackson Koivun G Akshay Bhatia G Marco Penge G Pierceson Coody G Kevin Yu,,,,,,,,,,,,,,,,,,,
282,5201859859,jjinar,372,87,G Jackson Koivun G Wyndham Clark G Jake Knapp G Ryan Gerard G Christiaan Bezuidenhout G Mark Hubbard,,,,,,,,,,,,,,,,,,,
293,5202600780,kgr008,399,86.5,G Wyndham Clark G Hideki Matsuyama G Ben Griffin G Rickie Fowler G Corey Conners G Stephan Jaeger,,,,,,,,,,,,,,,,,,,
293,5203072145,jeffphil5403,391,86.5,G Wyndham Clark G J.J. Spaun G Ryan Gerard G Rickie Fowler G Jacob Bridgeman G Doug Ghim,,,,,,,,,,,,,,,,,,,
293,5202616037,Chargingyankees,389,86.5,G Si Woo Kim G Jackson Koivun G Ryan Gerard G Rickie Fowler G Ben Kohles G John Parry,,,,,,,,,,,,,,,,,,,
293,5200982052,jmostpa,385,86.5,G Chris Gotterup G Wyndham Clark G J.J. Spaun G Ben Kohles G Kevin Yu G Emiliano Grillo,,,,,,,,,,,,,,,,,,,
293,5202314761,Ps2jr,385,86.5,G Chris Gotterup G Wyndham Clark G J.J. Spaun G Ben Kohles G Kevin Yu G Emiliano Grillo,,,,,,,,,,,,,,,,,,,
293,5202736588,disalvo997,385,86.5,G Chris Gotterup G Wyndham Clark G Patrick Cantlay G Rasmus Neergaard-Petersen G Kevin Yu G Emiliano Grillo,,,,,,,,,,,,,,,,,,,
293,5202848830,PeytonMallard,383,86.5,G Xander Schauffele G Jackson Koivun G Rickie Fowler G Davis Thompson G Ben Kohles G Benjamin James,,,,,,,,,,,,,,,,,,,
293,5203117077,Esquared2,381,86.5,G Chris Gotterup G Wyndham Clark G Ben Griffin G Pierceson Coody G Sam Stevens G Ricky Castillo,,,,,,,,,,,,,,,,,,,
293,5200803343,Bogey67,380,86.5,G Xander Schauffele G Jackson Koivun G Rickie Fowler G Jacob Bridgeman G Johnny Keefer G Lucas Glover,,,,,,,,,,,,,,,,,,,
293,5201561045,Devilishreason,380,86.5,G Xander Schauffele G Si Woo Kim G Rickie Fowler G Ryo Hisatsune G Pierceson Coody G Andrew Novak,,,,,,,,,,,,,,,,,,,
293,5201324538,Ranger1189,377,86.5,G Xander Schauffele G Chris Gotterup G Marco Penge G Davis Thompson G Aldrich Potgieter G Michael Kim,,,,,,,,,,,,,,,,,,,
304,5201292714,Malzone,387,86,G Jackson Koivun G Wyndham Clark G Akshay Bhatia G Rickie Fowler G Jackson Suber G Ben Kohles,,,,,,,,,,,,,,,,,,,
304,5202603405,RSN21,387,86,G Chris Gotterup G Si Woo Kim G Wyndham Clark G Keegan Bradley G Jordan L. Smith G William Jennings,,,,,,,,,,,,,,,,,,,
304,5200629604,Spider.2.Y.Banana,384,86,G Si Woo Kim G Russell Henley G Ryan Gerard G Eric Cole G Ryo Hisatsune G Michael Kim,,,,,,,,,,,,,,,,,,,
304,5202865029,garywstanton,384,86,G Chris Gotterup G Jackson Koivun G Russell Henley G Ben Kohles G Emiliano Grillo G Ricky Castillo,,,,,,,,,,,,,,,,,,,
304,5203076372,Louis4484,384,86,G Chris Gotterup G Wyndham Clark G Jordan Spieth G Emiliano Grillo G Tony Finau G Patrick Rodgers,,,,,,,,,,,,,,,,,,,
304,5202174803,kochy11,383,86,G Cameron Young G Wyndham Clark G Jake Knapp G Seamus Power G Kevin Yu G Chris Kirk,,,,,,,,,,,,,,,,,,,
304,5201623853,OldEnglishChains,377,86,G Chris Gotterup G Si Woo Kim G Jackson Koivun G Ben Kohles G Emiliano Grillo G Kevin Streelman,,,,,,,,,,,,,,,,,,,
304,5202758824,IBGOOD,377,86,G Chris Gotterup G Si Woo Kim G Jackson Koivun G Aldrich Potgieter G Taylor Moore G Chris Kirk,,,,,,,,,,,,,,,,,,,
304,5200601797,teddy356,363,86,G Xander Schauffele G Si Woo Kim G Wyndham Clark G Doug Ghim G Joel Dahmen G Zac Blair,,,,,,,,,,,,,,,,,,,
313,5201296999,matts-H2,388,85.5,G Cameron Young G Si Woo Kim G Ryan Gerard G Ben Kohles G Tony Finau G Chris Kirk,,,,,,,,,,,,,,,,,,,
313,5201540499,jhesse613,388,85.5,G Cameron Young G Chris Gotterup G Akshay Bhatia G Jordan L. Smith G Kevin Yu G Chris Kirk,,,,,,,,,,,,,,,,,,,
313,5203062402,Gocats1985,388,85.5,G Xander Schauffele G Chris Gotterup G Jacob Bridgeman G Jordan Spieth G Michael Kim G Sam Stevens,,,,,,,,,,,,,,,,,,,
313,5200911482,Beave0424,387,85.5,G Chris Gotterup G Si Woo Kim G Rickie Fowler G Marco Penge G Rasmus Neergaard-Petersen G Christiaan Bezuidenhout,,,,,,,,,,,,,,,,,,,
313,5201068136,billtheoxx,383,85.5,G Xander Schauffele G Si Woo Kim G J.J. Spaun G Sam Stevens G Ricky Castillo G Mackenzie Hughes,,,,,,,,,,,,,,,,,,,
313,5201165149,jayoung1984,383,85.5,G Chris Gotterup G Jake Knapp G Akshay Bhatia G Michael Brennan G Eric Cole G Michael Kim,,,,,,,,,,,,,,,,,,,
313,5201340067,grrrrmonsta,372,85.5,G Chris Gotterup G Si Woo Kim G Jackson Koivun G Emiliano Grillo G Lee Hodges G Zac Blair,,,,,,,,,,,,,,,,,,,
313,5202161289,BJLTNYK,361,85.5,G Chris Gotterup G Jackson Koivun G Wyndham Clark G Christiaan Bezuidenhout G Nicolas Echavarria G Zac Blair,,,,,,,,,,,,,,,,,,,
313,5201927373,SneakyJake,360,85.5,G Chris Gotterup G Si Woo Kim G Jackson Koivun G Christiaan Bezuidenhout G Lucas Glover G Joel Dahmen,,,,,,,,,,,,,,,,,,,
322,5201253112,timrowland09,397,85,G Cameron Young G Chris Gotterup G Jacob Bridgeman G Keegan Bradley G Sungjae Im G Chris Kirk,,,,,,,,,,,,,,,,,,,
322,5202392892,skopivy22,397,85,G Cameron Young G Hideki Matsuyama G Michael Thorbjornsen G Keegan Bradley G Michael Kim G Nicolas Echavarria,,,,,,,,,,,,,,,,,,,
322,5202443674,tmckee333,397,85,G Cameron Young G Chris Gotterup G Jacob Bridgeman G Keegan Bradley G Sungjae Im G Chris Kirk,,,,,,,,,,,,,,,,,,,
322,5203096673,FrozenFromundaCheese,397,85,G Cameron Young G Chris Gotterup G Jacob Bridgeman G Keegan Bradley G Sungjae Im G Chris Kirk,,,,,,,,,,,,,,,,,,,
322,5203180172,howudewin,397,85,G Cameron Young G Chris Gotterup G Jacob Bridgeman G Keegan Bradley G Sungjae Im G Chris Kirk,,,,,,,,,,,,,,,,,,,
322,5203195334,tnasty86,397,85,G Cameron Young G Chris Gotterup G Jacob Bridgeman G Keegan Bradley G Sungjae Im G Chris Kirk,,,,,,,,,,,,,,,,,,,
322,5203251381,logan956,397,85,G Cameron Young G Chris Gotterup G Jacob Bridgeman G Keegan Bradley G Sungjae Im G Chris Kirk,,,,,,,,,,,,,,,,,,,
322,5202813178,signutz,393,85,G Cameron Young G Jackson Koivun G J.J. Spaun G Michael Kim G Emiliano Grillo G Billy Horschel,,,,,,,,,,,,,,,,,,,
322,5201274069,Bigbanana,390,85,G Chris Gotterup G Si Woo Kim G Rickie Fowler G Michael Brennan G Mac Meissner G Nick Taylor,,,,,,,,,,,,,,,,,,,
322,5200990308,cbernhagen0505,389,85,G Jackson Koivun G Ryan Gerard G Akshay Bhatia G Rickie Fowler G Jacob Bridgeman G Matt Wallace,,,,,,,,,,,,,,,,,,,
322,5202356920,mntonka4141,389,85,G Jackson Koivun G Ryan Gerard G Akshay Bhatia G Rickie Fowler G Jacob Bridgeman G Jackson Suber,,,,,,,,,,,,,,,,,,,
322,5202480611,Blueraider14,389,85,G Si Woo Kim G Wyndham Clark G Ryan Gerard G Rickie Fowler G Ben Kohles G Sungjae Im,,,,,,,,,,,,,,,,,,,
322,5203042705,propkiller,389,85,G Chris Gotterup G Si Woo Kim G Ryan Gerard G Keegan Bradley G Jordan L. Smith G Sungjae Im,,,,,,,,,,,,,,,,,,,
322,5201850987,rathjere,388,85,G Si Woo Kim G Wyndham Clark G Ryan Gerard G Keegan Bradley G Jackson Suber G Beau Hossler,,,,,,,,,,,,,,,,,,,
322,5201967208,amarimike2012,388,85,G Wyndham Clark G Russell Henley G Harris English G Akshay Bhatia G Doug Ghim G Michael Kim,,,,,,,,,,,,,,,,,,,
322,5201316071,lmccoy2,387,85,G Cameron Young G Si Woo Kim G Rickie Fowler G Jordan Spieth G Nick Taylor G Joel Dahmen,,,,,,,,,,,,,,,,,,,
322,5202152030,kozy6813,385,85,G Jackson Koivun G Wyndham Clark G Hideki Matsuyama G Davis Thompson G Ben Kohles G Michael Kim,,,,,,,,,,,,,,,,,,,
322,5202649853,steelcurtain79,385,85,G Jackson Koivun G Wyndham Clark G Michael Thorbjornsen G Davis Thompson G Jackson Suber G Michael Kim,,,,,,,,,,,,,,,,,,,
322,5201496684,Vermontjayhawk,384,85,G Chris Gotterup G Jackson Koivun G Hideki Matsuyama G Rickie Fowler G Rasmus Højgaard G Zac Blair,,,,,,,,,,,,,,,,,,,
322,5201478610,NassauGameDay,375,85,G Si Woo Kim G Wyndham Clark G Akshay Bhatia G Jacob Bridgeman G Eric Cole G Kevin Yu,,,,,,,,,,,,,,,,,,,
322,5200565106,mfames18,365,85,G Chris Gotterup G Si Woo Kim G Wyndham Clark G Emiliano Grillo G Nicolas Echavarria G Chandler Phillips,,,,,,,,,,,,,,,,,,,
343,5202698957,ScatmanSteve00,399,84.5,G Patrick Cantlay G Hideki Matsuyama G J.J. Spaun G Rickie Fowler G Keegan Bradley G Aldrich Potgieter,,,,,,,,,,,,,,,,,,,
343,5202013938,capc,388,84.5,G Si Woo Kim G Hideki Matsuyama G Ryan Gerard G Rickie Fowler G Ben Kohles G Christiaan Bezuidenhout,,,,,,,,,,,,,,,,,,,
343,5202689668,Puttorfish,388,84.5,G Si Woo Kim G Hideki Matsuyama G Ryan Gerard G Rickie Fowler G Ben Kohles G Christiaan Bezuidenhout,,,,,,,,,,,,,,,,,,,
343,5203116560,Danlederberg,388,84.5,G Chris Gotterup G Wyndham Clark G Akshay Bhatia G Rickie Fowler G Jackson Suber G Zachary Bauchou,,,,,,,,,,,,,,,,,,,
343,5203218517,wmbops,388,84.5,G Si Woo Kim G Ryan Gerard G Nicolai Højgaard G Rickie Fowler G Jacob Bridgeman G Christiaan Bezuidenhout,,,,,,,,,,,,,,,,,,,
343,5202617636,Harv1414,386,84.5,G Chris Gotterup G Si Woo Kim G Rickie Fowler G Jacob Bridgeman G Eric Cole G Sungjae Im,,,,,,,,,,,,,,,,,,,
343,5201879355,Becket,385,84.5,G Chris Gotterup G Si Woo Kim G Jacob Bridgeman G Keegan Bradley G Eric Cole G Mac Meissner,,,,,,,,,,,,,,,,,,,
343,5203051088,jthoma108,384,84.5,G Chris Gotterup G Wyndham Clark G Michael Thorbjornsen G Michael Brennan G Emiliano Grillo G Ricky Castillo,,,,,,,,,,,,,,,,,,,
343,5202677766,hockeysully13,382,84.5,G Cameron Young G Chris Gotterup G Keegan Bradley G Ben Kohles G Seamus Power G Christiaan Bezuidenhout,,,,,,,,,,,,,,,,,,,
343,5203153572,drbulldog,374,84.5,G Xander Schauffele G Jackson Koivun G Akshay Bhatia G Ryo Hisatsune G Christiaan Bezuidenhout G Ricky Castillo,,,,,,,,,,,,,,,,,,,
343,5203248228,ryhenicee,373,84.5,G Xander Schauffele G Jackson Koivun G Ryan Gerard G Jacob Bridgeman G Tony Finau G Zac Blair,,,,,,,,,,,,,,,,,,,
354,5201580571,ShakGolf,398,84,G Cameron Young G Ben Griffin G J.J. Spaun G Keegan Bradley G Nick Taylor G Chris Kirk,,,,,,,,,,,,,,,,,,,
354,5202483413,Quigs32,391,84,G Si Woo Kim G Ben Griffin G Ryan Gerard G Rickie Fowler G Denny McCarthy G Nick Taylor,,,,,,,,,,,,,,,,,,,
354,5202487190,SlappyTheCat,391,84,G Si Woo Kim G Wyndham Clark G Nicolai Højgaard G Rickie Fowler G Corey Conners G Sam Stevens,,,,,,,,,,,,,,,,,,,
354,5201476336,ebzlle2,386,84,G Chris Gotterup G Ryan Gerard G Nicolai Højgaard G Rickie Fowler G Jacob Bridgeman G Seamus Power,,,,,,,,,,,,,,,,,,,
354,5202580158,luka0077,384,84,G Jackson Koivun G Wyndham Clark G Ben Griffin G Jacob Bridgeman G Aldrich Potgieter G Michael Kim,,,,,,,,,,,,,,,,,,,
354,5201216599,pitcoman,369,84,G Jackson Koivun G Wyndham Clark G Ryan Gerard G Davis Thompson G Eric Cole G Benjamin James,,,,,,,,,,,,,,,,,,,
354,5203221804,dollallama,369,84,G Chris Gotterup G Si Woo Kim G Akshay Bhatia G Davis Thompson G Aldrich Potgieter G Emiliano Grillo,,,,,,,,,,,,,,,,,,,
361,5201368227,abombdiggity,392,83.5,G Si Woo Kim G Hideki Matsuyama G Ryan Gerard G Rickie Fowler G Ryo Hisatsune G Harry Hall,,,,,,,,,,,,,,,,,,,
361,5200849131,grunwaldj,388,83.5,G Wyndham Clark G Ryan Gerard G Akshay Bhatia G Nicolai Højgaard G Keegan Bradley G Ryo Hisatsune,,,,,,,,,,,,,,,,,,,
361,5202079898,mmcalpin1,386,83.5,G Si Woo Kim G Hideki Matsuyama G Ryan Gerard G Keegan Bradley G Eric Cole G Mac Meissner,,,,,,,,,,,,,,,,,,,
361,5202281679,Itzpcraft,386,83.5,G Chris Gotterup G Wyndham Clark G Ben Griffin G Davis Thompson G Michael Kim G Steven Fisk,,,,,,,,,,,,,,,,,,,
361,5202529478,TheCutlets,386,83.5,G Cameron Young G Si Woo Kim G Keegan Bradley G Eric Cole G Max Greyserman G Nick Taylor,,,,,,,,,,,,,,,,,,,
361,5200785672,chazemclean,384,83.5,G Xander Schauffele G Wyndham Clark G Rickie Fowler G Eric Cole G Corey Conners G Sungjae Im,,,,,,,,,,,,,,,,,,,
361,5203203662,Tyeler11,383,83.5,G Si Woo Kim G Jake Knapp G Ryan Gerard G Akshay Bhatia G Doug Ghim G Kevin Yu,,,,,,,,,,,,,,,,,,,
361,5203249416,nickyjoe,376,83.5,G Xander Schauffele G Si Woo Kim G Hideki Matsuyama G Doug Ghim G Emiliano Grillo G Joel Dahmen,,,,,,,,,,,,,,,,,,,
369,5201658332,BigChubb2021,394,83,G Chris Gotterup G Si Woo Kim G Rickie Fowler G Marco Penge G Johnny Keefer G Ben Kohles,,,,,,,,,,,,,,,,,,,
369,5202300304,HanzoSteel,394,83,G Chris Gotterup G Si Woo Kim G Rickie Fowler G Michael Brennan G Johnny Keefer G Jordan L. Smith,,,,,,,,,,,,,,,,,,,
369,5203230515,beastnuts,391,83,G Si Woo Kim G Jackson Koivun G Rickie Fowler G Jacob Bridgeman G Ryo Hisatsune G Pierceson Coody,,,,,,,,,,,,,,,,,,,
369,5202458073,buttgina,387,83,G Cameron Young G Jackson Koivun G Wyndham Clark G Rickie Fowler G Stefano Mazzoli G Brad Dalke,,,,,,,,,,,,,,,,,,,
369,5203091417,dmonkey18,386,83,G Cameron Young G Jackson Koivun G Akshay Bhatia G Ben Kohles G Kevin Yu G Emiliano Grillo,,,,,,,,,,,,,,,,,,,
369,5201927137,MonkeyA,385,83,G Wyndham Clark G Hideki Matsuyama G Akshay Bhatia G Rickie Fowler G Eric Cole G Ryo Hisatsune,,,,,,,,,,,,,,,,,,,
369,5202379838,jack19733,385,83,G Cameron Young G Si Woo Kim G Akshay Bhatia G Christiaan Bezuidenhout G Michael Kim G Tom Hoge,,,,,,,,,,,,,,,,,,,
369,5202789857,mattmccann,385,83,G Wyndham Clark G Hideki Matsuyama G Akshay Bhatia G Rickie Fowler G Eric Cole G Ryo Hisatsune,,,,,,,,,,,,,,,,,,,
369,5202584341,marotta07,384,83,G Xander Schauffele G Wyndham Clark G Nicolai Højgaard G Pierceson Coody G Johnny Keefer G Kevin Yu,,,,,,,,,,,,,,,,,,,
369,5203203135,PlumdogMillionaire24,378,83,G Chris Gotterup G Jackson Koivun G Ryan Gerard G Jackson Suber G Christiaan Bezuidenhout G Sam Stevens,,,,,,,,,,,,,,,,,,,
369,5203067066,Woodbee24,371,83,G Xander Schauffele G Chris Gotterup G Wyndham Clark G Emiliano Grillo G Andrew Putnam G Zac Blair,,,,,,,,,,,,,,,,,,,
369,5203066427,paynis18,365,83,G Chris Gotterup G Si Woo Kim G Jackson Koivun G Emiliano Grillo G Lucas Glover G Nicolas Echavarria,,,,,,,,,,,,,,,,,,,
381,5202887218,Niromada,398,82.5,G Wyndham Clark G Russell Henley G Michael Thorbjornsen G Rickie Fowler G Marco Penge G Kevin Yu,,,,,,,,,,,,,,,,,,,
381,5203151787,serbythegreek,398,82.5,G Wyndham Clark G Patrick Cantlay G Rickie Fowler G Michael Brennan G Rasmus Neergaard-Petersen G Kevin Yu,,,,,,,,,,,,,,,,,,,
381,5202527136,Xxking970xX,396,82.5,G Cameron Young G Jake Knapp G Akshay Bhatia G Jacob Bridgeman G Michael Kim G Chris Kirk,,,,,,,,,,,,,,,,,,,
381,5203225129,bdevil,391,82.5,G Cameron Young G Si Woo Kim G Michael Thorbjornsen G Davis Thompson G Stephan Jaeger G Chris Kirk,,,,,,,,,,,,,,,,,,,
381,5200803227,psully123,388,82.5,G Si Woo Kim G Ben Griffin G J.J. Spaun G Keegan Bradley G Eric Cole G Doug Ghim,,,,,,,,,,,,,,,,,,,
381,5203202801,B-Lail03,387,82.5,G Cameron Young G Russell Henley G Ryan Gerard G Nick Taylor G Emiliano Grillo G Ricky Castillo,,,,,,,,,,,,,,,,,,,
381,5200907248,Day019,381,82.5,G Chris Gotterup G Si Woo Kim G Jackson Koivun G Benjamin James G Ricky Castillo G A.J. Ewart,,,,,,,,,,,,,,,,,,,
388,5201943967,streams180,396,82,G Cameron Young G Chris Gotterup G Jackson Koivun G Johnny Keefer G Austin Eckroat G Gordon Sargent,,,,,,,,,,,,,,,,,,,
388,5202159322,cash-o-haulik,395,82,G Si Woo Kim G Hideki Matsuyama G Ryan Gerard G Rickie Fowler G Johnny Keefer G Ben Kohles,,,,,,,,,,,,,,,,,,,
388,5200622604,mtaranto,388,82,G Cameron Young G Chris Gotterup G Rickie Fowler G Davis Thompson G Johnny Keefer G Christo Lamprecht,,,,,,,,,,,,,,,,,,,
388,5201367214,BeSp10,387,82,G Chris Gotterup G Si Woo Kim G Hideki Matsuyama G Rasmus Neergaard-Petersen G Ricky Castillo G Tony Finau,,,,,,,,,,,,,,,,,,,
388,5202705576,BeachNut2892,384,82,G Cameron Young G Ryan Gerard G Rickie Fowler G Jacob Bridgeman G Christiaan Bezuidenhout G Zac Blair,,,,,,,,,,,,,,,,,,,
388,5202555039,dustyholder,380,82,G Si Woo Kim G Wyndham Clark G Jake Knapp G Rickie Fowler G Aldrich Potgieter G Nicolas Echavarria,,,,,,,,,,,,,,,,,,,
388,5202925524,ihateurmomsson,378,82,G Si Woo Kim G Jackson Koivun G Ryan Gerard G Davis Thompson G Ben Kohles G Emiliano Grillo,,,,,,,,,,,,,,,,,,,
388,5202546201,kacywc,377,82,G Chris Gotterup G Wyndham Clark G Ryan Gerard G Jacob Bridgeman G Seamus Power G Mackenzie Hughes,,,,,,,,,,,,,,,,,,,
388,5201037654,mbus2828,372,82,G Xander Schauffele G Wyndham Clark G Ryan Gerard G Michael Brennan G Emiliano Grillo G Zac Blair,,,,,,,,,,,,,,,,,,,
388,5200767237,golfbug412,325,82,G Cameron Young G Jake Knapp G Rickie Fowler G Brooks Koepka G Christiaan Bezuidenhout G Kevin Yu,,,,,,,,,,,,,,,,,,,
398,5200664324,Steak318,399,81.5,G Si Woo Kim G Hideki Matsuyama G Jake Knapp G Rickie Fowler G Corey Conners G Chris Kirk,,,,,,,,,,,,,,,,,,,
398,5203169314,Dles1222,393,81.5,G Chris Gotterup G Ben Griffin G Akshay Bhatia G Keegan Bradley G Jackson Suber G Johnny Keefer,,,,,,,,,,,,,,,,,,,
398,5200714472,DaleDoback2,392,81.5,G Wyndham Clark G Russell Henley G Akshay Bhatia G Jacob Bridgeman G Keegan Bradley G Johnny Keefer,,,,,,,,,,,,,,,,,,,
398,5200718260,JJPO,390,81.5,G Si Woo Kim G Jackson Koivun G Ben Griffin G Ryo Hisatsune G Benjamin James G Michael Kim,,,,,,,,,,,,,,,,,,,
398,5201727503,Aref,390,81.5,G Jackson Koivun G Ryan Gerard G Michael Thorbjornsen G Rickie Fowler G Jacob Bridgeman G Davis Thompson,,,,,,,,,,,,,,,,,,,
398,5202597899,gset21,390,81.5,G Jackson Koivun G Jake Knapp G Ryan Gerard G Rickie Fowler G Davis Thompson G Ben Kohles,,,,,,,,,,,,,,,,,,,
398,5202914147,Spiritof2015,389,81.5,G Chris Gotterup G Jackson Koivun G Hideki Matsuyama G Ryo Hisatsune G Mackenzie Hughes G Tony Finau,,,,,,,,,,,,,,,,,,,
398,5200818662,Billpeters95,387,81.5,G Jackson Koivun G Wyndham Clark G Jake Knapp G Rickie Fowler G Aldrich Potgieter G Sungjae Im,,,,,,,,,,,,,,,,,,,
398,5202906778,PXGGOLFPRO21,386,81.5,G Jackson Koivun G Wyndham Clark G J.J. Spaun G Keegan Bradley G Jackson Suber G Aldrich Potgieter,,,,,,,,,,,,,,,,,,,
398,5200981343,Mrsparklebrain,385,81.5,G Si Woo Kim G Jackson Koivun G Jake Knapp G Rickie Fowler G Ben Kohles G Zac Blair,,,,,,,,,,,,,,,,,,,
398,5202077441,Bonniegal,384,81.5,G Chris Gotterup G Jackson Koivun G Russell Henley G Ben Kohles G Christiaan Bezuidenhout G Chris Kirk,,,,,,,,,,,,,,,,,,,
398,5201635196,Morrows123,376,81.5,G Xander Schauffele G Si Woo Kim G Harris English G Keegan Bradley G Andrew Novak G William Mouw,,,,,,,,,,,,,,,,,,,
398,5201869908,baddayatblackrock,374,81.5,G Si Woo Kim G Jackson Koivun G Akshay Bhatia G Seamus Power G Jordan L. Smith G Ricky Castillo,,,,,,,,,,,,,,,,,,,
398,5201152250,bobnanch,367,81.5,G Chris Gotterup G Jackson Koivun G Wyndham Clark G Doug Ghim G Aldrich Potgieter G Chandler Phillips,,,,,,,,,,,,,,,,,,,
412,5202565976,Lemon77,399,81,G Cameron Young G J.J. Spaun G Rickie Fowler G Jordan Spieth G Nick Taylor G Tony Finau,,,,,,,,,,,,,,,,,,,
412,5201705026,gupmastermike,397,81,G Chris Gotterup G Russell Henley G Jake Knapp G Rickie Fowler G Emiliano Grillo G A.J. Ewart,,,,,,,,,,,,,,,,,,,
412,5202336074,Arietes,397,81,G Cameron Young G Jackson Koivun G Ryan Gerard G Michael Brennan G Johnny Keefer G Gordon Sargent,,,,,,,,,,,,,,,,,,,
412,5202928360,fimp77,397,81,G Chris Gotterup G Russell Henley G Ben Griffin G Rickie Fowler G Emiliano Grillo G Kevin Roy,,,,,,,,,,,,,,,,,,,
412,5202832804,watersweet16,396,81,G Chris Gotterup G Hideki Matsuyama G Jake Knapp G Keegan Bradley G Ben Kohles G Emiliano Grillo,,,,,,,,,,,,,,,,,,,
412,5202173172,bhuguga3,389,81,G Chris Gotterup G Si Woo Kim G Akshay Bhatia G Keegan Bradley G Jackson Suber G Kevin Roy,,,,,,,,,,,,,,,,,,,
412,5202508883,JTcapSNAKE,389,81,G Si Woo Kim G Wyndham Clark G Akshay Bhatia G Rickie Fowler G Ryo Hisatsune G John Parry,,,,,,,,,,,,,,,,,,,
412,5202321416,txcrude,386,81,G Chris Gotterup G Si Woo Kim G Ben Griffin G Emiliano Grillo G Ricky Castillo G Sungjae Im,,,,,,,,,,,,,,,,,,,
412,5202162801,firedawg13,378,81,G Jackson Koivun G Wyndham Clark G Ryan Gerard G Eric Cole G Johnny Keefer G Rasmus Neergaard-Petersen,,,,,,,,,,,,,,,,,,,
412,5203039296,redem7,376,81,G Chris Gotterup G Si Woo Kim G Wyndham Clark G Ben Kohles G Kevin Yu G Chandler Phillips,,,,,,,,,,,,,,,,,,,
422,5201230708,moneyshott,398,80.5,G Chris Gotterup G Hideki Matsuyama G Rickie Fowler G Ryo Hisatsune G Ben Kohles G Ricky Castillo,,,,,,,,,,,,,,,,,,,
422,5201951959,Trebor20,398,80.5,G Chris Gotterup G Jake Knapp G J.J. Spaun G Rickie Fowler G Jackson Suber G Ricky Castillo,,,,,,,,,,,,,,,,,,,
422,5200786095,clf1212,397,80.5,G Wyndham Clark G Hideki Matsuyama G Jake Knapp G Rickie Fowler G Ryo Hisatsune G Ricky Castillo,,,,,,,,,,,,,,,,,,,
422,5203114253,r5taylor,395,80.5,G Cameron Young G Rickie Fowler G Marco Penge G Matt Wallace G Christiaan Bezuidenhout G Emiliano Grillo,,,,,,,,,,,,,,,,,,,
422,5202602059,TEDDYB12345y,392,80.5,G Cameron Young G Chris Gotterup G Jacob Bridgeman G Keegan Bradley G Mackenzie Hughes G Nicolas Echavarria,,,,,,,,,,,,,,,,,,,
422,5200645860,s.fox4891,390,80.5,G Xander Schauffele G Si Woo Kim G Rickie Fowler G Denny McCarthy G Nick Taylor G Matthew McCarty,,,,,,,,,,,,,,,,,,,
422,5202308740,boany69,390,80.5,G Chris Gotterup G Wyndham Clark G Russell Henley G Corey Conners G Harry Hall G Stephan Jaeger,,,,,,,,,,,,,,,,,,,
422,5201367147,bonehead9s,386,80.5,G Cameron Young G Si Woo Kim G Jake Knapp G Ricky Castillo G Stephan Jaeger G Zac Blair,,,,,,,,,,,,,,,,,,,
422,5201091336,mcnickone,384,80.5,G Cameron Young G Wyndham Clark G Hideki Matsuyama G Michael Kim G Nick Taylor G Chandler Phillips,,,,,,,,,,,,,,,,,,,
422,5202670448,mrjamesdio,382,80.5,G Chris Gotterup G Si Woo Kim G Ben Griffin G Benjamin James G Nick Taylor G Emiliano Grillo,,,,,,,,,,,,,,,,,,,
422,5201073694,turbato,381,80.5,G Xander Schauffele G Jackson Koivun G Ryan Gerard G Ben Kohles G Benjamin James G Ricky Castillo,,,,,,,,,,,,,,,,,,,
422,5201175797,jcable711,377,80.5,G Si Woo Kim G Jackson Koivun G Wyndham Clark G Patrick Cantlay G Aaron Wise G Davis Riley,,,,,,,,,,,,,,,,,,,
422,5201540846,ddd921,373,80.5,G Xander Schauffele G Jackson Koivun G Davis Thompson G Eric Cole G Ben Kohles G Emiliano Grillo,,,,,,,,,,,,,,,,,,,
435,5202695243,Jryan15,398,80,G Russell Henley G Hideki Matsuyama G Ryan Gerard G Rickie Fowler G Michael Brennan G Emiliano Grillo,,,,,,,,,,,,,,,,,,,
435,5200905885,TerpBoy2002,393,80,G Wyndham Clark G Patrick Cantlay G Ryan Gerard G Rickie Fowler G Corey Conners G Benjamin James,,,,,,,,,,,,,,,,,,,
435,5201577108,Dacidduval,392,80,G Chris Gotterup G Ben Griffin G Akshay Bhatia G Rickie Fowler G Pierceson Coody G Mac Meissner,,,,,,,,,,,,,,,,,,,
435,5201463906,chrisrat,391,80,G Wyndham Clark G Ben Griffin G Akshay Bhatia G Rickie Fowler G Jacob Bridgeman G Pierceson Coody,,,,,,,,,,,,,,,,,,,
435,5201715511,corey1164,391,80,G Si Woo Kim G Hideki Matsuyama G Akshay Bhatia G Rickie Fowler G Ryo Hisatsune G Nick Taylor,,,,,,,,,,,,,,,,,,,
435,5202755640,rubbsy,391,80,G Chris Gotterup G J.J. Spaun G Akshay Bhatia G Jacob Bridgeman G Keegan Bradley G Pierceson Coody,,,,,,,,,,,,,,,,,,,
435,5203019120,Waldywald,391,80,G Si Woo Kim G Ryan Gerard G Akshay Bhatia G Rickie Fowler G Jacob Bridgeman G Ben Kohles,,,,,,,,,,,,,,,,,,,
435,5202660215,wew12345,389,80,G Wyndham Clark G Hideki Matsuyama G Ryan Gerard G Keegan Bradley G Davis Thompson G Jackson Suber,,,,,,,,,,,,,,,,,,,
435,5201711885,whiskygolf,388,80,G Cameron Young G Chris Gotterup G Jake Knapp G Chris Kirk G Patrick Fishburn G Zac Blair,,,,,,,,,,,,,,,,,,,
435,5202894237,gbgfreedom,387,80,G Chris Gotterup G Wyndham Clark G Michael Thorbjornsen G Keegan Bradley G Denny McCarthy G Aldrich Potgieter,,,,,,,,,,,,,,,,,,,
435,5201946609,mjank2,370,80,G Chris Gotterup G Jackson Koivun G Wyndham Clark G Ben Kohles G Christiaan Bezuidenhout G Zac Blair,,,,,,,,,,,,,,,,,,,
435,5200952045,Pigballin,313,80,G Xander Schauffele G Chris Gotterup G Brooks Koepka G Corey Conners G Emiliano Grillo G Ricky Castillo,,,,,,,,,,,,,,,,,,,
447,5201260062,Swingersgolf,402,79.5,G Jackson Koivun G Hideki Matsuyama G Jake Knapp G Rickie Fowler G Jacob Bridgeman G Patrick Fishburn,,,,,,,,,,,,,,,,,,,
447,5202652426,Goody0505,386,79.5,G Chris Gotterup G Jackson Koivun G Wyndham Clark G Ben Kohles G Kevin Yu G Zachary Bauchou,,,,,,,,,,,,,,,,,,,
447,5202708915,DaleCrawford1972,385,79.5,G Cameron Young G Xander Schauffele G Rickie Fowler G Emiliano Grillo G Sudarshan Yellamaraju G Lucas Glover,,,,,,,,,,,,,,,,,,,
447,5203146474,Mike0214,383,79.5,G Cameron Young G Si Woo Kim G Jacob Bridgeman G Eric Cole G Emiliano Grillo G Ricky Castillo,,,,,,,,,,,,,,,,,,,
447,5202416985,CottonPunch,381,79.5,G Si Woo Kim G J.J. Spaun G Ryan Gerard G Akshay Bhatia G Davis Thompson G Chris Kirk,,,,,,,,,,,,,,,,,,,
447,5201828147,joeyda48,380,79.5,G Chris Gotterup G J.J. Spaun G Ryan Gerard G Akshay Bhatia G Aldrich Potgieter G Kevin Yu,,,,,,,,,,,,,,,,,,,
447,5202286727,gblack1,378,79.5,G Chris Gotterup G Si Woo Kim G Wyndham Clark G Ben Kohles G Tony Finau G Nicolas Echavarria,,,,,,,,,,,,,,,,,,,
447,5201957586,tdowns87,374,79.5,G Chris Gotterup G Si Woo Kim G Wyndham Clark G Ben Kohles G Emiliano Grillo G Chandler Phillips,,,,,,,,,,,,,,,,,,,
447,5202912933,zachpals,373,79.5,G Xander Schauffele G Jackson Koivun G Davis Thompson G Doug Ghim G Benjamin James G Christiaan Bezuidenhout,,,,,,,,,,,,,,,,,,,
456,5203157991,marino1037,403,79,G Patrick Cantlay G Hideki Matsuyama G Ben Griffin G Rickie Fowler G Keegan Bradley G Jesper Svensson,,,,,,,,,,,,,,,,,,,
456,5203098471,druryleetch,394,79,G Cameron Young G Xander Schauffele G Denny McCarthy G Ben Kohles G Michael Kim G Emiliano Grillo,,,,,,,,,,,,,,,,,,,
456,5201828180,rhino2300,393,79,G Chris Gotterup G Wyndham Clark G Jake Knapp G Johnny Keefer G Rasmus Neergaard-Petersen G Stephan Jaeger,,,,,,,,,,,,,,,,,,,
456,5202072390,RodneyR2254,393,79,G Si Woo Kim G Jackson Koivun G Michael Thorbjornsen G Rickie Fowler G Benjamin James G Jordan L. Smith,,,,,,,,,,,,,,,,,,,
456,5200679792,bdschultheis,390,79,G Cameron Young G Chris Gotterup G Davis Thompson G Pierceson Coody G Ben Kohles G Michael Kim,,,,,,,,,,,,,,,,,,,
456,5200970123,calkat77,390,79,G Si Woo Kim G Jackson Koivun G Rickie Fowler G Davis Thompson G Ryo Hisatsune G Corey Conners,,,,,,,,,,,,,,,,,,,
456,5202617688,Raskel123,389,79,G Si Woo Kim G Jackson Koivun G Jacob Bridgeman G Keegan Bradley G Davis Thompson G Jackson Suber,,,,,,,,,,,,,,,,,,,
456,5203247396,Packerskid87,387,79,G Si Woo Kim G Hideki Matsuyama G Ryan Gerard G Rickie Fowler G Jacob Bridgeman G Zac Blair,,,,,,,,,,,,,,,,,,,
456,5200913067,MixedMartialArtemis,386,79,G Chris Gotterup G Wyndham Clark G Ben Griffin G Rickie Fowler G Billy Horschel G Chandler Phillips,,,,,,,,,,,,,,,,,,,
456,5202643916,Fedor73,386,79,G Chris Gotterup G Si Woo Kim G Hideki Matsuyama G Jackson Suber G Michael Kim G William Mouw,,,,,,,,,,,,,,,,,,,
456,5201620022,Hurricanes23,385,79,G Cameron Young G Chris Gotterup G Johnny Keefer G Kevin Yu G Chandler Phillips G Neal Shipley,,,,,,,,,,,,,,,,,,,
456,5203114647,pgomes11,383,79,G Chris Gotterup G Wyndham Clark G Jake Knapp G Eric Cole G Ryo Hisatsune G Chris Kirk,,,,,,,,,,,,,,,,,,,
456,5203119018,milkshakeduck,381,79,G Xander Schauffele G Wyndham Clark G Ben Griffin G Davis Thompson G Tony Finau G Neal Shipley,,,,,,,,,,,,,,,,,,,
456,5201780972,Vailski,378,79,G Jackson Koivun G Russell Henley G Akshay Bhatia G Aldrich Potgieter G Emiliano Grillo G Harry Hall,,,,,,,,,,,,,,,,,,,
456,5203249828,rckon17,373,79,G Cameron Young G Chris Gotterup G Si Woo Kim G Nick Taylor G Joel Dahmen G Lanto Griffin,,,,,,,,,,,,,,,,,,,
471,5201034558,TBowen62,390,78.5,G Cameron Young G Jackson Koivun G Ryan Gerard G Rickie Fowler G Nicolas Echavarria G William Jennings,,,,,,,,,,,,,,,,,,,
471,5201424480,bigperm44,385,78.5,G Chris Gotterup G Russell Henley G J.J. Spaun G Rickie Fowler G Christiaan Bezuidenhout G Chandler Phillips,,,,,,,,,,,,,,,,,,,
471,5201385650,caeq4d,384,78.5,G Cameron Young G Chris Gotterup G Jake Knapp G Emiliano Grillo G Chris Kirk G Chandler Phillips,,,,,,,,,,,,,,,,,,,
471,5201749350,hodjitime,376,78.5,G Chris Gotterup G Si Woo Kim G Ryan Gerard G Ben Kohles G Emiliano Grillo G Chandler Phillips,,,,,,,,,,,,,,,,,,,
471,5201185563,JermG10,375,78.5,G Chris Gotterup G Jackson Koivun G Wyndham Clark G Doug Ghim G Ben Kohles G Zac Blair,,,,,,,,,,,,,,,,,,,
471,5203126811,codesix14,369,78.5,G Cameron Young G Jackson Koivun G Wyndham Clark G Emiliano Grillo G Chandler Phillips G Zac Blair,,,,,,,,,,,,,,,,,,,
471,5200731203,gtack,362,78.5,G Chris Gotterup G Jackson Koivun G Wyndham Clark G Davis Thompson G Chandler Phillips G Zac Blair,,,,,,,,,,,,,,,,,,,
471,5201047690,dolphnz1,362,78.5,G Chris Gotterup G Jackson Koivun G Wyndham Clark G Davis Thompson G Chandler Phillips G Zac Blair,,,,,,,,,,,,,,,,,,,
479,5203084625,DubV22,395,78,G Chris Gotterup G Jake Knapp G Rickie Fowler G Michael Brennan G Davis Thompson G Johnny Keefer,,,,,,,,,,,,,,,,,,,
479,5203015422,Thechamp1995,394,78,G Wyndham Clark G Patrick Cantlay G Michael Thorbjornsen G Rickie Fowler G Davis Thompson G Johnny Keefer,,,,,,,,,,,,,,,,,,,
479,5201791708,mnewtsy,392,78,G Xander Schauffele G Ben Griffin G Akshay Bhatia G Rickie Fowler G Doug Ghim G Sungjae Im,,,,,,,,,,,,,,,,,,,
479,5202639490,semmler72,392,78,G Xander Schauffele G Jackson Koivun G Rickie Fowler G Jacob Bridgeman G Benjamin James G Sungjae Im,,,,,,,,,,,,,,,,,,,
479,5202276056,GWAU,389,78,G Chris Gotterup G Wyndham Clark G Ben Griffin G Rickie Fowler G Nicolas Echavarria G Matti Schmid,,,,,,,,,,,,,,,,,,,
479,5201395407,BennyHogan,388,78,G Chris Gotterup G Hideki Matsuyama G Ryan Gerard G Rickie Fowler G Jackson Suber G Chandler Phillips,,,,,,,,,,,,,,,,,,,
479,5202514857,offonthelake,387,78,G Wyndham Clark G Patrick Cantlay G Ryan Gerard G Rickie Fowler G Jacob Bridgeman G Chandler Phillips,,,,,,,,,,,,,,,,,,,
479,5201536935,jason_cyndy1,385,78,G Chris Gotterup G J.J. Spaun G Nicolai Højgaard G Eric Cole G Nick Taylor G Chris Kirk,,,,,,,,,,,,,,,,,,,
479,5202352725,garybridgesp,378,78,G Si Woo Kim G Jackson Koivun G Akshay Bhatia G Davis Thompson G Ryo Hisatsune G Emiliano Grillo,,,,,,,,,,,,,,,,,,,
479,5203066946,mikenorton2112,377,78,G Chris Gotterup G Jackson Koivun G Akshay Bhatia G Eric Cole G Ryo Hisatsune G Sam Stevens,,,,,,,,,,,,,,,,,,,
489,5202612798,tonymark01,398,77.5,G Xander Schauffele G Hideki Matsuyama G Harris English G Rickie Fowler G Tony Finau G Sungjae Im,,,,,,,,,,,,,,,,,,,
489,5201005809,tdweslow,397,77.5,G Xander Schauffele G Russell Henley G Nicolai Højgaard G Keegan Bradley G Matt Wallace G Tony Finau,,,,,,,,,,,,,,,,,,,
489,5202812060,companionij,397,77.5,G Xander Schauffele G Patrick Cantlay G Michael Thorbjornsen G Keegan Bradley G Ryo Hisatsune G Tony Finau,,,,,,,,,,,,,,,,,,,
489,5203058593,Astrocreep78,397,77.5,G Xander Schauffele G Patrick Cantlay G Keegan Bradley G Denny McCarthy G Tony Finau G Patrick Rodgers,,,,,,,,,,,,,,,,,,,
489,5203114334,utter10,397,77.5,G Si Woo Kim G Hideki Matsuyama G Ben Griffin G Keegan Bradley G Corey Conners G Emiliano Grillo,,,,,,,,,,,,,,,,,,,
489,5200841958,beilke33,395,77.5,G Xander Schauffele G Jake Knapp G Nicolai Højgaard G Keegan Bradley G Pierceson Coody G Johnny Keefer,,,,,,,,,,,,,,,,,,,
489,5200585146,rzaroch36,391,77.5,G Chris Gotterup G Si Woo Kim G Rickie Fowler G Davis Thompson G Denny McCarthy G Ben Kohles,,,,,,,,,,,,,,,,,,,
489,5201570587,blongnecker,391,77.5,G Chris Gotterup G Si Woo Kim G Rickie Fowler G Jacob Bridgeman G Davis Thompson G Kevin Roy,,,,,,,,,,,,,,,,,,,
489,5201609926,Crunch_Bunch,391,77.5,G Chris Gotterup G Si Woo Kim G Ryan Gerard G Corey Conners G Max Greyserman G Stephan Jaeger,,,,,,,,,,,,,,,,,,,
489,5203099270,EvBox,391,77.5,G Chris Gotterup G Si Woo Kim G Rickie Fowler G Davis Thompson G Denny McCarthy G Ben Kohles,,,,,,,,,,,,,,,,,,,
489,5200666897,DAREDEVILDURAGS,390,77.5,G Jackson Koivun G Hideki Matsuyama G Akshay Bhatia G Rickie Fowler G Davis Thompson G Ben Kohles,,,,,,,,,,,,,,,,,,,
489,5201163552,Skrod,390,77.5,G Chris Gotterup G Si Woo Kim G Keegan Bradley G Davis Thompson G Jackson Suber G Ben Kohles,,,,,,,,,,,,,,,,,,,
489,5202710225,kevmoney21,388,77.5,G Jackson Koivun G Wyndham Clark G Jake Knapp G Jacob Bridgeman G Pierceson Coody G Chris Kirk,,,,,,,,,,,,,,,,,,,
489,5202268084,kirks91,377,77.5,G Chris Gotterup G Jackson Koivun G Wyndham Clark G Johnny Keefer G Ben Kohles G Zac Blair,,,,,,,,,,,,,,,,,,,
489,5202698658,souge369,375,77.5,G Chris Gotterup G Wyndham Clark G Akshay Bhatia G Jordan Spieth G Eric Cole G Nick Taylor,,,,,,,,,,,,,,,,,,,
489,5202278110,dre44,360,77.5,G Xander Schauffele G Chris Gotterup G Si Woo Kim G Chandler Phillips G Joel Dahmen G Zac Blair,,,,,,,,,,,,,,,,,,,
505,5200626326,footballsport,409,77,G Patrick Cantlay G J.J. Spaun G Nicolai Højgaard G Rickie Fowler G Jacob Bridgeman G Keegan Bradley,,,,,,,,,,,,,,,,,,,
505,5201459538,JordanJ0416,409,77,G Cameron Young G Nicolai Højgaard G Rickie Fowler G Jacob Bridgeman G Keegan Bradley G Rasmus Neergaard-Petersen,,,,,,,,,,,,,,,,,,,
505,5201584354,shappy98022,409,77,G Patrick Cantlay G Harris English G Michael Thorbjornsen G Rickie Fowler G Michael Brennan G Keegan Bradley,,,,,,,,,,,,,,,,,,,
505,5201715714,michaelrenwick,409,77,G Cameron Young G Jake Knapp G Rickie Fowler G Keegan Bradley G Denny McCarthy G Ben Kohles,,,,,,,,,,,,,,,,,,,
505,5202012862,EvoDevo,409,77,G Cameron Young G Michael Thorbjornsen G Rickie Fowler G Keegan Bradley G Marco Penge G Matt Wallace,,,,,,,,,,,,,,,,,,,
505,5202013664,ccon1218,409,77,G Patrick Cantlay G Ben Griffin G Michael Thorbjornsen G Rickie Fowler G Michael Brennan G Keegan Bradley,,,,,,,,,,,,,,,,,,,
505,5202279848,doubletides,409,77,G Russell Henley G Hideki Matsuyama G Rickie Fowler G Keegan Bradley G Denny McCarthy G Ben Kohles,,,,,,,,,,,,,,,,,,,
505,5202300833,mikeflans,409,77,G Hideki Matsuyama G Ben Griffin G Nicolai Højgaard G Rickie Fowler G Jacob Bridgeman G Keegan Bradley,,,,,,,,,,,,,,,,,,,
505,5202326437,brianhalv,409,77,G Russell Henley G Patrick Cantlay G Jake Knapp G Rickie Fowler G Keegan Bradley G Sungjae Im,,,,,,,,,,,,,,,,,,,
505,5202527035,eoh1994,409,77,G Cameron Young G Hideki Matsuyama G Rickie Fowler G Keegan Bradley G Mac Meissner G Sungjae Im,,,,,,,,,,,,,,,,,,,
505,5202582194,td33dzul,409,77,G Cameron Young G J.J. Spaun G Rickie Fowler G Jacob Bridgeman G Keegan Bradley G Sungjae Im,,,,,,,,,,,,,,,,,,,
505,5202655393,elcroupier,409,77,G Cameron Young G Michael Thorbjornsen G Rickie Fowler G Keegan Bradley G Ryo Hisatsune G Max Greyserman,,,,,,,,,,,,,,,,,,,
505,5202843736,NIXPIX79,409,77,G Cameron Young G Hideki Matsuyama G Rickie Fowler G Keegan Bradley G Ryo Hisatsune G Sungjae Im,,,,,,,,,,,,,,,,,,,
505,5203069856,gotyoubeat,409,77,G Ben Griffin G Harris English G Nicolai Højgaard G Michael Thorbjornsen G Rickie Fowler G Keegan Bradley,,,,,,,,,,,,,,,,,,,
505,5201214696,AJCauterucci,404,77,G Russell Henley G Jake Knapp G Ryan Gerard G Nicolai Højgaard G Rickie Fowler G Patrick Fishburn,,,,,,,,,,,,,,,,,,,
505,5202279812,Derelict,401,77,G Si Woo Kim G Hideki Matsuyama G Jake Knapp G J.J. Spaun G Michael Kim G Patrick Fishburn,,,,,,,,,,,,,,,,,,,
505,5201053770,DavidLiu,399,77,G Cameron Young G Si Woo Kim G Rickie Fowler G Ryo Hisatsune G Sudarshan Yellamaraju G Ricky Castillo,,,,,,,,,,,,,,,,,,,
505,5203161219,jmo_87,399,77,G Cameron Young G Akshay Bhatia G Nicolai Højgaard G Rickie Fowler G Corey Conners G Tony Finau,,,,,,,,,,,,,,,,,,,
505,5201500422,dculucan,396,77,G Cameron Young G Si Woo Kim G Michael Brennan G Johnny Keefer G Benjamin James G Michael Kim,,,,,,,,,,,,,,,,,,,
505,5202775747,iansunbury,391,77,G Chris Gotterup G Jake Knapp G Ryan Gerard G Rickie Fowler G Ryo Hisatsune G Nicolas Echavarria,,,,,,,,,,,,,,,,,,,
505,5202625046,GJWashburn,389,77,G Cameron Young G Jake Knapp G Ryan Gerard G Davis Thompson G Kevin Yu G Emiliano Grillo,,,,,,,,,,,,,,,,,,,
505,5200630175,louba5,388,77,G Chris Gotterup G Wyndham Clark G Ryan Gerard G Nicolai Højgaard G Kevin Yu G Kevin Roy,,,,,,,,,,,,,,,,,,,
505,5203119075,silv2500,387,77,G Cameron Young G Xander Schauffele G Denny McCarthy G Aldrich Potgieter G Michael Kim G Nick Taylor,,,,,,,,,,,,,,,,,,,
505,5200578374,billzank,385,77,G Jackson Koivun G Wyndham Clark G Hideki Matsuyama G Jacob Bridgeman G Nick Taylor G Emiliano Grillo,,,,,,,,,,,,,,,,,,,
505,5200714947,DeaconDave29,383,77,G Jackson Koivun G Wyndham Clark G Hideki Matsuyama G Ryo Hisatsune G Christiaan Bezuidenhout G Ricky Castillo,,,,,,,,,,,,,,,,,,,
505,5203228386,reece555,382,77,G Chris Gotterup G Si Woo Kim G Ryan Gerard G Johnny Keefer G Ben Kohles G Christiaan Bezuidenhout,,,,,,,,,,,,,,,,,,,
505,5200723856,Smokeyl53,337,77,G Patrick Cantlay G Ben Griffin G Rickie Fowler G Brooks Koepka G Keegan Bradley G Jordan Spieth,,,,,,,,,,,,,,,,,,,
532,5201600966,Millsy67,400,76.5,G Cameron Young G Jake Knapp G Rickie Fowler G Jacob Bridgeman G Davis Thompson G Chris Kirk,,,,,,,,,,,,,,,,,,,
532,5200695159,honeybadger430,395,76.5,G Chris Gotterup G Jackson Koivun G Jake Knapp G Jackson Suber G Ben Kohles G Michael Kim,,,,,,,,,,,,,,,,,,,
532,5203089288,bennyvanhook87,395,76.5,G Chris Gotterup G Jackson Koivun G Hideki Matsuyama G Denny McCarthy G Michael Kim G Matthew McCarty,,,,,,,,,,,,,,,,,,,
532,5201838962,isaiahnutt,394,76.5,G Jackson Koivun G Wyndham Clark G Ben Griffin G Jordan Spieth G Corey Conners G Michael Kim,,,,,,,,,,,,,,,,,,,
532,5200756523,clamdiggerball,392,76.5,G Chris Gotterup G Jackson Koivun G Patrick Cantlay G Johnny Keefer G Kevin Yu G Sungjae Im,,,,,,,,,,,,,,,,,,,
532,5201259573,justforfun75,390,76.5,G Xander Schauffele G Si Woo Kim G Akshay Bhatia G Rickie Fowler G Sungjae Im G Tom Hoge,,,,,,,,,,,,,,,,,,,
532,5202963465,Deagan,389,76.5,G Cameron Young G Jake Knapp G Akshay Bhatia G Rickie Fowler G Doug Ghim G Zac Blair,,,,,,,,,,,,,,,,,,,
532,5203085479,Vanilla_Gorilla25,388,76.5,G Cameron Young G Ryan Gerard G Davis Thompson G Ben Kohles G Emiliano Grillo G Tony Finau,,,,,,,,,,,,,,,,,,,
532,5201497918,Dandoman78,387,76.5,G Si Woo Kim G Hideki Matsuyama G Akshay Bhatia G Rickie Fowler G Ryo Hisatsune G Seamus Power,,,,,,,,,,,,,,,,,,,
532,5201152222,onethehammer,385,76.5,G Si Woo Kim G Wyndham Clark G Hideki Matsuyama G Jackson Suber G Christiaan Bezuidenhout G Chris Kirk,,,,,,,,,,,,,,,,,,,
532,5202625173,Cutman16,384,76.5,G Chris Gotterup G Wyndham Clark G Russell Henley G Eric Cole G Kevin Yu G Zachary Bauchou,,,,,,,,,,,,,,,,,,,
532,5202157107,greengang,381,76.5,G Xander Schauffele G Chris Gotterup G Jacob Bridgeman G Johnny Keefer G Aldrich Potgieter G Emiliano Grillo,,,,,,,,,,,,,,,,,,,
532,5201338137,mulamontega,371,76.5,G Si Woo Kim G Jackson Koivun G Wyndham Clark G Ben Kohles G Christiaan Bezuidenhout G Zac Blair,,,,,,,,,,,,,,,,,,,
545,5202832309,SexyPaiGow33,397,76,G Cameron Young G Xander Schauffele G Michael Brennan G Johnny Keefer G Kevin Yu G Patrick Fishburn,,,,,,,,,,,,,,,,,,,
545,5203019302,ORANGECRUSH_801,395,76,G Cameron Young G Russell Henley G Rickie Fowler G Jacob Bridgeman G Tony Finau G Zac Blair,,,,,,,,,,,,,,,,,,,
545,5202932890,Gumbuss,394,76,G Chris Gotterup G Jake Knapp G Akshay Bhatia G Rickie Fowler G Ryo Hisatsune G Benjamin James,,,,,,,,,,,,,,,,,,,
545,5202580087,richfitzsimmons,393,76,G Wyndham Clark G Hideki Matsuyama G Akshay Bhatia G Rickie Fowler G Ben Kohles G Benjamin James,,,,,,,,,,,,,,,,,,,
545,5200732185,MVPatty15,392,76,G Cameron Young G Si Woo Kim G Jackson Koivun G Keegan Bradley G Brad Dalke G Ryan Ruffels,,,,,,,,,,,,,,,,,,,
545,5201431454,Ruckus252,390,76,G Cameron Young G Xander Schauffele G Akshay Bhatia G Michael Kim G John Parry G Hao-Tong Li,,,,,,,,,,,,,,,,,,,
545,5202146856,GenoMustGo,390,76,G Chris Gotterup G Wyndham Clark G Jake Knapp G Doug Ghim G Ben Kohles G Kevin Yu,,,,,,,,,,,,,,,,,,,
545,5202317957,tipptoptom,389,76,G Chris Gotterup G Si Woo Kim G Jake Knapp G Ryan Gerard G Chris Kirk G Brad Dalke,,,,,,,,,,,,,,,,,,,
545,5203057447,LosChair1,388,76,G Jackson Koivun G Jake Knapp G Ryan Gerard G Akshay Bhatia G Jacob Bridgeman G Chris Kirk,,,,,,,,,,,,,,,,,,,
545,5202958723,cturner6969,384,76,G Cameron Young G Wyndham Clark G Hideki Matsuyama G Kevin Yu G Emiliano Grillo G Chandler Phillips,,,,,,,,,,,,,,,,,,,
545,5201752355,MTW82,383,76,G Chris Gotterup G Jackson Koivun G Ben Griffin G Michael Thorbjornsen G Chris Kirk G Zac Blair,,,,,,,,,,,,,,,,,,,
545,5203062392,jhardart,383,76,G Chris Gotterup G Wyndham Clark G Hideki Matsuyama G Ben Kohles G Christiaan Bezuidenhout G Emiliano Grillo,,,,,,,,,,,,,,,,,,,
545,5200647135,SpartyOn821,377,76,G Chris Gotterup G Wyndham Clark G Hideki Matsuyama G Davis Thompson G Kevin Yu G Chandler Phillips,,,,,,,,,,,,,,,,,,,
545,5200570729,kcleary,374,76,G Si Woo Kim G Jackson Koivun G Wyndham Clark G Ryan Gerard G Brad Dalke G Zac Blair,,,,,,,,,,,,,,,,,,,
545,5202334946,paytond1357,372,76,G Chris Gotterup G Jackson Koivun G Akshay Bhatia G Davis Thompson G Pierceson Coody G Aldrich Potgieter,,,,,,,,,,,,,,,,,,,
560,5200817504,tjbracken,409,75.5,G Cameron Young G Si Woo Kim G Hideki Matsuyama G Jake Knapp G William Jennings G Peter Malnati,,,,,,,,,,,,,,,,,,,
560,5203151745,D-Sons,398,75.5,G Cameron Young G J.J. Spaun G Akshay Bhatia G Keegan Bradley G Jackson Suber G Ricky Castillo,,,,,,,,,,,,,,,,,,,
560,5203052472,Jguy32,392,75.5,G Chris Gotterup G Russell Henley G Rickie Fowler G Jacob Bridgeman G Pierceson Coody G Aldrich Potgieter,,,,,,,,,,,,,,,,,,,
560,5201466070,LUCKEE,390,75.5,G Chris Gotterup G Si Woo Kim G Hideki Matsuyama G Ben Kohles G Emiliano Grillo G Mackenzie Hughes,,,,,,,,,,,,,,,,,,,
560,5202257799,chingen,390,75.5,G Chris Gotterup G Si Woo Kim G Hideki Matsuyama G Ben Kohles G Emiliano Grillo G Mackenzie Hughes,,,,,,,,,,,,,,,,,,,
560,5202833900,LinkSinc,390,75.5,G Xander Schauffele G Ryan Gerard G Michael Thorbjornsen G Keegan Bradley G Davis Thompson G Corey Conners,,,,,,,,,,,,,,,,,,,
560,5201957461,Portallen1,388,75.5,G Chris Gotterup G Si Woo Kim G Jake Knapp G Rickie Fowler G Chandler Phillips G Kevin Roy,,,,,,,,,,,,,,,,,,,
560,5200925767,Benton-McCarthy,386,75.5,G Xander Schauffele G Si Woo Kim G Rickie Fowler G Jacob Bridgeman G Ben Kohles G Zac Blair,,,,,,,,,,,,,,,,,,,
560,5202181146,paintrer,386,75.5,G Chris Gotterup G Wyndham Clark G Ryan Gerard G Jackson Suber G Ben Kohles G Emiliano Grillo,,,,,,,,,,,,,,,,,,,
560,5203073477,michacarr11,384,75.5,G Cameron Young G Jackson Koivun G Michael Thorbjornsen G Rickie Fowler G William Mouw G Zac Blair,,,,,,,,,,,,,,,,,,,
560,5202953253,aklease,375,75.5,G Chris Gotterup G Si Woo Kim G Hideki Matsuyama G Aldrich Potgieter G Tony Finau G Zac Blair,,,,,,,,,,,,,,,,,,,
560,5203143772,JakeyV,375,75.5,G Xander Schauffele G Jackson Koivun G Wyndham Clark G Davis Thompson G Zecheng Dou G Mark Hubbard,,,,,,,,,,,,,,,,,,,
560,5202561890,cybergig,373,75.5,G Si Woo Kim G Jackson Koivun G Ryan Gerard G Jacob Bridgeman G Christiaan Bezuidenhout G Zac Blair,,,,,,,,,,,,,,,,,,,
560,5203252066,BugJuice90,372,75.5,G Chris Gotterup G Jackson Koivun G Wyndham Clark G Rasmus Neergaard-Petersen G Christiaan Bezuidenhout G Chandler Phillips,,,,,,,,,,,,,,,,,,,
560,5202055682,AcDcBag,371,75.5,G Chris Gotterup G Jackson Koivun G Hideki Matsuyama G Akshay Bhatia G Joel Dahmen G Zac Blair,,,,,,,,,,,,,,,,,,,
560,5202354635,xokkeu,371,75.5,G Chris Gotterup G Si Woo Kim G Jackson Koivun G Eric Cole G A.J. Ewart G Zac Blair,,,,,,,,,,,,,,,,,,,
576,5202932550,TheWhiz13,396,75,G Patrick Cantlay G Hideki Matsuyama G Davis Thompson G Michael Kim G Emiliano Grillo G Billy Horschel,,,,,,,,,,,,,,,,,,,
576,5202461949,mammola,395,75,G Chris Gotterup G Wyndham Clark G Jake Knapp G Rasmus Neergaard-Petersen G Ben Kohles G Michael Kim,,,,,,,,,,,,,,,,,,,
576,5203003290,LoudmouthSoup,392,75,G Jake Knapp G Ryan Gerard G Akshay Bhatia G Rickie Fowler G Davis Thompson G Ryo Hisatsune,,,,,,,,,,,,,,,,,,,
576,5202954746,GATA02,391,75,G Hideki Matsuyama G Ryan Gerard G Harris English G Akshay Bhatia G Keegan Bradley G Davis Thompson,,,,,,,,,,,,,,,,,,,
576,5202455347,HUCKSTERS,389,75,G Si Woo Kim G Hideki Matsuyama G Akshay Bhatia G Davis Thompson G Ryo Hisatsune G Michael Kim,,,,,,,,,,,,,,,,,,,
576,5201086281,Fitzou88,384,75,G Chris Gotterup G Jackson Koivun G Hideki Matsuyama G Ben Kohles G Seamus Power G Kevin Yu,,,,,,,,,,,,,,,,,,,
576,5201032725,bogey1968,380,75,G Chris Gotterup G Si Woo Kim G Wyndham Clark G Emiliano Grillo G Jesper Svensson G John Parry,,,,,,,,,,,,,,,,,,,
576,5202626658,kivett12,380,75,G Cameron Young G Xander Schauffele G J.J. Spaun G Michael Kim G Austin Smotherman G Joel Dahmen,,,,,,,,,,,,,,,,,,,
584,5201252520,junkyardbyrd,399,74.5,G Chris Gotterup G Hideki Matsuyama G J.J. Spaun G Nicolai Højgaard G Stephan Jaeger G Tony Finau,,,,,,,,,,,,,,,,,,,
584,5202960907,gjwass,391,74.5,G Chris Gotterup G Jackson Koivun G Jake Knapp G Jackson Suber G Johnny Keefer G Ricky Castillo,,,,,,,,,,,,,,,,,,,
584,5202407488,GDPSports,389,74.5,G Si Woo Kim G Hideki Matsuyama G Ryan Gerard G Rickie Fowler G Ben Kohles G Chandler Phillips,,,,,,,,,,,,,,,,,,,
584,5201170715,aswaim3,388,74.5,G Xander Schauffele G Patrick Cantlay G Ryan Gerard G Keegan Bradley G Jackson Suber G William Mouw,,,,,,,,,,,,,,,,,,,
584,5200857118,speervi,387,74.5,G Xander Schauffele G Chris Gotterup G Rickie Fowler G Ryo Hisatsune G Denny McCarthy G Chandler Phillips,,,,,,,,,,,,,,,,,,,
584,5203041280,wjetter,387,74.5,G Cameron Young G Chris Gotterup G Hideki Matsuyama G Christiaan Bezuidenhout G Chris Kirk G Kevin Streelman,,,,,,,,,,,,,,,,,,,
584,5200604730,craigk15,386,74.5,G Chris Gotterup G Si Woo Kim G Jackson Koivun G Jacob Bridgeman G Emiliano Grillo G Brian Campbell,,,,,,,,,,,,,,,,,,,
584,5201264825,dcurl,386,74.5,G Cameron Young G Chris Gotterup G Ryan Gerard G Christiaan Bezuidenhout G Ricky Castillo G Austin Eckroat,,,,,,,,,,,,,,,,,,,
584,5202470276,Bluej723,386,74.5,G Chris Gotterup G Si Woo Kim G Jackson Koivun G Ben Kohles G Emiliano Grillo G Tom Hoge,,,,,,,,,,,,,,,,,,,
584,5201440301,crappincyote,375,74.5,G Chris Gotterup G Jackson Koivun G Wyndham Clark G Ben Kohles G Christiaan Bezuidenhout G Nicolas Echavarria,,,,,,,,,,,,,,,,,,,
584,5201765996,Pj1021,375,74.5,G Chris Gotterup G Si Woo Kim G Wyndham Clark G Ben Kohles G Nick Taylor G Zac Blair,,,,,,,,,,,,,,,,,,,
584,5201976016,CmoneyNC,375,74.5,G Chris Gotterup G Jackson Koivun G Ryan Gerard G Eric Cole G Ben Kohles G Aldrich Potgieter,,,,,,,,,,,,,,,,,,,
584,5202202986,DattyBrixx33,374,74.5,G Cameron Young G Wyndham Clark G Ryan Gerard G Eric Cole G Sam Stevens G Zac Blair,,,,,,,,,,,,,,,,,,,
584,5201592507,OB1MonroeB,372,74.5,G Si Woo Kim G Wyndham Clark G Ryan Gerard G Eric Cole G Rasmus Neergaard-Petersen G Seamus Power,,,,,,,,,,,,,,,,,,,
598,5200984637,randomg12enade,398,74,G Chris Gotterup G Jackson Koivun G Jake Knapp G Rickie Fowler G Steven Fisk G Zachary Bauchou,,,,,,,,,,,,,,,,,,,
598,5202360241,brooktrout97,398,74,G Chris Gotterup G Jackson Koivun G Rickie Fowler G Michael Brennan G Rasmus Neergaard-Petersen G Ben Kohles,,,,,,,,,,,,,,,,,,,
598,5202740928,kaizen77,398,74,G Chris Gotterup G Jackson Koivun G Rickie Fowler G Marco Penge G Ryo Hisatsune G Ben Kohles,,,,,,,,,,,,,,,,,,,
598,5200615826,Smdrago,397,74,G Chris Gotterup G Jackson Koivun G Michael Brennan G Keegan Bradley G Jackson Suber G Ben Kohles,,,,,,,,,,,,,,,,,,,
598,5200786979,Soonerbradley,397,74,G Chris Gotterup G Jackson Koivun G Jacob Bridgeman G Keegan Bradley G Ryo Hisatsune G Ben Kohles,,,,,,,,,,,,,,,,,,,
598,5201075467,Grassgrower,397,74,G Jackson Koivun G Wyndham Clark G Russell Henley G Rickie Fowler G Lee Hodges G Tom Hoge,,,,,,,,,,,,,,,,,,,
598,5202202624,edub1976,397,74,G Chris Gotterup G Jackson Koivun G Michael Thorbjornsen G Keegan Bradley G Corey Conners G Mac Meissner,,,,,,,,,,,,,,,,,,,
598,5202459662,ookkiij,397,74,G Chris Gotterup G Jake Knapp G Ryan Gerard G Jacob Bridgeman G Ryo Hisatsune G Michael Kim,,,,,,,,,,,,,,,,,,,
598,5202711682,Rahndo2014,397,74,G Chris Gotterup G Hideki Matsuyama G Ryan Gerard G Jacob Bridgeman G Ben Kohles G Michael Kim,,,,,,,,,,,,,,,,,,,
598,5202729726,Fioson,397,74,G Jackson Koivun G Wyndham Clark G Rickie Fowler G Jacob Bridgeman G Jordan Spieth G Ryo Hisatsune,,,,,,,,,,,,,,,,,,,
598,5203010757,Showtime321,397,74,G Chris Gotterup G Ryan Gerard G Harris English G Michael Brennan G Jacob Bridgeman G Michael Kim,,,,,,,,,,,,,,,,,,,
598,5203151543,RMSCPA,397,74,G Chris Gotterup G Hideki Matsuyama G Ryan Gerard G Jacob Bridgeman G Corey Conners G Michael Kim,,,,,,,,,,,,,,,,,,,
598,5203033208,panthercc,395,74,G Jackson Koivun G Ben Griffin G Jake Knapp G Michael Thorbjornsen G Rickie Fowler G Joel Dahmen,,,,,,,,,,,,,,,,,,,
598,5202617869,joe10brown,392,74,G Chris Gotterup G Wyndham Clark G Jake Knapp G Michael Thorbjornsen G Aldrich Potgieter G Gordon Sargent,,,,,,,,,,,,,,,,,,,
598,5203114299,bmdraft01,389,74,G Chris Gotterup G Wyndham Clark G Hideki Matsuyama G Ryo Hisatsune G Sam Stevens G Ricky Castillo,,,,,,,,,,,,,,,,,,,
598,5202706663,Tylerheim0214,388,74,G Chris Gotterup G Russell Henley G Akshay Bhatia G Rickie Fowler G Jordan Spieth G Chandler Phillips,,,,,,,,,,,,,,,,,,,
598,5200902083,SlayJaxx,387,74,G Chris Gotterup G Si Woo Kim G Wyndham Clark G Max Greyserman G Tony Finau G Rico Hoey,,,,,,,,,,,,,,,,,,,
598,5201593273,matergy,387,74,G Chris Gotterup G Jackson Koivun G Ryan Gerard G Jackson Suber G Johnny Keefer G Benjamin James,,,,,,,,,,,,,,,,,,,
598,5201974196,LargeFrye114,386,74,G Jackson Koivun G Wyndham Clark G Jake Knapp G Akshay Bhatia G Tony Finau G Billy Horschel,,,,,,,,,,,,,,,,,,,
598,5201076492,korzone,384,74,G Si Woo Kim G Jackson Koivun G Russell Henley G Ben Kohles G Christiaan Bezuidenhout G Emiliano Grillo,,,,,,,,,,,,,,,,,,,
598,5201248298,tman_willi,384,74,G Si Woo Kim G Jackson Koivun G Hideki Matsuyama G Ben Kohles G Christiaan Bezuidenhout G Emiliano Grillo,,,,,,,,,,,,,,,,,,,
598,5201342104,burrag05,384,74,G Si Woo Kim G Jackson Koivun G Hideki Matsuyama G Ben Kohles G Christiaan Bezuidenhout G Emiliano Grillo,,,,,,,,,,,,,,,,,,,
598,5201889071,tabjab,384,74,G Si Woo Kim G Jackson Koivun G Hideki Matsuyama G Corey Conners G Christiaan Bezuidenhout G Emiliano Grillo,,,,,,,,,,,,,,,,,,,
598,5203256256,Jbenyon,384,74,G Chris Gotterup G Jake Knapp G Ryan Gerard G Eric Cole G Ryo Hisatsune G Emiliano Grillo,,,,,,,,,,,,,,,,,,,
598,5201112224,HenryVandevelde,381,74,G Chris Gotterup G Jackson Koivun G Wyndham Clark G Ryan Gerard G Davis Chatfield G Brad Dalke,,,,,,,,,,,,,,,,,,,
598,5200556658,JayTheFootballNerd,377,74,G Chris Gotterup G Jackson Koivun G Wyndham Clark G Doug Ghim G Ben Kohles G Chandler Phillips,,,,,,,,,,,,,,,,,,,
624,5202597888,JustinHediger,400,73.5,G Russell Henley G Hideki Matsuyama G Ben Griffin G Akshay Bhatia G Rickie Fowler G Matt Kuchar,,,,,,,,,,,,,,,,,,,
624,5202739945,cantonconnection,399,73.5,G Cameron Young G Russell Henley G Rickie Fowler G Eric Cole G Ben Kohles G Mackenzie Hughes,,,,,,,,,,,,,,,,,,,
624,5201566623,Steve.Wiz,396,73.5,G Jackson Koivun G Hideki Matsuyama G Rickie Fowler G Jacob Bridgeman G Ryo Hisatsune G Christiaan Bezuidenhout,,,,,,,,,,,,,,,,,,,
624,5200794538,PAPATBONE70,393,73.5,G Cameron Young G Chris Gotterup G Eric Cole G Ryo Hisatsune G Ben Kohles G Michael Kim,,,,,,,,,,,,,,,,,,,
624,5201235359,sjohns919,392,73.5,G Chris Gotterup G Russell Henley G Nicolai Højgaard G Rickie Fowler G Benjamin James G Andrew Novak,,,,,,,,,,,,,,,,,,,
624,5201032141,billkerr,387,73.5,G Chris Gotterup G Ben Griffin G Rickie Fowler G Michael Brennan G Seamus Power G Nicolas Echavarria,,,,,,,,,,,,,,,,,,,
624,5202982426,lawrslap,387,73.5,G Si Woo Kim G Jackson Koivun G Ryan Gerard G Michael Brennan G Ben Kohles G Emiliano Grillo,,,,,,,,,,,,,,,,,,,
624,5201457444,rbuckner27,385,73.5,G Cameron Young G Si Woo Kim G Jackson Koivun G Christiaan Bezuidenhout G Ricky Castillo G William Jennings,,,,,,,,,,,,,,,,,,,
624,5202184475,jeffschrec,385,73.5,G Si Woo Kim G Jackson Koivun G Hideki Matsuyama G Ryo Hisatsune G Christiaan Bezuidenhout G Ricky Castillo,,,,,,,,,,,,,,,,,,,
624,5201166513,nathan.williams24,304,73.5,G Chris Gotterup G Si Woo Kim G Wyndham Clark G Brooks Koepka G Lucas Glover G Matt Kuchar,,,,,,,,,,,,,,,,,,,
634,5200636969,aeidelman,399,73,G Xander Schauffele G Patrick Cantlay G Hideki Matsuyama G Max Greyserman G Stephan Jaeger G Chris Kirk,,,,,,,,,,,,,,,,,,,
634,5200885753,bassman524,399,73,G Jackson Koivun G Hideki Matsuyama G Ryan Gerard G Rickie Fowler G Denny McCarthy G Ben Kohles,,,,,,,,,,,,,,,,,,,
634,5200959460,jashouk,399,73,G Jackson Koivun G J.J. Spaun G Ryan Gerard G Rickie Fowler G Jacob Bridgeman G Ben Kohles,,,,,,,,,,,,,,,,,,,
634,5201268061,thebighugger69,399,73,G Jackson Koivun G Hideki Matsuyama G Jake Knapp G Rickie Fowler G Denny McCarthy G Nick Taylor,,,,,,,,,,,,,,,,,,,
634,5201293156,Scooterbaker12,399,73,G Jackson Koivun G Russell Henley G Ryan Gerard G Rickie Fowler G Corey Conners G Billy Horschel,,,,,,,,,,,,,,,,,,,
634,5201329330,JDuranceau,399,73,G Jackson Koivun G Russell Henley G Ryan Gerard G Rickie Fowler G Jordan Spieth G Billy Horschel,,,,,,,,,,,,,,,,,,,
634,5201689479,crackerbow33,399,73,G Jackson Koivun G Russell Henley G Ryan Gerard G Rickie Fowler G Rasmus Neergaard-Petersen G Ben Kohles,,,,,,,,,,,,,,,,,,,
634,5202524899,TheDCarman,399,73,G Jackson Koivun G Ryan Gerard G Michael Thorbjornsen G Rickie Fowler G Michael Brennan G Marco Penge,,,,,,,,,,,,,,,,,,,
634,5203120109,coleworld2137,399,73,G Cameron Young G Jackson Koivun G Rickie Fowler G Denny McCarthy G Ben Kohles G Nick Taylor,,,,,,,,,,,,,,,,,,,
634,5203219792,Carcar831,399,73,G Chris Gotterup G Patrick Cantlay G Ben Griffin G Ben Kohles G Michael Kim G Sam Stevens,,,,,,,,,,,,,,,,,,,
634,5200795306,t1212weety,398,73,G Jackson Koivun G Ben Griffin G Ryan Gerard G Keegan Bradley G Jackson Suber G Ben Kohles,,,,,,,,,,,,,,,,,,,
634,5201816309,Stephentider,398,73,G Jackson Koivun G Hideki Matsuyama G Ryan Gerard G Jacob Bridgeman G Keegan Bradley G Ben Kohles,,,,,,,,,,,,,,,,,,,
634,5201304678,JohnnyQuest64,397,73,G Cameron Young G Chris Gotterup G Nicolai Højgaard G Max Greyserman G Tony Finau G Chris Kirk,,,,,,,,,,,,,,,,,,,
634,5201984567,Sport87,397,73,G Cameron Young G Chris Gotterup G J.J. Spaun G Tony Finau G Sungjae Im G Chris Kirk,,,,,,,,,,,,,,,,,,,
634,5201456903,prov1xbite,396,73,G Si Woo Kim G Jackson Koivun G Patrick Cantlay G Ryo Hisatsune G Michael Kim G Sungjae Im,,,,,,,,,,,,,,,,,,,
634,5201922773,KSRabbit,396,73,G Si Woo Kim G Jackson Koivun G Hideki Matsuyama G Jackson Suber G Ben Kohles G Michael Kim,,,,,,,,,,,,,,,,,,,
634,5203079209,movie_t,396,73,G Si Woo Kim G Jackson Koivun G J.J. Spaun G Jacob Bridgeman G Jordan L. Smith G Michael Kim,,,,,,,,,,,,,,,,,,,
634,5201283835,aceson,394,73,G Cameron Young G Russell Henley G Michael Thorbjornsen G Rickie Fowler G Eric Cole G Mark Hubbard,,,,,,,,,,,,,,,,,,,
634,5203047360,Troywiz34,389,73,G Russell Henley G Ben Griffin G Ryan Gerard G Akshay Bhatia G Rickie Fowler G Chandler Phillips,,,,,,,,,,,,,,,,,,,
634,5200902272,Lilbit10,388,73,G Si Woo Kim G Jackson Koivun G Russell Henley G Ben Kohles G Nick Taylor G Ricky Castillo,,,,,,,,,,,,,,,,,,,
634,5202769584,erjohn1974,388,73,G Si Woo Kim G Jackson Koivun G Ryan Gerard G Ryo Hisatsune G Corey Conners G Ricky Castillo,,,,,,,,,,,,,,,,,,,
634,5203259322,WaffleBagel,388,73,G Chris Gotterup G Wyndham Clark G Akshay Bhatia G Jackson Suber G Max Greyserman G Kevin Yu,,,,,,,,,,,,,,,,,,,
634,5200856913,rdesana,386,73,G Cameron Young G Ryan Gerard G Akshay Bhatia G Jacob Bridgeman G Eric Cole G Chris Kirk,,,,,,,,,,,,,,,,,,,
634,5200860879,trhuntjr,385,73,G Si Woo Kim G Wyndham Clark G Eric Cole G Jackson Suber G Mac Meissner G Kevin Yu,,,,,,,,,,,,,,,,,,,
634,5202792620,DANCRAMER,379,73,G Chris Gotterup G Jackson Koivun G Wyndham Clark G Johnny Keefer G Ben Kohles G Chandler Phillips,,,,,,,,,,,,,,,,,,,
634,5200569218,skeen4440,378,73,G Cameron Young G Chris Gotterup G Wyndham Clark G Kevin Yu G Austin Smotherman G Pontus Nyholm,,,,,,,,,,,,,,,,,,,
634,5202177458,Mikey7544,373,73,G Chris Gotterup G Si Woo Kim G Ryan Gerard G Eric Cole G Jackson Suber G Zac Blair,,,,,,,,,,,,,,,,,,,
661,5200578031,rfollestad,398,72.5,G Chris Gotterup G Wyndham Clark G Rickie Fowler G Jacob Bridgeman G Corey Conners G Ben Kohles,,,,,,,,,,,,,,,,,,,
661,5200897813,scaleydog,398,72.5,G Chris Gotterup G Wyndham Clark G Rickie Fowler G Jacob Bridgeman G Denny McCarthy G Rasmus Neergaard-Petersen,,,,,,,,,,,,,,,,,,,
661,5200899455,keefe2,398,72.5,G Chris Gotterup G Wyndham Clark G Rickie Fowler G Michael Brennan G Jackson Suber G Ben Kohles,,,,,,,,,,,,,,,,,,,
661,5202211320,Lockdoctor69,397,72.5,G Chris Gotterup G Wyndham Clark G Jacob Bridgeman G Keegan Bradley G Ryo Hisatsune G Corey Conners,,,,,,,,,,,,,,,,,,,
661,5202321172,Boilermaker76,397,72.5,G Chris Gotterup G Wyndham Clark G J.J. Spaun G Keegan Bradley G Jordan Spieth G Tom Hoge,,,,,,,,,,,,,,,,,,,
661,5203135867,JLong456,397,72.5,G Chris Gotterup G Wyndham Clark G Nicolai Højgaard G Jacob Bridgeman G Keegan Bradley G Andrew Putnam,,,,,,,,,,,,,,,,,,,
661,5200579878,halloffamer0715,396,72.5,G Chris Gotterup G Patrick Cantlay G Nicolai Højgaard G Rickie Fowler G Jacob Bridgeman G Joel Dahmen,,,,,,,,,,,,,,,,,,,
661,5202266390,Curt27,395,72.5,G Jackson Koivun G Jake Knapp G Michael Thorbjornsen G Rickie Fowler G Jacob Bridgeman G Eric Cole,,,,,,,,,,,,,,,,,,,
661,5202685619,turdferguson3,395,72.5,G Si Woo Kim G Hideki Matsuyama G Akshay Bhatia G Rickie Fowler G Benjamin James G Sudarshan Yellamaraju,,,,,,,,,,,,,,,,,,,
661,5202858719,Johncool19,395,72.5,G Chris Gotterup G Jake Knapp G Rickie Fowler G Jacob Bridgeman G Davis Thompson G Benjamin James,,,,,,,,,,,,,,,,,,,
661,5202970815,57Cycolbur57,394,72.5,G Cameron Young G Wyndham Clark G Russell Henley G Keegan Bradley G Andrew Putnam G Joel Dahmen,,,,,,,,,,,,,,,,,,,
661,5202302198,Dee_Realest313,393,72.5,G Wyndham Clark G Hideki Matsuyama G Ben Griffin G Keegan Bradley G Davis Thompson G Benjamin James,,,,,,,,,,,,,,,,,,,
661,5200677499,joephoto,391,72.5,G Si Woo Kim G Wyndham Clark G Patrick Cantlay G Doug Ghim G Mac Meissner G Kevin Yu,,,,,,,,,,,,,,,,,,,
661,5200916272,seanshoe16,391,72.5,G Chris Gotterup G Si Woo Kim G Ben Griffin G Pierceson Coody G Billy Horschel G Chris Kirk,,,,,,,,,,,,,,,,,,,
661,5201618520,Bogeys,391,72.5,G Si Woo Kim G Wyndham Clark G J.J. Spaun G Doug Ghim G Ben Kohles G Kevin Yu,,,,,,,,,,,,,,,,,,,
661,5202886331,wavyrich15,391,72.5,G Si Woo Kim G Russell Henley G Akshay Bhatia G Keegan Bradley G Davis Thompson G Sungjae Im,,,,,,,,,,,,,,,,,,,
661,5201114614,Joelexa7,389,72.5,G Chris Gotterup G Wyndham Clark G Jake Knapp G Jackson Suber G Aldrich Potgieter G Stephan Jaeger,,,,,,,,,,,,,,,,,,,
661,5201381011,natedore,388,72.5,G Si Woo Kim G Patrick Cantlay G Ryan Gerard G Rickie Fowler G Jacob Bridgeman G Austin Smotherman,,,,,,,,,,,,,,,,,,,
661,5202281216,barnhill12,385,72.5,G Chris Gotterup G Si Woo Kim G Akshay Bhatia G Ryo Hisatsune G Doug Ghim G Sam Stevens,,,,,,,,,,,,,,,,,,,
661,5200639669,rexdolphin10,384,72.5,G Si Woo Kim G Jackson Koivun G Jake Knapp G Eric Cole G Jackson Suber G Ricky Castillo,,,,,,,,,,,,,,,,,,,
661,5201801060,Ckuppsrule,384,72.5,G Si Woo Kim G Wyndham Clark G Hideki Matsuyama G Mac Meissner G Christiaan Bezuidenhout G Emiliano Grillo,,,,,,,,,,,,,,,,,,,
661,5202149341,jstrings31,384,72.5,G Si Woo Kim G Wyndham Clark G Jake Knapp G Eric Cole G Ryo Hisatsune G Tony Finau,,,,,,,,,,,,,,,,,,,
661,5203214810,Runk06,384,72.5,G Si Woo Kim G Wyndham Clark G J.J. Spaun G Jacob Bridgeman G Christiaan Bezuidenhout G Emiliano Grillo,,,,,,,,,,,,,,,,,,,
661,5202687678,whiteduece,381,72.5,G Cameron Young G Si Woo Kim G Wyndham Clark G Kevin Yu G William Mouw G Pontus Nyholm,,,,,,,,,,,,,,,,,,,
661,5202996292,damonrichardson,372,72.5,G Chris Gotterup G Russell Henley G Eric Cole G Pierceson Coody G Christiaan Bezuidenhout G Zac Blair,,,,,,,,,,,,,,,,,,,
661,5203001697,Demons88,370,72.5,G Si Woo Kim G Jackson Koivun G Wyndham Clark G Ben Kohles G Seamus Power G Zac Blair,,,,,,,,,,,,,,,,,,,
661,5203072823,jenkird,363,72.5,G Xander Schauffele G Jackson Koivun G Akshay Bhatia G Eric Cole G Aldrich Potgieter G Chandler Phillips,,,,,,,,,,,,,,,,,,,
688,5201893973,mattyfwinner,401,72,G Jackson Koivun G Hideki Matsuyama G Michael Thorbjornsen G Rickie Fowler G Jackson Suber G Doug Ghim,,,,,,,,,,,,,,,,,,,
688,5200762807,GeauxTighas70005,400,72,G Cameron Young G Jake Knapp G Ryan Gerard G Ryo Hisatsune G Michael Kim G Sam Stevens,,,,,,,,,,,,,,,,,,,
688,5201769179,TylerC2,396,72,G Cameron Young G Wyndham Clark G Rickie Fowler G Jackson Suber G Ben Kohles G Christiaan Bezuidenhout,,,,,,,,,,,,,,,,,,,
688,5201786822,Buford7,396,72,G Cameron Young G Chris Gotterup G Keegan Bradley G Ryo Hisatsune G Christiaan Bezuidenhout G Billy Horschel,,,,,,,,,,,,,,,,,,,
688,5202354778,jjarmour2012,396,72,G Wyndham Clark G Hideki Matsuyama G J.J. Spaun G Rickie Fowler G Ryo Hisatsune G Christiaan Bezuidenhout,,,,,,,,,,,,,,,,,,,
688,5202956399,rayray2times,396,72,G Wyndham Clark G Russell Henley G Michael Thorbjornsen G Rickie Fowler G Jacob Bridgeman G Christiaan Bezuidenhout,,,,,,,,,,,,,,,,,,,
688,5203052464,spacewranglr,396,72,G Wyndham Clark G Russell Henley G Jake Knapp G Rickie Fowler G Max Greyserman G Christiaan Bezuidenhout,,,,,,,,,,,,,,,,,,,
688,5200645651,gkthomps,395,72,G Xander Schauffele G Jackson Koivun G Michael Brennan G Jordan Spieth G Ryo Hisatsune G Michael Kim,,,,,,,,,,,,,,,,,,,
688,5203253327,RyanTrimble,395,72,G Xander Schauffele G Jackson Koivun G Jacob Bridgeman G Jordan Spieth G Ryo Hisatsune G Michael Kim,,,,,,,,,,,,,,,,,,,
688,5202690091,skipsox,393,72,G Xander Schauffele G Russell Henley G Ryan Gerard G Jackson Suber G Pierceson Coody G Stephan Jaeger,,,,,,,,,,,,,,,,,,,
688,5201192676,Ojangles7,388,72,G Chris Gotterup G Wyndham Clark G Jake Knapp G Davis Thompson G Jackson Suber G Chris Kirk,,,,,,,,,,,,,,,,,,,
688,5201789001,pesh13,388,72,G Chris Gotterup G Si Woo Kim G J.J. Spaun G Ryan Gerard G Emiliano Grillo G Dylan Wu,,,,,,,,,,,,,,,,,,,
688,5201933057,blue14devils,388,72,G Chris Gotterup G Si Woo Kim G Ryan Gerard G Rasmus Neergaard-Petersen G Ben Kohles G Emiliano Grillo,,,,,,,,,,,,,,,,,,,
688,5202065702,pegulavill,388,72,G Si Woo Kim G Wyndham Clark G Harris English G Akshay Bhatia G Max Greyserman G Chris Kirk,,,,,,,,,,,,,,,,,,,
688,5201842364,Stazuuu23,378,72,G Si Woo Kim G Jackson Koivun G Akshay Bhatia G Eric Cole G Ryo Hisatsune G Pierceson Coody,,,,,,,,,,,,,,,,,,,
703,5200593884,BVCross11,400,71.5,G Chris Gotterup G Ryan Gerard G Michael Thorbjornsen G Rickie Fowler G Marco Penge G Jackson Suber,,,,,,,,,,,,,,,,,,,
703,5201868491,HossRugby,400,71.5,G Chris Gotterup G Ryan Gerard G Rickie Fowler G Jacob Bridgeman G Jackson Suber G Ben Kohles,,,,,,,,,,,,,,,,,,,
703,5202035205,itsgood1,400,71.5,G Chris Gotterup G Hideki Matsuyama G Rickie Fowler G Jacob Bridgeman G Ryo Hisatsune G Nick Taylor,,,,,,,,,,,,,,,,,,,
703,5202087332,boogereatingmoron,400,71.5,G Chris Gotterup G Ben Griffin G Ryan Gerard G Rickie Fowler G Jacob Bridgeman G Tom Hoge,,,,,,,,,,,,,,,,,,,
703,5202544362,BigRedDog19731973,400,71.5,G Chris Gotterup G Jake Knapp G Ryan Gerard G Rickie Fowler G Rasmus Neergaard-Petersen G Ben Kohles,,,,,,,,,,,,,,,,,,,
703,5200565079,50shadesofteal,399,71.5,G Chris Gotterup G Ben Griffin G Ryan Gerard G Keegan Bradley G Ryo Hisatsune G Ben Kohles,,,,,,,,,,,,,,,,,,,
703,5200613792,Horseplayer1975,399,71.5,G Chris Gotterup G Russell Henley G Ben Griffin G Keegan Bradley G Nick Taylor G Sungjae Im,,,,,,,,,,,,,,,,,,,
703,5201230735,Brue1979,399,71.5,G Chris Gotterup G Jake Knapp G Ryan Gerard G Keegan Bradley G Ryo Hisatsune G Rasmus Neergaard-Petersen,,,,,,,,,,,,,,,,,,,
703,5201260769,bbroom,399,71.5,G Wyndham Clark G Jake Knapp G Ryan Gerard G Rickie Fowler G Jacob Bridgeman G Ben Kohles,,,,,,,,,,,,,,,,,,,
703,5201445933,billdog3484,399,71.5,G Cameron Young G Chris Gotterup G Keegan Bradley G Matt Wallace G Mac Meissner G Nick Taylor,,,,,,,,,,,,,,,,,,,
703,5202466819,Mr._Bad,399,71.5,G Wyndham Clark G J.J. Spaun G Ryan Gerard G Michael Thorbjornsen G Rickie Fowler G Billy Horschel,,,,,,,,,,,,,,,,,,,
703,5202559337,stsieg,399,71.5,G Wyndham Clark G Jake Knapp G J.J. Spaun G Rickie Fowler G Jacob Bridgeman G Nick Taylor,,,,,,,,,,,,,,,,,,,
703,5202800462,CiskoFJF,399,71.5,G Wyndham Clark G Ben Griffin G Ryan Gerard G Rickie Fowler G Ryo Hisatsune G Jackson Suber,,,,,,,,,,,,,,,,,,,
703,5203127285,cr720,399,71.5,G Wyndham Clark G Hideki Matsuyama G Ryan Gerard G Rickie Fowler G Jackson Suber G Rasmus Neergaard-Petersen,,,,,,,,,,,,,,,,,,,
703,5201704277,Carolinareaper007,398,71.5,G Wyndham Clark G Russell Henley G Ryan Gerard G Keegan Bradley G Jackson Suber G Mac Meissner,,,,,,,,,,,,,,,,,,,
703,5201749596,clubs57,398,71.5,G Cameron Young G Russell Henley G Rickie Fowler G Jordan Spieth G Aldrich Potgieter G Emiliano Grillo,,,,,,,,,,,,,,,,,,,
703,5201820526,rpt001,398,71.5,G Wyndham Clark G Russell Henley G Hideki Matsuyama G Keegan Bradley G Corey Conners G Nick Taylor,,,,,,,,,,,,,,,,,,,
703,5203107883,john22patty,398,71.5,G Wyndham Clark G J.J. Spaun G Ryan Gerard G Jacob Bridgeman G Keegan Bradley G Corey Conners,,,,,,,,,,,,,,,,,,,
703,5203236312,ctscts3232,398,71.5,G Wyndham Clark G Jake Knapp G Ryan Gerard G Michael Brennan G Keegan Bradley G Ryo Hisatsune,,,,,,,,,,,,,,,,,,,
703,5201106418,chadb17,397,71.5,G Chris Gotterup G Si Woo Kim G Hideki Matsuyama G Ben Kohles G Michael Kim G Billy Horschel,,,,,,,,,,,,,,,,,,,
703,5202162792,michaeltulensa,391,71.5,G Si Woo Kim G Ben Griffin G Akshay Bhatia G Rickie Fowler G Jordan Spieth G Aldrich Potgieter,,,,,,,,,,,,,,,,,,,
703,5203037475,dburns1983,391,71.5,G Si Woo Kim G Jackson Koivun G Patrick Cantlay G Johnny Keefer G Ben Kohles G Emiliano Grillo,,,,,,,,,,,,,,,,,,,
703,5203116605,bailz_10,391,71.5,G Xander Schauffele G Akshay Bhatia G Rickie Fowler G Jacob Bridgeman G Davis Thompson G Jackson Suber,,,,,,,,,,,,,,,,,,,
703,5201149685,jloverde,389,71.5,G Chris Gotterup G Si Woo Kim G Hideki Matsuyama G Nick Taylor G Ricky Castillo G Sungjae Im,,,,,,,,,,,,,,,,,,,
703,5201150529,felixr,389,71.5,G Chris Gotterup G Si Woo Kim G Ryan Gerard G Corey Conners G Rasmus Neergaard-Petersen G Ricky Castillo,,,,,,,,,,,,,,,,,,,
703,5203114050,tylermadd7,389,71.5,G Cameron Young G Jackson Koivun G Ben Griffin G Ryan Gerard G Mark Hubbard G Adam Svensson,,,,,,,,,,,,,,,,,,,
703,5201049611,maddygirl1,388,71.5,G Cameron Young G Si Woo Kim G Rickie Fowler G Davis Thompson G Ben Kohles G Zac Blair,,,,,,,,,,,,,,,,,,,
703,5201888250,southpaw73,388,71.5,G Jackson Koivun G Ryan Gerard G Akshay Bhatia G Nicolai Højgaard G Michael Thorbjornsen G Ricky Castillo,,,,,,,,,,,,,,,,,,,
703,5201891093,DjUncutraw,388,71.5,G Cameron Young G Si Woo Kim G Ryan Gerard G Ben Kohles G Stephan Jaeger G Zac Blair,,,,,,,,,,,,,,,,,,,
703,5200679649,Tiguy3321,386,71.5,G Cameron Young G Si Woo Kim G Michael Thorbjornsen G Christiaan Bezuidenhout G Nick Taylor G Emiliano Grillo,,,,,,,,,,,,,,,,,,,
703,5202843960,DuckHarborWarrior,386,71.5,G Chris Gotterup G Wyndham Clark G Akshay Bhatia G Jacob Bridgeman G Mac Meissner G Emiliano Grillo,,,,,,,,,,,,,,,,,,,
703,5202252146,taxi215,384,71.5,G Chris Gotterup G Jackson Koivun G Wyndham Clark G Ryo Hisatsune G Corey Conners G Mark Hubbard,,,,,,,,,,,,,,,,,,,
703,5202922475,Jyoung3,384,71.5,G Cameron Young G Jackson Koivun G Wyndham Clark G Taylor Moore G Chris Kirk G Chandler Phillips,,,,,,,,,,,,,,,,,,,
703,5202411095,rbuschang,383,71.5,G Si Woo Kim G Wyndham Clark G Jake Knapp G Eric Cole G Jackson Suber G Emiliano Grillo,,,,,,,,,,,,,,,,,,,
703,5202705632,MikeWiley,377,71.5,G Cameron Young G Jackson Koivun G Wyndham Clark G Mackenzie Hughes G Nicolas Echavarria G Zac Blair,,,,,,,,,,,,,,,,,,,
703,5201288876,enemyofthestate_027,327,71.5,G Wyndham Clark G Ryan Gerard G Nicolai Højgaard G Rickie Fowler G Brooks Koepka G Ryo Hisatsune,,,,,,,,,,,,,,,,,,,
739,5201117777,thunderbumpkins,398,71,G Hideki Matsuyama G J.J. Spaun G Ryan Gerard G Rickie Fowler G Michael Brennan G Christiaan Bezuidenhout,,,,,,,,,,,,,,,,,,,
739,5202701467,bustanutty,398,71,G Cameron Young G Hideki Matsuyama G Rickie Fowler G Ryo Hisatsune G Christiaan Bezuidenhout G Nick Taylor,,,,,,,,,,,,,,,,,,,
739,5201426698,gmull73,396,71,G Chris Gotterup G Hideki Matsuyama G Rickie Fowler G Jacob Bridgeman G Eric Cole G Ryo Hisatsune,,,,,,,,,,,,,,,,,,,
739,5201355892,Yumama1,395,71,G Cameron Young G Si Woo Kim G Jacob Bridgeman G Denny McCarthy G Christiaan Bezuidenhout G Michael Kim,,,,,,,,,,,,,,,,,,,
739,5201980636,celliott11,395,71,G Xander Schauffele G Si Woo Kim G Nicolai Højgaard G Johnny Keefer G Matt Wallace G Stephan Jaeger,,,,,,,,,,,,,,,,,,,
739,5202932571,mattyv808,395,71,G Chris Gotterup G Hideki Matsuyama G Jacob Bridgeman G Keegan Bradley G Eric Cole G Corey Conners,,,,,,,,,,,,,,,,,,,
739,5202219150,zleik101,394,71,G Wyndham Clark G Russell Henley G Patrick Cantlay G Keegan Bradley G Eric Cole G Sungjae Im,,,,,,,,,,,,,,,,,,,
739,5202654780,2Barrel,390,71,G Chris Gotterup G Si Woo Kim G Jake Knapp G Rasmus Neergaard-Petersen G Emiliano Grillo G Sam Stevens,,,,,,,,,,,,,,,,,,,
739,5202924762,WestofPCH,389,71,G Si Woo Kim G Jackson Koivun G Akshay Bhatia G Jacob Bridgeman G Ben Kohles G Kevin Yu,,,,,,,,,,,,,,,,,,,
739,5203232547,AshFrankNFL,389,71,G Wyndham Clark G Jake Knapp G J.J. Spaun G Ryan Gerard G Davis Thompson G Chris Kirk,,,,,,,,,,,,,,,,,,,
739,5201328638,scsmetana,386,71,G Xander Schauffele G J.J. Spaun G Ryan Gerard G Eric Cole G Corey Conners G Kevin Yu,,,,,,,,,,,,,,,,,,,
739,5201978193,ross1bt,384,71,G Cameron Young G Xander Schauffele G Rickie Fowler G Jordan Spieth G Lucas Glover G Joel Dahmen,,,,,,,,,,,,,,,,,,,
739,5203220609,raddy88,384,71,G Xander Schauffele G Wyndham Clark G Hideki Matsuyama G Christiaan Bezuidenhout G Ricky Castillo G Joe Highsmith,,,,,,,,,,,,,,,,,,,
739,5203064924,King521,380,71,G Chris Gotterup G Wyndham Clark G Akshay Bhatia G Michael Brennan G Benjamin James G Christiaan Bezuidenhout,,,,,,,,,,,,,,,,,,,
739,5201650876,zak62393,378,71,G Chris Gotterup G Jackson Koivun G Wyndham Clark G Johnny Keefer G Rasmus Neergaard-Petersen G Austin Smotherman,,,,,,,,,,,,,,,,,,,
739,5203084243,MessiMadness,376,71,G Chris Gotterup G Si Woo Kim G Wyndham Clark G Johnny Keefer G Jesper Svensson G William Mouw,,,,,,,,,,,,,,,,,,,
739,5202716450,powelly5,372,71,G Chris Gotterup G Jackson Koivun G Wyndham Clark G Michael Brennan G William Mouw G Zac Blair,,,,,,,,,,,,,,,,,,,
739,5202467741,foofighters1977,371,71,G Chris Gotterup G Jackson Koivun G Wyndham Clark G Eric Cole G Sungjae Im G Lucas Glover,,,,,,,,,,,,,,,,,,,
757,5200957681,mstusick7,402,70.5,G Xander Schauffele G Russell Henley G Rickie Fowler G Jacob Bridgeman G Corey Conners G Mackenzie Hughes,,,,,,,,,,,,,,,,,,,
757,5202315485,AntonioMorris,401,70.5,G Cameron Young G Chris Gotterup G Keegan Bradley G Doug Ghim G Rasmus Neergaard-Petersen G Sungjae Im,,,,,,,,,,,,,,,,,,,
757,5202408022,jsh1122,401,70.5,G Cameron Young G Chris Gotterup G Keegan Bradley G Jackson Suber G Doug Ghim G Sungjae Im,,,,,,,,,,,,,,,,,,,
757,5202851227,jonsaum,401,70.5,G Russell Henley G Hideki Matsuyama G Ryan Gerard G Rickie Fowler G Jacob Bridgeman G Nick Taylor,,,,,,,,,,,,,,,,,,,
757,5203079225,Johnnywags,401,70.5,G Cameron Young G Chris Gotterup G Keegan Bradley G Doug Ghim G Jordan L. Smith G Sungjae Im,,,,,,,,,,,,,,,,,,,
757,5202774256,dealindan,400,70.5,G Cameron Young G Wyndham Clark G Jacob Bridgeman G Keegan Bradley G Doug Ghim G Zachary Bauchou,,,,,,,,,,,,,,,,,,,
757,5202135193,Mysticalhalf,398,70.5,G Cameron Young G Si Woo Kim G Jacob Bridgeman G Ryo Hisatsune G Michael Kim G Nick Taylor,,,,,,,,,,,,,,,,,,,
757,5202415576,edguigli1,398,70.5,G Cameron Young G Si Woo Kim G Ryo Hisatsune G Jackson Suber G Michael Kim G Nick Taylor,,,,,,,,,,,,,,,,,,,
757,5203247181,Phatcat19,398,70.5,G Si Woo Kim G Jackson Koivun G Jacob Bridgeman G Keegan Bradley G Jordan Spieth G Corey Conners,,,,,,,,,,,,,,,,,,,
757,5202424860,RareP,396,70.5,G Xander Schauffele G Chris Gotterup G Nicolai Højgaard G Jacob Bridgeman G Michael Kim G Trace Crowe,,,,,,,,,,,,,,,,,,,
757,5200837341,messaca1,395,70.5,G Cameron Young G Chris Gotterup G Russell Henley G Emiliano Grillo G Patrick Fishburn G Davis Chatfield,,,,,,,,,,,,,,,,,,,
757,5201408832,JRod326,389,70.5,G Chris Gotterup G Jake Knapp G J.J. Spaun G Rickie Fowler G Davis Thompson G Chandler Phillips,,,,,,,,,,,,,,,,,,,
757,5202287798,scottbaum57,389,70.5,G Xander Schauffele G Akshay Bhatia G Nicolai Højgaard G Jacob Bridgeman G Keegan Bradley G Aldrich Potgieter,,,,,,,,,,,,,,,,,,,
757,5202386145,nickpossum,389,70.5,G Cameron Young G Si Woo Kim G Jackson Koivun G Stephan Jaeger G William Mouw G Brad Dalke,,,,,,,,,,,,,,,,,,,
757,5200681068,riekom37,388,70.5,G Xander Schauffele G Chris Gotterup G Jacob Bridgeman G Ryo Hisatsune G Nick Taylor G Ricky Castillo,,,,,,,,,,,,,,,,,,,
757,5201151041,dducharme1991,388,70.5,G Chris Gotterup G Jackson Koivun G Hideki Matsuyama G Mac Meissner G Seamus Power G Patrick Fishburn,,,,,,,,,,,,,,,,,,,
757,5200872040,golfinggods,387,70.5,G Cameron Young G Si Woo Kim G Rickie Fowler G Ryo Hisatsune G Aldrich Potgieter G Zac Blair,,,,,,,,,,,,,,,,,,,
757,5200942191,GumpWorsley,387,70.5,G Cameron Young G Wyndham Clark G Akshay Bhatia G Ben Kohles G Nick Taylor G Emiliano Grillo,,,,,,,,,,,,,,,,,,,
757,5201412461,davey2j,387,70.5,G Wyndham Clark G Jake Knapp G Akshay Bhatia G Michael Thorbjornsen G Rickie Fowler G Lucas Glover,,,,,,,,,,,,,,,,,,,
757,5203160362,kevholly,386,70.5,G Cameron Young G Chris Gotterup G Davis Thompson G Eric Cole G Corey Conners G Chris Kirk,,,,,,,,,,,,,,,,,,,
757,5203177162,leonlover07,386,70.5,G Cameron Young G Chris Gotterup G Max Greyserman G Aldrich Potgieter G Christiaan Bezuidenhout G Chris Kirk,,,,,,,,,,,,,,,,,,,
757,5203042946,susteve09,385,70.5,G Jackson Koivun G Wyndham Clark G Jake Knapp G Davis Thompson G Pierceson Coody G Johnny Keefer,,,,,,,,,,,,,,,,,,,
757,5203057738,Goose555,385,70.5,G Xander Schauffele G Jake Knapp G Ryan Gerard G Michael Brennan G Christiaan Bezuidenhout G Emiliano Grillo,,,,,,,,,,,,,,,,,,,
757,5202896998,BlaBla,384,70.5,G Cameron Young G Jackson Koivun G Hideki Matsuyama G Nick Taylor G Ricky Castillo G Zac Blair,,,,,,,,,,,,,,,,,,,
757,5202988521,jakedeal,374,70.5,G Jackson Koivun G Wyndham Clark G Akshay Bhatia G Eric Cole G Jackson Suber G Aldrich Potgieter,,,,,,,,,,,,,,,,,,,
782,5201056845,do9191,402,70,G Cameron Young G Xander Schauffele G Michael Thorbjornsen G Jordan Spieth G Ricky Castillo G Gordon Sargent,,,,,,,,,,,,,,,,,,,
782,5200987373,Caryg07,397,70,G Cameron Young G Chris Gotterup G Akshay Bhatia G Michael Kim G Sungjae Im G Lee Hodges,,,,,,,,,,,,,,,,,,,
782,5202197378,wildwin2323,397,70,G Russell Henley G Patrick Cantlay G Jake Knapp G Rickie Fowler G Eric Cole G Nick Taylor,,,,,,,,,,,,,,,,,,,
782,5203002334,susansensei,397,70,G Chris Gotterup G Russell Henley G Akshay Bhatia G Jacob Bridgeman G Denny McCarthy G Michael Kim,,,,,,,,,,,,,,,,,,,
782,5202663495,Lucky_Luciano16,396,70,G Wyndham Clark G Patrick Cantlay G Hideki Matsuyama G Akshay Bhatia G Michael Kim G Sungjae Im,,,,,,,,,,,,,,,,,,,
782,5200587703,Tourstar22,392,70,G Cameron Young G Chris Gotterup G Ryo Hisatsune G Pierceson Coody G Emiliano Grillo G Sam Stevens,,,,,,,,,,,,,,,,,,,
782,5201055921,Joey3X,392,70,G Chris Gotterup G Si Woo Kim G J.J. Spaun G Johnny Keefer G Ben Kohles G Emiliano Grillo,,,,,,,,,,,,,,,,,,,
782,5202045142,kirks2020,391,70,G Si Woo Kim G Wyndham Clark G Jake Knapp G Jordan Spieth G Johnny Keefer G Emiliano Grillo,,,,,,,,,,,,,,,,,,,
782,5201241408,todaprezident,375,70,G Cameron Young G Jackson Koivun G Wyndham Clark G Seamus Power G Christiaan Bezuidenhout G Ryan Ruffels,,,,,,,,,,,,,,,,,,,
782,5203249974,sunscape,371,70,G Chris Gotterup G Jackson Koivun G Wyndham Clark G Ben Kohles G Chandler Phillips G Zac Blair,,,,,,,,,,,,,,,,,,,
792,5202919273,ck1kaminski,403,69.5,G Chris Gotterup G J.J. Spaun G Harris English G Keegan Bradley G Marco Penge G Johnny Keefer,,,,,,,,,,,,,,,,,,,
792,5201207016,nateya15,398,69.5,G Cameron Young G Chris Gotterup G Patrick Cantlay G Ben Kohles G Chris Kirk G Matt Kuchar,,,,,,,,,,,,,,,,,,,
792,5203101344,AsiahRie,398,69.5,G Chris Gotterup G Hideki Matsuyama G Ben Griffin G Jake Knapp G Michael Kim G Kevin Streelman,,,,,,,,,,,,,,,,,,,
792,5201224891,Mousedef,397,69.5,G Xander Schauffele G Ryan Gerard G Harris English G Marco Penge G Michael Kim G Sungjae Im,,,,,,,,,,,,,,,,,,,
792,5201459003,scroggs811,397,69.5,G Cameron Young G Chris Gotterup G Ben Kohles G Jordan L. Smith G Kevin Yu G Emiliano Grillo,,,,,,,,,,,,,,,,,,,
792,5203120659,Tiny_Classified_Ads,396,69.5,G Cameron Young G Wyndham Clark G Jake Knapp G Kevin Yu G Emiliano Grillo G Zecheng Dou,,,,,,,,,,,,,,,,,,,
792,5202777121,Jtomko,386,69.5,G Jackson Koivun G Wyndham Clark G Davis Thompson G Corey Conners G Jordan L. Smith G Emiliano Grillo,,,,,,,,,,,,,,,,,,,
799,5202202546,oozingmachismo,401,69,G Cameron Young G Ben Griffin G Jake Knapp G Davis Thompson G Stephan Jaeger G Chris Kirk,,,,,,,,,,,,,,,,,,,
799,5200752318,tmheiman,400,69,G Chris Gotterup G Si Woo Kim G Rickie Fowler G Jacob Bridgeman G Rasmus Neergaard-Petersen G Jordan L. Smith,,,,,,,,,,,,,,,,,,,
799,5201531484,skwwillers,400,69,G Chris Gotterup G Si Woo Kim G Rickie Fowler G Michael Brennan G Rasmus Neergaard-Petersen G Billy Horschel,,,,,,,,,,,,,,,,,,,
799,5201649500,1dwforbes,400,69,G Chris Gotterup G Si Woo Kim G Rickie Fowler G Ryo Hisatsune G Jackson Suber G Ben Kohles,,,,,,,,,,,,,,,,,,,
799,5201703539,jibhog15,400,69,G Chris Gotterup G Si Woo Kim G Rickie Fowler G Ryo Hisatsune G Jackson Suber G Ben Kohles,,,,,,,,,,,,,,,,,,,
799,5200678440,JustBobT,399,69,G Chris Gotterup G Si Woo Kim G Michael Brennan G Keegan Bradley G Corey Conners G Rasmus Neergaard-Petersen,,,,,,,,,,,,,,,,,,,
799,5201155156,ksiggasou,399,69,G Si Woo Kim G Wyndham Clark G Michael Thorbjornsen G Rickie Fowler G Jackson Suber G Max Greyserman,,,,,,,,,,,,,,,,,,,
799,5201330577,DarkDegree96,399,69,G Jackson Koivun G Akshay Bhatia G Nicolai Højgaard G Rickie Fowler G Michael Brennan G Jacob Bridgeman,,,,,,,,,,,,,,,,,,,
799,5202354785,Toefdawg,399,69,G Jackson Koivun G Ben Griffin G Akshay Bhatia G Michael Thorbjornsen G Rickie Fowler G Billy Horschel,,,,,,,,,,,,,,,,,,,
799,5202534448,mjscott8824,399,69,G Chris Gotterup G Si Woo Kim G Nicolai Højgaard G Keegan Bradley G Jordan L. Smith G Sungjae Im,,,,,,,,,,,,,,,,,,,
799,5202862675,charris529,399,69,G Si Woo Kim G Wyndham Clark G Rickie Fowler G Jacob Bridgeman G Sudarshan Yellamaraju G Sungjae Im,,,,,,,,,,,,,,,,,,,
799,5202958588,ride2fast4me,399,69,G Jackson Koivun G Hideki Matsuyama G Jake Knapp G Akshay Bhatia G Rickie Fowler G Adrien Saddier,,,,,,,,,,,,,,,,,,,
799,5203184927,monge66,399,69,G Si Woo Kim G Wyndham Clark G Rickie Fowler G Jacob Bridgeman G Corey Conners G Matt Wallace,,,,,,,,,,,,,,,,,,,
799,5202403536,pac10joe,398,69,G Russell Henley G J.J. Spaun G Ryan Gerard G Akshay Bhatia G Jacob Bridgeman G Michael Kim,,,,,,,,,,,,,,,,,,,
799,5202492651,andrewjackson,398,69,G Si Woo Kim G Wyndham Clark G Michael Brennan G Jacob Bridgeman G Keegan Bradley G Corey Conners,,,,,,,,,,,,,,,,,,,
799,5203216785,Aksog,398,69,G Si Woo Kim G Wyndham Clark G Jacob Bridgeman G Keegan Bradley G Jackson Suber G Corey Conners,,,,,,,,,,,,,,,,,,,
799,5203086794,JimboDrums,397,69,G Wyndham Clark G Russell Henley G Hideki Matsuyama G Michael Brennan G Kevin Yu G Ricky Castillo,,,,,,,,,,,,,,,,,,,
799,5202295351,harvando11,396,69,G Cameron Young G Chris Gotterup G Jake Knapp G Emiliano Grillo G Tony Finau G Patrick Rodgers,,,,,,,,,,,,,,,,,,,
799,5201841673,Cornpops_picks,395,69,G Cameron Young G Jackson Koivun G J.J. Spaun G Johnny Keefer G Stephan Jaeger G Nicolas Echavarria,,,,,,,,,,,,,,,,,,,
799,5202661968,bgoob,395,69,G Chris Gotterup G Jackson Koivun G Jake Knapp G Denny McCarthy G Johnny Keefer G Mackenzie Hughes,,,,,,,,,,,,,,,,,,,
799,5200989991,massdb,392,69,G Cameron Young G Wyndham Clark G J.J. Spaun G Denny McCarthy G Michael Kim G Zac Blair,,,,,,,,,,,,,,,,,,,
799,5203086188,Marsharks,390,69,G Cameron Young G Chris Gotterup G Jake Knapp G Sam Stevens G Chris Kirk G William Mouw,,,,,,,,,,,,,,,,,,,
799,5203260433,BennyBuckets101,389,69,G Chris Gotterup G Wyndham Clark G Jake Knapp G Pierceson Coody G Johnny Keefer G Benjamin James,,,,,,,,,,,,,,,,,,,
799,5200594857,nolapinoy,388,69,G Si Woo Kim G Jackson Koivun G Akshay Bhatia G Jacob Bridgeman G Ryo Hisatsune G Ricky Castillo,,,,,,,,,,,,,,,,,,,
799,5203197858,hemoguy,387,69,G Cameron Young G Chris Gotterup G Ryan Gerard G Rasmus Neergaard-Petersen G Chris Kirk G Chandler Phillips,,,,,,,,,,,,,,,,,,,
799,5200877341,FlutieFlakes84,386,69,G Cameron Young G Wyndham Clark G Ryan Gerard G Jacob Bridgeman G Chris Kirk G Chandler Phillips,,,,,,,,,,,,,,,,,,,
799,5201325615,lineman32000,386,69,G Chris Gotterup G Jackson Koivun G Jake Knapp G Michael Brennan G Kevin Yu G Chandler Phillips,,,,,,,,,,,,,,,,,,,
799,5202713500,smack2112,386,69,G Chris Gotterup G Jackson Koivun G Jake Knapp G Michael Brennan G Kevin Yu G Chandler Phillips,,,,,,,,,,,,,,,,,,,
799,5203149848,bluenick10,386,69,G Cameron Young G Wyndham Clark G Ryan Gerard G Michael Brennan G Chris Kirk G Chandler Phillips,,,,,,,,,,,,,,,,,,,
799,5203213939,WarMachine82,385,69,G Cameron Young G Chris Gotterup G Ryan Gerard G Ricky Castillo G John Parry G Zac Blair,,,,,,,,,,,,,,,,,,,
799,5201603174,dales33,384,69,G Wyndham Clark G Russell Henley G Hideki Matsuyama G Ryan Gerard G Ricky Castillo G Zac Blair,,,,,,,,,,,,,,,,,,,
799,5203128518,ajbryk,381,69,G Si Woo Kim G Wyndham Clark G Ryan Gerard G Nicolai Højgaard G Doug Ghim G William Mouw,,,,,,,,,,,,,,,,,,,
831,5201680661,sandheels,399,68.5,G Xander Schauffele G Hideki Matsuyama G Ben Griffin G Corey Conners G Michael Kim G Sam Stevens,,,,,,,,,,,,,,,,,,,
831,5200670257,bdhalls,398,68.5,G Si Woo Kim G Hideki Matsuyama G Rickie Fowler G Jacob Bridgeman G Ryo Hisatsune G Christiaan Bezuidenhout,,,,,,,,,,,,,,,,,,,
831,5201340245,bullet1964,398,68.5,G Si Woo Kim G Russell Henley G Rickie Fowler G Jacob Bridgeman G Corey Conners G Christiaan Bezuidenhout,,,,,,,,,,,,,,,,,,,
831,5200573345,Harringtonr3,397,68.5,G Cameron Young G Xander Schauffele G Nicolai Højgaard G Tony Finau G Chris Kirk G Tom Hoge,,,,,,,,,,,,,,,,,,,
831,5202832429,usathrows,397,68.5,G Si Woo Kim G Russell Henley G Jake Knapp G Keegan Bradley G Ben Kohles G Christiaan Bezuidenhout,,,,,,,,,,,,,,,,,,,
831,5202211785,bigbentheory,394,68.5,G Chris Gotterup G Rasmus Neergaard-Petersen G Sam Stevens G Stephan Jaeger G Nicolas Echavarria G Andrew Putnam,,,,,,,,,,,,,,,,,,,
831,5200559803,Bdawg1924,392,68.5,G Chris Gotterup G Hideki Matsuyama G Akshay Bhatia G Michael Thorbjornsen G Pierceson Coody G Kevin Yu,,,,,,,,,,,,,,,,,,,
831,5202167422,church2015,391,68.5,G Si Woo Kim G Ryan Gerard G Akshay Bhatia G Nicolai Højgaard G Michael Brennan G Kevin Yu,,,,,,,,,,,,,,,,,,,
831,5203248187,JROC1124,391,68.5,G Xander Schauffele G Hideki Matsuyama G Akshay Bhatia G Rickie Fowler G Sungjae Im G Nicolas Echavarria,,,,,,,,,,,,,,,,,,,
831,5200565275,taleviam,390,68.5,G Chris Gotterup G Si Woo Kim G J.J. Spaun G Davis Thompson G Ben Kohles G Chris Kirk,,,,,,,,,,,,,,,,,,,
831,5201007263,ginswins1128,390,68.5,G Chris Gotterup G Si Woo Kim G J.J. Spaun G Davis Thompson G Ben Kohles G Chris Kirk,,,,,,,,,,,,,,,,,,,
831,5202093377,butchismyhomie,390,68.5,G Chris Gotterup G Si Woo Kim G J.J. Spaun G Davis Thompson G Ben Kohles G Chris Kirk,,,,,,,,,,,,,,,,,,,
831,5201273829,hpwils,389,68.5,G Jackson Koivun G Jake Knapp G J.J. Spaun G Akshay Bhatia G Davis Thompson G Chris Kirk,,,,,,,,,,,,,,,,,,,
831,5203249408,jabajan1980,386,68.5,G Chris Gotterup G Jackson Koivun G Jake Knapp G Ben Kohles G Aldrich Potgieter G Emiliano Grillo,,,,,,,,,,,,,,,,,,,
831,5201370922,JCol32,384,68.5,G Jackson Koivun G Wyndham Clark G Akshay Bhatia G Michael Thorbjornsen G Pierceson Coody G Benjamin James,,,,,,,,,,,,,,,,,,,
831,5201184439,mikepopkin,382,68.5,G Cameron Young G Si Woo Kim G Hideki Matsuyama G Michael Kim G Lucas Glover G Zac Blair,,,,,,,,,,,,,,,,,,,
831,5203087415,trbennett924,373,68.5,G Chris Gotterup G Wyndham Clark G Ryan Gerard G Eric Cole G Ryo Hisatsune G Lucas Glover,,,,,,,,,,,,,,,,,,,
848,5201662840,dietwlime,409,68,G Cameron Young G Patrick Cantlay G Rickie Fowler G Jacob Bridgeman G Jackson Suber G Chris Kirk,,,,,,,,,,,,,,,,,,,
848,5201837787,BaconStripDivots,409,68,G Cameron Young G Jake Knapp G J.J. Spaun G Rickie Fowler G Chris Kirk G Justin Lower,,,,,,,,,,,,,,,,,,,
848,5201241132,IAMMURPH,402,68,G Chris Gotterup G Hideki Matsuyama G Rickie Fowler G Jacob Bridgeman G Jordan Spieth G Pierceson Coody,,,,,,,,,,,,,,,,,,,
848,5201832182,Junglejim0007,402,68,G Cameron Young G Chris Gotterup G Jackson Koivun G Ben Kohles G Brad Dalke G Gordon Sargent,,,,,,,,,,,,,,,,,,,
848,5200966648,Cubben,401,68,G Si Woo Kim G Hideki Matsuyama G Ryan Gerard G Rickie Fowler G Rasmus Neergaard-Petersen G Ben Kohles,,,,,,,,,,,,,,,,,,,
848,5201280706,bryn10,401,68,G Si Woo Kim G Patrick Cantlay G Ryan Gerard G Rickie Fowler G Jackson Suber G Lee Hodges,,,,,,,,,,,,,,,,,,,
848,5201292703,Baffoonery,401,68,G Si Woo Kim G Hideki Matsuyama G Ryan Gerard G Rickie Fowler G Rasmus Neergaard-Petersen G Ben Kohles,,,,,,,,,,,,,,,,,,,
848,5201863318,rweronka,401,68,G Si Woo Kim G Jake Knapp G Ryan Gerard G Rickie Fowler G Corey Conners G Ben Kohles,,,,,,,,,,,,,,,,,,,
848,5202680698,shawncihla,401,68,G Si Woo Kim G Ryan Gerard G Nicolai Højgaard G Rickie Fowler G Jacob Bridgeman G Denny McCarthy,,,,,,,,,,,,,,,,,,,
848,5202969124,Kinzone,401,68,G Si Woo Kim G Hideki Matsuyama G Ryan Gerard G Rickie Fowler G Max Greyserman G Ben Kohles,,,,,,,,,,,,,,,,,,,
848,5201247146,jeremykelly,400,68,G Cameron Young G Russell Henley G Akshay Bhatia G Doug Ghim G Mac Meissner G Michael Kim,,,,,,,,,,,,,,,,,,,
848,5201469648,drizztser,400,68,G Si Woo Kim G J.J. Spaun G Ryan Gerard G Harris English G Keegan Bradley G Kevin Roy,,,,,,,,,,,,,,,,,,,
848,5202084386,aclegend89,400,68,G Wyndham Clark G Patrick Cantlay G Jake Knapp G Keegan Bradley G Ryo Hisatsune G Pierceson Coody,,,,,,,,,,,,,,,,,,,
848,5202602629,steve3258,400,68,G Si Woo Kim G Patrick Cantlay G Ryan Gerard G Keegan Bradley G Corey Conners G Jordan L. Smith,,,,,,,,,,,,,,,,,,,
848,5202988506,aohalek,400,68,G Si Woo Kim G Russell Henley G Ryan Gerard G Keegan Bradley G Jordan Spieth G Sungjae Im,,,,,,,,,,,,,,,,,,,
848,5203205317,kschoelen12,398,68,G Xander Schauffele G Wyndham Clark G Ben Griffin G Rickie Fowler G Rico Hoey G Cameron Davis,,,,,,,,,,,,,,,,,,,
848,5201773509,donniej,396,68,G Chris Gotterup G Patrick Cantlay G Jake Knapp G Rickie Fowler G Seamus Power G Kevin Roy,,,,,,,,,,,,,,,,,,,
848,5200609860,snaked01,395,68,G Jackson Koivun G Hideki Matsuyama G Jake Knapp G Rickie Fowler G Denny McCarthy G Zac Blair,,,,,,,,,,,,,,,,,,,
848,5201094813,JERKER19,395,68,G Jackson Koivun G Jake Knapp G J.J. Spaun G Michael Thorbjornsen G Rickie Fowler G Zac Blair,,,,,,,,,,,,,,,,,,,
848,5203104160,K1ngOfHearts,395,68,G Xander Schauffele G Hideki Matsuyama G Ben Griffin G Keegan Bradley G Matt Wallace G Joel Dahmen,,,,,,,,,,,,,,,,,,,
848,5202294329,jschulkin,393,68,G Chris Gotterup G Jake Knapp G Akshay Bhatia G Nicolai Højgaard G Johnny Keefer G Ricky Castillo,,,,,,,,,,,,,,,,,,,
848,5201432535,MikeJ32,387,68,G Xander Schauffele G Jackson Koivun G Russell Henley G Aldrich Potgieter G Sungjae Im G Chris Kirk,,,,,,,,,,,,,,,,,,,
848,5202607555,ChubbsMcGee,387,68,G Chris Gotterup G Jackson Koivun G Hideki Matsuyama G Ben Kohles G Aldrich Potgieter G Ricky Castillo,,,,,,,,,,,,,,,,,,,
848,5201932355,Bonz57,386,68,G Chris Gotterup G Jackson Koivun G Jake Knapp G Jackson Suber G Christiaan Bezuidenhout G Nick Taylor,,,,,,,,,,,,,,,,,,,
848,5202585260,sploush,386,68,G Chris Gotterup G Jackson Koivun G Ryan Gerard G Jackson Suber G Ben Kohles G Christiaan Bezuidenhout,,,,,,,,,,,,,,,,,,,
848,5201343650,subpar84,385,68,G Jackson Koivun G Wyndham Clark G Ryan Gerard G Michael Brennan G Matt Wallace G Christiaan Bezuidenhout,,,,,,,,,,,,,,,,,,,
848,5201616594,nano_wicks,385,68,G Jackson Koivun G Wyndham Clark G Ryan Gerard G Jacob Bridgeman G Ben Kohles G Christiaan Bezuidenhout,,,,,,,,,,,,,,,,,,,
848,5200558185,jfine131,384,68,G Xander Schauffele G Wyndham Clark G Ryan Gerard G Michael Brennan G Sam Stevens G Pontus Nyholm,,,,,,,,,,,,,,,,,,,
848,5202306617,wowwwwwdfs_kkc,384,68,G Chris Gotterup G Si Woo Kim G Russell Henley G Christiaan Bezuidenhout G Jordan L. Smith G Max McGreevy,,,,,,,,,,,,,,,,,,,
848,5203138395,biggbrd27,384,68,G Si Woo Kim G Jackson Koivun G Hideki Matsuyama G Ben Kohles G Ricky Castillo G Zac Blair,,,,,,,,,,,,,,,,,,,
848,5202427819,mustafael,379,68,G Chris Gotterup G Si Woo Kim G Akshay Bhatia G Jacob Bridgeman G Nick Taylor G Andrew Novak,,,,,,,,,,,,,,,,,,,
879,5202148786,beef58,407,67.5,G Cameron Young G Jake Knapp G Rickie Fowler G Jackson Suber G Doug Ghim G Johnny Keefer,,,,,,,,,,,,,,,,,,,
879,5201560593,deeper3088,400,67.5,G Cameron Young G J.J. Spaun G Rickie Fowler G Jacob Bridgeman G Pierceson Coody G Christiaan Bezuidenhout,,,,,,,,,,,,,,,,,,,
879,5201893320,codeblue57,400,67.5,G Chris Gotterup G Akshay Bhatia G Nicolai Højgaard G Rickie Fowler G Michael Brennan G Denny McCarthy,,,,,,,,,,,,,,,,,,,
879,5200583518,happyb,399,67.5,G Wyndham Clark G Hideki Matsuyama G Akshay Bhatia G Rickie Fowler G Rasmus Neergaard-Petersen G Ben Kohles,,,,,,,,,,,,,,,,,,,
879,5201077786,TheCaretaker,399,67.5,G Wyndham Clark G Ben Griffin G Akshay Bhatia G Rickie Fowler G Jordan Spieth G Denny McCarthy,,,,,,,,,,,,,,,,,,,
879,5202177495,rotostorm,399,67.5,G Wyndham Clark G Akshay Bhatia G Nicolai Højgaard G Michael Thorbjornsen G Rickie Fowler G Jackson Suber,,,,,,,,,,,,,,,,,,,
879,5202484972,Ruxpin7,399,67.5,G Chris Gotterup G Jake Knapp G Akshay Bhatia G Keegan Bradley G Jordan Spieth G Denny McCarthy,,,,,,,,,,,,,,,,,,,
879,5202580057,Brew129,399,67.5,G Wyndham Clark G Hideki Matsuyama G Akshay Bhatia G Rickie Fowler G Ryo Hisatsune G Corey Conners,,,,,,,,,,,,,,,,,,,
879,5203040145,chrispy2005,399,67.5,G Chris Gotterup G J.J. Spaun G Akshay Bhatia G Nicolai Højgaard G Keegan Bradley G Sungjae Im,,,,,,,,,,,,,,,,,,,
879,5202237646,timdoreen,398,67.5,G Wyndham Clark G Hideki Matsuyama G Akshay Bhatia G Jacob Bridgeman G Keegan Bradley G Ryo Hisatsune,,,,,,,,,,,,,,,,,,,
879,5202569344,mysticalmadiii,398,67.5,G Wyndham Clark G Harris English G Akshay Bhatia G Michael Thorbjornsen G Keegan Bradley G Corey Conners,,,,,,,,,,,,,,,,,,,
879,5200628781,docdougyb,397,67.5,G Si Woo Kim G Hideki Matsuyama G Michael Thorbjornsen G Rickie Fowler G Eric Cole G Denny McCarthy,,,,,,,,,,,,,,,,,,,
879,5200955635,jerrymatt88,397,67.5,G Si Woo Kim G J.J. Spaun G Rickie Fowler G Eric Cole G Jackson Suber G Denny McCarthy,,,,,,,,,,,,,,,,,,,
879,5200795185,stickman6,396,67.5,G Cameron Young G Xander Schauffele G Ben Kohles G Emiliano Grillo G Chris Kirk G Luke Clanton,,,,,,,,,,,,,,,,,,,
879,5201163086,bootsie4,396,67.5,G Xander Schauffele G Russell Henley G Jacob Bridgeman G Keegan Bradley G Christiaan Bezuidenhout G Beau Hossler,,,,,,,,,,,,,,,,,,,
879,5201190316,Nitemare82,396,67.5,G Si Woo Kim G Patrick Cantlay G Jake Knapp G Keegan Bradley G Eric Cole G Sudarshan Yellamaraju,,,,,,,,,,,,,,,,,,,
879,5201376371,ryansdavis,396,67.5,G Xander Schauffele G Russell Henley G Harris English G Keegan Bradley G Christiaan Bezuidenhout G John Parry,,,,,,,,,,,,,,,,,,,
879,5202404020,chworley,396,67.5,G Xander Schauffele G Patrick Cantlay G Michael Brennan G Keegan Bradley G Rasmus Neergaard-Petersen G Christiaan Bezuidenhout,,,,,,,,,,,,,,,,,,,
879,5202419339,MontyS71,396,67.5,G Xander Schauffele G Russell Henley G Harris English G Keegan Bradley G Christiaan Bezuidenhout G Sungjae Im,,,,,,,,,,,,,,,,,,,
879,5202634399,boredomcall,396,67.5,G Cameron Young G Hideki Matsuyama G Akshay Bhatia G Keegan Bradley G Sungjae Im G Joel Dahmen,,,,,,,,,,,,,,,,,,,
879,5201950855,d-psyco326,390,67.5,G Chris Gotterup G Jake Knapp G Ryan Gerard G Jackson Suber G Aldrich Potgieter G Kevin Yu,,,,,,,,,,,,,,,,,,,
879,5202635590,OutnAbout,389,67.5,G Xander Schauffele G Chris Gotterup G Jake Knapp G Davis Thompson G Chris Kirk G Hayden Springer,,,,,,,,,,,,,,,,,,,
879,5200671045,Chadwic316,386,67.5,G Chris Gotterup G Wyndham Clark G Hideki Matsuyama G Michael Brennan G Kevin Yu G Chandler Phillips,,,,,,,,,,,,,,,,,,,
879,5202860230,jackconor,385,67.5,G Cameron Young G Wyndham Clark G Davis Thompson G Eric Cole G Jackson Suber G Tony Finau,,,,,,,,,,,,,,,,,,,
879,5201074307,Ahutch820,384,67.5,G Chris Gotterup G Jackson Koivun G Russell Henley G Corey Conners G Emiliano Grillo G Chandler Phillips,,,,,,,,,,,,,,,,,,,
879,5202333057,Doublejay01,384,67.5,G Chris Gotterup G Jackson Koivun G Hideki Matsuyama G Ben Kohles G Emiliano Grillo G Chandler Phillips,,,,,,,,,,,,,,,,,,,
879,5202899603,hds1986,384,67.5,G Chris Gotterup G Jackson Koivun G Jake Knapp G Jacob Bridgeman G Emiliano Grillo G Chandler Phillips,,,,,,,,,,,,,,,,,,,
906,5200803305,gurnee,400,67,G Xander Schauffele G Ryan Gerard G Rickie Fowler G Michael Brennan G Ryo Hisatsune G Denny McCarthy,,,,,,,,,,,,,,,,,,,
906,5202030102,pzpace,400,67,G Xander Schauffele G Ryan Gerard G Nicolai Højgaard G Rickie Fowler G Corey Conners G Ben Kohles,,,,,,,,,,,,,,,,,,,
906,5201344248,rsumrall,399,67,G Xander Schauffele G J.J. Spaun G Ryan Gerard G Keegan Bradley G Corey Conners G Jordan L. Smith,,,,,,,,,,,,,,,,,,,
906,5202851218,jybugg2623,399,67,G Xander Schauffele G Hideki Matsuyama G Ryan Gerard G Keegan Bradley G Jordan Spieth G Tom Hoge,,,,,,,,,,,,,,,,,,,
906,5201094145,Laghead,398,67,G Cameron Young G Chris Gotterup G J.J. Spaun G Jacob Bridgeman G Stephan Jaeger G Patton Kizzire,,,,,,,,,,,,,,,,,,,
906,5202391146,JPME,397,67,G Xander Schauffele G Si Woo Kim G Michael Brennan G Corey Conners G Ben Kohles G Michael Kim,,,,,,,,,,,,,,,,,,,
906,5203037098,jasonread99,392,67,G Xander Schauffele G Si Woo Kim G Jackson Koivun G Denny McCarthy G Patrick Fishburn G Chandler Blanchet,,,,,,,,,,,,,,,,,,,
906,5203061704,sloshiavo,389,67,G Si Woo Kim G Hideki Matsuyama G Akshay Bhatia G Rickie Fowler G Jacob Bridgeman G Lucas Glover,,,,,,,,,,,,,,,,,,,
906,5203176959,ksely2012,389,67,G Chris Gotterup G Jake Knapp G Ryan Gerard G Jacob Bridgeman G Davis Thompson G Emiliano Grillo,,,,,,,,,,,,,,,,,,,
906,5203264331,bigrods,389,67,G Cameron Young G Xander Schauffele G Akshay Bhatia G Nick Taylor G Tony Finau G Brad Dalke,,,,,,,,,,,,,,,,,,,
906,5203266259,Ricochet41,388,67,G Chris Gotterup G Jackson Koivun G Jake Knapp G Rasmus Neergaard-Petersen G Christiaan Bezuidenhout G Sam Stevens,,,,,,,,,,,,,,,,,,,
906,5201527573,Mickeyb1,386,67,G Chris Gotterup G Wyndham Clark G Hideki Matsuyama G Rasmus Neergaard-Petersen G Aldrich Potgieter G Emiliano Grillo,,,,,,,,,,,,,,,,,,,
906,5202463758,bbrittanypaige1014,386,67,G Cameron Young G Chris Gotterup G Eric Cole G Ryo Hisatsune G Aldrich Potgieter G Kevin Yu,,,,,,,,,,,,,,,,,,,
906,5202942257,dwarren3,385,67,G Chris Gotterup G Wyndham Clark G J.J. Spaun G Akshay Bhatia G Matthew McCarty G Max McGreevy,,,,,,,,,,,,,,,,,,,
906,5201785543,Hammerbeck,384,67,G Chris Gotterup G Si Woo Kim G Patrick Cantlay G Denny McCarthy G Emiliano Grillo G Zac Blair,,,,,,,,,,,,,,,,,,,
906,5202963093,nickzochlo,384,67,G Jackson Koivun G Wyndham Clark G Hideki Matsuyama G Eric Cole G Ben Kohles G Nick Taylor,,,,,,,,,,,,,,,,,,,
906,5203051635,Bigglennie,384,67,G Jackson Koivun G Wyndham Clark G Russell Henley G Eric Cole G Ben Kohles G Nick Taylor,,,,,,,,,,,,,,,,,,,
906,5203112737,jport7,384,67,G Chris Gotterup G Si Woo Kim G Patrick Cantlay G Ben Kohles G Emiliano Grillo G Zac Blair,,,,,,,,,,,,,,,,,,,
906,5203118792,printer,384,67,G Jackson Koivun G Wyndham Clark G Ryan Gerard G Eric Cole G Ryo Hisatsune G Rasmus Neergaard-Petersen,,,,,,,,,,,,,,,,,,,
906,5200734341,wdk2397,381,67,G Xander Schauffele G Si Woo Kim G Ryan Gerard G Johnny Keefer G Ben Kohles G Zac Blair,,,,,,,,,,,,,,,,,,,
926,5200599316,dougzeitler,402,66.5,G Chris Gotterup G Wyndham Clark G Jake Knapp G Michael Thorbjornsen G Jackson Suber G Gordon Sargent,,,,,,,,,,,,,,,,,,,
926,5201654669,SWAMI,402,66.5,G Cameron Young G Wyndham Clark G Jake Knapp G Jackson Suber G Kevin Yu G Patrick Fishburn,,,,,,,,,,,,,,,,,,,
926,5200955324,ithappens197422,401,66.5,G Jake Knapp G Ryan Gerard G Akshay Bhatia G Nicolai Højgaard G Rickie Fowler G Jackson Suber,,,,,,,,,,,,,,,,,,,
926,5201186768,texasboy1972,401,66.5,G Jake Knapp G Ryan Gerard G Harris English G Akshay Bhatia G Rickie Fowler G Ryo Hisatsune,,,,,,,,,,,,,,,,,,,
926,5201997152,Scarletfire04,401,66.5,G Hideki Matsuyama G Jake Knapp G Ryan Gerard G Akshay Bhatia G Rickie Fowler G Billy Horschel,,,,,,,,,,,,,,,,,,,
926,5202997083,rfkapf2,401,66.5,G Hideki Matsuyama G Ben Griffin G Ryan Gerard G Akshay Bhatia G Rickie Fowler G John Parry,,,,,,,,,,,,,,,,,,,
926,5203161210,KARDIFFKID22,401,66.5,G Patrick Cantlay G Ryan Gerard G Akshay Bhatia G Rickie Fowler G Michael Brennan G Jacob Bridgeman,,,,,,,,,,,,,,,,,,,
926,5203208137,PetrGibbons,401,66.5,G Cameron Young G Chris Gotterup G Michael Thorbjornsen G Benjamin James G Michael Kim G Sungjae Im,,,,,,,,,,,,,,,,,,,
926,5202223310,scfrietze,400,66.5,G Jake Knapp G J.J. Spaun G Ryan Gerard G Akshay Bhatia G Keegan Bradley G Ben Kohles,,,,,,,,,,,,,,,,,,,
926,5202421377,zbanner771,400,66.5,G Russell Henley G J.J. Spaun G Harris English G Akshay Bhatia G Keegan Bradley G Nick Taylor,,,,,,,,,,,,,,,,,,,
926,5202951512,oldzlvr,400,66.5,G Hideki Matsuyama G Ryan Gerard G Akshay Bhatia G Jacob Bridgeman G Keegan Bradley G Ryo Hisatsune,,,,,,,,,,,,,,,,,,,
926,5202965470,bigal2674,400,66.5,G Cameron Young G Ryan Gerard G Akshay Bhatia G Jacob Bridgeman G Keegan Bradley G Lee Hodges,,,,,,,,,,,,,,,,,,,
926,5200630863,omghedidnot,398,66.5,G Cameron Young G Chris Gotterup G Davis Thompson G Rasmus Neergaard-Petersen G Jordan L. Smith G Michael Kim,,,,,,,,,,,,,,,,,,,
926,5201411206,tyler1084,398,66.5,G Chris Gotterup G Hideki Matsuyama G Jake Knapp G Davis Thompson G Denny McCarthy G Michael Kim,,,,,,,,,,,,,,,,,,,
926,5202284274,charder30,398,66.5,G Cameron Young G Chris Gotterup G Davis Thompson G Corey Conners G Ben Kohles G Michael Kim,,,,,,,,,,,,,,,,,,,
926,5202534942,DaChiliDog,398,66.5,G Si Woo Kim G Ben Griffin G Akshay Bhatia G Nicolai Højgaard G Jackson Suber G Michael Kim,,,,,,,,,,,,,,,,,,,
926,5202876274,reily3904,398,66.5,G Cameron Young G Chris Gotterup G Davis Thompson G Rasmus Neergaard-Petersen G Ben Kohles G Michael Kim,,,,,,,,,,,,,,,,,,,
926,5200595533,krabby13,397,66.5,G Cameron Young G J.J. Spaun G Ryan Gerard G Jacob Bridgeman G Emiliano Grillo G Ricky Castillo,,,,,,,,,,,,,,,,,,,
926,5203083453,floydian80,397,66.5,G Wyndham Clark G Ben Griffin G Jake Knapp G Michael Brennan G Davis Thompson G Michael Kim,,,,,,,,,,,,,,,,,,,
926,5201899374,FinsGators,396,66.5,G Xander Schauffele G J.J. Spaun G Rickie Fowler G Jacob Bridgeman G Eric Cole G Rasmus Neergaard-Petersen,,,,,,,,,,,,,,,,,,,
926,5202322961,Nadroj311,396,66.5,G Xander Schauffele G Harris English G Nicolai Højgaard G Rickie Fowler G Eric Cole G Lee Hodges,,,,,,,,,,,,,,,,,,,
926,5202687637,walk-on,396,66.5,G Chris Gotterup G Hideki Matsuyama G Jake Knapp G Rickie Fowler G Ben Kohles G Zac Blair,,,,,,,,,,,,,,,,,,,
926,5200779969,JoeB2021,395,66.5,G Xander Schauffele G Ben Griffin G Michael Thorbjornsen G Keegan Bradley G Eric Cole G Ben Kohles,,,,,,,,,,,,,,,,,,,
926,5201457975,briankocur,395,66.5,G Wyndham Clark G Russell Henley G Hideki Matsuyama G Rickie Fowler G Denny McCarthy G Zac Blair,,,,,,,,,,,,,,,,,,,
926,5202161829,aburnham516,395,66.5,G Chris Gotterup G Hideki Matsuyama G Jake Knapp G Davis Thompson G Johnny Keefer G Kevin Yu,,,,,,,,,,,,,,,,,,,
926,5202690338,Sabian3,395,66.5,G Cameron Young G Wyndham Clark G Rickie Fowler G Marco Penge G Ben Kohles G Zac Blair,,,,,,,,,,,,,,,,,,,
926,5201448329,dclabaugh,391,66.5,G Chris Gotterup G Jackson Koivun G Ryan Gerard G Jackson Suber G Denny McCarthy G Sam Stevens,,,,,,,,,,,,,,,,,,,
926,5201325680,Snookdog1,390,66.5,G Cameron Young G Chris Gotterup G Ryan Gerard G Davis Thompson G Ricky Castillo G John VanDerLaan,,,,,,,,,,,,,,,,,,,
926,5203021465,JensenJensen2024,389,66.5,G Wyndham Clark G Russell Henley G Patrick Cantlay G Davis Thompson G Nick Taylor G Ricky Castillo,,,,,,,,,,,,,,,,,,,
926,5203007694,ttap98,388,66.5,G Cameron Young G J.J. Spaun G Ryan Gerard G Rickie Fowler G Aldrich Potgieter G Austin Smotherman,,,,,,,,,,,,,,,,,,,
926,5202707495,WhoDatNY,385,66.5,G Xander Schauffele G Si Woo Kim G Jacob Bridgeman G Eric Cole G Ryo Hisatsune G Ricky Castillo,,,,,,,,,,,,,,,,,,,
926,5203027327,TampaMichael,383,66.5,G Cameron Young G Chris Gotterup G Russell Henley G Lucas Glover G Chris Kirk G Joel Dahmen,,,,,,,,,,,,,,,,,,,
926,5201402301,dbsuperman2110,381,66.5,G Chris Gotterup G Jackson Koivun G Jake Knapp G Ryan Gerard G William Mouw G Pontus Nyholm,,,,,,,,,,,,,,,,,,,
926,5202891789,TC0918,379,66.5,G Chris Gotterup G Wyndham Clark G Jake Knapp G Ryan Gerard G Davis Chatfield G Zac Blair,,,,,,,,,,,,,,,,,,,
926,5201447110,joshbeck87,373,66.5,G Chris Gotterup G Si Woo Kim G Jackson Koivun G Ben Kohles G Chandler Phillips G Zac Blair,,,,,,,,,,,,,,,,,,,
926,5201689030,Bobafatt-1,373,66.5,G Chris Gotterup G Si Woo Kim G Jackson Koivun G Ryo Hisatsune G Chandler Phillips G Zac Blair,,,,,,,,,,,,,,,,,,,
962,5201318438,lhackmann,405,66,G Si Woo Kim G Patrick Cantlay G Nicolai Højgaard G Rickie Fowler G Denny McCarthy G Johnny Keefer,,,,,,,,,,,,,,,,,,,
962,5201940281,AndDot,404,66,G Cameron Young G Si Woo Kim G Keegan Bradley G Johnny Keefer G Rasmus Neergaard-Petersen G Ben Kohles,,,,,,,,,,,,,,,,,,,
962,5202800489,adron55,396,66,G Cameron Young G Xander Schauffele G Pierceson Coody G Johnny Keefer G Max Greyserman G Kevin Yu,,,,,,,,,,,,,,,,,,,
962,5201069645,TACOWATER1,395,66,G Si Woo Kim G Patrick Cantlay G Akshay Bhatia G Rickie Fowler G Ryo Hisatsune G Jesper Svensson,,,,,,,,,,,,,,,,,,,
962,5202283783,areid21,391,66,G Chris Gotterup G Si Woo Kim G Jake Knapp G Davis Thompson G Kevin Yu G Kevin Roy,,,,,,,,,,,,,,,,,,,
962,5202672522,Jambye,391,66,G Cameron Young G Xander Schauffele G Sudarshan Yellamaraju G Ricky Castillo G Jesper Svensson G Tony Finau,,,,,,,,,,,,,,,,,,,
962,5203064405,Boltup420,390,66,G Si Woo Kim G Wyndham Clark G Jake Knapp G Davis Thompson G Matt Wallace G Kevin Yu,,,,,,,,,,,,,,,,,,,
962,5203199503,Huckinfungry,389,66,G Chris Gotterup G Wyndham Clark G Ryan Gerard G Ryo Hisatsune G Corey Conners G Nick Taylor,,,,,,,,,,,,,,,,,,,
962,5203101375,Cstevenson96,388,66,G Xander Schauffele G Ryan Gerard G Akshay Bhatia G Michael Thorbjornsen G Rasmus Neergaard-Petersen G Emiliano Grillo,,,,,,,,,,,,,,,,,,,
962,5201223873,boomernyga,386,66,G Cameron Young G Xander Schauffele G Eric Cole G Pierceson Coody G Emiliano Grillo G Sudarshan Yellamaraju,,,,,,,,,,,,,,,,,,,
962,5201379470,braddavis8,384,66,G Chris Gotterup G Wyndham Clark G Hideki Matsuyama G Jacob Bridgeman G Emiliano Grillo G Chandler Phillips,,,,,,,,,,,,,,,,,,,
962,5201501702,Anthony22golf,384,66,G Cameron Young G Chris Gotterup G Wyndham Clark G Emiliano Grillo G Chandler Phillips G Brad Dalke,,,,,,,,,,,,,,,,,,,
962,5201951700,Cameroon1739,382,66,G Chris Gotterup G Wyndham Clark G Ryan Gerard G Michael Thorbjornsen G Benjamin James G William Mouw,,,,,,,,,,,,,,,,,,,
975,5201492110,hendizi13,410,65.5,G Cameron Young G Jake Knapp G Rickie Fowler G Ryo Hisatsune G Denny McCarthy G Kevin Yu,,,,,,,,,,,,,,,,,,,
975,5202512127,vanks,410,65.5,G Cameron Young G J.J. Spaun G Michael Thorbjornsen G Rickie Fowler G Ben Kohles G Kevin Yu,,,,,,,,,,,,,,,,,,,
975,5201388252,kunks89,409,65.5,G Cameron Young G Ben Griffin G Jacob Bridgeman G Keegan Bradley G Rasmus Neergaard-Petersen G Kevin Yu,,,,,,,,,,,,,,,,,,,
975,5202179700,Dave_G,400,65.5,G Jackson Koivun G Hideki Matsuyama G Nicolai Højgaard G Rickie Fowler G Davis Thompson G Ben Kohles,,,,,,,,,,,,,,,,,,,
975,5201132110,mtate10,397,65.5,G Cameron Young G J.J. Spaun G Ryan Gerard G Rickie Fowler G Ben Kohles G Zac Blair,,,,,,,,,,,,,,,,,,,
975,5202948059,emahar22,397,65.5,G Xander Schauffele G Hideki Matsuyama G Akshay Bhatia G Ryo Hisatsune G Corey Conners G Michael Kim,,,,,,,,,,,,,,,,,,,
975,5202202547,Filthy.Rich.WithWins,393,65.5,G Chris Gotterup G Jackson Koivun G Ryan Gerard G Jackson Suber G Johnny Keefer G Jordan L. Smith,,,,,,,,,,,,,,,,,,,
975,5200617053,stimm1967,392,65.5,G Jackson Koivun G Wyndham Clark G Ryan Gerard G Jacob Bridgeman G Johnny Keefer G Mac Meissner,,,,,,,,,,,,,,,,,,,
975,5202226729,klassicthegreat,391,65.5,G Chris Gotterup G Wyndham Clark G Jake Knapp G Michael Brennan G Jesper Svensson G Chris Kirk,,,,,,,,,,,,,,,,,,,
975,5202738241,calkid56,391,65.5,G Cameron Young G Eric Cole G Johnny Keefer G Christiaan Bezuidenhout G Mackenzie Hughes G Garrick Higgo,,,,,,,,,,,,,,,,,,,
975,5203130543,fatalfoams,389,65.5,G Chris Gotterup G Si Woo Kim G J.J. Spaun G Eric Cole G Mackenzie Hughes G Rasmus Højgaard,,,,,,,,,,,,,,,,,,,
975,5201817772,backcountry4444,388,65.5,G Jackson Koivun G Hideki Matsuyama G J.J. Spaun G Ryan Gerard G Emiliano Grillo G Nicolas Echavarria,,,,,,,,,,,,,,,,,,,
975,5202607180,dwalke16,388,65.5,G Chris Gotterup G Wyndham Clark G J.J. Spaun G Doug Ghim G Max Greyserman G Christiaan Bezuidenhout,,,,,,,,,,,,,,,,,,,
975,5202369229,jiismiff,386,65.5,G Si Woo Kim G Hideki Matsuyama G Jake Knapp G Ryan Gerard G Ricky Castillo G Zac Blair,,,,,,,,,,,,,,,,,,,
975,5203165914,ChefDarin,383,65.5,G Chris Gotterup G Jake Knapp G Ben Kohles G Seamus Power G Chris Kirk G Chandler Phillips,,,,,,,,,,,,,,,,,,,
975,5201309132,G0cavs10,374,65.5,G Si Woo Kim G Jackson Koivun G Jake Knapp G Ryan Gerard G Chandler Phillips G Zac Blair,,,,,,,,,,,,,,,,,,,
975,5202165447,TERRYBECK,372,65.5,G Xander Schauffele G Chris Gotterup G Jackson Koivun G John Parry G Chandler Phillips G Zac Blair,,,,,,,,,,,,,,,,,,,
992,5200818289,GAS33,409,65,G Cameron Young G Jake Knapp G Michael Thorbjornsen G Rickie Fowler G Max Greyserman G Tony Finau,,,,,,,,,,,,,,,,,,,
992,5201875486,Mojoman30,409,65,G Cameron Young G Patrick Cantlay G Rickie Fowler G Jordan Spieth G Denny McCarthy G Tony Finau,,,,,,,,,,,,,,,,,,,
992,5202274838,joecpony,409,65,G Cameron Young G Jake Knapp G Rickie Fowler G Jacob Bridgeman G Ben Kohles G Tony Finau,,,,,,,,,,,,,,,,,,,
992,5203237515,perdog7,409,65,G Cameron Young G Hideki Matsuyama G Rickie Fowler G Jordan Spieth G Ryo Hisatsune G Tony Finau,,,,,,,,,,,,,,,,,,,
992,5200719046,aeiffert25,397,65,G Cameron Young G Chris Gotterup G Jackson Koivun G Ben Kohles G Chris Kirk G William Jennings,,,,,,,,,,,,,,,,,,,
992,5203044380,ExFox,397,65,G Chris Gotterup G Jackson Koivun G Jackson Suber G Billy Horschel G John Parry G Chris Kirk,,,,,,,,,,,,,,,,,,,
992,5203201115,unt3rdbase,397,65,G Cameron Young G Xander Schauffele G Michael Thorbjornsen G Kevin Yu G Emiliano Grillo G Tom Hoge,,,,,,,,,,,,,,,,,,,
992,5200722392,chargerclips,396,65,G Jackson Koivun G Wyndham Clark G Jake Knapp G Michael Thorbjornsen G Ben Kohles G Chris Kirk,,,,,,,,,,,,,,,,,,,
992,5201843652,willy1958,396,65,G Jackson Koivun G Wyndham Clark G Jake Knapp G J.J. Spaun G Chris Kirk G Matti Schmid,,,,,,,,,,,,,,,,,,,
992,5201282517,gpayne,393,65,G Chris Gotterup G Wyndham Clark G Jake Knapp G Davis Thompson G Ryo Hisatsune G Patrick Fishburn,,,,,,,,,,,,,,,,,,,
992,5202933586,cmiller0624,390,65,G Xander Schauffele G Chris Gotterup G Davis Thompson G Corey Conners G Rasmus Neergaard-Petersen G Kevin Yu,,,,,,,,,,,,,,,,,,,
992,5202934946,firemandag,390,65,G Xander Schauffele G Chris Gotterup G Davis Thompson G Corey Conners G Rasmus Neergaard-Petersen G Kevin Yu,,,,,,,,,,,,,,,,,,,
992,5203020263,Dap1,390,65,G Xander Schauffele G Chris Gotterup G Davis Thompson G Corey Conners G Rasmus Neergaard-Petersen G Kevin Yu,,,,,,,,,,,,,,,,,,,
992,5203055658,Breadman1975,390,65,G Xander Schauffele G Chris Gotterup G Davis Thompson G Corey Conners G Rasmus Neergaard-Petersen G Kevin Yu,,,,,,,,,,,,,,,,,,,
992,5201414941,hamhock41,389,65,G Xander Schauffele G Wyndham Clark G Michael Brennan G Davis Thompson G Jackson Suber G Kevin Yu,,,,,,,,,,,,,,,,,,,
992,5203132250,Skydesai,388,65,G Si Woo Kim G Jackson Koivun G Wyndham Clark G Jackson Suber G Nick Taylor G John Parry,,,,,,,,,,,,,,,,,,,
992,5200678174,djrdennis,386,65,G Chris Gotterup G Jackson Koivun G Michael Thorbjornsen G Davis Thompson G Pierceson Coody G Benjamin James,,,,,,,,,,,,,,,,,,,
992,5201080380,jb696318,386,65,G Si Woo Kim G Jackson Koivun G Ryan Gerard G Nicolai Højgaard G Rasmus Neergaard-Petersen G Joel Dahmen,,,,,,,,,,,,,,,,,,,
992,5202676422,kcflopshot,386,65,G Si Woo Kim G Jackson Koivun G Jake Knapp G Ryan Gerard G Billy Horschel G Joel Dahmen,,,,,,,,,,,,,,,,,,,
992,5203227874,K1ng0FK1ng5,386,65,G Cameron Young G Si Woo Kim G Jackson Koivun G Nick Taylor G Tom Hoge G Joel Dahmen,,,,,,,,,,,,,,,,,,,
992,5203235512,golfer13cc,385,65,G Cameron Young G Wyndham Clark G Ryan Gerard G Jackson Suber G Emiliano Grillo G Chandler Phillips,,,,,,,,,,,,,,,,,,,
992,5202019211,jamieram167,384,65,G Cameron Young G Chris Gotterup G Eric Cole G Ryo Hisatsune G Christiaan Bezuidenhout G Nick Taylor,,,,,,,,,,,,,,,,,,,
992,5202735895,cfoss92,383,65,G Cameron Young G Wyndham Clark G Jake Knapp G Chris Kirk G William Mouw G Zac Blair,,,,,,,,,,,,,,,,,,,
992,5202730048,dberg46,378,65,G Chris Gotterup G Wyndham Clark G Ryan Gerard G Davis Thompson G Ben Kohles G Chandler Phillips,,,,,,,,,,,,,,,,,,,
992,5200893373,Hokiegirl,377,65,G Chris Gotterup G Si Woo Kim G Ryan Gerard G Michael Brennan G Aldrich Potgieter G Zac Blair,,,,,,,,,,,,,,,,,,,
992,5202236122,rkeepers,376,65,G Xander Schauffele G Si Woo Kim G Ryan Gerard G Jackson Suber G Christiaan Bezuidenhout G Chandler Phillips,,,,,,,,,,,,,,,,,,,
992,5202520379,kilbane,373,65,G Chris Gotterup G Si Woo Kim G Wyndham Clark G Ben Kohles G Chandler Phillips G Zac Blair,,,,,,,,,,,,,,,,,,,
992,5203211623,tuckersparks12,373,65,G Chris Gotterup G Si Woo Kim G Wyndham Clark G Ben Kohles G Chandler Phillips G Zac Blair,,,,,,,,,,,,,,,,,,,
1020,5201380099,ShadysDawgs,405,64.5,G Cameron Young G Harris English G Akshay Bhatia G Rickie Fowler G Johnny Keefer G Billy Horschel,,,,,,,,,,,,,,,,,,,
1020,5202746299,MenaceBeach,405,64.5,G Patrick Cantlay G Jake Knapp G Akshay Bhatia G Rickie Fowler G Michael Brennan G Johnny Keefer,,,,,,,,,,,,,,,,,,,
1020,5203207178,Promefa,405,64.5,G Hideki Matsuyama G Jake Knapp G Akshay Bhatia G Michael Thorbjornsen G Rickie Fowler G Johnny Keefer,,,,,,,,,,,,,,,,,,,
1020,5202162334,kkuuyyaa,403,64.5,G Si Woo Kim G Jackson Koivun G Hideki Matsuyama G Jake Knapp G Sungjae Im G Gordon Sargent,,,,,,,,,,,,,,,,,,,
1020,5202390513,bourbonandbirdies,403,64.5,G Si Woo Kim G Hideki Matsuyama G Nicolai Højgaard G Rickie Fowler G Ryo Hisatsune G Pierceson Coody,,,,,,,,,,,,,,,,,,,
1020,5200608668,22wizard,399,64.5,G Jackson Koivun G Hideki Matsuyama G J.J. Spaun G Rickie Fowler G Aldrich Potgieter G Sungjae Im,,,,,,,,,,,,,,,,,,,
1020,5201964101,DocBrown1957,399,64.5,G Jackson Koivun G Hideki Matsuyama G Jake Knapp G Rickie Fowler G Rasmus Neergaard-Petersen G Aldrich Potgieter,,,,,,,,,,,,,,,,,,,
1020,5201802622,STUDZ,394,64.5,G Cameron Young G Wyndham Clark G Hideki Matsuyama G Michael Kim G Rasmus Højgaard G Chandler Phillips,,,,,,,,,,,,,,,,,,,
1020,5201441506,Lars19711989,392,64.5,G Chris Gotterup G Si Woo Kim G Jake Knapp G Ben Kohles G Benjamin James G Emiliano Grillo,,,,,,,,,,,,,,,,,,,
1020,5202033716,yoke22,392,64.5,G Chris Gotterup G Wyndham Clark G Ryan Gerard G Jacob Bridgeman G Jackson Suber G Neal Shipley,,,,,,,,,,,,,,,,,,,
1020,5202414502,chewycub31,392,64.5,G Wyndham Clark G Russell Henley G Ryan Gerard G Akshay Bhatia G Ben Kohles G Mackenzie Hughes,,,,,,,,,,,,,,,,,,,
1020,5202472010,BIG_O_52,392,64.5,G Chris Gotterup G Si Woo Kim G Jake Knapp G Ben Kohles G Benjamin James G Emiliano Grillo,,,,,,,,,,,,,,,,,,,
1020,5201633120,Pat1282,391,64.5,G Si Woo Kim G Russell Henley G Jake Knapp G Ryan Gerard G Nicolas Echavarria G Chris Kirk,,,,,,,,,,,,,,,,,,,
1020,5202981745,Mortarball,390,64.5,G Chris Gotterup G Russell Henley G Ryan Gerard G Jacob Bridgeman G Christiaan Bezuidenhout G Sam Stevens,,,,,,,,,,,,,,,,,,,
1020,5203169398,IMINFIRST,390,64.5,G Cameron Young G Xander Schauffele G Denny McCarthy G Christiaan Bezuidenhout G Nick Taylor G Mackenzie Hughes,,,,,,,,,,,,,,,,,,,
1020,5202450981,TMC242544,389,64.5,G Cameron Young G Jackson Koivun G Wyndham Clark G Ben Kohles G Chandler Phillips G Patrick Fishburn,,,,,,,,,,,,,,,,,,,
1020,5202913709,slop7,389,64.5,G Chris Gotterup G Si Woo Kim G Nicolai Højgaard G Davis Thompson G Ben Kohles G Emiliano Grillo,,,,,,,,,,,,,,,,,,,
1020,5202557288,IndyNico,387,64.5,G Si Woo Kim G Jackson Koivun G Hideki Matsuyama G Corey Conners G Christiaan Bezuidenhout G Nick Taylor,,,,,,,,,,,,,,,,,,,
1020,5202228576,the__moose,386,64.5,G Cameron Young G Chris Gotterup G Si Woo Kim G Chris Kirk G Austin Smotherman G Brad Dalke,,,,,,,,,,,,,,,,,,,
1020,5203124647,txgolfer2015,386,64.5,G Chris Gotterup G Jake Knapp G Ryan Gerard G Akshay Bhatia G Johnny Keefer G Nicolas Echavarria,,,,,,,,,,,,,,,,,,,
1020,5203261802,grics4life,386,64.5,G Wyndham Clark G Hideki Matsuyama G Ryan Gerard G Jacob Bridgeman G Eric Cole G Nick Taylor,,,,,,,,,,,,,,,,,,,
1020,5200630835,CubbieBearsDen,377,64.5,G Chris Gotterup G Si Woo Kim G Russell Henley G Emiliano Grillo G Lucas Glover G Nicolas Echavarria,,,,,,,,,,,,,,,,,,,
1042,5200655254,joka290,408,64,G Cameron Young G Hideki Matsuyama G Rickie Fowler G Ryo Hisatsune G Jackson Suber G Emiliano Grillo,,,,,,,,,,,,,,,,,,,
1042,5201112741,malo313,408,64,G Cameron Young G Hideki Matsuyama G Michael Thorbjornsen G Rickie Fowler G Emiliano Grillo G Rasmus Højgaard,,,,,,,,,,,,,,,,,,,
1042,5201312136,LimbByLimb,408,64,G Cameron Young G Jake Knapp G Rickie Fowler G Jacob Bridgeman G Jackson Suber G Emiliano Grillo,,,,,,,,,,,,,,,,,,,
1042,5202302590,jordanesa,408,64,G Cameron Young G Russell Henley G Rickie Fowler G Denny McCarthy G Ben Kohles G Emiliano Grillo,,,,,,,,,,,,,,,,,,,
1042,5203092288,arj2625,408,64,G Cameron Young G Russell Henley G Rickie Fowler G Corey Conners G Rasmus Neergaard-Petersen G Emiliano Grillo,,,,,,,,,,,,,,,,,,,
1042,5202267629,pettuss,407,64,G Cameron Young G Hideki Matsuyama G Keegan Bradley G Denny McCarthy G Corey Conners G Emiliano Grillo,,,,,,,,,,,,,,,,,,,
1042,5202198368,DetroitColt,403,64,G Cameron Young G Chris Gotterup G Keegan Bradley G Mac Meissner G Benjamin James G Jordan L. Smith,,,,,,,,,,,,,,,,,,,
1042,5202629411,bms17350,403,64,G Cameron Young G Wyndham Clark G Rickie Fowler G Michael Brennan G Benjamin James G Rasmus Højgaard,,,,,,,,,,,,,,,,,,,
1042,5200839941,incawarrior,401,64,G Chris Gotterup G Ben Griffin G Rickie Fowler G Michael Brennan G Davis Thompson G Rasmus Neergaard-Petersen,,,,,,,,,,,,,,,,,,,
1042,5201342825,twink1988,401,64,G Si Woo Kim G Hideki Matsuyama G Akshay Bhatia G Rickie Fowler G Austin Eckroat G Tom Hoge,,,,,,,,,,,,,,,,,,,
1042,5201571029,keithlindsay,401,64,G Si Woo Kim G Jake Knapp G Akshay Bhatia G Rickie Fowler G Jordan Spieth G Ben Kohles,,,,,,,,,,,,,,,,,,,
1042,5201611228,pnaughton101,401,64,G Si Woo Kim G Akshay Bhatia G Nicolai Højgaard G Rickie Fowler G Jacob Bridgeman G Ryo Hisatsune,,,,,,,,,,,,,,,,,,,
1042,5202203878,batman29,401,64,G Si Woo Kim G Jake Knapp G Akshay Bhatia G Rickie Fowler G Ryo Hisatsune G Ben Kohles,,,,,,,,,,,,,,,,,,,
1042,5202635979,lrkn63,401,64,G Si Woo Kim G Hideki Matsuyama G Akshay Bhatia G Rickie Fowler G Jackson Suber G Billy Horschel,,,,,,,,,,,,,,,,,,,
1042,5202758721,BRich3105,401,64,G Si Woo Kim G Hideki Matsuyama G Akshay Bhatia G Rickie Fowler G Jacob Bridgeman G Sungjae Im,,,,,,,,,,,,,,,,,,,
1042,5203124418,SirKoon,401,64,G Si Woo Kim G Jake Knapp G Akshay Bhatia G Rickie Fowler G Jackson Suber G Corey Conners,,,,,,,,,,,,,,,,,,,
1042,5200759490,tmengel,400,64,G Wyndham Clark G Hideki Matsuyama G Rickie Fowler G Michael Brennan G Jacob Bridgeman G Davis Thompson,,,,,,,,,,,,,,,,,,,
1042,5201459471,snelgy,400,64,G Chris Gotterup G Jake Knapp G Nicolai Højgaard G Keegan Bradley G Davis Thompson G Ryo Hisatsune,,,,,,,,,,,,,,,,,,,
1042,5201468968,wallmr,400,64,G Cameron Young G Chris Gotterup G Keegan Bradley G Davis Thompson G Jordan L. Smith G Sungjae Im,,,,,,,,,,,,,,,,,,,
1042,5202024340,hrsanders17,400,64,G Wyndham Clark G J.J. Spaun G Harris English G Rickie Fowler G Davis Thompson G Jackson Suber,,,,,,,,,,,,,,,,,,,
1042,5202259631,tightwap20,400,64,G Si Woo Kim G Hideki Matsuyama G Akshay Bhatia G Michael Brennan G Keegan Bradley G Ben Kohles,,,,,,,,,,,,,,,,,,,
1042,5202494624,SwineSlayer5,400,64,G Wyndham Clark G Hideki Matsuyama G Rickie Fowler G Jacob Bridgeman G Davis Thompson G Ryo Hisatsune,,,,,,,,,,,,,,,,,,,
1042,5202538899,johnp1818,400,64,G Si Woo Kim G Jake Knapp G Akshay Bhatia G Michael Brennan G Keegan Bradley G Jackson Suber,,,,,,,,,,,,,,,,,,,
1042,5202757837,RussZ,400,64,G Wyndham Clark G Patrick Cantlay G Nicolai Højgaard G Rickie Fowler G Davis Thompson G Jackson Suber,,,,,,,,,,,,,,,,,,,
1042,5203180644,mouse8732,400,64,G Cameron Young G Wyndham Clark G Ryan Gerard G Ben Kohles G Stephan Jaeger G Billy Horschel,,,,,,,,,,,,,,,,,,,
1042,5201363973,kobyrne4319,393,64,G Chris Gotterup G Wyndham Clark G Ryan Gerard G Jackson Suber G Johnny Keefer G Ben Kohles,,,,,,,,,,,,,,,,,,,
1042,5203218448,Pokey323,392,64,G Chris Gotterup G Ben Griffin G Jake Knapp G Ryan Gerard G Emiliano Grillo G Davis Chatfield,,,,,,,,,,,,,,,,,,,
1042,5202862694,Campophanique,390,64,G Chris Gotterup G Patrick Cantlay G Ben Griffin G Akshay Bhatia G Nicolas Echavarria G Chris Kirk,,,,,,,,,,,,,,,,,,,
1042,5203168762,MuckyMuk1,390,64,G Si Woo Kim G Jackson Koivun G Wyndham Clark G Jackson Suber G Doug Ghim G A.J. Ewart,,,,,,,,,,,,,,,,,,,
1042,5202888886,thejamokes,389,64,G Si Woo Kim G Wyndham Clark G Russell Henley G Davis Thompson G Sudarshan Yellamaraju G Ricky Castillo,,,,,,,,,,,,,,,,,,,
1042,5202750557,jff49,388,64,G Cameron Young G Chris Gotterup G Akshay Bhatia G Benjamin James G Nick Taylor G Hao-Tong Li,,,,,,,,,,,,,,,,,,,
1042,5202367039,airbarrett,385,64,G Xander Schauffele G Jackson Koivun G Russell Henley G Jordan L. Smith G Emiliano Grillo G William Mouw,,,,,,,,,,,,,,,,,,,
1042,5202310964,bbills77,384,64,G Chris Gotterup G Jackson Koivun G Russell Henley G Ben Kohles G Emiliano Grillo G Lucas Glover,,,,,,,,,,,,,,,,,,,
1042,5202080651,kpxminirock,383,64,G Chris Gotterup G Wyndham Clark G Hideki Matsuyama G Davis Thompson G Johnny Keefer G William Mouw,,,,,,,,,,,,,,,,,,,
1076,5201447089,Tastyspread,409,63.5,G Cameron Young G Hideki Matsuyama G Rickie Fowler G Jacob Bridgeman G Sudarshan Yellamaraju G Ricky Castillo,,,,,,,,,,,,,,,,,,,
1076,5201281895,Theream03,408,63.5,G Cameron Young G Russell Henley G Hideki Matsuyama G Keegan Bradley G Ricky Castillo G David Lipsky,,,,,,,,,,,,,,,,,,,
1076,5201008176,HotShotDot,401,63.5,G Si Woo Kim G Hideki Matsuyama G Ryo Hisatsune G Michael Kim G Sudarshan Yellamaraju G Keita Nakajima,,,,,,,,,,,,,,,,,,,
1076,5203152573,mbono8,388,63.5,G Xander Schauffele G Chris Gotterup G Marco Penge G Davis Thompson G Ben Kohles G Emiliano Grillo,,,,,,,,,,,,,,,,,,,
1076,5202994814,fatandfurious,387,63.5,G Chris Gotterup G Si Woo Kim G Ryan Gerard G Nicolai Højgaard G Sudarshan Yellamaraju G Joel Dahmen,,,,,,,,,,,,,,,,,,,
1076,5201591433,borgen19,386,63.5,G Si Woo Kim G Wyndham Clark G Ben Griffin G Ryan Gerard G Billy Horschel G Joel Dahmen,,,,,,,,,,,,,,,,,,,
1076,5201326043,Biggreenback,380,63.5,G Jackson Koivun G Wyndham Clark G Hideki Matsuyama G Eric Cole G Matt Wallace G Seamus Power,,,,,,,,,,,,,,,,,,,
1076,5202450037,LWalker24,379,63.5,G Jackson Koivun G Wyndham Clark G Akshay Bhatia G Davis Thompson G Ryo Hisatsune G Aldrich Potgieter,,,,,,,,,,,,,,,,,,,
1076,5202431854,maverick7735,376,63.5,G Si Woo Kim G Jackson Koivun G Jake Knapp G Davis Thompson G Eric Cole G William Mouw,,,,,,,,,,,,,,,,,,,
1085,5200861954,All_natural02,405,63,G Cameron Young G Ryan Gerard G Rickie Fowler G Ryo Hisatsune G Jackson Suber G Benjamin James,,,,,,,,,,,,,,,,,,,
1085,5200847725,rico8300,402,63,G Ben Griffin G Jake Knapp G Ryan Gerard G Rickie Fowler G Jacob Bridgeman G Davis Thompson,,,,,,,,,,,,,,,,,,,
1085,5202111351,Spkelley83,402,63,G Russell Henley G Hideki Matsuyama G Ryan Gerard G Rickie Fowler G Davis Thompson G Ben Kohles,,,,,,,,,,,,,,,,,,,
1085,5201537007,TequilaLicker,401,63,G Russell Henley G Patrick Cantlay G Ryan Gerard G Keegan Bradley G Davis Thompson G Jackson Suber,,,,,,,,,,,,,,,,,,,
1085,5202389826,giantsquid,401,63,G Patrick Cantlay G Ben Griffin G Ryan Gerard G Jacob Bridgeman G Keegan Bradley G Davis Thompson,,,,,,,,,,,,,,,,,,,
1085,5200899107,slaughter88,400,63,G Xander Schauffele G Hideki Matsuyama G Akshay Bhatia G Rickie Fowler G Jackson Suber G Andrew Putnam,,,,,,,,,,,,,,,,,,,
1085,5201035670,Josh3roach,400,63,G Xander Schauffele G J.J. Spaun G Akshay Bhatia G Rickie Fowler G Jordan Spieth G Zachary Bauchou,,,,,,,,,,,,,,,,,,,
1085,5202289253,Edd436811,400,63,G Xander Schauffele G Russell Henley G Akshay Bhatia G Rickie Fowler G Ben Kohles G Kevin Roy,,,,,,,,,,,,,,,,,,,
1085,5202809614,jhnhng,400,63,G Xander Schauffele G Akshay Bhatia G Nicolai Højgaard G Rickie Fowler G Corey Conners G Max Greyserman,,,,,,,,,,,,,,,,,,,
1085,5203074926,barnes522000,400,63,G Xander Schauffele G Russell Henley G Akshay Bhatia G Rickie Fowler G Rasmus Neergaard-Petersen G Chandler Blanchet,,,,,,,,,,,,,,,,,,,
1085,5203221945,tdubz2487,400,63,G Xander Schauffele G Akshay Bhatia G Rickie Fowler G Michael Brennan G Marco Penge G Max Greyserman,,,,,,,,,,,,,,,,,,,
1085,5202215445,KingTerryPegula,399,63,G Cameron Young G Si Woo Kim G Davis Thompson G Ryo Hisatsune G Rasmus Neergaard-Petersen G Michael Kim,,,,,,,,,,,,,,,,,,,
1085,5202744286,tombrown913,399,63,G Chris Gotterup G J.J. Spaun G Michael Thorbjornsen G Keegan Bradley G Jackson Suber G Aldrich Potgieter,,,,,,,,,,,,,,,,,,,
1085,5202832361,eric04davis,399,63,G Wyndham Clark G Jake Knapp G Nicolai Højgaard G Michael Thorbjornsen G Rickie Fowler G Aldrich Potgieter,,,,,,,,,,,,,,,,,,,
1085,5203253956,angelinasd,399,63,G Chris Gotterup G Ben Griffin G J.J. Spaun G Keegan Bradley G Corey Conners G Aldrich Potgieter,,,,,,,,,,,,,,,,,,,
1085,5201485210,lilcopie,397,63,G Si Woo Kim G Hideki Matsuyama G Jake Knapp G Rickie Fowler G Jordan Spieth G Zac Blair,,,,,,,,,,,,,,,,,,,
1085,5202447653,mike42577,390,63,G Chris Gotterup G Jackson Koivun G Hideki Matsuyama G Ben Kohles G Emiliano Grillo G Jesper Svensson,,,,,,,,,,,,,,,,,,,
1085,5201113250,Rutt22,388,63,G Chris Gotterup G Si Woo Kim G Russell Henley G Christiaan Bezuidenhout G Nick Taylor G Zachary Bauchou,,,,,,,,,,,,,,,,,,,
1085,5201562620,Glocks12,388,63,G Chris Gotterup G Si Woo Kim G Hideki Matsuyama G Christiaan Bezuidenhout G Nick Taylor G Sudarshan Yellamaraju,,,,,,,,,,,,,,,,,,,
1085,5202647479,Bazoinkles,388,63,G Chris Gotterup G Si Woo Kim G Ryan Gerard G Jacob Bridgeman G Christiaan Bezuidenhout G A.J. Ewart,,,,,,,,,,,,,,,,,,,
1085,5202678043,allard.d,388,63,G Chris Gotterup G Si Woo Kim G Ryan Gerard G Jackson Suber G Christiaan Bezuidenhout G Kevin Roy,,,,,,,,,,,,,,,,,,,
1085,5202858649,Jdcamps22,388,63,G Chris Gotterup G Si Woo Kim G Ryan Gerard G Jackson Suber G Christiaan Bezuidenhout G Sungjae Im,,,,,,,,,,,,,,,,,,,
1085,5203247683,APPASPICKS,388,63,G Cameron Young G Wyndham Clark G Akshay Bhatia G Ben Kohles G Aldrich Potgieter G Tony Finau,,,,,,,,,,,,,,,,,,,
1085,5201017554,Raider8182,387,63,G Si Woo Kim G Wyndham Clark G Ryan Gerard G Jacob Bridgeman G Ben Kohles G Christiaan Bezuidenhout,,,,,,,,,,,,,,,,,,,
1085,5201137865,deeluxx,387,63,G Si Woo Kim G Wyndham Clark G Ryan Gerard G Jacob Bridgeman G Ben Kohles G Christiaan Bezuidenhout,,,,,,,,,,,,,,,,,,,
1085,5202700592,frl24,387,63,G Si Woo Kim G Wyndham Clark G Jake Knapp G Ryo Hisatsune G Christiaan Bezuidenhout G Nick Taylor,,,,,,,,,,,,,,,,,,,
1085,5201827104,sohn7,386,63,G Jackson Koivun G Wyndham Clark G Russell Henley G Michael Brennan G Davis Thompson G Mark Hubbard,,,,,,,,,,,,,,,,,,,
1085,5202183433,legggggggggy,383,63,G Chris Gotterup G Jackson Koivun G Russell Henley G Jacob Bridgeman G Max McGreevy G Chandler Phillips,,,,,,,,,,,,,,,,,,,
1085,5203072250,BPH74,383,63,G Xander Schauffele G Chris Gotterup G Akshay Bhatia G Johnny Keefer G Rasmus Neergaard-Petersen G William Mouw,,,,,,,,,,,,,,,,,,,
1085,5201412391,frenchythecount,382,63,G Chris Gotterup G Jackson Koivun G Hideki Matsuyama G Ben Kohles G Christiaan Bezuidenhout G Zac Blair,,,,,,,,,,,,,,,,,,,
1085,5201965367,nhpain,380,63,G Chris Gotterup G Si Woo Kim G Wyndham Clark G Jackson Suber G Keita Nakajima G Chandler Phillips,,,,,,,,,,,,,,,,,,,
1085,5200824918,Uncle.D,377,63,G Chris Gotterup G Si Woo Kim G Jackson Koivun G Aldrich Potgieter G Sungjae Im G Chandler Phillips,,,,,,,,,,,,,,,,,,,
1085,5203252522,miser1974,377,63,G Cameron Young G Chris Gotterup G Akshay Bhatia G Seamus Power G Sam Stevens G Chandler Phillips,,,,,,,,,,,,,,,,,,,
1085,5202725409,psurockz35,376,63,G Chris Gotterup G Si Woo Kim G Jackson Koivun G Ben Kohles G William Mouw G Chandler Phillips,,,,,,,,,,,,,,,,,,,
1085,5203095139,RLS123,373,63,G Chris Gotterup G Si Woo Kim G Jackson Koivun G Jackson Suber G Lucas Glover G Zac Blair,,,,,,,,,,,,,,,,,,,
1120,5201940550,Saeckler92,399,62.5,G Chris Gotterup G Hideki Matsuyama G Jake Knapp G Ryan Gerard G Chris Kirk G Kevin Roy,,,,,,,,,,,,,,,,,,,
1120,5200594176,LateNite,398,62.5,G Chris Gotterup G Jackson Koivun G Jake Knapp G Michael Brennan G Kevin Yu G Kevin Roy,,,,,,,,,,,,,,,,,,,
1120,5201875374,rhinoceros22,398,62.5,G Chris Gotterup G Jackson Koivun G Jake Knapp G Jackson Suber G Ben Kohles G Kevin Yu,,,,,,,,,,,,,,,,,,,
1120,5202372965,TripleBar,398,62.5,G Cameron Young G Jake Knapp G Rickie Fowler G Davis Thompson G Eric Cole G Ben Kohles,,,,,,,,,,,,,,,,,,,
1120,5202534417,BillyBob24555,398,62.5,G Russell Henley G Patrick Cantlay G Rickie Fowler G Jacob Bridgeman G Davis Thompson G Eric Cole,,,,,,,,,,,,,,,,,,,
1120,5202784361,BILLBOGEY,398,62.5,G Chris Gotterup G Jackson Koivun G Jake Knapp G Jackson Suber G Ben Kohles G Kevin Yu,,,,,,,,,,,,,,,,,,,
1120,5202979555,JNCarroll9,398,62.5,G Wyndham Clark G Hideki Matsuyama G Ryan Gerard G Ryo Hisatsune G Denny McCarthy G Chris Kirk,,,,,,,,,,,,,,,,,,,
1120,5201334554,bounmala521,397,62.5,G Jackson Koivun G Wyndham Clark G Russell Henley G Ryo Hisatsune G Ben Kohles G Kevin Yu,,,,,,,,,,,,,,,,,,,
1120,5202294949,Teddyl01,393,62.5,G Cameron Young G Xander Schauffele G Corey Conners G Doug Ghim G Johnny Keefer G Max McGreevy,,,,,,,,,,,,,,,,,,,
1120,5202264391,CraigT1811,392,62.5,G Cameron Young G Wyndham Clark G Akshay Bhatia G Ben Kohles G Benjamin James G Ricky Castillo,,,,,,,,,,,,,,,,,,,
1120,5202191314,goindeep78,391,62.5,G Chris Gotterup G Wyndham Clark G Ryan Gerard G Pierceson Coody G Rasmus Neergaard-Petersen G Ben Kohles,,,,,,,,,,,,,,,,,,,
1120,5202185041,truwadeboi3,387,62.5,G Chris Gotterup G Patrick Cantlay G Ryan Gerard G Jacob Bridgeman G Tony Finau G Lucas Glover,,,,,,,,,,,,,,,,,,,
1120,5200806944,David_Bowers0108,386,62.5,G Chris Gotterup G Si Woo Kim G Russell Henley G Ben Kohles G Emiliano Grillo G Chandler Phillips,,,,,,,,,,,,,,,,,,,
1120,5200866501,opbabored,386,62.5,G Chris Gotterup G Si Woo Kim G Hideki Matsuyama G Ben Kohles G Emiliano Grillo G Chandler Phillips,,,,,,,,,,,,,,,,,,,
1120,5201960145,bhays9,386,62.5,G Chris Gotterup G Wyndham Clark G Akshay Bhatia G Jackson Suber G Matt Wallace G Christiaan Bezuidenhout,,,,,,,,,,,,,,,,,,,
1120,5202412797,bjames303,386,62.5,G Chris Gotterup G Wyndham Clark G Akshay Bhatia G Ryo Hisatsune G Mac Meissner G Christiaan Bezuidenhout,,,,,,,,,,,,,,,,,,,
1120,5202461347,TrojanMom85,386,62.5,G Chris Gotterup G Si Woo Kim G Hideki Matsuyama G Ben Kohles G Emiliano Grillo G Chandler Phillips,,,,,,,,,,,,,,,,,,,
1120,5200931868,TeamSmokin,385,62.5,G Chris Gotterup G Jackson Koivun G Ryan Gerard G Jacob Bridgeman G Ben Kohles G Zac Blair,,,,,,,,,,,,,,,,,,,
1120,5202038960,Pelle1nr,384,62.5,G Jackson Koivun G Wyndham Clark G Ryan Gerard G Michael Thorbjornsen G Jackson Suber G Zac Blair,,,,,,,,,,,,,,,,,,,
1139,5201547876,Sullys_1959,404,62,G Cameron Young G Ben Griffin G Ryan Gerard G Jackson Suber G Doug Ghim G Stephan Jaeger,,,,,,,,,,,,,,,,,,,
1139,5202031865,OrangeCrush2112,404,62,G Cameron Young G Jake Knapp G Rickie Fowler G Davis Thompson G Jackson Suber G Doug Ghim,,,,,,,,,,,,,,,,,,,
1139,5201336217,Damonri,403,62,G Cameron Young G Hideki Matsuyama G Keegan Bradley G Davis Thompson G Corey Conners G Doug Ghim,,,,,,,,,,,,,,,,,,,
1139,5202180201,Jeter2761,401,62,G Xander Schauffele G Hideki Matsuyama G Jake Knapp G Jackson Suber G Benjamin James G Michael Kim,,,,,,,,,,,,,,,,,,,
1139,5202556169,Dubbzz,401,62,G Cameron Young G Ryan Gerard G Harris English G Rickie Fowler G Aldrich Potgieter G Taylor Pendrith,,,,,,,,,,,,,,,,,,,
1139,5202206159,geoffm33,399,62,G Patrick Cantlay G Hideki Matsuyama G J.J. Spaun G Ryan Gerard G Keegan Bradley G William Mouw,,,,,,,,,,,,,,,,,,,
1139,5201042941,DocBrown1.21,398,62,G Chris Gotterup G Russell Henley G J.J. Spaun G Rickie Fowler G Ben Kohles G Chandler Phillips,,,,,,,,,,,,,,,,,,,
1139,5201357653,pschichtel,398,62,G Cameron Young G Chris Gotterup G Rickie Fowler G Corey Conners G Ben Kohles G Chandler Phillips,,,,,,,,,,,,,,,,,,,
1139,5203100179,YOUNG_SANTA,397,62,G Cameron Young G Chris Gotterup G Keegan Bradley G Corey Conners G Jordan L. Smith G Chandler Phillips,,,,,,,,,,,,,,,,,,,
1139,5200617598,bacline64,394,62,G Si Woo Kim G Jackson Koivun G Ryan Gerard G Jacob Bridgeman G Johnny Keefer G Sungjae Im,,,,,,,,,,,,,,,,,,,
1139,5200918573,brian9round,394,62,G Cameron Young G Chris Gotterup G J.J. Spaun G Benjamin James G Emiliano Grillo G Vince Whaley,,,,,,,,,,,,,,,,,,,
1139,5202664414,Copacroz02,390,62,G Chris Gotterup G Jake Knapp G Ryan Gerard G Jacob Bridgeman G Pierceson Coody G Christiaan Bezuidenhout,,,,,,,,,,,,,,,,,,,
1139,5202844922,brkestep,390,62,G Chris Gotterup G Si Woo Kim G Michael Brennan G Jacob Bridgeman G Doug Ghim G Christiaan Bezuidenhout,,,,,,,,,,,,,,,,,,,
1139,5201814462,Marblearms,387,62,G Chris Gotterup G Si Woo Kim G Ryan Gerard G Jacob Bridgeman G Eric Cole G Hayden Springer,,,,,,,,,,,,,,,,,,,
1139,5201043647,tmille35,386,62,G Jackson Koivun G J.J. Spaun G Ryan Gerard G Akshay Bhatia G Eric Cole G Ben Kohles,,,,,,,,,,,,,,,,,,,
1139,5201528468,dpjl,386,62,G Si Woo Kim G Wyndham Clark G Ryan Gerard G Eric Cole G Ryo Hisatsune G Ben Kohles,,,,,,,,,,,,,,,,,,,
1139,5201714171,arizafamily,384,62,G Cameron Young G Si Woo Kim G Patrick Cantlay G Kevin Yu G Austin Smotherman G Joel Dahmen,,,,,,,,,,,,,,,,,,,
1139,5201241435,Yellowdaddy,381,62,G Xander Schauffele G Chris Gotterup G Davis Thompson G Eric Cole G Benjamin James G Zachary Bauchou,,,,,,,,,,,,,,,,,,,
1157,5203123177,disnerds87,402,61.5,G Cameron Young G Si Woo Kim G J.J. Spaun G Mac Meissner G Emiliano Grillo G Patrick Fishburn,,,,,,,,,,,,,,,,,,,
1157,5202166675,mandrzejewski,401,61.5,G Chris Gotterup G Patrick Cantlay G Ben Griffin G Michael Brennan G Doug Ghim G Chris Kirk,,,,,,,,,,,,,,,,,,,
1157,5202466441,Noleroller,400,61.5,G Cameron Young G Chris Gotterup G Russell Henley G Michael Kim G Adrien Dumont De Chassart G Andrew Putnam,,,,,,,,,,,,,,,,,,,
1157,5201456818,dtoross,399,61.5,G Hideki Matsuyama G Ben Griffin G Jake Knapp G Akshay Bhatia G Davis Thompson G Michael Kim,,,,,,,,,,,,,,,,,,,
1157,5201557436,bish69,398,61.5,G Si Woo Kim G Jackson Koivun G Hideki Matsuyama G Ryo Hisatsune G Ben Kohles G Chris Kirk,,,,,,,,,,,,,,,,,,,
1157,5201103199,VinceBarracca,396,61.5,G Cameron Young G Jackson Koivun G Hideki Matsuyama G Rickie Fowler G Austin Smotherman G Brad Dalke,,,,,,,,,,,,,,,,,,,
1157,5201395067,thrtyftj,390,61.5,G Cameron Young G Chris Gotterup G Wyndham Clark G Nick Taylor G Andrew Putnam G Karl Vilips,,,,,,,,,,,,,,,,,,,
1157,5202874132,givemedaballyo,390,61.5,G Chris Gotterup G Wyndham Clark G Akshay Bhatia G Jacob Bridgeman G Jackson Suber G Harry Hall,,,,,,,,,,,,,,,,,,,
1157,5200719283,davidsimon,389,61.5,G Chris Gotterup G Si Woo Kim G Ben Griffin G Ryo Hisatsune G Emiliano Grillo G Nicolas Echavarria,,,,,,,,,,,,,,,,,,,
1157,5200816419,yelnats9,387,61.5,G Si Woo Kim G Hideki Matsuyama G Jake Knapp G Ryan Gerard G Emiliano Grillo G Chandler Phillips,,,,,,,,,,,,,,,,,,,
1157,5202096415,Firehawk10025,387,61.5,G Wyndham Clark G Hideki Matsuyama G Ryan Gerard G Akshay Bhatia G Ben Kohles G Christiaan Bezuidenhout,,,,,,,,,,,,,,,,,,,
1157,5203114157,Jwayne16,387,61.5,G Wyndham Clark G Ben Griffin G Ryan Gerard G Akshay Bhatia G Corey Conners G Christiaan Bezuidenhout,,,,,,,,,,,,,,,,,,,
1157,5201663376,rharmon,385,61.5,G Si Woo Kim G Hideki Matsuyama G Ryan Gerard G Jacob Bridgeman G Eric Cole G Christiaan Bezuidenhout,,,,,,,,,,,,,,,,,,,
1157,5202298198,sticksandgoats,382,61.5,G Chris Gotterup G Wyndham Clark G Russell Henley G Ben Kohles G Christiaan Bezuidenhout G Zac Blair,,,,,,,,,,,,,,,,,,,
1157,5202918251,mjgpkg86,380,61.5,G Chris Gotterup G Si Woo Kim G Ryan Gerard G Davis Thompson G Rasmus Neergaard-Petersen G Chandler Phillips,,,,,,,,,,,,,,,,,,,
1157,5202804548,juice8865,374,61.5,G Cameron Young G Xander Schauffele G Akshay Bhatia G Lucas Glover G Chris Kirk G Austin Smotherman,,,,,,,,,,,,,,,,,,,
1157,5201265479,Jim600549,373,61.5,G Chris Gotterup G Si Woo Kim G Wyndham Clark G Jackson Suber G Lucas Glover G Zac Blair,,,,,,,,,,,,,,,,,,,
1174,5202942191,ryanlaughlin77,406,61,G Cameron Young G J.J. Spaun G Rickie Fowler G Davis Thompson G Jackson Suber G Johnny Keefer,,,,,,,,,,,,,,,,,,,
1174,5202592900,jackisch81,401,61,G Cameron Young G Hideki Matsuyama G Ryan Gerard G Ryo Hisatsune G Emiliano Grillo G Mackenzie Hughes,,,,,,,,,,,,,,,,,,,
1174,5202660009,ryrom11,401,61,G Chris Gotterup G Hideki Matsuyama G Michael Thorbjornsen G Rickie Fowler G Michael Brennan G Nicolas Echavarria,,,,,,,,,,,,,,,,,,,
1174,5203232508,fitz85200085,400,61,G Wyndham Clark G Russell Henley G Hideki Matsuyama G Rickie Fowler G Ben Kohles G Nicolas Echavarria,,,,,,,,,,,,,,,,,,,
1174,5203133649,fsufarmer2,399,61,G Cameron Young G Chris Gotterup G Jake Knapp G Jackson Suber G Nick Taylor G Davis Riley,,,,,,,,,,,,,,,,,,,
1174,5201907235,Kapta1NKahl,398,61,G Chris Gotterup G Wyndham Clark G Patrick Cantlay G Max Greyserman G Ben Kohles G Kevin Yu,,,,,,,,,,,,,,,,,,,
1174,5203205594,Antman4K,398,61,G Chris Gotterup G Wyndham Clark G Patrick Cantlay G Rasmus Neergaard-Petersen G Jordan L. Smith G Kevin Yu,,,,,,,,,,,,,,,,,,,
1174,5201971268,kirkwood1991,397,61,G Cameron Young G Xander Schauffele G Jordan Spieth G Aldrich Potgieter G Michael Kim G Sudarshan Yellamaraju,,,,,,,,,,,,,,,,,,,
1174,5200568665,Trevor80,396,61,G Chris Gotterup G Jackson Koivun G Jake Knapp G Corey Conners G Ben Kohles G Emiliano Grillo,,,,,,,,,,,,,,,,,,,
1174,5200979404,Vargas2015,396,61,G Chris Gotterup G Jackson Koivun G Jake Knapp G Jackson Suber G Ben Kohles G Emiliano Grillo,,,,,,,,,,,,,,,,,,,
1174,5201366399,McMullenDR,396,61,G Chris Gotterup G Jackson Koivun G Jake Knapp G Rasmus Neergaard-Petersen G Ben Kohles G Emiliano Grillo,,,,,,,,,,,,,,,,,,,
1174,5202344019,alexstout,396,61,G Chris Gotterup G Jackson Koivun G Jake Knapp G Jackson Suber G Ben Kohles G Emiliano Grillo,,,,,,,,,,,,,,,,,,,
1174,5202362238,hidge89,396,61,G Chris Gotterup G Jackson Koivun G Jake Knapp G Jackson Suber G Ben Kohles G Emiliano Grillo,,,,,,,,,,,,,,,,,,,
1174,5202389208,jstern87,396,61,G Chris Gotterup G Jackson Koivun G Jake Knapp G Jackson Suber G Ben Kohles G Emiliano Grillo,,,,,,,,,,,,,,,,,,,
1174,5202390308,tplager32,396,61,G Chris Gotterup G Jackson Koivun G Jake Knapp G Jackson Suber G Ben Kohles G Emiliano Grillo,,,,,,,,,,,,,,,,,,,
1174,5203005581,impulse2010,396,61,G Chris Gotterup G Jackson Koivun G Jake Knapp G Corey Conners G Ben Kohles G Emiliano Grillo,,,,,,,,,,,,,,,,,,,
1174,5203108005,Zugg,396,61,G Chris Gotterup G Jackson Koivun G Jake Knapp G Max Greyserman G Ben Kohles G Emiliano Grillo,,,,,,,,,,,,,,,,,,,
1174,5202163248,Mainebirdie,395,61,G Jackson Koivun G Wyndham Clark G Hideki Matsuyama G Jacob Bridgeman G Emiliano Grillo G John Parry,,,,,,,,,,,,,,,,,,,
1174,5202165768,nypontes74,395,61,G Jackson Koivun G Wyndham Clark G Ben Griffin G Jackson Suber G Max Greyserman G Emiliano Grillo,,,,,,,,,,,,,,,,,,,
1174,5202929082,Reido8,395,61,G Jackson Koivun G Wyndham Clark G Jackson Suber G Rasmus Neergaard-Petersen G Matt Wallace G Emiliano Grillo,,,,,,,,,,,,,,,,,,,
1174,5202650975,JVP-SSSS,391,61,G Xander Schauffele G Jake Knapp G Ryan Gerard G Michael Brennan G Kevin Yu G Nicolas Echavarria,,,,,,,,,,,,,,,,,,,
1174,5200937719,mycoins,390,61,G Wyndham Clark G Patrick Cantlay G Ryan Gerard G Akshay Bhatia G Jordan L. Smith G Nick Taylor,,,,,,,,,,,,,,,,,,,
1174,5200761765,P1964,389,61,G Chris Gotterup G Si Woo Kim G Russell Henley G J.J. Spaun G Mark Hubbard G Kevin Streelman,,,,,,,,,,,,,,,,,,,
1174,5201956723,pigout,389,61,G Chris Gotterup G Si Woo Kim G J.J. Spaun G Jacob Bridgeman G Mackenzie Hughes G Zac Blair,,,,,,,,,,,,,,,,,,,
1174,5202911808,Oscarmeier30,386,61,G Xander Schauffele G Chris Gotterup G Jacob Bridgeman G Eric Cole G Ben Kohles G Nick Taylor,,,,,,,,,,,,,,,,,,,
1174,5203247706,jwickum,386,61,G Si Woo Kim G Jackson Koivun G J.J. Spaun G Akshay Bhatia G Ben Kohles G Joel Dahmen,,,,,,,,,,,,,,,,,,,
1174,5202529361,TheGoldenNugMan,383,61,G Chris Gotterup G Ben Griffin G Ryan Gerard G Eric Cole G Corey Conners G Seamus Power,,,,,,,,,,,,,,,,,,,
1174,5201980986,coachlel,375,61,G Chris Gotterup G Si Woo Kim G Akshay Bhatia G Eric Cole G Ryo Hisatsune G Lucas Glover,,,,,,,,,,,,,,,,,,,
1202,5203211099,rs868412,404,60.5,G Si Woo Kim G Patrick Cantlay G Hideki Matsuyama G Keegan Bradley G Benjamin James G Jordan L. Smith,,,,,,,,,,,,,,,,,,,
1202,5202830483,Rather_Dashing,403,60.5,G Chris Gotterup G Russell Henley G Jake Knapp G Michael Brennan G Johnny Keefer G Chris Kirk,,,,,,,,,,,,,,,,,,,
1202,5201143265,PlaycoArmboys,402,60.5,G Si Woo Kim G Hideki Matsuyama G Rickie Fowler G Jacob Bridgeman G Davis Thompson G Ben Kohles,,,,,,,,,,,,,,,,,,,
1202,5201879708,wolfstreet455,402,60.5,G Si Woo Kim G Hideki Matsuyama G Rickie Fowler G Jacob Bridgeman G Davis Thompson G Ryo Hisatsune,,,,,,,,,,,,,,,,,,,
1202,5200616052,BeetleBaine,401,60.5,G Si Woo Kim G Ben Griffin G Nicolai Højgaard G Keegan Bradley G Davis Thompson G Matt Wallace,,,,,,,,,,,,,,,,,,,
1202,5201476974,randers,401,60.5,G Si Woo Kim G Patrick Cantlay G Jacob Bridgeman G Keegan Bradley G Davis Thompson G Ryo Hisatsune,,,,,,,,,,,,,,,,,,,
1202,5201971638,FatAssBass,401,60.5,G Si Woo Kim G Jake Knapp G Michael Thorbjornsen G Michael Brennan G Keegan Bradley G Davis Thompson,,,,,,,,,,,,,,,,,,,
1202,5203122863,mkberg12,401,60.5,G Si Woo Kim G J.J. Spaun G Michael Thorbjornsen G Jacob Bridgeman G Keegan Bradley G Davis Thompson,,,,,,,,,,,,,,,,,,,
1202,5201220874,jewallace74,400,60.5,G Xander Schauffele G Chris Gotterup G Patrick Cantlay G Stephan Jaeger G Steven Fisk G Lee Hodges,,,,,,,,,,,,,,,,,,,
1202,5200559368,kstarsweets,397,60.5,G Xander Schauffele G Russell Henley G Michael Thorbjornsen G Keegan Bradley G Matt Wallace G Andrew Novak,,,,,,,,,,,,,,,,,,,
1202,5201296477,jmaki814,397,60.5,G Chris Gotterup G Jackson Koivun G Hideki Matsuyama G Jordan Spieth G Ricky Castillo G Sungjae Im,,,,,,,,,,,,,,,,,,,
1202,5202018081,Robbry23,397,60.5,G Cameron Young G Xander Schauffele G Keegan Bradley G Jordan L. Smith G Andrew Novak G Sungjae Im,,,,,,,,,,,,,,,,,,,
1202,5203131713,Bubba.R.Wooten,397,60.5,G Chris Gotterup G Jackson Koivun G Russell Henley G Ben Kohles G Jordan L. Smith G Ricky Castillo,,,,,,,,,,,,,,,,,,,
1202,5200693422,Wbailey43,395,60.5,G Chris Gotterup G Si Woo Kim G Ryan Gerard G Ryo Hisatsune G Johnny Keefer G Matthew McCarty,,,,,,,,,,,,,,,,,,,
1202,5201176722,tjkozal,394,60.5,G Si Woo Kim G Wyndham Clark G Ryan Gerard G Michael Brennan G Johnny Keefer G Sudarshan Yellamaraju,,,,,,,,,,,,,,,,,,,
1202,5202590867,aferrara01,389,60.5,G Chris Gotterup G Jackson Koivun G Jake Knapp G Marco Penge G Johnny Keefer G Zac Blair,,,,,,,,,,,,,,,,,,,
1202,5200695645,Getin,387,60.5,G Chris Gotterup G Hideki Matsuyama G Akshay Bhatia G Jacob Bridgeman G Eric Cole G Nick Taylor,,,,,,,,,,,,,,,,,,,
1202,5202758026,bucno,387,60.5,G Chris Gotterup G Ryan Gerard G Akshay Bhatia G Jacob Bridgeman G Jordan Spieth G Eric Cole,,,,,,,,,,,,,,,,,,,
1202,5202849135,westino,386,60.5,G Wyndham Clark G Ryan Gerard G Akshay Bhatia G Michael Thorbjornsen G Jacob Bridgeman G Eric Cole,,,,,,,,,,,,,,,,,,,
1202,5202860024,mklein20,385,60.5,G Si Woo Kim G Jackson Koivun G J.J. Spaun G Ben Kohles G Emiliano Grillo G Lucas Glover,,,,,,,,,,,,,,,,,,,
1202,5201989449,sottili27,384,60.5,G Chris Gotterup G Russell Henley G Ryan Gerard G Ryo Hisatsune G Christiaan Bezuidenhout G Zac Blair,,,,,,,,,,,,,,,,,,,
1202,5203012712,ginm8,384,60.5,G Xander Schauffele G Jake Knapp G Ryan Gerard G Eric Cole G Mac Meissner G Christiaan Bezuidenhout,,,,,,,,,,,,,,,,,,,
1202,5202668474,Jagspayday,381,60.5,G Chris Gotterup G Wyndham Clark G Ben Griffin G Eric Cole G Ryo Hisatsune G Zac Blair,,,,,,,,,,,,,,,,,,,
1202,5202947799,xstevex.2,381,60.5,G Cameron Young G Si Woo Kim G Hideki Matsuyama G Eric Cole G Emiliano Grillo G Brendon Todd,,,,,,,,,,,,,,,,,,,
1226,5203245800,j5brooks,402,60,G Cameron Young G Xander Schauffele G Michael Thorbjornsen G Max Greyserman G Ricky Castillo G Patrick Fishburn,,,,,,,,,,,,,,,,,,,
1226,5202951464,paladins8,400,60,G Chris Gotterup G Jake Knapp G Ryan Gerard G Jacob Bridgeman G Corey Conners G Kevin Yu,,,,,,,,,,,,,,,,,,,
1226,5201281093,rghawley,399,60,G Chris Gotterup G Si Woo Kim G Hideki Matsuyama G Rasmus Neergaard-Petersen G Ben Kohles G Chris Kirk,,,,,,,,,,,,,,,,,,,
1226,5201303107,Mr4754,399,60,G Chris Gotterup G Si Woo Kim G Russell Henley G Corey Conners G Sungjae Im G Chris Kirk,,,,,,,,,,,,,,,,,,,
1226,5201782836,pawharp,399,60,G Chris Gotterup G Si Woo Kim G Jake Knapp G Jackson Suber G Max Greyserman G Chris Kirk,,,,,,,,,,,,,,,,,,,
1226,5203130057,Rimmy0874,399,60,G Chris Gotterup G Si Woo Kim G J.J. Spaun G Ben Kohles G Mac Meissner G Chris Kirk,,,,,,,,,,,,,,,,,,,
1226,5200636579,rtcastillo1217,398,60,G Jackson Koivun G Russell Henley G Hideki Matsuyama G Akshay Bhatia G Taylor Moore G Chris Kirk,,,,,,,,,,,,,,,,,,,
1226,5200747471,SpotonEddy,398,60,G Si Woo Kim G Wyndham Clark G Russell Henley G Ryo Hisatsune G Ben Kohles G Chris Kirk,,,,,,,,,,,,,,,,,,,
1226,5202290592,bmd1973,398,60,G Si Woo Kim G Wyndham Clark G Hideki Matsuyama G Jackson Suber G Max Greyserman G Chris Kirk,,,,,,,,,,,,,,,,,,,
1226,5202032616,hzdaniel,397,60,G Cameron Young G Jackson Koivun G Rickie Fowler G Ryo Hisatsune G Rasmus Neergaard-Petersen G Lucas Glover,,,,,,,,,,,,,,,,,,,
1226,5202647114,sbarny123,397,60,G Jackson Koivun G Russell Henley G Jake Knapp G Rickie Fowler G Denny McCarthy G Lucas Glover,,,,,,,,,,,,,,,,,,,
1226,5201356125,polo123,395,60,G Cameron Young G Xander Schauffele G Ben Kohles G Michael Kim G Sungjae Im G Chandler Phillips,,,,,,,,,,,,,,,,,,,
1226,5202315391,mkleeman20,395,60,G Wyndham Clark G Hideki Matsuyama G J.J. Spaun G Nicolai Højgaard G Keegan Bradley G Austin Smotherman,,,,,,,,,,,,,,,,,,,
1226,5202589204,brocksolid21,393,60,G Chris Gotterup G Jackson Koivun G Ryan Gerard G Jackson Suber G Ben Kohles G Benjamin James,,,,,,,,,,,,,,,,,,,
1226,5202919130,Rembotron,393,60,G Chris Gotterup G Jackson Koivun G Ryan Gerard G Jackson Suber G Ben Kohles G Benjamin James,,,,,,,,,,,,,,,,,,,
1226,5203152023,rcplayer07,393,60,G Chris Gotterup G Jackson Koivun G Ryan Gerard G Jackson Suber G Ben Kohles G Benjamin James,,,,,,,,,,,,,,,,,,,
1226,5201286398,Stikman07,392,60,G Jackson Koivun G Wyndham Clark G Ryan Gerard G Jacob Bridgeman G Corey Conners G Benjamin James,,,,,,,,,,,,,,,,,,,
1226,5202602129,stmarsicek,392,60,G Jackson Koivun G Wyndham Clark G Ryan Gerard G Jackson Suber G Ben Kohles G Benjamin James,,,,,,,,,,,,,,,,,,,
1226,5203051561,bradyu1445,392,60,G Jackson Koivun G Wyndham Clark G Ryan Gerard G Jacob Bridgeman G Jackson Suber G Benjamin James,,,,,,,,,,,,,,,,,,,
1226,5202301417,PinkiChilli60,391,60,G Chris Gotterup G Jackson Koivun G J.J. Spaun G Akshay Bhatia G Pierceson Coody G John VanDerLaan,,,,,,,,,,,,,,,,,,,
1226,5201163343,Rozlando,390,60,G Cameron Young G Xander Schauffele G Corey Conners G Christiaan Bezuidenhout G Nick Taylor G Sam Stevens,,,,,,,,,,,,,,,,,,,
1226,5202591364,pianopent,390,60,G Si Woo Kim G Jackson Koivun G Akshay Bhatia G Michael Brennan G Jackson Suber G Nick Taylor,,,,,,,,,,,,,,,,,,,
1226,5202908318,daldi,390,60,G Xander Schauffele G Hideki Matsuyama G Ryan Gerard G Corey Conners G Doug Ghim G Christiaan Bezuidenhout,,,,,,,,,,,,,,,,,,,
1226,5201641471,wrightbailey,387,60,G Chris Gotterup G Jackson Koivun G Wyndham Clark G Jackson Suber G Aldrich Potgieter G Brad Dalke,,,,,,,,,,,,,,,,,,,
1226,5203110520,adjoeyams,386,60,G Cameron Young G Wyndham Clark G Ryan Gerard G Jackson Suber G Nick Taylor G Zac Blair,,,,,,,,,,,,,,,,,,,
1226,5203146923,VaporTrail13,386,60,G Xander Schauffele G Si Woo Kim G Hideki Matsuyama G Jordan Spieth G Matt Kuchar G Zac Blair,,,,,,,,,,,,,,,,,,,
1226,5202379928,Fishermanfuzz,385,60,G Chris Gotterup G Si Woo Kim G Jackson Koivun G Jacob Bridgeman G William Jennings G Zac Blair,,,,,,,,,,,,,,,,,,,
1226,5202484282,bsoleim,385,60,G Chris Gotterup G Si Woo Kim G Jackson Koivun G John Parry G A.J. Ewart G Zac Blair,,,,,,,,,,,,,,,,,,,
1226,5202510326,Appjunky,385,60,G Chris Gotterup G Si Woo Kim G Jackson Koivun G Jacob Bridgeman G William Jennings G Zac Blair,,,,,,,,,,,,,,,,,,,
1226,5202977245,Steelersnation57,385,60,G Chris Gotterup G Si Woo Kim G Jackson Koivun G Jacob Bridgeman G Zac Blair G Hayden Springer,,,,,,,,,,,,,,,,,,,
1226,5202104694,micanians2002,384,60,G Si Woo Kim G Jackson Koivun G Wyndham Clark G Jackson Suber G Ben Kohles G Zac Blair,,,,,,,,,,,,,,,,,,,
1226,5202515835,paleface101,384,60,G Si Woo Kim G Jackson Koivun G Wyndham Clark G Jackson Suber G Ben Kohles G Zac Blair,,,,,,,,,,,,,,,,,,,
1258,5203152387,dsm93309,407,59.5,G Cameron Young G Ben Griffin G Nicolai Højgaard G Rickie Fowler G Jordan L. Smith G Max McGreevy,,,,,,,,,,,,,,,,,,,
1258,5203261377,Jcreary,407,59.5,G Cameron Young G Ben Griffin G Nicolai Højgaard G Rickie Fowler G Jordan L. Smith G Max McGreevy,,,,,,,,,,,,,,,,,,,
1258,5203063448,Skylaredit,406,59.5,G Jackson Koivun G Ben Griffin G Jake Knapp G Michael Thorbjornsen G Jackson Suber G Michael Kim,,,,,,,,,,,,,,,,,,,
1258,5202892726,GATMoneyMillionaire,401,59.5,G Xander Schauffele G Patrick Cantlay G Rickie Fowler G Davis Thompson G Jordan Spieth G Jordan L. Smith,,,,,,,,,,,,,,,,,,,
1258,5201387208,agale15,399,59.5,G Cameron Young G Si Woo Kim G Harris English G Keegan Bradley G William Mouw G Thorbjørn Olesen,,,,,,,,,,,,,,,,,,,
1258,5203232177,boogking,399,59.5,G Si Woo Kim G Hideki Matsuyama G Jake Knapp G Michael Brennan G Keegan Bradley G William Mouw,,,,,,,,,,,,,,,,,,,
1258,5202170624,Wilco311,397,59.5,G Chris Gotterup G Jake Knapp G Ryan Gerard G Michael Brennan G Pierceson Coody G Johnny Keefer,,,,,,,,,,,,,,,,,,,
1258,5201029670,achievers,396,59.5,G Chris Gotterup G Wyndham Clark G Jake Knapp G Rasmus Neergaard-Petersen G Emiliano Grillo G Kevin Roy,,,,,,,,,,,,,,,,,,,
1258,5201119645,blitzburgh07,396,59.5,G Chris Gotterup G Wyndham Clark G Hideki Matsuyama G Rasmus Neergaard-Petersen G Ben Kohles G Emiliano Grillo,,,,,,,,,,,,,,,,,,,
1258,5201646895,AAG1822,396,59.5,G Chris Gotterup G Wyndham Clark G Michael Thorbjornsen G Jacob Bridgeman G Jackson Suber G Emiliano Grillo,,,,,,,,,,,,,,,,,,,
1258,5202316218,brodyward5,396,59.5,G Chris Gotterup G Wyndham Clark G Russell Henley G Ben Kohles G Jordan L. Smith G Emiliano Grillo,,,,,,,,,,,,,,,,,,,
1258,5202447906,trihack,396,59.5,G Chris Gotterup G Wyndham Clark G Patrick Cantlay G Denny McCarthy G Emiliano Grillo G Billy Horschel,,,,,,,,,,,,,,,,,,,
1258,5203003260,sexualchocolate,396,59.5,G Chris Gotterup G Wyndham Clark G Jake Knapp G Corey Conners G Matt Wallace G Emiliano Grillo,,,,,,,,,,,,,,,,,,,
1258,5202731037,Mrthensel,393,59.5,G Xander Schauffele G Si Woo Kim G Jake Knapp G Benjamin James G Ricky Castillo G Taylor Pendrith,,,,,,,,,,,,,,,,,,,
1258,5202857475,ppprinces,391,59.5,G Ryan Gerard G Akshay Bhatia G Denny McCarthy G Matt Wallace G Christiaan Bezuidenhout G Sam Stevens,,,,,,,,,,,,,,,,,,,
1258,5203170799,tbetzpga,389,59.5,G Chris Gotterup G Ben Griffin G Akshay Bhatia G Jacob Bridgeman G Eric Cole G Sam Stevens,,,,,,,,,,,,,,,,,,,
1258,5202891925,dyun10,385,59.5,G Jackson Koivun G Wyndham Clark G Harris English G Davis Thompson G Eric Cole G Denny McCarthy,,,,,,,,,,,,,,,,,,,
1258,5203135517,BigBlue74,383,59.5,G Si Woo Kim G Jackson Koivun G Hideki Matsuyama G Ben Kohles G Christiaan Bezuidenhout G Zac Blair,,,,,,,,,,,,,,,,,,,
1258,5202043861,SkyU27,379,59.5,G Chris Gotterup G Si Woo Kim G Hideki Matsuyama G Davis Thompson G Nick Taylor G Austin Smotherman,,,,,,,,,,,,,,,,,,,
1277,5201576376,BIGGAMER79,402,59,G Russell Henley G Ben Griffin G Akshay Bhatia G Rickie Fowler G Davis Thompson G Jackson Suber,,,,,,,,,,,,,,,,,,,
1277,5203085156,xroyalD,400,59,G Si Woo Kim G Ben Griffin G Jake Knapp G Ryan Gerard G Sungjae Im G Chris Kirk,,,,,,,,,,,,,,,,,,,
1277,5202446554,jmred32,397,59,G Xander Schauffele G Wyndham Clark G Michael Thorbjornsen G Jacob Bridgeman G Jackson Suber G Chris Kirk,,,,,,,,,,,,,,,,,,,
1277,5202199934,mpontrich,395,59,G Cameron Young G Chris Gotterup G Jacob Bridgeman G Christiaan Bezuidenhout G Emiliano Grillo G Taylor Pendrith,,,,,,,,,,,,,,,,,,,
1277,5203090166,bhatter12,395,59,G Cameron Young G Chris Gotterup G Jacob Bridgeman G Ben Kohles G Seamus Power G Chris Kirk,,,,,,,,,,,,,,,,,,,
1277,5202158014,Smokeymcbob2003,392,59,G Si Woo Kim G Jackson Koivun G Akshay Bhatia G Jacob Bridgeman G Doug Ghim G Ben Kohles,,,,,,,,,,,,,,,,,,,
1277,5202709103,CramericanBadass,392,59,G Si Woo Kim G Wyndham Clark G Ryan Gerard G Ryo Hisatsune G Corey Conners G Pierceson Coody,,,,,,,,,,,,,,,,,,,
1277,5203074854,KL26,392,59,G Chris Gotterup G Jackson Koivun G Jake Knapp G Davis Thompson G Sam Stevens G Sudarshan Yellamaraju,,,,,,,,,,,,,,,,,,,
1277,5202493625,Lodey1012,388,59,G Chris Gotterup G Si Woo Kim G Akshay Bhatia G Jackson Suber G Rasmus Neergaard-Petersen G Christiaan Bezuidenhout,,,,,,,,,,,,,,,,,,,
1277,5200621712,brownkd1,387,59,G Chris Gotterup G Si Woo Kim G Ryan Gerard G Rasmus Neergaard-Petersen G Ben Kohles G Seamus Power,,,,,,,,,,,,,,,,,,,
1277,5200851224,geattygeatz,387,59,G Chris Gotterup G Hideki Matsuyama G Jake Knapp G Eric Cole G Johnny Keefer G Seamus Power,,,,,,,,,,,,,,,,,,,
1277,5201582931,DMiles1985,387,59,G Si Woo Kim G Wyndham Clark G Akshay Bhatia G Jacob Bridgeman G Corey Conners G Christiaan Bezuidenhout,,,,,,,,,,,,,,,,,,,
1277,5202971878,Jaybmxer,387,59,G Jackson Koivun G Wyndham Clark G Ryan Gerard G Michael Brennan G Jacob Bridgeman G William Mouw,,,,,,,,,,,,,,,,,,,
1277,5201269365,MikeRod,386,59,G Cameron Young G Jackson Koivun G Davis Thompson G Ben Kohles G Emiliano Grillo G Chandler Phillips,,,,,,,,,,,,,,,,,,,
1277,5200798659,RobG89,385,59,G Chris Gotterup G Jackson Koivun G Wyndham Clark G Rasmus Neergaard-Petersen G Ben Kohles G Chandler Phillips,,,,,,,,,,,,,,,,,,,
1277,5201052824,RIGHTDOG18,385,59,G Chris Gotterup G Jackson Koivun G Wyndham Clark G Rasmus Neergaard-Petersen G Ben Kohles G Chandler Phillips,,,,,,,,,,,,,,,,,,,
1277,5201600708,TurboTime95,385,59,G Chris Gotterup G Jackson Koivun G Wyndham Clark G Rasmus Neergaard-Petersen G Ben Kohles G Chandler Phillips,,,,,,,,,,,,,,,,,,,
1277,5202842131,1ponybet,385,59,G Chris Gotterup G Jackson Koivun G Wyndham Clark G Rasmus Neergaard-Petersen G Ben Kohles G Chandler Phillips,,,,,,,,,,,,,,,,,,,
1277,5203069941,jeffcliffy,385,59,G Chris Gotterup G Jackson Koivun G Wyndham Clark G Rasmus Neergaard-Petersen G Ben Kohles G Chandler Phillips,,,,,,,,,,,,,,,,,,,
1296,5200814072,Tfusco86,400,58.5,G Xander Schauffele G Jake Knapp G Michael Thorbjornsen G Rickie Fowler G Matt Wallace G Aldrich Potgieter,,,,,,,,,,,,,,,,,,,
1296,5201289654,ricko22,400,58.5,G Xander Schauffele G Jake Knapp G Rickie Fowler G Jacob Bridgeman G Denny McCarthy G Aldrich Potgieter,,,,,,,,,,,,,,,,,,,
1296,5201341852,jigar82,399,58.5,G Chris Gotterup G Patrick Cantlay G Jake Knapp G Akshay Bhatia G Taylor Moore G Chris Kirk,,,,,,,,,,,,,,,,,,,
1296,5202631853,Sinbad_1812,399,58.5,G Cameron Young G Patrick Cantlay G Akshay Bhatia G Jacob Bridgeman G Michael Kim G Nicolas Echavarria,,,,,,,,,,,,,,,,,,,
1296,5200910025,beaverthing,398,58.5,G Cameron Young G Si Woo Kim G Jacob Bridgeman G Keegan Bradley G Ben Kohles G Chandler Phillips,,,,,,,,,,,,,,,,,,,
1296,5201560915,WallyKhaleesiBert,398,58.5,G Chris Gotterup G Russell Henley G Ryan Gerard G Ryo Hisatsune G Corey Conners G Emiliano Grillo,,,,,,,,,,,,,,,,,,,
1296,5201927443,Chad_Lyons,398,58.5,G Cameron Young G Chris Gotterup G Rickie Fowler G Denny McCarthy G Lucas Glover G Zachary Bauchou,,,,,,,,,,,,,,,,,,,
1296,5202285568,ghill20,398,58.5,G Cameron Young G Wyndham Clark G Akshay Bhatia G Nicolai Højgaard G Chris Kirk G Cameron Davis,,,,,,,,,,,,,,,,,,,
1296,5202325316,judygiese,398,58.5,G Cameron Young G Xander Schauffele G Michael Brennan G Keegan Bradley G William Mouw G Kevin Roy,,,,,,,,,,,,,,,,,,,
1296,5202482715,klein1124,398,58.5,G Chris Gotterup G Hideki Matsuyama G Ben Griffin G Ben Kohles G Nick Taylor G Emiliano Grillo,,,,,,,,,,,,,,,,,,,
1296,5202617548,YodaOG420,398,58.5,G Wyndham Clark G Russell Henley G Ben Griffin G Akshay Bhatia G Max Greyserman G Chris Kirk,,,,,,,,,,,,,,,,,,,
1296,5202186206,craigp85,397,58.5,G Wyndham Clark G Ben Griffin G J.J. Spaun G Ryan Gerard G Ben Kohles G Emiliano Grillo,,,,,,,,,,,,,,,,,,,
1296,5202222381,bigOwonder,397,58.5,G Cameron Young G Wyndham Clark G Michael Thorbjornsen G Ryo Hisatsune G Nick Taylor G Emiliano Grillo,,,,,,,,,,,,,,,,,,,
1296,5202621352,sugurray4u,397,58.5,G Wyndham Clark G Patrick Cantlay G Jake Knapp G Ryan Gerard G Emiliano Grillo G Taylor Moore,,,,,,,,,,,,,,,,,,,
1296,5202658720,gurleyman330,397,58.5,G Cameron Young G Jake Knapp G Ryan Gerard G Eric Cole G Ben Kohles G Kevin Yu,,,,,,,,,,,,,,,,,,,
1296,5203104760,Bobman007,397,58.5,G Chris Gotterup G Patrick Cantlay G J.J. Spaun G Keegan Bradley G Jordan Spieth G Lucas Glover,,,,,,,,,,,,,,,,,,,
1296,5202678019,Leafshockey15,396,58.5,G Chris Gotterup G Russell Henley G Hideki Matsuyama G Corey Conners G Christiaan Bezuidenhout G Ricky Castillo,,,,,,,,,,,,,,,,,,,
1296,5202965473,page519,396,58.5,G Chris Gotterup G Russell Henley G Hideki Matsuyama G Corey Conners G Christiaan Bezuidenhout G Ricky Castillo,,,,,,,,,,,,,,,,,,,
1296,5200959170,edwardtorres1,395,58.5,G Cameron Young G Wyndham Clark G J.J. Spaun G Christiaan Bezuidenhout G Sudarshan Yellamaraju G Ricky Castillo,,,,,,,,,,,,,,,,,,,
1296,5201271243,holscher34,395,58.5,G Cameron Young G Wyndham Clark G Hideki Matsuyama G Christiaan Bezuidenhout G Ricky Castillo G Andrew Putnam,,,,,,,,,,,,,,,,,,,
1296,5203238490,tfsmith10,395,58.5,G Cameron Young G Wyndham Clark G Jacob Bridgeman G Ryo Hisatsune G Christiaan Bezuidenhout G Ricky Castillo,,,,,,,,,,,,,,,,,,,
1296,5201866325,feedingfreezy,393,58.5,G Chris Gotterup G Wyndham Clark G Ryan Gerard G Jackson Suber G Ben Kohles G Benjamin James,,,,,,,,,,,,,,,,,,,
1296,5202375557,brine,393,58.5,G Chris Gotterup G Wyndham Clark G Ryan Gerard G Michael Brennan G Benjamin James G Matthew McCarty,,,,,,,,,,,,,,,,,,,
1296,5203087585,srhinkel,393,58.5,G Chris Gotterup G Wyndham Clark G Ryan Gerard G Michael Thorbjornsen G Benjamin James G A.J. Ewart,,,,,,,,,,,,,,,,,,,
1296,5202991477,Snimmuc300,391,58.5,G Chris Gotterup G Si Woo Kim G Ryan Gerard G Akshay Bhatia G Matti Schmid G Lee Hodges,,,,,,,,,,,,,,,,,,,
1296,5203208379,Burnett808,391,58.5,G Chris Gotterup G Si Woo Kim G Ryan Gerard G Akshay Bhatia G Ben Kohles G Brad Dalke,,,,,,,,,,,,,,,,,,,
1296,5203076382,Jhawks1881,390,58.5,G Si Woo Kim G Wyndham Clark G Akshay Bhatia G Jacob Bridgeman G Ryo Hisatsune G Nick Taylor,,,,,,,,,,,,,,,,,,,
1296,5203199141,Ditka77,387,58.5,G Chris Gotterup G Si Woo Kim G Hideki Matsuyama G Ryo Hisatsune G Ricky Castillo G Lucas Glover,,,,,,,,,,,,,,,,,,,
1296,5203164258,DocDiddy11,382,58.5,G Cameron Young G Jackson Koivun G Akshay Bhatia G Ben Kohles G Joel Dahmen G Zac Blair,,,,,,,,,,,,,,,,,,,
1296,5203002384,Heppcat33,377,58.5,G Cameron Young G Chris Gotterup G Jackson Koivun G Chandler Phillips G Davis Chatfield G Zac Blair,,,,,,,,,,,,,,,,,,,
1296,5203009015,rayray5102,377,58.5,G Cameron Young G Chris Gotterup G Jackson Koivun G Chandler Phillips G Davis Chatfield G Zac Blair,,,,,,,,,,,,,,,,,,,
1296,5200604915,bradydignan4,376,58.5,G Jackson Koivun G Akshay Bhatia G Jacob Bridgeman G Davis Thompson G Christiaan Bezuidenhout G Lucas Glover,,,,,,,,,,,,,,,,,,,
1296,5202014823,simbydog1,373,58.5,G Xander Schauffele G Chris Gotterup G Si Woo Kim G Austin Smotherman G Dylan Wu G Zac Blair,,,,,,,,,,,,,,,,,,,
1329,5203250111,McCoywitfries32,413,58,G Cameron Young G Hideki Matsuyama G Rickie Fowler G Corey Conners G Jordan L. Smith G Mackenzie Hughes,,,,,,,,,,,,,,,,,,,
1329,5200613526,bigwheelio,407,58,G Chris Gotterup G Hideki Matsuyama G Ben Griffin G Michael Brennan G Jordan L. Smith G Michael Kim,,,,,,,,,,,,,,,,,,,
1329,5200806666,markm22,407,58,G Cameron Young G Chris Gotterup G Michael Brennan G Max Greyserman G Ben Kohles G Michael Kim,,,,,,,,,,,,,,,,,,,
1329,5201554884,cheese85,407,58,G Chris Gotterup G Patrick Cantlay G Ben Griffin G Denny McCarthy G Corey Conners G Michael Kim,,,,,,,,,,,,,,,,,,,
1329,5201688559,mikenole77,407,58,G Chris Gotterup G Russell Henley G Hideki Matsuyama G Jackson Suber G Ben Kohles G Michael Kim,,,,,,,,,,,,,,,,,,,
1329,5203005834,manspider69,407,58,G Chris Gotterup G Hideki Matsuyama G Ben Griffin G Jacob Bridgeman G Jordan L. Smith G Michael Kim,,,,,,,,,,,,,,,,,,,
1329,5200599814,crackadaz,406,58,G Cameron Young G Wyndham Clark G Jacob Bridgeman G Ryo Hisatsune G Corey Conners G Michael Kim,,,,,,,,,,,,,,,,,,,
1329,5201241465,Hovey64,406,58,G Cameron Young G Wyndham Clark G Jacob Bridgeman G Ryo Hisatsune G Jackson Suber G Michael Kim,,,,,,,,,,,,,,,,,,,
1329,5202180434,JohnE1020,401,58,G Ben Griffin G Jake Knapp G Harris English G Akshay Bhatia G Rickie Fowler G Aldrich Potgieter,,,,,,,,,,,,,,,,,,,
1329,5201296992,UNIHawk82,399,58,G Chris Gotterup G Hideki Matsuyama G Ryan Gerard G Jacob Bridgeman G Ryo Hisatsune G Ricky Castillo,,,,,,,,,,,,,,,,,,,
1329,5202317568,rburbrink,399,58,G Chris Gotterup G Hideki Matsuyama G Ryan Gerard G Jacob Bridgeman G Ryo Hisatsune G Ricky Castillo,,,,,,,,,,,,,,,,,,,
1329,5202754354,holly.89,399,58,G Chris Gotterup G Hideki Matsuyama G Ryan Gerard G Jacob Bridgeman G Ryo Hisatsune G Ricky Castillo,,,,,,,,,,,,,,,,,,,
1329,5203028256,MagicPotion,399,58,G Chris Gotterup G Hideki Matsuyama G Ryan Gerard G Jacob Bridgeman G Ryo Hisatsune G Ricky Castillo,,,,,,,,,,,,,,,,,,,
1329,5203030902,schu8016,399,58,G Cameron Young G Chris Gotterup G Jordan Spieth G Ryo Hisatsune G Nick Taylor G Ricky Castillo,,,,,,,,,,,,,,,,,,,
1329,5203221250,Abbys_Army,398,58,G Wyndham Clark G Hideki Matsuyama G Ryan Gerard G Nicolai Højgaard G Rasmus Neergaard-Petersen G Ricky Castillo,,,,,,,,,,,,,,,,,,,
1329,5201584306,fulgrowdpig,396,58,G Hideki Matsuyama G Ben Griffin G Jake Knapp G Ryan Gerard G Christiaan Bezuidenhout G Emiliano Grillo,,,,,,,,,,,,,,,,,,,
1329,5203074923,pgibb,396,58,G Cameron Young G Si Woo Kim G Jake Knapp G Rasmus Neergaard-Petersen G Emiliano Grillo G Mark Hubbard,,,,,,,,,,,,,,,,,,,
1329,5203115921,hart132,396,58,G Cameron Young G Hideki Matsuyama G Ryan Gerard G Ben Kohles G Christiaan Bezuidenhout G Emiliano Grillo,,,,,,,,,,,,,,,,,,,
1329,5200950582,coleandash,394,58,G Chris Gotterup G Jackson Koivun G Michael Brennan G Marco Penge G Davis Thompson G Johnny Keefer,,,,,,,,,,,,,,,,,,,
1329,5203191267,dylan2207,394,58,G Si Woo Kim G Wyndham Clark G Hideki Matsuyama G Doug Ghim G Pierceson Coody G Ben Kohles,,,,,,,,,,,,,,,,,,,
1329,5202418939,rqualey,393,58,G Jackson Koivun G Wyndham Clark G Jake Knapp G Davis Thompson G Johnny Keefer G Ben Kohles,,,,,,,,,,,,,,,,,,,
1329,5203141533,Npons,390,58,G Cameron Young G Ben Griffin G Ryan Gerard G Davis Thompson G Kevin Yu G Chandler Phillips,,,,,,,,,,,,,,,,,,,
1329,5203055647,Hines0311,388,58,G Chris Gotterup G Jackson Koivun G Wyndham Clark G Jackson Suber G Matthew McCarty G Nicolas Echavarria,,,,,,,,,,,,,,,,,,,
1329,5203028957,madebadchoices,386,58,G Chris Gotterup G Wyndham Clark G Jake Knapp G Rasmus Neergaard-Petersen G Aldrich Potgieter G Christiaan Bezuidenhout,,,,,,,,,,,,,,,,,,,
1329,5200970383,amerine19,384,58,G Chris Gotterup G Si Woo Kim G Jake Knapp G Corey Conners G Christiaan Bezuidenhout G Zac Blair,,,,,,,,,,,,,,,,,,,
1329,5202307144,ZEUSMAN1711,384,58,G Xander Schauffele G Si Woo Kim G Marco Penge G Eric Cole G Matt Wallace G Christiaan Bezuidenhout,,,,,,,,,,,,,,,,,,,
1329,5202392012,theJohnnyMack,383,58,G Si Woo Kim G Wyndham Clark G Hideki Matsuyama G Ryo Hisatsune G Christiaan Bezuidenhout G Zac Blair,,,,,,,,,,,,,,,,,,,
1356,5201256923,Piper41w2,402,57.5,G Si Woo Kim G Hideki Matsuyama G Rickie Fowler G Jordan Spieth G Corey Conners G Nicolas Echavarria,,,,,,,,,,,,,,,,,,,
1356,5202529188,Mclovin0218,402,57.5,G Si Woo Kim G Patrick Cantlay G Hideki Matsuyama G Rickie Fowler G Ben Kohles G Nicolas Echavarria,,,,,,,,,,,,,,,,,,,
1356,5203182019,weknapp,402,57.5,G Si Woo Kim G Hideki Matsuyama G Ben Griffin G Rickie Fowler G Jackson Suber G Nicolas Echavarria,,,,,,,,,,,,,,,,,,,
1356,5202508871,salatso22,400,57.5,G Cameron Young G Chris Gotterup G Michael Thorbjornsen G Emiliano Grillo G Sam Stevens G Sudarshan Yellamaraju,,,,,,,,,,,,,,,,,,,
1356,5201693589,yuri53,399,57.5,G Cameron Young G Russell Henley G Ryan Gerard G Ben Kohles G Nick Taylor G Emiliano Grillo,,,,,,,,,,,,,,,,,,,
1356,5202884286,willha72,399,57.5,G Si Woo Kim G Wyndham Clark G J.J. Spaun G Ryo Hisatsune G Corey Conners G Kevin Yu,,,,,,,,,,,,,,,,,,,
1356,5203259291,TeamPV,399,57.5,G Si Woo Kim G Wyndham Clark G Patrick Cantlay G Michael Brennan G Kevin Yu G Rico Hoey,,,,,,,,,,,,,,,,,,,
1356,5200632084,jp9629,397,57.5,G Si Woo Kim G Jackson Koivun G Hideki Matsuyama G Rasmus Neergaard-Petersen G Ben Kohles G Emiliano Grillo,,,,,,,,,,,,,,,,,,,
1356,5200705617,HammaTyme2122,397,57.5,G Si Woo Kim G Jackson Koivun G Hideki Matsuyama G Jackson Suber G Ben Kohles G Emiliano Grillo,,,,,,,,,,,,,,,,,,,
1356,5200706206,sprothero,397,57.5,G Si Woo Kim G Jackson Koivun G Hideki Matsuyama G Corey Conners G Ben Kohles G Emiliano Grillo,,,,,,,,,,,,,,,,,,,
1356,5201139429,timothyrobinette,397,57.5,G Si Woo Kim G Jackson Koivun G Hideki Matsuyama G Jacob Bridgeman G Emiliano Grillo G Zachary Bauchou,,,,,,,,,,,,,,,,,,,
1356,5202390411,tommy2121,397,57.5,G Cameron Young G Jake Knapp G Ryan Gerard G Ryo Hisatsune G Christiaan Bezuidenhout G Ricky Castillo,,,,,,,,,,,,,,,,,,,
1356,5202972521,kikas02,397,57.5,G Xander Schauffele G Jackson Koivun G Hideki Matsuyama G Jordan Spieth G Tony Finau G Brad Dalke,,,,,,,,,,,,,,,,,,,
1356,5202990126,ajpwx7,397,57.5,G Si Woo Kim G Jackson Koivun G Hideki Matsuyama G Corey Conners G Ben Kohles G Emiliano Grillo,,,,,,,,,,,,,,,,,,,
1356,5203037387,Rhino1979,397,57.5,G Si Woo Kim G Jackson Koivun G Jake Knapp G Rasmus Neergaard-Petersen G Ben Kohles G Emiliano Grillo,,,,,,,,,,,,,,,,,,,
1356,5203189032,bigbluer3,397,57.5,G Si Woo Kim G Jackson Koivun G Hideki Matsuyama G Denny McCarthy G Ben Kohles G Emiliano Grillo,,,,,,,,,,,,,,,,,,,
1356,5202262533,Mortzy77,395,57.5,G Cameron Young G Chris Gotterup G Eric Cole G Corey Conners G Ben Kohles G Ricky Castillo,,,,,,,,,,,,,,,,,,,
1356,5203152342,ryrobins,392,57.5,G Si Woo Kim G Russell Henley G Ryan Gerard G Akshay Bhatia G Nick Taylor G Zachary Bauchou,,,,,,,,,,,,,,,,,,,
1356,5201464603,Yikes4U,388,57.5,G Xander Schauffele G Chris Gotterup G Eric Cole G Corey Conners G Pierceson Coody G Max Greyserman,,,,,,,,,,,,,,,,,,,
1356,5200604069,lougehrig4,387,57.5,G Chris Gotterup G Si Woo Kim G Ryan Gerard G Jacob Bridgeman G Ben Kohles G Zac Blair,,,,,,,,,,,,,,,,,,,
1356,5202244708,rareiam,387,57.5,G Chris Gotterup G Si Woo Kim G Ryan Gerard G Jordan Spieth G Denny McCarthy G Zac Blair,,,,,,,,,,,,,,,,,,,
1356,5200699556,TTewks,386,57.5,G Jackson Koivun G Hideki Matsuyama G Ryan Gerard G Michael Brennan G Eric Cole G Aldrich Potgieter,,,,,,,,,,,,,,,,,,,
1356,5202421425,MannyManHugs,386,57.5,G Si Woo Kim G Wyndham Clark G Ryan Gerard G Jacob Bridgeman G Ryo Hisatsune G Zac Blair,,,,,,,,,,,,,,,,,,,
1356,5202625333,ppwl1,386,57.5,G Si Woo Kim G Wyndham Clark G Ryan Gerard G Jacob Bridgeman G Ryo Hisatsune G Zac Blair,,,,,,,,,,,,,,,,,,,
1356,5201745466,reflog8703,385,57.5,G Xander Schauffele G Si Woo Kim G Russell Henley G Ryan Gerard G Kevin Streelman G Ryan Celano,,,,,,,,,,,,,,,,,,,
1356,5201690842,deraldo,381,57.5,G Chris Gotterup G Wyndham Clark G Hideki Matsuyama G Rasmus Neergaard-Petersen G Seamus Power G Zac Blair,,,,,,,,,,,,,,,,,,,
1382,5200613751,kmcmanus1313,409,57,G Jackson Koivun G Nicolai Højgaard G Michael Thorbjornsen G Rickie Fowler G Michael Brennan G Marco Penge,,,,,,,,,,,,,,,,,,,
1382,5200971410,kriegs321,409,57,G Jackson Koivun G Hideki Matsuyama G Rickie Fowler G Michael Brennan G Jacob Bridgeman G Ryo Hisatsune,,,,,,,,,,,,,,,,,,,
1382,5201034355,skinman203,409,57,G Jackson Koivun G Jake Knapp G Nicolai Højgaard G Rickie Fowler G Jacob Bridgeman G Rasmus Neergaard-Petersen,,,,,,,,,,,,,,,,,,,
1382,5201068088,MattyH23,409,57,G Cameron Young G Jackson Koivun G Jake Knapp G Rickie Fowler G Luke Clanton G Brad Dalke,,,,,,,,,,,,,,,,,,,
1382,5201300489,SweetAction25,409,57,G Jackson Koivun G Michael Thorbjornsen G Rickie Fowler G Michael Brennan G Jordan Spieth G Jackson Suber,,,,,,,,,,,,,,,,,,,
1382,5201318172,JMo1813,409,57,G Jackson Koivun G Russell Henley G Jake Knapp G Rickie Fowler G Jacob Bridgeman G Cameron Davis,,,,,,,,,,,,,,,,,,,
1382,5201411129,Rad566,409,57,G Jackson Koivun G Hideki Matsuyama G Rickie Fowler G Michael Brennan G Jacob Bridgeman G Jordan Spieth,,,,,,,,,,,,,,,,,,,
1382,5201617394,sleemans,409,57,G Jackson Koivun G Hideki Matsuyama G Rickie Fowler G Jacob Bridgeman G Ryo Hisatsune G Corey Conners,,,,,,,,,,,,,,,,,,,
1382,5201622339,GoPokes187,409,57,G Jackson Koivun G Hideki Matsuyama G J.J. Spaun G Rickie Fowler G Corey Conners G Max Greyserman,,,,,,,,,,,,,,,,,,,
1382,5201770187,Roach032,409,57,G Jackson Koivun G Harris English G Michael Thorbjornsen G Rickie Fowler G Michael Brennan G Jacob Bridgeman,,,,,,,,,,,,,,,,,,,
1382,5202217496,GaryoDK,409,57,G Cameron Young G Jackson Koivun G Rickie Fowler G Jordan Spieth G Ben Kohles G Billy Horschel,,,,,,,,,,,,,,,,,,,
1382,5202610656,sass4473,409,57,G Jackson Koivun G Russell Henley G Jake Knapp G Rickie Fowler G Jackson Suber G Sungjae Im,,,,,,,,,,,,,,,,,,,
1382,5202628482,chrisrobin19,409,57,G Jackson Koivun G Hideki Matsuyama G Michael Thorbjornsen G Rickie Fowler G Ryo Hisatsune G Denny McCarthy,,,,,,,,,,,,,,,,,,,
1382,5202903036,mikewissmann,409,57,G Cameron Young G Jackson Koivun G Jake Knapp G Rickie Fowler G Andrew Putnam G Patrick Rodgers,,,,,,,,,,,,,,,,,,,
1382,5203174682,Maguel84,409,57,G Jackson Koivun G Hideki Matsuyama G Michael Thorbjornsen G Rickie Fowler G Ryo Hisatsune G Ben Kohles,,,,,,,,,,,,,,,,,,,
1382,5200868464,fullerf54,408,57,G Cameron Young G Jackson Koivun G Keegan Bradley G Denny McCarthy G Corey Conners G Ben Kohles,,,,,,,,,,,,,,,,,,,
1382,5201256354,catconnection,408,57,G Jackson Koivun G Jake Knapp G Harris English G Michael Brennan G Keegan Bradley G Ryo Hisatsune,,,,,,,,,,,,,,,,,,,
1382,5201916720,Alshon_BottleRocket,408,57,G Jackson Koivun G Jake Knapp G Harris English G Michael Brennan G Keegan Bradley G Ryo Hisatsune,,,,,,,,,,,,,,,,,,,
1382,5202589416,FlatzKixAss,408,57,G Jackson Koivun G Jake Knapp G Nicolai Højgaard G Keegan Bradley G Ryo Hisatsune G Jackson Suber,,,,,,,,,,,,,,,,,,,
1382,5202632118,muttcutts,408,57,G Jackson Koivun G Russell Henley G Ben Griffin G Keegan Bradley G Corey Conners G Sungjae Im,,,,,,,,,,,,,,,,,,,
1382,5202786037,acreel34,408,57,G Cameron Young G J.J. Spaun G Ryan Gerard G Jacob Bridgeman G Michael Kim G Sungjae Im,,,,,,,,,,,,,,,,,,,
1382,5202875042,Bengals9285,408,57,G Cameron Young G Jake Knapp G Ryan Gerard G Jackson Suber G Ben Kohles G Michael Kim,,,,,,,,,,,,,,,,,,,
1382,5203060538,sadiemoneybaby,408,57,G Hideki Matsuyama G Jake Knapp G J.J. Spaun G Ryan Gerard G Jackson Suber G Michael Kim,,,,,,,,,,,,,,,,,,,
1382,5203068591,joestanton234,408,57,G Jackson Koivun G Jake Knapp G Nicolai Højgaard G Michael Thorbjornsen G Keegan Bradley G Jackson Suber,,,,,,,,,,,,,,,,,,,
1382,5203260936,SCGUY,408,57,G Russell Henley G Jake Knapp G J.J. Spaun G Ryan Gerard G Jackson Suber G Michael Kim,,,,,,,,,,,,,,,,,,,
1382,5201347123,ramtor,404,57,G Cameron Young G Chris Gotterup G Jake Knapp G Ben Kohles G Aldrich Potgieter G Gordon Sargent,,,,,,,,,,,,,,,,,,,
1382,5203103091,mkp23,399,57,G Cameron Young G Chris Gotterup G Akshay Bhatia G Denny McCarthy G Corey Conners G Davis Riley,,,,,,,,,,,,,,,,,,,
1382,5200655347,kcweir1087,398,57,G Jackson Koivun G Patrick Cantlay G Jake Knapp G Akshay Bhatia G Tony Finau G Sungjae Im,,,,,,,,,,,,,,,,,,,
1382,5202176496,joesolo1,398,57,G Si Woo Kim G Jackson Koivun G Hideki Matsuyama G Ryo Hisatsune G Ben Kohles G Ricky Castillo,,,,,,,,,,,,,,,,,,,
1382,5201702116,Sparks177,396,57,G Si Woo Kim G Wyndham Clark G Patrick Cantlay G Pierceson Coody G Johnny Keefer G Beau Hossler,,,,,,,,,,,,,,,,,,,
1382,5202837538,Jazzraz,394,57,G Xander Schauffele G Chris Gotterup G Denny McCarthy G Corey Conners G Doug Ghim G Pierceson Coody,,,,,,,,,,,,,,,,,,,
1382,5201664561,hjbreton,393,57,G Xander Schauffele G Si Woo Kim G Jake Knapp G Nick Taylor G Sam Stevens G Steven Fisk,,,,,,,,,,,,,,,,,,,
1382,5202014802,Brinkerj3,393,57,G Xander Schauffele G Wyndham Clark G Michael Brennan G Denny McCarthy G Doug Ghim G Pierceson Coody,,,,,,,,,,,,,,,,,,,
1382,5202967609,Cedarmanx,393,57,G Chris Gotterup G Jackson Koivun G Jake Knapp G Johnny Keefer G Ben Kohles G Aldrich Potgieter,,,,,,,,,,,,,,,,,,,
1382,5203256742,longone53,393,57,G Chris Gotterup G Jackson Koivun G Ryan Gerard G Jacob Bridgeman G Ben Kohles G Davis Chatfield,,,,,,,,,,,,,,,,,,,
1382,5201766965,Lbirds33,388,57,G Si Woo Kim G Ryan Gerard G Akshay Bhatia G Michael Thorbjornsen G Eric Cole G Jackson Suber,,,,,,,,,,,,,,,,,,,
1382,5202871743,TroyGilly91,388,57,G Si Woo Kim G Jackson Koivun G Jake Knapp G Davis Thompson G Christiaan Bezuidenhout G Jordan L. Smith,,,,,,,,,,,,,,,,,,,
1382,5202924921,STEELinthegame,387,57,G Wyndham Clark G Ben Griffin G Ryan Gerard G Michael Brennan G Aldrich Potgieter G Christiaan Bezuidenhout,,,,,,,,,,,,,,,,,,,
1382,5201300215,DGallagher32,386,57,G Wyndham Clark G Patrick Cantlay G Ben Griffin G Ryan Gerard G Christiaan Bezuidenhout G William Mouw,,,,,,,,,,,,,,,,,,,
1382,5202575507,cmo2547,386,57,G Cameron Young G Si Woo Kim G J.J. Spaun G Aldrich Potgieter G Ricky Castillo G Zac Blair,,,,,,,,,,,,,,,,,,,
1382,5202815631,dogsden,385,57,G Cameron Young G Si Woo Kim G Ryan Gerard G Christiaan Bezuidenhout G John Parry G Zac Blair,,,,,,,,,,,,,,,,,,,
1382,5202336814,BushWood_2229,383,57,G Chris Gotterup G Si Woo Kim G Jake Knapp G Eric Cole G Ben Kohles G Zac Blair,,,,,,,,,,,,,,,,,,,
1382,5200958367,K-MoneyRecords,337,57,G Jackson Koivun G Russell Henley G Rickie Fowler G Brooks Koepka G Jackson Suber G Denny McCarthy,,,,,,,,,,,,,,,,,,,
1425,5201691556,Gippo,409,56.5,G Cameron Young G Russell Henley G Jake Knapp G Ben Kohles G Kevin Yu G Chris Kirk,,,,,,,,,,,,,,,,,,,
1425,5201432903,trampa,404,56.5,G Xander Schauffele G Hideki Matsuyama G Jake Knapp G Rickie Fowler G Ben Kohles G Davis Chatfield,,,,,,,,,,,,,,,,,,,
1425,5203092346,Garbrochill17,404,56.5,G Cameron Young G Xander Schauffele G Jake Knapp G Rickie Fowler G Brad Dalke G Ryan Ruffels,,,,,,,,,,,,,,,,,,,
1425,5202755589,rpr12498,402,56.5,G Chris Gotterup G Hideki Matsuyama G Jake Knapp G Jackson Suber G Pierceson Coody G Kevin Yu,,,,,,,,,,,,,,,,,,,
1425,5203182022,SFBaywarrior,402,56.5,G Cameron Young G Chris Gotterup G Michael Thorbjornsen G Johnny Keefer G Emiliano Grillo G Kevin Roy,,,,,,,,,,,,,,,,,,,
1425,5201473585,jakedw7,401,56.5,G Si Woo Kim G Jake Knapp G Ryan Gerard G Harris English G Max Greyserman G Kevin Yu,,,,,,,,,,,,,,,,,,,
1425,5202216818,fritel08,401,56.5,G Cameron Young G Wyndham Clark G Jake Knapp G Pierceson Coody G Kevin Yu G Tom Hoge,,,,,,,,,,,,,,,,,,,
1425,5202199228,SDMHomes,399,56.5,G Xander Schauffele G Russell Henley G Ryan Gerard G Jacob Bridgeman G Jordan Spieth G Davis Riley,,,,,,,,,,,,,,,,,,,
1425,5201776199,Tamarie,395,56.5,G Chris Gotterup G Si Woo Kim G Akshay Bhatia G Johnny Keefer G Rasmus Neergaard-Petersen G Mac Meissner,,,,,,,,,,,,,,,,,,,
1425,5201588065,meaderry,394,56.5,G Chris Gotterup G Wyndham Clark G Michael Thorbjornsen G Davis Thompson G Jackson Suber G Johnny Keefer,,,,,,,,,,,,,,,,,,,
1425,5202480247,scout326,391,56.5,G Si Woo Kim G Jackson Koivun G Ryan Gerard G Davis Thompson G Ryo Hisatsune G Sudarshan Yellamaraju,,,,,,,,,,,,,,,,,,,
1425,5202599370,Olieboy43,389,56.5,G Chris Gotterup G Si Woo Kim G Jake Knapp G Denny McCarthy G Doug Ghim G Zac Blair,,,,,,,,,,,,,,,,,,,
1425,5202864651,sniperelitesp,389,56.5,G Chris Gotterup G Si Woo Kim G Ben Griffin G Doug Ghim G Ben Kohles G Zac Blair,,,,,,,,,,,,,,,,,,,
1425,5202984622,alextaub1,387,56.5,G Chris Gotterup G Wyndham Clark G Ryan Gerard G Michael Thorbjornsen G Ben Kohles G Chandler Phillips,,,,,,,,,,,,,,,,,,,
1425,5202264034,Lonny55,385,56.5,G Xander Schauffele G Wyndham Clark G Ryan Gerard G Jackson Suber G Rasmus Neergaard-Petersen G Zac Blair,,,,,,,,,,,,,,,,,,,
1425,5203100732,dcrawford2424,383,56.5,G Cameron Young G Xander Schauffele G J.J. Spaun G Nick Taylor G Joel Dahmen G Zac Blair,,,,,,,,,,,,,,,,,,,
1425,5203111566,brpunkrmax,382,56.5,G Cameron Young G Wyndham Clark G Patrick Cantlay G Aldrich Potgieter G Max McGreevy G Zac Blair,,,,,,,,,,,,,,,,,,,
1425,5202280185,canocanstayiguess,376,56.5,G Chris Gotterup G Wyndham Clark G J.J. Spaun G Akshay Bhatia G Lucas Glover G William Mouw,,,,,,,,,,,,,,,,,,,
1425,5202953308,Jericaps33,375,56.5,G Xander Schauffele G Jackson Koivun G Ryan Gerard G Michael Brennan G Lucas Glover G Chandler Phillips,,,,,,,,,,,,,,,,,,,
1444,5201986109,austinvt,410,56,G Cameron Young G Hideki Matsuyama G Corey Conners G Michael Kim G Sam Stevens G Sungjae Im,,,,,,,,,,,,,,,,,,,
1444,5202519341,dlmurray24,410,56,G Cameron Young G Ben Griffin G J.J. Spaun G Mac Meissner G Michael Kim G Sam Stevens,,,,,,,,,,,,,,,,,,,
1444,5202599073,vanbroekjam3s,410,56,G Cameron Young G Patrick Cantlay G J.J. Spaun G Mac Meissner G Michael Kim G Sam Stevens,,,,,,,,,,,,,,,,,,,
1444,5202284595,ryanmitchell81,408,56,G Cameron Young G Patrick Cantlay G Ben Griffin G Tony Finau G Chris Kirk G Kevin Roy,,,,,,,,,,,,,,,,,,,
1444,5201070172,joey19votto,402,56,G Cameron Young G Chris Gotterup G Jake Knapp G Michael Brennan G Chandler Phillips G Gordon Sargent,,,,,,,,,,,,,,,,,,,
1444,5201438371,billbasden527,402,56,G Russell Henley G Hideki Matsuyama G Akshay Bhatia G Nicolai Højgaard G Rickie Fowler G Nicolas Echavarria,,,,,,,,,,,,,,,,,,,
1444,5202682325,mikedga,402,56,G Cameron Young G Akshay Bhatia G Rickie Fowler G Nicolas Echavarria G Erik Van Rooyen G Webb Simpson,,,,,,,,,,,,,,,,,,,
1444,5203117018,bralenjosiah8,399,56,G Wyndham Clark G Russell Henley G Akshay Bhatia G Jacob Bridgeman G Matt Wallace G Kevin Yu,,,,,,,,,,,,,,,,,,,
1444,5201067180,deweybob,398,56,G Chris Gotterup G Si Woo Kim G Hideki Matsuyama G Ryo Hisatsune G Emiliano Grillo G A.J. Ewart,,,,,,,,,,,,,,,,,,,
1444,5202422754,baileydog10,398,56,G Chris Gotterup G Si Woo Kim G J.J. Spaun G Harris English G Emiliano Grillo G Dylan Wu,,,,,,,,,,,,,,,,,,,
1444,5202783893,fanuch4,398,56,G Chris Gotterup G Si Woo Kim G Jacob Bridgeman G Jackson Suber G Ben Kohles G Emiliano Grillo,,,,,,,,,,,,,,,,,,,
1444,5203147800,vcfbpearson,398,56,G Chris Gotterup G Si Woo Kim G Patrick Cantlay G Ben Kohles G Emiliano Grillo G Kevin Roy,,,,,,,,,,,,,,,,,,,
1444,5201214157,DoctorZ420,397,56,G Jackson Koivun G Hideki Matsuyama G Akshay Bhatia G Jordan Spieth G Ryo Hisatsune G Emiliano Grillo,,,,,,,,,,,,,,,,,,,
1444,5202329830,DumbluckLRP,397,56,G Xander Schauffele G Wyndham Clark G Patrick Cantlay G Jacob Bridgeman G Tony Finau G Brad Dalke,,,,,,,,,,,,,,,,,,,
1444,5202394585,juicewater,397,56,G Cameron Young G Jackson Koivun G Akshay Bhatia G Denny McCarthy G Emiliano Grillo G Sungjae Im,,,,,,,,,,,,,,,,,,,
1444,5203143761,Cashis89,397,56,G Xander Schauffele G Jackson Koivun G Jake Knapp G Michael Brennan G Ricky Castillo G William Jennings,,,,,,,,,,,,,,,,,,,
1444,5203185955,BarDownSniper24,397,56,G Si Woo Kim G Wyndham Clark G Russell Henley G Rasmus Neergaard-Petersen G Ben Kohles G Emiliano Grillo,,,,,,,,,,,,,,,,,,,
1444,5200618478,dbuck182,395,56,G Si Woo Kim G Jackson Koivun G Jake Knapp G Corey Conners G Benjamin James G Harry Hall,,,,,,,,,,,,,,,,,,,
1444,5201059979,PthWillet,395,56,G Chris Gotterup G Ben Griffin G Ryan Gerard G Nicolai Højgaard G Davis Thompson G Neal Shipley,,,,,,,,,,,,,,,,,,,
1444,5203181335,Bigjeff234,395,56,G Si Woo Kim G Jackson Koivun G Patrick Cantlay G Doug Ghim G Ben Kohles G Keita Nakajima,,,,,,,,,,,,,,,,,,,
1444,5203125210,jzim103,393,56,G Cameron Young G Chris Gotterup G Davis Thompson G Johnny Keefer G Ben Kohles G Christiaan Bezuidenhout,,,,,,,,,,,,,,,,,,,
1444,5200606056,jmussay12,390,56,G Jackson Koivun G Wyndham Clark G Jake Knapp G Michael Thorbjornsen G Johnny Keefer G Chandler Phillips,,,,,,,,,,,,,,,,,,,
1444,5202197403,Smittysox,390,56,G Cameron Young G Jackson Koivun G Ryan Gerard G Doug Ghim G Ben Kohles G Chandler Phillips,,,,,,,,,,,,,,,,,,,
1444,5201561463,cgeezyUBK,389,56,G Chris Gotterup G Jackson Koivun G Ben Griffin G Corey Conners G Johnny Keefer G Nick Dunlap,,,,,,,,,,,,,,,,,,,
1444,5202309765,udave55,389,56,G Xander Schauffele G Jackson Koivun G J.J. Spaun G Jackson Suber G Johnny Keefer G Zac Blair,,,,,,,,,,,,,,,,,,,
1444,5203126518,rxendaddy,389,56,G Cameron Young G Wyndham Clark G Davis Thompson G Eric Cole G Jackson Suber G Doug Ghim,,,,,,,,,,,,,,,,,,,
1444,5201450209,atrain02s,387,56,G Si Woo Kim G Jackson Koivun G Patrick Cantlay G Mac Meissner G Aldrich Potgieter G Christiaan Bezuidenhout,,,,,,,,,,,,,,,,,,,
1444,5200802915,w1Ldc8t-1,384,56,G Cameron Young G Xander Schauffele G Ryan Gerard G Christiaan Bezuidenhout G Andrew Putnam G Zac Blair,,,,,,,,,,,,,,,,,,,
1444,5200796466,Madhands03,383,56,G Chris Gotterup G Wyndham Clark G Hideki Matsuyama G Eric Cole G Jackson Suber G Chandler Phillips,,,,,,,,,,,,,,,,,,,
1473,5200590415,Lefty78,410,55.5,G Chris Gotterup G Hideki Matsuyama G Rickie Fowler G Jacob Bridgeman G Ryo Hisatsune G Corey Conners,,,,,,,,,,,,,,,,,,,
1473,5200978389,RespectTheDon,410,55.5,G Chris Gotterup G Jake Knapp G Rickie Fowler G Michael Brennan G Jacob Bridgeman G Ben Kohles,,,,,,,,,,,,,,,,,,,
1473,5201296000,Gielow21BDG,410,55.5,G Chris Gotterup G Ben Griffin G Michael Thorbjornsen G Rickie Fowler G Jacob Bridgeman G Sungjae Im,,,,,,,,,,,,,,,,,,,
1473,5201472375,mikee560,410,55.5,G Chris Gotterup G Hideki Matsuyama G Michael Thorbjornsen G Rickie Fowler G Corey Conners G Ben Kohles,,,,,,,,,,,,,,,,,,,
1473,5201645813,benjihogan,410,55.5,G Chris Gotterup G Hideki Matsuyama G J.J. Spaun G Rickie Fowler G Rasmus Neergaard-Petersen G Rico Hoey,,,,,,,,,,,,,,,,,,,
1473,5201724939,colemmi,410,55.5,G Chris Gotterup G Patrick Cantlay G Michael Thorbjornsen G Rickie Fowler G Corey Conners G Max Greyserman,,,,,,,,,,,,,,,,,,,
1473,5202033150,mraymer,410,55.5,G Chris Gotterup G Hideki Matsuyama G Rickie Fowler G Jacob Bridgeman G Ryo Hisatsune G Corey Conners,,,,,,,,,,,,,,,,,,,
1473,5202638104,kpants89,410,55.5,G Chris Gotterup G Hideki Matsuyama G Rickie Fowler G Jacob Bridgeman G Ryo Hisatsune G Jackson Suber,,,,,,,,,,,,,,,,,,,
1473,5203063480,JDMac11,410,55.5,G Chris Gotterup G Russell Henley G Rickie Fowler G Jacob Bridgeman G Denny McCarthy G Corey Conners,,,,,,,,,,,,,,,,,,,
1473,5203131688,danthemantran,410,55.5,G Chris Gotterup G Hideki Matsuyama G Jake Knapp G Rickie Fowler G Ben Kohles G Billy Horschel,,,,,,,,,,,,,,,,,,,
1473,5203176186,BDelta5000,410,55.5,G Chris Gotterup G Ben Griffin G Michael Thorbjornsen G Rickie Fowler G Corey Conners G Ben Kohles,,,,,,,,,,,,,,,,,,,
1473,5200578755,kmulligan537,409,55.5,G Wyndham Clark G Jake Knapp G Nicolai Højgaard G Rickie Fowler G Ryo Hisatsune G Ben Kohles,,,,,,,,,,,,,,,,,,,
1473,5200743375,yabbas,409,55.5,G Chris Gotterup G J.J. Spaun G Michael Brennan G Jacob Bridgeman G Keegan Bradley G Marco Penge,,,,,,,,,,,,,,,,,,,
1473,5200839829,mindastray31,409,55.5,G Chris Gotterup G Ben Griffin G J.J. Spaun G Keegan Bradley G Corey Conners G Jordan L. Smith,,,,,,,,,,,,,,,,,,,
1473,5200850852,Rocksteady247,409,55.5,G Wyndham Clark G Russell Henley G Hideki Matsuyama G Rickie Fowler G Jordan Spieth G Andrew Putnam,,,,,,,,,,,,,,,,,,,
1473,5200877115,tkrall,409,55.5,G Wyndham Clark G Russell Henley G Harris English G Rickie Fowler G Ryo Hisatsune G Ben Kohles,,,,,,,,,,,,,,,,,,,
1473,5200905389,deuces_wild,409,55.5,G Wyndham Clark G Hideki Matsuyama G Nicolai Højgaard G Rickie Fowler G Jacob Bridgeman G Rasmus Neergaard-Petersen,,,,,,,,,,,,,,,,,,,
1473,5201043833,Olmsted11,409,55.5,G Wyndham Clark G Hideki Matsuyama G Ben Griffin G Rickie Fowler G Rasmus Neergaard-Petersen G Max Greyserman,,,,,,,,,,,,,,,,,,,
1473,5201293793,KingPook23,409,55.5,G Wyndham Clark G Russell Henley G Hideki Matsuyama G Rickie Fowler G Jordan Spieth G Andrew Putnam,,,,,,,,,,,,,,,,,,,
1473,5201501749,cglenn91,409,55.5,G Chris Gotterup G Russell Henley G J.J. Spaun G Keegan Bradley G Ben Kohles G Jordan L. Smith,,,,,,,,,,,,,,,,,,,
1473,5201515992,courtesyflush,409,55.5,G Chris Gotterup G Hideki Matsuyama G Jacob Bridgeman G Keegan Bradley G Jordan Spieth G Ryo Hisatsune,,,,,,,,,,,,,,,,,,,
1473,5202058685,rlewis1323,409,55.5,G Wyndham Clark G Ben Griffin G Harris English G Michael Thorbjornsen G Rickie Fowler G Sungjae Im,,,,,,,,,,,,,,,,,,,
1473,5202452151,jlln420,409,55.5,G Chris Gotterup G Patrick Cantlay G Hideki Matsuyama G Keegan Bradley G Denny McCarthy G Andrew Putnam,,,,,,,,,,,,,,,,,,,
1473,5202625510,Drawingdead13,409,55.5,G Wyndham Clark G Hideki Matsuyama G Harris English G Rickie Fowler G Ryo Hisatsune G Corey Conners,,,,,,,,,,,,,,,,,,,
1473,5202707160,sixsixx,409,55.5,G Chris Gotterup G Hideki Matsuyama G Jacob Bridgeman G Keegan Bradley G Ryo Hisatsune G Jackson Suber,,,,,,,,,,,,,,,,,,,
1473,5202806694,boomersooner276,409,55.5,G Cameron Young G Chris Gotterup G Keegan Bradley G Matt Wallace G Ben Kohles G Jordan L. Smith,,,,,,,,,,,,,,,,,,,
1473,5202925145,Djclueless716,409,55.5,G Wyndham Clark G Hideki Matsuyama G Jake Knapp G Rickie Fowler G Jackson Suber G Ben Kohles,,,,,,,,,,,,,,,,,,,
1473,5202959168,LimitedTimeOnly,409,55.5,G Cameron Young G Chris Gotterup G Keegan Bradley G Corey Conners G Mac Meissner G A.J. Ewart,,,,,,,,,,,,,,,,,,,
1473,5203056269,JNorth1989,409,55.5,G Chris Gotterup G Ben Griffin G J.J. Spaun G Keegan Bradley G Corey Conners G Ben Kohles,,,,,,,,,,,,,,,,,,,
1473,5203183710,Saginaw66,409,55.5,G Wyndham Clark G Ben Griffin G Jake Knapp G Rickie Fowler G Jackson Suber G Max Greyserman,,,,,,,,,,,,,,,,,,,
1473,5203212257,ncrugger7,409,55.5,G Wyndham Clark G Jake Knapp G Nicolai Højgaard G Rickie Fowler G Jacob Bridgeman G Ryo Hisatsune,,,,,,,,,,,,,,,,,,,
1473,5201253608,bigbuckeye71,408,55.5,G Wyndham Clark G Ben Griffin G Michael Thorbjornsen G Michael Brennan G Jacob Bridgeman G Keegan Bradley,,,,,,,,,,,,,,,,,,,
1473,5202332060,gmfamoso,408,55.5,G Wyndham Clark G Patrick Cantlay G J.J. Spaun G Michael Brennan G Keegan Bradley G Sungjae Im,,,,,,,,,,,,,,,,,,,
1473,5203051464,Jacob1234D,408,55.5,G Wyndham Clark G Hideki Matsuyama G J.J. Spaun G Keegan Bradley G Ryo Hisatsune G Jackson Suber,,,,,,,,,,,,,,,,,,,
1473,5200620914,jrdavis1717,404,55.5,G Chris Gotterup G Ben Griffin G J.J. Spaun G Ryan Gerard G Matthew McCarty G Patrick Fishburn,,,,,,,,,,,,,,,,,,,
1473,5202211784,xG00NIEx,403,55.5,G Si Woo Kim G Russell Henley G Hideki Matsuyama G Ryo Hisatsune G Doug Ghim G Kevin Yu,,,,,,,,,,,,,,,,,,,
1473,5203224413,macktyson,403,55.5,G Si Woo Kim G Russell Henley G Nicolai Højgaard G Michael Thorbjornsen G Doug Ghim G Kevin Yu,,,,,,,,,,,,,,,,,,,
1473,5201294458,Kurtjoneswvkurtjone,400,55.5,G Cameron Young G Wyndham Clark G Michael Brennan G Corey Conners G Aldrich Potgieter G Stephan Jaeger,,,,,,,,,,,,,,,,,,,
1473,5200568751,Gr8Escape,399,55.5,G Chris Gotterup G Jake Knapp G Ryan Gerard G Michael Brennan G Johnny Keefer G Benjamin James,,,,,,,,,,,,,,,,,,,
1473,5200637640,taruss1008,399,55.5,G Chris Gotterup G Si Woo Kim G Michael Thorbjornsen G Ryo Hisatsune G Jackson Suber G Ricky Castillo,,,,,,,,,,,,,,,,,,,
1473,5200654862,drew66,399,55.5,G Chris Gotterup G Si Woo Kim G Hideki Matsuyama G Jordan Spieth G Ricky Castillo G Matti Schmid,,,,,,,,,,,,,,,,,,,
1473,5201080579,hoovy68,399,55.5,G Chris Gotterup G Si Woo Kim G Russell Henley G Ben Kohles G Ricky Castillo G Billy Horschel,,,,,,,,,,,,,,,,,,,
1473,5203046427,Sparty-2020,399,55.5,G Chris Gotterup G Si Woo Kim G Jake Knapp G Ryo Hisatsune G Ricky Castillo G John Parry,,,,,,,,,,,,,,,,,,,
1473,5203141129,joeypackernine,399,55.5,G Chris Gotterup G Si Woo Kim G Nicolai Højgaard G Ryo Hisatsune G Sudarshan Yellamaraju G Ricky Castillo,,,,,,,,,,,,,,,,,,,
1473,5201486103,grantmitch6,398,55.5,G Cameron Young G Jackson Koivun G Akshay Bhatia G Jordan Spieth G Ricky Castillo G Rasmus Højgaard,,,,,,,,,,,,,,,,,,,
1473,5201793154,dimmerulz77,398,55.5,G Si Woo Kim G Wyndham Clark G Jake Knapp G Michael Brennan G Ben Kohles G Ricky Castillo,,,,,,,,,,,,,,,,,,,
1473,5202268888,jdhaynes,398,55.5,G Wyndham Clark G Patrick Cantlay G Jake Knapp G Akshay Bhatia G Max Greyserman G Tony Finau,,,,,,,,,,,,,,,,,,,
1473,5203114191,Drew571,398,55.5,G Jackson Koivun G Hideki Matsuyama G Akshay Bhatia G Nicolai Højgaard G Ryo Hisatsune G Ricky Castillo,,,,,,,,,,,,,,,,,,,
1473,5202917656,12PackAbs,397,55.5,G Cameron Young G Jackson Koivun G Hideki Matsuyama G Mac Meissner G Chris Kirk G William Mouw,,,,,,,,,,,,,,,,,,,
1473,5201367224,Rugdawg25,396,55.5,G Cameron Young G Si Woo Kim G Ryo Hisatsune G Rasmus Neergaard-Petersen G Christiaan Bezuidenhout G Emiliano Grillo,,,,,,,,,,,,,,,,,,,
1473,5202822611,bhoyle,396,55.5,G Cameron Young G Chris Gotterup G Davis Thompson G Doug Ghim G Sam Stevens G Sudarshan Yellamaraju,,,,,,,,,,,,,,,,,,,
1473,5203048232,mcmmike101,396,55.5,G Chris Gotterup G Jake Knapp G Ryan Gerard G Davis Thompson G Jackson Suber G Johnny Keefer,,,,,,,,,,,,,,,,,,,
1473,5203063914,Crad87,396,55.5,G Si Woo Kim G Hideki Matsuyama G Ben Griffin G Jacob Bridgeman G Christiaan Bezuidenhout G Emiliano Grillo,,,,,,,,,,,,,,,,,,,
1473,5203074320,captainzack,396,55.5,G Cameron Young G Si Woo Kim G Jacob Bridgeman G Ben Kohles G Christiaan Bezuidenhout G Emiliano Grillo,,,,,,,,,,,,,,,,,,,
1473,5203127693,crashhansen21,396,55.5,G Si Woo Kim G Hideki Matsuyama G Jake Knapp G Jacob Bridgeman G Christiaan Bezuidenhout G Emiliano Grillo,,,,,,,,,,,,,,,,,,,
1473,5202680511,joegumby21,395,55.5,G Wyndham Clark G Patrick Cantlay G Ryan Gerard G Davis Thompson G Johnny Keefer G Ben Kohles,,,,,,,,,,,,,,,,,,,
1473,5200682420,DocV4,393,55.5,G Chris Gotterup G Wyndham Clark G Ben Griffin G Ryan Gerard G Kevin Roy G Davis Chatfield,,,,,,,,,,,,,,,,,,,
1473,5200952043,nav928,393,55.5,G Chris Gotterup G Wyndham Clark G Ryan Gerard G Michael Brennan G Jackson Suber G Davis Chatfield,,,,,,,,,,,,,,,,,,,
1473,5203039348,ghendyjr,393,55.5,G Jackson Koivun G Russell Henley G Ryan Gerard G Davis Thompson G Pierceson Coody G Ben Kohles,,,,,,,,,,,,,,,,,,,
1473,5201557100,Rynoraceing,392,55.5,G Chris Gotterup G Si Woo Kim G Jacob Bridgeman G Ryo Hisatsune G Benjamin James G Christiaan Bezuidenhout,,,,,,,,,,,,,,,,,,,
1473,5202689827,Andramidus_theGreat,392,55.5,G Chris Gotterup G Wyndham Clark G Jake Knapp G Michael Brennan G Johnny Keefer G William Mouw,,,,,,,,,,,,,,,,,,,
1473,5203041616,bigs7467,391,55.5,G Chris Gotterup G Si Woo Kim G Jake Knapp G Ryo Hisatsune G Johnny Keefer G Zac Blair,,,,,,,,,,,,,,,,,,,
1473,5202843457,ffhenry2,388,55.5,G Xander Schauffele G Chris Gotterup G Nicolai Højgaard G Jordan Spieth G Sam Stevens G Zac Blair,,,,,,,,,,,,,,,,,,,
1473,5203056489,kkjdubbs,387,55.5,G Chris Gotterup G Si Woo Kim G Jackson Koivun G Jackson Suber G Chandler Phillips G A.J. Ewart,,,,,,,,,,,,,,,,,,,
1473,5203044132,sportsfan882,386,55.5,G Cameron Young G Si Woo Kim G Nicolai Højgaard G Davis Thompson G Christiaan Bezuidenhout G Joel Dahmen,,,,,,,,,,,,,,,,,,,
1473,5202384283,cameronfaulkner21,383,55.5,G Cameron Young G Chris Gotterup G Jackson Koivun G Lucas Glover G Tom Hoge G Joel Dahmen,,,,,,,,,,,,,,,,,,,
1473,5201018779,Dean8825,381,55.5,G Jackson Koivun G Wyndham Clark G Patrick Cantlay G Jacob Bridgeman G Eric Cole G Austin Smotherman,,,,,,,,,,,,,,,,,,,
1540,5200671993,CDizzle75,412,55,G Cameron Young G Hideki Matsuyama G Ben Griffin G Johnny Keefer G Michael Kim G Rico Hoey,,,,,,,,,,,,,,,,,,,
1540,5200599404,salvin,408,55,G Cameron Young G Hideki Matsuyama G Rickie Fowler G Ryo Hisatsune G Jackson Suber G Christiaan Bezuidenhout,,,,,,,,,,,,,,,,,,,
1540,5201237742,drewmcrae,408,55,G Cameron Young G Nicolai Højgaard G Rickie Fowler G Michael Brennan G Marco Penge G Christiaan Bezuidenhout,,,,,,,,,,,,,,,,,,,
1540,5201892728,sgoldberg1969,408,55,G Cameron Young G Hideki Matsuyama G Rickie Fowler G Matt Wallace G Ben Kohles G Christiaan Bezuidenhout,,,,,,,,,,,,,,,,,,,
1540,5202294514,brianolson5256,408,55,G Cameron Young G Hideki Matsuyama G Rickie Fowler G Ryo Hisatsune G Corey Conners G Christiaan Bezuidenhout,,,,,,,,,,,,,,,,,,,
1540,5202338162,cjw2268,408,55,G Russell Henley G Patrick Cantlay G Jake Knapp G Rickie Fowler G Rasmus Neergaard-Petersen G Christiaan Bezuidenhout,,,,,,,,,,,,,,,,,,,
1540,5203093181,jduknowme1,408,55,G Cameron Young G Jake Knapp G Rickie Fowler G Michael Brennan G Ben Kohles G Christiaan Bezuidenhout,,,,,,,,,,,,,,,,,,,
1540,5200648892,pigskinninja,407,55,G Patrick Cantlay G Hideki Matsuyama G Ben Griffin G Michael Brennan G Keegan Bradley G Christiaan Bezuidenhout,,,,,,,,,,,,,,,,,,,
1540,5202467705,7Jaguar7Paw7,402,55,G Si Woo Kim G Russell Henley G Patrick Cantlay G Ryo Hisatsune G Doug Ghim G Tony Finau,,,,,,,,,,,,,,,,,,,
1540,5200656261,Athanasios_9,401,55,G Cameron Young G Ryan Gerard G Harris English G Akshay Bhatia G Kevin Yu G Kevin Roy,,,,,,,,,,,,,,,,,,,
1540,5201253647,ethanjules,400,55,G Chris Gotterup G Hideki Matsuyama G Jake Knapp G Marco Penge G Davis Thompson G Chris Kirk,,,,,,,,,,,,,,,,,,,
1540,5202754584,Bigtex1963731,400,55,G Si Woo Kim G Russell Henley G Hideki Matsuyama G Akshay Bhatia G Rasmus Højgaard G Chris Kirk,,,,,,,,,,,,,,,,,,,
1540,5203045348,milesholcomb,400,55,G Si Woo Kim G Patrick Cantlay G J.J. Spaun G Akshay Bhatia G Ben Kohles G Chris Kirk,,,,,,,,,,,,,,,,,,,
1540,5203061255,pirate87,400,55,G Chris Gotterup G Patrick Cantlay G Ben Griffin G Davis Thompson G Corey Conners G Chris Kirk,,,,,,,,,,,,,,,,,,,
1540,5201614682,Kwalker01,399,55,G Cameron Young G Si Woo Kim G Ryan Gerard G Jordan L. Smith G Emiliano Grillo G Kevin Roy,,,,,,,,,,,,,,,,,,,
1540,5202327207,bobbybrew22,399,55,G Cameron Young G Wyndham Clark G J.J. Spaun G Davis Thompson G Chris Kirk G Kevin Roy,,,,,,,,,,,,,,,,,,,
1540,5202805496,FERGYBALL,399,55,G Cameron Young G Wyndham Clark G Michael Thorbjornsen G Davis Thompson G Max Greyserman G Chris Kirk,,,,,,,,,,,,,,,,,,,
1540,5203218455,packman4444,399,55,G Si Woo Kim G Jake Knapp G J.J. Spaun G Ryan Gerard G Emiliano Grillo G Kevin Roy,,,,,,,,,,,,,,,,,,,
1540,5201344654,RyanH77,398,55,G Si Woo Kim G Hideki Matsuyama G J.J. Spaun G Keegan Bradley G Corey Conners G Lucas Glover,,,,,,,,,,,,,,,,,,,
1540,5200791262,kingdankert,397,55,G Cameron Young G Si Woo Kim G Jacob Bridgeman G Ryo Hisatsune G Christiaan Bezuidenhout G Ricky Castillo,,,,,,,,,,,,,,,,,,,
1540,5201395621,tprice828,397,55,G Xander Schauffele G Chris Gotterup G Hideki Matsuyama G Emiliano Grillo G Rico Hoey G Kevin Roy,,,,,,,,,,,,,,,,,,,
1540,5201581557,bc804,397,55,G Xander Schauffele G Chris Gotterup G Jacob Bridgeman G Jackson Suber G Ben Kohles G Emiliano Grillo,,,,,,,,,,,,,,,,,,,
1540,5202038421,Gabe3524,397,55,G Cameron Young G Si Woo Kim G Jacob Bridgeman G Ryo Hisatsune G Christiaan Bezuidenhout G Ricky Castillo,,,,,,,,,,,,,,,,,,,
1540,5202739488,Tricksternate,397,55,G Si Woo Kim G Hideki Matsuyama G Jacob Bridgeman G Rasmus Neergaard-Petersen G Christiaan Bezuidenhout G Ricky Castillo,,,,,,,,,,,,,,,,,,,
1540,5202302053,ldiprizito,395,55,G Chris Gotterup G Si Woo Kim G Russell Henley G Benjamin James G Nick Taylor G Lee Hodges,,,,,,,,,,,,,,,,,,,
1540,5202197272,jpierre13,394,55,G Chris Gotterup G Jackson Koivun G Russell Henley G Johnny Keefer G Ben Kohles G Nicolas Echavarria,,,,,,,,,,,,,,,,,,,
1540,5202427768,KillahJ3,394,55,G Chris Gotterup G Patrick Cantlay G Hideki Matsuyama G Ben Kohles G Seamus Power G Emiliano Grillo,,,,,,,,,,,,,,,,,,,
1540,5201857719,mikeybiggame10,392,55,G Chris Gotterup G Wyndham Clark G Michael Brennan G Jacob Bridgeman G Davis Thompson G Pierceson Coody,,,,,,,,,,,,,,,,,,,
1540,5202364593,Dartsinside,392,55,G Chris Gotterup G Si Woo Kim G Ryan Gerard G Davis Thompson G Ben Kohles G Sungjae Im,,,,,,,,,,,,,,,,,,,
1540,5203072713,lefthander13,392,55,G Chris Gotterup G Si Woo Kim G Ryan Gerard G Davis Thompson G Ryo Hisatsune G Tom Hoge,,,,,,,,,,,,,,,,,,,
1540,5200989501,rdbyank456,391,55,G Si Woo Kim G Wyndham Clark G Ryan Gerard G Davis Thompson G Jackson Suber G Ben Kohles,,,,,,,,,,,,,,,,,,,
1540,5201595736,816ix,391,55,G Si Woo Kim G Wyndham Clark G Ryan Gerard G Davis Thompson G Jackson Suber G Ben Kohles,,,,,,,,,,,,,,,,,,,
1540,5202191245,thebronz08,391,55,G Si Woo Kim G Wyndham Clark G Ryan Gerard G Davis Thompson G Jackson Suber G Ben Kohles,,,,,,,,,,,,,,,,,,,
1540,5201091294,shakazulu84,389,55,G Chris Gotterup G Hideki Matsuyama G Ryan Gerard G Jacob Bridgeman G Christiaan Bezuidenhout G Nicolas Echavarria,,,,,,,,,,,,,,,,,,,
1540,5202182949,terry4beer,389,55,G Xander Schauffele G Patrick Cantlay G Akshay Bhatia G Eric Cole G Doug Ghim G Max Greyserman,,,,,,,,,,,,,,,,,,,
1540,5203090357,hunt2422,388,55,G Chris Gotterup G Si Woo Kim G Wyndham Clark G Ben Kohles G Jordan L. Smith G William Mouw,,,,,,,,,,,,,,,,,,,
1540,5203178655,izzoneverdies,388,55,G Jackson Koivun G Wyndham Clark G Akshay Bhatia G Jackson Suber G Rasmus Neergaard-Petersen G Aldrich Potgieter,,,,,,,,,,,,,,,,,,,
1540,5202652110,arweaver8,386,55,G Chris Gotterup G Si Woo Kim G Jake Knapp G Nicolai Højgaard G William Mouw G Joel Dahmen,,,,,,,,,,,,,,,,,,,
1540,5203101411,aschuite,386,55,G Chris Gotterup G Wyndham Clark G Jake Knapp G Davis Thompson G Seamus Power G Sungjae Im,,,,,,,,,,,,,,,,,,,
1540,5202873548,keginkc,385,55,G Si Woo Kim G Jackson Koivun G Hideki Matsuyama G Eric Cole G Ryo Hisatsune G William Mouw,,,,,,,,,,,,,,,,,,,
1540,5202438540,Constantevo,383,55,G Xander Schauffele G Russell Henley G Ryan Gerard G Eric Cole G Ben Kohles G Zac Blair,,,,,,,,,,,,,,,,,,,
1540,5202201697,olllboy,378,55,G Cameron Young G Xander Schauffele G Si Woo Kim G Chandler Phillips G Austin Smotherman G Adam Svensson,,,,,,,,,,,,,,,,,,,
1582,5200603018,joepa42,411,54.5,G Rickie Fowler G Michael Brennan G Marco Penge G Ryo Hisatsune G Rasmus Neergaard-Petersen G Nick Taylor,,,,,,,,,,,,,,,,,,,
1582,5200735242,mverfurth,411,54.5,G Ben Griffin G Jake Knapp G Ryan Gerard G Rickie Fowler G Jacob Bridgeman G Jordan Spieth,,,,,,,,,,,,,,,,,,,
1582,5201091751,ccourtney12,411,54.5,G Hideki Matsuyama G Jake Knapp G Ryan Gerard G Rickie Fowler G Jacob Bridgeman G Ryo Hisatsune,,,,,,,,,,,,,,,,,,,
1582,5201236827,thedean10,411,54.5,G Hideki Matsuyama G J.J. Spaun G Ryan Gerard G Rickie Fowler G Jacob Bridgeman G Ryo Hisatsune,,,,,,,,,,,,,,,,,,,
1582,5201240722,124337,411,54.5,G Hideki Matsuyama G Jake Knapp G Ryan Gerard G Rickie Fowler G Jacob Bridgeman G Ryo Hisatsune,,,,,,,,,,,,,,,,,,,
1582,5201279248,Tammybills66,411,54.5,G Hideki Matsuyama G Jake Knapp G Ryan Gerard G Rickie Fowler G Jacob Bridgeman G Ryo Hisatsune,,,,,,,,,,,,,,,,,,,
1582,5201287325,tdiddy6982,411,54.5,G Patrick Cantlay G Ryan Gerard G Harris English G Rickie Fowler G Jacob Bridgeman G Jordan Spieth,,,,,,,,,,,,,,,,,,,
1582,5201364371,JackBaum15,411,54.5,G Ben Griffin G Ryan Gerard G Nicolai Højgaard G Michael Thorbjornsen G Rickie Fowler G Jacob Bridgeman,,,,,,,,,,,,,,,,,,,
1582,5201379317,mchor53,411,54.5,G Cameron Young G Jake Knapp G Rickie Fowler G Jacob Bridgeman G Jordan L. Smith G Nick Taylor,,,,,,,,,,,,,,,,,,,
1582,5201520960,B_rent80,411,54.5,G Russell Henley G Hideki Matsuyama G Ryan Gerard G Rickie Fowler G Ryo Hisatsune G Corey Conners,,,,,,,,,,,,,,,,,,,
1582,5201529153,THEgame32,411,54.5,G Ben Griffin G J.J. Spaun G Ryan Gerard G Rickie Fowler G Jacob Bridgeman G Ryo Hisatsune,,,,,,,,,,,,,,,,,,,
1582,5201553735,Mcdermbt,411,54.5,G Hideki Matsuyama G Jake Knapp G Ryan Gerard G Rickie Fowler G Jacob Bridgeman G Ryo Hisatsune,,,,,,,,,,,,,,,,,,,
1582,5201698425,TAltland,411,54.5,G Cameron Young G Jake Knapp G Ryan Gerard G Rickie Fowler G Taylor Moore G John Parry,,,,,,,,,,,,,,,,,,,
1582,5201850386,ramonajackson,411,54.5,G Ben Griffin G Jake Knapp G Ryan Gerard G Nicolai Højgaard G Rickie Fowler G Ben Kohles,,,,,,,,,,,,,,,,,,,
1582,5202153172,JHDoubleU,411,54.5,G Cameron Young G Ryan Gerard G Harris English G Rickie Fowler G Jackson Suber G Matti Schmid,,,,,,,,,,,,,,,,,,,
1582,5202251034,johnnygetty,411,54.5,G Patrick Cantlay G Hideki Matsuyama G Ryan Gerard G Rickie Fowler G Michael Brennan G Jordan L. Smith,,,,,,,,,,,,,,,,,,,
1582,5202772901,Juubakka,411,54.5,G Russell Henley G Hideki Matsuyama G Ryan Gerard G Rickie Fowler G Ryo Hisatsune G Jackson Suber,,,,,,,,,,,,,,,,,,,
1582,5202806345,dr_joe,411,54.5,G Hideki Matsuyama G Jake Knapp G Ryan Gerard G Michael Thorbjornsen G Rickie Fowler G Ben Kohles,,,,,,,,,,,,,,,,,,,
1582,5202838968,Testy62,411,54.5,G Patrick Cantlay G Hideki Matsuyama G Ryan Gerard G Rickie Fowler G Michael Brennan G Kevin Roy,,,,,,,,,,,,,,,,,,,
1582,5202906795,Clippy,411,54.5,G Hideki Matsuyama G Jake Knapp G Ryan Gerard G Rickie Fowler G Jacob Bridgeman G Ryo Hisatsune,,,,,,,,,,,,,,,,,,,
1582,5202908332,Highlander72,411,54.5,G Hideki Matsuyama G Jake Knapp G Ryan Gerard G Michael Thorbjornsen G Rickie Fowler G Ben Kohles,,,,,,,,,,,,,,,,,,,
1582,5202982392,mabe37,411,54.5,G Hideki Matsuyama G Jake Knapp G Ryan Gerard G Rickie Fowler G Jacob Bridgeman G Denny McCarthy,,,,,,,,,,,,,,,,,,,
1582,5203052463,SweetSauerKraut,411,54.5,G Hideki Matsuyama G J.J. Spaun G Ryan Gerard G Rickie Fowler G Jacob Bridgeman G Ryo Hisatsune,,,,,,,,,,,,,,,,,,,
1582,5203203126,World_Domination67,411,54.5,G Cameron Young G Ryan Gerard G Rickie Fowler G Jacob Bridgeman G Ryo Hisatsune G Ben Kohles,,,,,,,,,,,,,,,,,,,
1582,5201533567,bghowes,410,54.5,G Russell Henley G Ben Griffin G Ryan Gerard G Jacob Bridgeman G Keegan Bradley G Denny McCarthy,,,,,,,,,,,,,,,,,,,
1582,5202571870,Murph7165,410,54.5,G Russell Henley G Ben Griffin G Ryan Gerard G Michael Brennan G Keegan Bradley G Corey Conners,,,,,,,,,,,,,,,,,,,
1582,5202592336,Chavo505,410,54.5,G Hideki Matsuyama G Ben Griffin G Ryan Gerard G Jacob Bridgeman G Keegan Bradley G Jordan Spieth,,,,,,,,,,,,,,,,,,,
1582,5202954160,dblc,410,54.5,G Hideki Matsuyama G Ryan Gerard G Harris English G Michael Thorbjornsen G Keegan Bradley G Marco Penge,,,,,,,,,,,,,,,,,,,
1582,5203196397,Tsugita1,410,54.5,G Russell Henley G Patrick Cantlay G Ryan Gerard G Keegan Bradley G Marco Penge G Sungjae Im,,,,,,,,,,,,,,,,,,,
1582,5203208858,jellybread,410,54.5,G Hideki Matsuyama G Ryan Gerard G Nicolai Højgaard G Michael Thorbjornsen G Jacob Bridgeman G Keegan Bradley,,,,,,,,,,,,,,,,,,,
1582,5200725102,primo1524,408,54.5,G Cameron Young G Si Woo Kim G Jacob Bridgeman G Rasmus Neergaard-Petersen G Ben Kohles G Michael Kim,,,,,,,,,,,,,,,,,,,
1582,5202906820,Fishnaked,408,54.5,G Cameron Young G Si Woo Kim G Jacob Bridgeman G Denny McCarthy G Max Greyserman G Michael Kim,,,,,,,,,,,,,,,,,,,
1582,5203008135,zachkelley7,408,54.5,G Si Woo Kim G Jake Knapp G Nicolai Højgaard G Michael Thorbjornsen G Jacob Bridgeman G Michael Kim,,,,,,,,,,,,,,,,,,,
1582,5203247616,CDubb1083,406,54.5,G Cameron Young G Chris Gotterup G J.J. Spaun G Doug Ghim G Kevin Roy G Patrick Fishburn,,,,,,,,,,,,,,,,,,,
1582,5201263036,carter306,402,54.5,G Xander Schauffele G Russell Henley G J.J. Spaun G Doug Ghim G Ben Kohles G Kevin Yu,,,,,,,,,,,,,,,,,,,
1582,5201803369,chkhawk,402,54.5,G Xander Schauffele G Russell Henley G Patrick Cantlay G Kevin Yu G Sam Stevens G Billy Horschel,,,,,,,,,,,,,,,,,,,
1582,5202944308,YRNJoe,402,54.5,G Xander Schauffele G Patrick Cantlay G Jake Knapp G Doug Ghim G Jordan L. Smith G Kevin Yu,,,,,,,,,,,,,,,,,,,
1582,5202997416,shull82,401,54.5,G Cameron Young G Jake Knapp G Michael Brennan G Keegan Bradley G Davis Thompson G Aldrich Potgieter,,,,,,,,,,,,,,,,,,,
1582,5200590563,TheClash1,400,54.5,G Cameron Young G Jake Knapp G Michael Thorbjornsen G Keegan Bradley G Davis Thompson G William Mouw,,,,,,,,,,,,,,,,,,,
1582,5202024794,ducsay,400,54.5,G Si Woo Kim G Hideki Matsuyama G Ryan Gerard G Jacob Bridgeman G Corey Conners G Ricky Castillo,,,,,,,,,,,,,,,,,,,
1582,5202987722,kjasper3,400,54.5,G Si Woo Kim G Russell Henley G Hideki Matsuyama G Jordan Spieth G Emiliano Grillo G Harry Hall,,,,,,,,,,,,,,,,,,,
1582,5203256913,nicovone418,400,54.5,G Si Woo Kim G Hideki Matsuyama G Ryan Gerard G Jacob Bridgeman G Ryo Hisatsune G Ricky Castillo,,,,,,,,,,,,,,,,,,,
1582,5201626226,LCJCJJ,398,54.5,G Xander Schauffele G Chris Gotterup G Michael Thorbjornsen G Jackson Suber G Jordan L. Smith G Ricky Castillo,,,,,,,,,,,,,,,,,,,
1582,5202865034,cm1jm1,398,54.5,G Chris Gotterup G Ben Griffin G Akshay Bhatia G Nicolai Højgaard G Ben Kohles G Emiliano Grillo,,,,,,,,,,,,,,,,,,,
1582,5203194008,jimmy28,398,54.5,G Chris Gotterup G Jake Knapp G Akshay Bhatia G Jacob Bridgeman G Jordan Spieth G Emiliano Grillo,,,,,,,,,,,,,,,,,,,
1582,5203154325,Gronkowski69,397,54.5,G Wyndham Clark G Russell Henley G J.J. Spaun G Davis Thompson G Doug Ghim G Johnny Keefer,,,,,,,,,,,,,,,,,,,
1582,5203100191,csteiner2391,395,54.5,G Cameron Young G Xander Schauffele G Rasmus Neergaard-Petersen G Ben Kohles G Christiaan Bezuidenhout G Emiliano Grillo,,,,,,,,,,,,,,,,,,,
1582,5203113721,TsRambles,395,54.5,G Si Woo Kim G Jackson Koivun G Michael Thorbjornsen G Davis Thompson G Jordan Spieth G Johnny Keefer,,,,,,,,,,,,,,,,,,,
1582,5203123781,Tcn4me,395,54.5,G Jackson Koivun G Wyndham Clark G Jake Knapp G Nicolai Højgaard G Jordan Spieth G Mark Hubbard,,,,,,,,,,,,,,,,,,,
1582,5203183782,p1boggan,395,54.5,G Chris Gotterup G J.J. Spaun G Ryan Gerard G Jackson Suber G Johnny Keefer G Aldrich Potgieter,,,,,,,,,,,,,,,,,,,
1582,5201406520,MC02,394,54.5,G Cameron Young G Jackson Koivun G Russell Henley G Ricky Castillo G John Parry G Zac Blair,,,,,,,,,,,,,,,,,,,
1582,5201685366,drccpro,394,54.5,G Cameron Young G Jackson Koivun G Russell Henley G Ricky Castillo G John Parry G Zac Blair,,,,,,,,,,,,,,,,,,,
1582,5202869225,asplenjr,394,54.5,G Cameron Young G Jackson Koivun G Jacob Bridgeman G Ryo Hisatsune G Ricky Castillo G Zac Blair,,,,,,,,,,,,,,,,,,,
1582,5202651796,JakeyB20,393,54.5,G Chris Gotterup G Si Woo Kim G Jackson Koivun G Jake Knapp G Brad Dalke G Ryan Ruffels,,,,,,,,,,,,,,,,,,,
1582,5201997764,wphill02,391,54.5,G Chris Gotterup G Wyndham Clark G Jake Knapp G Michael Brennan G Johnny Keefer G Chandler Phillips,,,,,,,,,,,,,,,,,,,
1582,5201388526,buckeye4452,390,54.5,G Chris Gotterup G Wyndham Clark G Akshay Bhatia G Davis Thompson G Jackson Suber G Ben Kohles,,,,,,,,,,,,,,,,,,,
1582,5202913699,Daphny15,390,54.5,G Chris Gotterup G Wyndham Clark G Akshay Bhatia G Davis Thompson G Rasmus Neergaard-Petersen G Ben Kohles,,,,,,,,,,,,,,,,,,,
1582,5200656228,marktheshark477,388,54.5,G Si Woo Kim G Jackson Koivun G Ryan Gerard G Jacob Bridgeman G Ryo Hisatsune G Chandler Phillips,,,,,,,,,,,,,,,,,,,
1582,5201795760,jwochner,388,54.5,G Si Woo Kim G Jackson Koivun G Ryan Gerard G Michael Thorbjornsen G Rasmus Neergaard-Petersen G Chandler Phillips,,,,,,,,,,,,,,,,,,,
1582,5201861754,spinedoc,387,54.5,G Si Woo Kim G Wyndham Clark G Nicolai Højgaard G Davis Thompson G Eric Cole G Jackson Suber,,,,,,,,,,,,,,,,,,,
1582,5202391975,Aemerine03,387,54.5,G Chris Gotterup G Jackson Koivun G Ryan Gerard G Ryo Hisatsune G Corey Conners G Lucas Glover,,,,,,,,,,,,,,,,,,,
1582,5203083496,michaeltran12,387,54.5,G Si Woo Kim G Jackson Koivun G Hideki Matsuyama G Ben Griffin G Kevin Streelman G Zac Blair,,,,,,,,,,,,,,,,,,,
1582,5202693941,Hakjr24,382,54.5,G Jackson Koivun G Davis Thompson G Jackson Suber G Pierceson Coody G Aldrich Potgieter G William Mouw,,,,,,,,,,,,,,,,,,,
1582,5201269289,cryanclt,379,54.5,G Si Woo Kim G Jackson Koivun G Russell Henley G Davis Thompson G Aldrich Potgieter G Chandler Phillips,,,,,,,,,,,,,,,,,,,
1646,5201250373,spanky1538,407,54,G Cameron Young G Jake Knapp G Rickie Fowler G Eric Cole G Ryo Hisatsune G Ben Kohles,,,,,,,,,,,,,,,,,,,
1646,5202517566,txkoolaid,407,54,G Cameron Young G Jake Knapp G Rickie Fowler G Eric Cole G Ryo Hisatsune G Ben Kohles,,,,,,,,,,,,,,,,,,,
1646,5203119349,TrophyWife86,406,54,G Cameron Young G Jake Knapp G Keegan Bradley G Eric Cole G Ryo Hisatsune G Jackson Suber,,,,,,,,,,,,,,,,,,,
1646,5200952469,HighsideRcn,401,54,G Cameron Young G Wyndham Clark G Jake Knapp G Ben Kohles G Chris Kirk G Pontus Nyholm,,,,,,,,,,,,,,,,,,,
1646,5201432306,conted,401,54,G Si Woo Kim G Russell Henley G Ben Griffin G Jackson Suber G Doug Ghim G Emiliano Grillo,,,,,,,,,,,,,,,,,,,
1646,5202435004,TheGame2169,401,54,G Cameron Young G Jake Knapp G Ryan Gerard G Davis Thompson G Jordan L. Smith G Chris Kirk,,,,,,,,,,,,,,,,,,,
1646,5202889599,Scam77,401,54,G Cameron Young G J.J. Spaun G Ryan Gerard G Davis Thompson G Jackson Suber G Chris Kirk,,,,,,,,,,,,,,,,,,,
1646,5202268759,ziggitywood,400,54,G Cameron Young G Jackson Koivun G Jacob Bridgeman G Davis Thompson G Ben Kohles G Kevin Yu,,,,,,,,,,,,,,,,,,,
1646,5202920398,ebby96,400,54,G Jackson Koivun G Patrick Cantlay G Jake Knapp G Davis Thompson G Rasmus Neergaard-Petersen G Kevin Yu,,,,,,,,,,,,,,,,,,,
1646,5200729633,priestapp,399,54,G Cameron Young G Chris Gotterup G Akshay Bhatia G Jordan L. Smith G Ricky Castillo G Sungjae Im,,,,,,,,,,,,,,,,,,,
1646,5200895918,dcarroll5790,398,54,G Cameron Young G Wyndham Clark G Akshay Bhatia G Corey Conners G Jordan L. Smith G Ricky Castillo,,,,,,,,,,,,,,,,,,,
1646,5201163548,jwahl25,398,54,G Xander Schauffele G Jake Knapp G Ryan Gerard G Jacob Bridgeman G Emiliano Grillo G Sudarshan Yellamaraju,,,,,,,,,,,,,,,,,,,
1646,5201410254,MDel89,398,54,G Xander Schauffele G Hideki Matsuyama G Ryan Gerard G Denny McCarthy G Rasmus Neergaard-Petersen G Emiliano Grillo,,,,,,,,,,,,,,,,,,,
1646,5202929708,Redivivus,398,54,G Cameron Young G Chris Gotterup G Patrick Cantlay G Chris Kirk G Lee Hodges G William Mouw,,,,,,,,,,,,,,,,,,,
1646,5201198512,MinerMike,396,54,G Xander Schauffele G Patrick Cantlay G Hideki Matsuyama G Ben Kohles G Christiaan Bezuidenhout G Ricky Castillo,,,,,,,,,,,,,,,,,,,
1646,5202490841,Agreen5364,396,54,G Cameron Young G Si Woo Kim G Jacob Bridgeman G Eric Cole G Ricky Castillo G Zachary Bauchou,,,,,,,,,,,,,,,,,,,
1646,5201298507,brygil,391,54,G Chris Gotterup G Si Woo Kim G Ryan Gerard G Corey Conners G Aldrich Potgieter G Jordan L. Smith,,,,,,,,,,,,,,,,,,,
1646,5201473552,d24ambler,389,54,G Chris Gotterup G Jake Knapp G Akshay Bhatia G Jacob Bridgeman G Davis Thompson G Christiaan Bezuidenhout,,,,,,,,,,,,,,,,,,,
1646,5203203083,EEDUBB,388,54,G Cameron Young G Chris Gotterup G Jackson Koivun G John Parry G Pontus Nyholm G Zac Blair,,,,,,,,,,,,,,,,,,,
1646,5200580659,Toatsmagoats,387,54,G Chris Gotterup G Si Woo Kim G Wyndham Clark G Corey Conners G Billy Horschel G Chandler Phillips,,,,,,,,,,,,,,,,,,,
1646,5200925643,mey44,387,54,G Chris Gotterup G Si Woo Kim G Wyndham Clark G Ryo Hisatsune G Zachary Bauchou G Chandler Phillips,,,,,,,,,,,,,,,,,,,
1646,5201713876,jreust,387,54,G Chris Gotterup G Si Woo Kim G Wyndham Clark G Jackson Suber G Sungjae Im G Chandler Phillips,,,,,,,,,,,,,,,,,,,
1646,5201505472,Fikezilla,386,54,G Jackson Koivun G Wyndham Clark G Jake Knapp G Akshay Bhatia G Ben Kohles G Chandler Phillips,,,,,,,,,,,,,,,,,,,
1646,5201560617,Cwizzle77,386,54,G Jackson Koivun G Wyndham Clark G Jake Knapp G Akshay Bhatia G Ben Kohles G Chandler Phillips,,,,,,,,,,,,,,,,,,,
1646,5202787219,Patches77,386,54,G Jackson Koivun G Wyndham Clark G Jake Knapp G Akshay Bhatia G Ben Kohles G Chandler Phillips,,,,,,,,,,,,,,,,,,,
1646,5203170399,towsome,386,54,G Xander Schauffele G Chris Gotterup G Si Woo Kim G Tom Hoge G Erik Van Rooyen G Zac Blair,,,,,,,,,,,,,,,,,,,
1646,5201053726,Red307,383,54,G Xander Schauffele G Si Woo Kim G Jacob Bridgeman G Eric Cole G Ben Kohles G Seamus Power,,,,,,,,,,,,,,,,,,,
1673,5201364008,Briangill,413,53.5,G Cameron Young G Patrick Cantlay G Rickie Fowler G Ryo Hisatsune G Corey Conners G Sam Stevens,,,,,,,,,,,,,,,,,,,
1673,5201410321,istabraq,413,53.5,G Cameron Young G Russell Henley G Rickie Fowler G Corey Conners G Doug Ghim G Ben Kohles,,,,,,,,,,,,,,,,,,,
1673,5202062165,shooberto,413,53.5,G Cameron Young G Jake Knapp G Rickie Fowler G Jacob Bridgeman G Denny McCarthy G Sam Stevens,,,,,,,,,,,,,,,,,,,
1673,5202457596,tcmultimedia,413,53.5,G Patrick Cantlay G Hideki Matsuyama G Jake Knapp G Rickie Fowler G Ryo Hisatsune G Doug Ghim,,,,,,,,,,,,,,,,,,,
1673,5203258943,SpartanBob,413,53.5,G Cameron Young G Nicolai Højgaard G Michael Thorbjornsen G Rickie Fowler G Corey Conners G Doug Ghim,,,,,,,,,,,,,,,,,,,
1673,5202521437,shabbah,412,53.5,G Cameron Young G Hideki Matsuyama G Jacob Bridgeman G Keegan Bradley G Ryo Hisatsune G Sam Stevens,,,,,,,,,,,,,,,,,,,
1673,5203035357,thaze90,412,53.5,G Russell Henley G Patrick Cantlay G Ben Griffin G Keegan Bradley G Denny McCarthy G Doug Ghim,,,,,,,,,,,,,,,,,,,
1673,5202192303,kbreardonPGA,407,53.5,G Xander Schauffele G Russell Henley G Nicolai Højgaard G Marco Penge G Jordan L. Smith G Michael Kim,,,,,,,,,,,,,,,,,,,
1673,5202434446,j2fas4u,407,53.5,G Xander Schauffele G Hideki Matsuyama G Jake Knapp G Denny McCarthy G Max Greyserman G Michael Kim,,,,,,,,,,,,,,,,,,,
1673,5201033188,Tiegs7,399,53.5,G Cameron Young G Jackson Koivun G Jake Knapp G Ben Kohles G Seamus Power G Patrick Fishburn,,,,,,,,,,,,,,,,,,,
1673,5202287233,sboyle227,399,53.5,G Cameron Young G Russell Henley G Keegan Bradley G Davis Thompson G Ryo Hisatsune G Chandler Phillips,,,,,,,,,,,,,,,,,,,
1673,5200712338,jrcommish20,395,53.5,G Chris Gotterup G Ryan Gerard G Akshay Bhatia G Nicolai Højgaard G Jackson Suber G Benjamin James,,,,,,,,,,,,,,,,,,,
1673,5200653819,gginder,394,53.5,G Xander Schauffele G Jackson Koivun G Michael Thorbjornsen G Davis Thompson G Johnny Keefer G Billy Horschel,,,,,,,,,,,,,,,,,,,
1673,5202092191,ChevChelios,394,53.5,G Cameron Young G Chris Gotterup G Michael Thorbjornsen G Ben Kohles G Emiliano Grillo G Zac Blair,,,,,,,,,,,,,,,,,,,
1673,5202571686,jpert5,394,53.5,G Si Woo Kim G Jackson Koivun G Michael Thorbjornsen G Michael Brennan G Johnny Keefer G Aldrich Potgieter,,,,,,,,,,,,,,,,,,,
1673,5202934561,Emmett0762,394,53.5,G Chris Gotterup G Russell Henley G Jake Knapp G Michael Thorbjornsen G Emiliano Grillo G Zac Blair,,,,,,,,,,,,,,,,,,,
1673,5203212667,cjmetro33,394,53.5,G Cameron Young G Xander Schauffele G Eric Cole G Denny McCarthy G Emiliano Grillo G Matti Schmid,,,,,,,,,,,,,,,,,,,
1673,5202749785,bradadini6,393,53.5,G Xander Schauffele G Chris Gotterup G Si Woo Kim G John Parry G Hao-Tong Li G Austin Eckroat,,,,,,,,,,,,,,,,,,,
1673,5201382326,franco910,392,53.5,G Cameron Young G Si Woo Kim G Davis Thompson G Doug Ghim G Ben Kohles G Christiaan Bezuidenhout,,,,,,,,,,,,,,,,,,,
1673,5202288441,BigFatPianist,392,53.5,G Cameron Young G Si Woo Kim G Davis Thompson G Denny McCarthy G Doug Ghim G Christiaan Bezuidenhout,,,,,,,,,,,,,,,,,,,
1673,5202789575,jrow01,392,53.5,G Chris Gotterup G Wyndham Clark G Russell Henley G Ryan Gerard G Adrien Dumont De Chassart G Brad Dalke,,,,,,,,,,,,,,,,,,,
1673,5202873845,Bmac98,392,53.5,G Chris Gotterup G Ryan Gerard G Akshay Bhatia G Nicolai Højgaard G Davis Thompson G Jordan L. Smith,,,,,,,,,,,,,,,,,,,
1673,5203022574,mccprime,391,53.5,G Wyndham Clark G Ryan Gerard G Akshay Bhatia G Nicolai Højgaard G Davis Thompson G Corey Conners,,,,,,,,,,,,,,,,,,,
1673,5200575762,joedirt1369,389,53.5,G Chris Gotterup G Wyndham Clark G Akshay Bhatia G Michael Thorbjornsen G Aldrich Potgieter G Luke Clanton,,,,,,,,,,,,,,,,,,,
1673,5203120946,coopjs23,388,53.5,G Cameron Young G Xander Schauffele G Jackson Suber G Pierceson Coody G Emiliano Grillo G Lucas Glover,,,,,,,,,,,,,,,,,,,
1673,5202058869,FakeNickG,387,53.5,G Xander Schauffele G Chris Gotterup G Davis Thompson G Eric Cole G Jackson Suber G Sudarshan Yellamaraju,,,,,,,,,,,,,,,,,,,
1673,5203156035,bamor,387,53.5,G Jackson Koivun G Wyndham Clark G Russell Henley G Hideki Matsuyama G Chandler Phillips G Kevin Streelman,,,,,,,,,,,,,,,,,,,
1673,5202468024,acastle12,386,53.5,G Si Woo Kim G Wyndham Clark G Jake Knapp G Akshay Bhatia G John Parry G Zac Blair,,,,,,,,,,,,,,,,,,,
1673,5202983506,Shawnd57,386,53.5,G Chris Gotterup G Wyndham Clark G Hideki Matsuyama G Davis Thompson G Rasmus Neergaard-Petersen G Zac Blair,,,,,,,,,,,,,,,,,,,
1673,5203264578,Bitmeee,385,53.5,G Xander Schauffele G Wyndham Clark G Russell Henley G Christiaan Bezuidenhout G Jordan L. Smith G William Mouw,,,,,,,,,,,,,,,,,,,
1673,5202508490,Somebodygotmymoney,384,53.5,G Chris Gotterup G Wyndham Clark G Jake Knapp G Jacob Bridgeman G Christiaan Bezuidenhout G Lucas Glover,,,,,,,,,,,,,,,,,,,
1673,5202972861,High-handicapper,377,53.5,G Cameron Young G Chris Gotterup G Wyndham Clark G Lucas Glover G Davis Chatfield G Zac Blair,,,,,,,,,,,,,,,,,,,
1705,5200902947,hogg41,408,53,G Russell Henley G Patrick Cantlay G Akshay Bhatia G Michael Thorbjornsen G Michael Brennan G Michael Kim,,,,,,,,,,,,,,,,,,,
1705,5201255170,jets6070,408,53,G Cameron Young G Jake Knapp G Akshay Bhatia G Jacob Bridgeman G Michael Kim G Sungjae Im,,,,,,,,,,,,,,,,,,,
1705,5201129811,tswann23,403,53,G Cameron Young G Si Woo Kim G Davis Thompson G Ryo Hisatsune G Max Greyserman G Stephan Jaeger,,,,,,,,,,,,,,,,,,,
1705,5202646881,JohnnyJorgensen,403,53,G Cameron Young G J.J. Spaun G Davis Thompson G Sam Stevens G Chris Kirk G Kevin Roy,,,,,,,,,,,,,,,,,,,
1705,5201250340,geedlar,400,53,G Jackson Koivun G Hideki Matsuyama G Rasmus Neergaard-Petersen G Ben Kohles G Emiliano Grillo G Keita Nakajima,,,,,,,,,,,,,,,,,,,
1705,5202409174,banjosamdog,398,53,G Cameron Young G Jackson Koivun G Jake Knapp G Ben Kohles G Kevin Yu G William Mouw,,,,,,,,,,,,,,,,,,,
1705,5201875416,LieutenantStan,396,53,G Xander Schauffele G Chris Gotterup G Michael Brennan G Doug Ghim G Mac Meissner G Benjamin James,,,,,,,,,,,,,,,,,,,
1705,5202452474,dcjet,396,53,G Cameron Young G Wyndham Clark G Jake Knapp G Ben Kohles G Chris Kirk G Chandler Phillips,,,,,,,,,,,,,,,,,,,
1705,5203064696,dcintime,396,53,G Chris Gotterup G Wyndham Clark G Hideki Matsuyama G Ben Griffin G Luke Clanton G Mark Hubbard,,,,,,,,,,,,,,,,,,,
1705,5201889055,jvanags,395,53,G Cameron Young G Chris Gotterup G Jacob Bridgeman G Ryo Hisatsune G Ricky Castillo G Zac Blair,,,,,,,,,,,,,,,,,,,
1705,5202042741,hoyas22,395,53,G Cameron Young G Chris Gotterup G Russell Henley G Ricky Castillo G Andrew Putnam G Zac Blair,,,,,,,,,,,,,,,,,,,
1705,5202564933,RKSLake,395,53,G Si Woo Kim G J.J. Spaun G Ryan Gerard G Davis Thompson G Jackson Suber G Doug Ghim,,,,,,,,,,,,,,,,,,,
1705,5202925511,garysgotit2,395,53,G Xander Schauffele G Wyndham Clark G Jackson Suber G Doug Ghim G Mac Meissner G Benjamin James,,,,,,,,,,,,,,,,,,,
1705,5203175187,cj351,395,53,G Cameron Young G Ben Griffin G Akshay Bhatia G Eric Cole G Rasmus Neergaard-Petersen G Emiliano Grillo,,,,,,,,,,,,,,,,,,,
1705,5201961050,aSchreck3,393,53,G Chris Gotterup G Si Woo Kim G Wyndham Clark G Jake Knapp G Brad Dalke G Ryan Ruffels,,,,,,,,,,,,,,,,,,,
1705,5202654513,clarify,393,53,G Xander Schauffele G Russell Henley G Akshay Bhatia G Ryo Hisatsune G Pierceson Coody G Nick Taylor,,,,,,,,,,,,,,,,,,,
1705,5200804066,Chucklesbee,392,53,G Jackson Koivun G Wyndham Clark G Jake Knapp G Akshay Bhatia G Jackson Suber G Davis Chatfield,,,,,,,,,,,,,,,,,,,
1705,5201923301,rborrell,390,53,G Chris Gotterup G Jackson Koivun G Akshay Bhatia G Jacob Bridgeman G Ryo Hisatsune G Nicolas Echavarria,,,,,,,,,,,,,,,,,,,
1705,5201627197,Potlicker2020,388,53,G Jackson Koivun G Russell Henley G Ryan Gerard G Akshay Bhatia G Denny McCarthy G Chandler Phillips,,,,,,,,,,,,,,,,,,,
1705,5202442117,MrBman87,388,53,G Jackson Koivun G Jake Knapp G Ryan Gerard G Akshay Bhatia G Michael Brennan G Chandler Phillips,,,,,,,,,,,,,,,,,,,
1705,5203111785,hoobear,388,53,G Si Woo Kim G Wyndham Clark G J.J. Spaun G Ryan Gerard G Lee Hodges G Chandler Phillips,,,,,,,,,,,,,,,,,,,
1705,5203213091,greasemunkey75,388,53,G Chris Gotterup G Ben Griffin G Akshay Bhatia G Davis Thompson G Eric Cole G Max Greyserman,,,,,,,,,,,,,,,,,,,
1705,5200576829,rbird33,387,53,G Si Woo Kim G Jackson Koivun G J.J. Spaun G Davis Thompson G Ben Kohles G Seamus Power,,,,,,,,,,,,,,,,,,,
1705,5202831920,dechols2000,387,53,G Si Woo Kim G Jackson Koivun G J.J. Spaun G Jordan Spieth G Eric Cole G Nicolas Echavarria,,,,,,,,,,,,,,,,,,,
1705,5201222351,Seabhks6,385,53,G Cameron Young G Si Woo Kim G Akshay Bhatia G Ben Kohles G Christiaan Bezuidenhout G Zac Blair,,,,,,,,,,,,,,,,,,,
1705,5201474484,philmotza,385,53,G Xander Schauffele G Si Woo Kim G Ben Griffin G Johnny Keefer G Nicolas Echavarria G William Mouw,,,,,,,,,,,,,,,,,,,
1705,5201096199,coachjonnewman,383,53,G Xander Schauffele G Jackson Koivun G Ben Griffin G Eric Cole G Steven Fisk G Chandler Phillips,,,,,,,,,,,,,,,,,,,
1705,5202336315,fairwayfool,380,53,G Chris Gotterup G Si Woo Kim G Michael Brennan G Davis Thompson G Aldrich Potgieter G Chandler Phillips,,,,,,,,,,,,,,,,,,,
1733,5203067896,BlackIice,415,52.5,G Cameron Young G J.J. Spaun G Nicolai Højgaard G Rickie Fowler G Johnny Keefer G Taylor Moore,,,,,,,,,,,,,,,,,,,
1733,5200769893,sportsnat13,403,52.5,G Chris Gotterup G Russell Henley G Hideki Matsuyama G Ben Kohles G Nick Taylor G Mackenzie Hughes,,,,,,,,,,,,,,,,,,,
1733,5201252543,BeanTownBandit,401,52.5,G Jackson Koivun G Russell Henley G Hideki Matsuyama G Jacob Bridgeman G Benjamin James G Emiliano Grillo,,,,,,,,,,,,,,,,,,,
1733,5201430661,TannerBorud,401,52.5,G Chris Gotterup G Russell Henley G Michael Thorbjornsen G Michael Brennan G Davis Thompson G Kevin Yu,,,,,,,,,,,,,,,,,,,
1733,5201529367,djgerhab,401,52.5,G Cameron Young G Si Woo Kim G Akshay Bhatia G Ben Kohles G Kevin Yu G Sungjae Im,,,,,,,,,,,,,,,,,,,
1733,5201900006,jimjr1724,401,52.5,G Chris Gotterup G Hideki Matsuyama G Ben Griffin G Davis Thompson G Rasmus Neergaard-Petersen G Kevin Yu,,,,,,,,,,,,,,,,,,,
1733,5203107204,jaycshan,401,52.5,G Chris Gotterup G Hideki Matsuyama G Jake Knapp G Davis Thompson G Rasmus Neergaard-Petersen G Kevin Yu,,,,,,,,,,,,,,,,,,,
1733,5203251257,madbx8,401,52.5,G Cameron Young G Chris Gotterup G Davis Thompson G Max Greyserman G Ben Kohles G Kevin Yu,,,,,,,,,,,,,,,,,,,
1733,5201315061,Danwright77,400,52.5,G Cameron Young G Wyndham Clark G Jacob Bridgeman G Davis Thompson G Max Greyserman G Kevin Yu,,,,,,,,,,,,,,,,,,,
1733,5202921822,XAKAX,400,52.5,G Wyndham Clark G Hideki Matsuyama G Ben Griffin G Jacob Bridgeman G Davis Thompson G Kevin Yu,,,,,,,,,,,,,,,,,,,
1733,5202304449,zurrubabel,399,52.5,G Cameron Young G Jackson Koivun G Russell Henley G Doug Ghim G Lee Hodges G Mark Hubbard,,,,,,,,,,,,,,,,,,,
1733,5201295745,pcfixerky,398,52.5,G Cameron Young G Jackson Koivun G Jacob Bridgeman G Davis Thompson G Ben Kohles G Emiliano Grillo,,,,,,,,,,,,,,,,,,,
1733,5202641059,barone19,398,52.5,G Jackson Koivun G Patrick Cantlay G Ben Griffin G Davis Thompson G Jackson Suber G Emiliano Grillo,,,,,,,,,,,,,,,,,,,
1733,5201713646,808Kickz,397,52.5,G Chris Gotterup G Jackson Koivun G Wyndham Clark G Jackson Suber G Ben Kohles G Tom Hoge,,,,,,,,,,,,,,,,,,,
1733,5203119104,terrance79,397,52.5,G Chris Gotterup G Jackson Koivun G Wyndham Clark G Jackson Suber G Ben Kohles G William Jennings,,,,,,,,,,,,,,,,,,,
1733,5202264955,Tavius87,396,52.5,G Cameron Young G Jackson Koivun G Pierceson Coody G Johnny Keefer G Ben Kohles G Aldrich Potgieter,,,,,,,,,,,,,,,,,,,
1733,5203030668,kgerhardt,395,52.5,G Cameron Young G Russell Henley G Hideki Matsuyama G Nick Taylor G Emiliano Grillo G Zac Blair,,,,,,,,,,,,,,,,,,,
1733,5201816487,kguis,388,52.5,G Si Woo Kim G Hideki Matsuyama G Ryan Gerard G Akshay Bhatia G Jackson Suber G Zac Blair,,,,,,,,,,,,,,,,,,,
1733,5202184612,Skipmcl1231,387,52.5,G Chris Gotterup G Wyndham Clark G Akshay Bhatia G Jacob Bridgeman G Jackson Suber G Chandler Phillips,,,,,,,,,,,,,,,,,,,
1733,5203082910,gforce182,387,52.5,G Chris Gotterup G Wyndham Clark G Akshay Bhatia G Jackson Suber G Ben Kohles G Chandler Phillips,,,,,,,,,,,,,,,,,,,
1733,5200777686,5280Chris,384,52.5,G Si Woo Kim G Wyndham Clark G Russell Henley G Eric Cole G Jackson Suber G Chandler Phillips,,,,,,,,,,,,,,,,,,,
1733,5201121822,lantanabdt,376,52.5,G Xander Schauffele G Chris Gotterup G Si Woo Kim G Lucas Glover G Chandler Phillips G Tom Hoge,,,,,,,,,,,,,,,,,,,
1755,5200722017,wareagle66,411,52,G Si Woo Kim G Hideki Matsuyama G Ben Griffin G Rickie Fowler G Ben Kohles G Lee Hodges,,,,,,,,,,,,,,,,,,,
1755,5200835426,Hori420,411,52,G Si Woo Kim G Hideki Matsuyama G Rickie Fowler G Jacob Bridgeman G Ryo Hisatsune G Denny McCarthy,,,,,,,,,,,,,,,,,,,
1755,5200882997,zebbon,411,52,G Si Woo Kim G Hideki Matsuyama G Rickie Fowler G Jacob Bridgeman G Ryo Hisatsune G Corey Conners,,,,,,,,,,,,,,,,,,,
1755,5200947644,PapaJoe1947,411,52,G Si Woo Kim G Jake Knapp G Nicolai Højgaard G Rickie Fowler G Jordan Spieth G Jackson Suber,,,,,,,,,,,,,,,,,,,
1755,5200954145,TY54321,411,52,G Si Woo Kim G Ben Griffin G J.J. Spaun G Rickie Fowler G Corey Conners G Jordan L. Smith,,,,,,,,,,,,,,,,,,,
1755,5201049650,Elmo13,411,52,G Cameron Young G Si Woo Kim G Rickie Fowler G Jackson Suber G Ben Kohles G Matthew McCarty,,,,,,,,,,,,,,,,,,,
1755,5201520793,fpeterson1981,411,52,G Si Woo Kim G Ben Griffin G Jake Knapp G Rickie Fowler G Jacob Bridgeman G Ben Silverman,,,,,,,,,,,,,,,,,,,
1755,5202174709,sidingchange,411,52,G Si Woo Kim G Patrick Cantlay G Nicolai Højgaard G Rickie Fowler G Jacob Bridgeman G Matthew McCarty,,,,,,,,,,,,,,,,,,,
1755,5202219899,answ3r22,411,52,G Si Woo Kim G Patrick Cantlay G J.J. Spaun G Rickie Fowler G Mac Meissner G Jordan L. Smith,,,,,,,,,,,,,,,,,,,
1755,5202251077,WillyT23,411,52,G Si Woo Kim G Hideki Matsuyama G Ben Griffin G Rickie Fowler G Ryo Hisatsune G Matti Schmid,,,,,,,,,,,,,,,,,,,
1755,5202257736,zmklaver,411,52,G Si Woo Kim G Hideki Matsuyama G Michael Thorbjornsen G Rickie Fowler G Ryo Hisatsune G Denny McCarthy,,,,,,,,,,,,,,,,,,,
1755,5202906705,jennifertrigg,411,52,G Si Woo Kim G Hideki Matsuyama G Rickie Fowler G Jacob Bridgeman G Jordan Spieth G Ryo Hisatsune,,,,,,,,,,,,,,,,,,,
1755,5203070290,RyanDoherty3,411,52,G Si Woo Kim G Hideki Matsuyama G Jake Knapp G Rickie Fowler G Denny McCarthy G Billy Horschel,,,,,,,,,,,,,,,,,,,
1755,5201727504,mrweissm,410,52,G Si Woo Kim G Hideki Matsuyama G Harris English G Keegan Bradley G Ryo Hisatsune G Corey Conners,,,,,,,,,,,,,,,,,,,
1755,5202383521,EazzzyE,410,52,G Si Woo Kim G Patrick Cantlay G Jake Knapp G Keegan Bradley G Ryo Hisatsune G Sungjae Im,,,,,,,,,,,,,,,,,,,
1755,5202385848,cwthrow24,410,52,G Si Woo Kim G Russell Henley G Michael Thorbjornsen G Jacob Bridgeman G Keegan Bradley G Mac Meissner,,,,,,,,,,,,,,,,,,,
1755,5202628668,supremexjp,410,52,G Si Woo Kim G Jake Knapp G J.J. Spaun G Keegan Bradley G Marco Penge G Jordan L. Smith,,,,,,,,,,,,,,,,,,,
1755,5202791912,pipolechap,410,52,G Cameron Young G Si Woo Kim G Jacob Bridgeman G Keegan Bradley G Jordan L. Smith G Sungjae Im,,,,,,,,,,,,,,,,,,,
1755,5202821066,joefriedman5,410,52,G Si Woo Kim G Ben Griffin G J.J. Spaun G Jacob Bridgeman G Keegan Bradley G Sungjae Im,,,,,,,,,,,,,,,,,,,
1755,5202935688,GaryG2103,410,52,G Si Woo Kim G J.J. Spaun G Harris English G Jacob Bridgeman G Keegan Bradley G Corey Conners,,,,,,,,,,,,,,,,,,,
1755,5203168645,phlow999,410,52,G Cameron Young G Si Woo Kim G Keegan Bradley G Corey Conners G Mac Meissner G Jordan L. Smith,,,,,,,,,,,,,,,,,,,
1755,5202223035,HunterZR11,405,52,G Cameron Young G Hideki Matsuyama G Nicolai Højgaard G Davis Thompson G Pierceson Coody G Stephan Jaeger,,,,,,,,,,,,,,,,,,,
1755,5203142794,GeorgesGerbils,405,52,G Cameron Young G Jake Knapp G J.J. Spaun G Davis Thompson G Johnny Keefer G Chris Kirk,,,,,,,,,,,,,,,,,,,
1755,5201690871,pottorf07,403,52,G Xander Schauffele G Chris Gotterup G Russell Henley G Sudarshan Yellamaraju G Sungjae Im G Patrick Fishburn,,,,,,,,,,,,,,,,,,,
1755,5202860102,jaypkinney,400,52,G Si Woo Kim G Hideki Matsuyama G Ben Griffin G Akshay Bhatia G Tony Finau G Billy Horschel,,,,,,,,,,,,,,,,,,,
1755,5203180375,cngwafon,400,52,G Cameron Young G Chris Gotterup G Nicolai Højgaard G Ryo Hisatsune G Nicolas Echavarria G Chris Kirk,,,,,,,,,,,,,,,,,,,
1755,5203005207,Omega713,398,52,G Cameron Young G Jake Knapp G Ryan Gerard G Nicolai Højgaard G Chris Kirk G Chandler Phillips,,,,,,,,,,,,,,,,,,,
1755,5200642644,oneeyedjacks,397,52,G Wyndham Clark G Russell Henley G Jake Knapp G Davis Thompson G Pierceson Coody G Johnny Keefer,,,,,,,,,,,,,,,,,,,
1755,5202705603,pianomandm,397,52,G Xander Schauffele G Wyndham Clark G Hideki Matsuyama G Johnny Keefer G Benjamin James G Andrew Putnam,,,,,,,,,,,,,,,,,,,
1755,5200688367,Gaston333,396,52,G Chris Gotterup G Jackson Koivun G Nicolai Højgaard G Jacob Bridgeman G Ben Kohles G Christiaan Bezuidenhout,,,,,,,,,,,,,,,,,,,
1755,5200972181,bnast32,395,52,G Jackson Koivun G Wyndham Clark G Patrick Cantlay G Jackson Suber G Ben Kohles G Christiaan Bezuidenhout,,,,,,,,,,,,,,,,,,,
1755,5201123250,Jeremyrenk,395,52,G Jackson Koivun G Wyndham Clark G Hideki Matsuyama G Jackson Suber G Ben Kohles G Christiaan Bezuidenhout,,,,,,,,,,,,,,,,,,,
1755,5201268148,Dmoney361,395,52,G Jackson Koivun G Wyndham Clark G Russell Henley G Corey Conners G Ben Kohles G Christiaan Bezuidenhout,,,,,,,,,,,,,,,,,,,
1755,5201978768,shiftymethods,395,52,G Jackson Koivun G Wyndham Clark G Russell Henley G Corey Conners G Ben Kohles G Christiaan Bezuidenhout,,,,,,,,,,,,,,,,,,,
1755,5202982171,GoBillsGo47,395,52,G Chris Gotterup G Si Woo Kim G Michael Thorbjornsen G Jackson Suber G Johnny Keefer G Aldrich Potgieter,,,,,,,,,,,,,,,,,,,
1755,5200669685,SLBMLightshow,393,52,G Si Woo Kim G Wyndham Clark G Hideki Matsuyama G Jacob Bridgeman G Johnny Keefer G William Mouw,,,,,,,,,,,,,,,,,,,
1755,5201694007,Jlovemac,392,52,G Chris Gotterup G Si Woo Kim G Ryan Gerard G Ryo Hisatsune G Mac Meissner G Nicolas Echavarria,,,,,,,,,,,,,,,,,,,
1755,5203036888,devastato,392,52,G Cameron Young G Ryan Gerard G Akshay Bhatia G Eric Cole G Denny McCarthy G Benjamin James,,,,,,,,,,,,,,,,,,,
1755,5202192229,nateo88,391,52,G Chris Gotterup G Si Woo Kim G Jake Knapp G Ryo Hisatsune G Doug Ghim G Chandler Phillips,,,,,,,,,,,,,,,,,,,
1755,5203135869,caruss44,390,52,G Xander Schauffele G Wyndham Clark G Hideki Matsuyama G Jackson Suber G Sam Stevens G William Mouw,,,,,,,,,,,,,,,,,,,
1755,5201841964,Oldy9,388,52,G Chris Gotterup G Wyndham Clark G J.J. Spaun G Davis Thompson G Max Greyserman G Andrew Novak,,,,,,,,,,,,,,,,,,,
1755,5202838210,VIKSGAMBLER,388,52,G Cameron Young G Jackson Koivun G Wyndham Clark G Rasmus Neergaard-Petersen G Davis Chatfield G Zac Blair,,,,,,,,,,,,,,,,,,,
1755,5202927426,pug1pug,384,52,G Chris Gotterup G Russell Henley G J.J. Spaun G Davis Thompson G Eric Cole G Zac Blair,,,,,,,,,,,,,,,,,,,
1755,5201663495,clayapesos,338,52,G Si Woo Kim G Hideki Matsuyama G Brooks Koepka G Jacob Bridgeman G Keegan Bradley G Jordan Spieth,,,,,,,,,,,,,,,,,,,
1799,5203168960,getschmoney,408,51.5,G Cameron Young G Patrick Cantlay G Hideki Matsuyama G Jordan L. Smith G Ricky Castillo G Tony Finau,,,,,,,,,,,,,,,,,,,
1799,5201619007,DraftKingSlayer,401,51.5,G Si Woo Kim G Russell Henley G Patrick Cantlay G Davis Thompson G Jackson Suber G Chris Kirk,,,,,,,,,,,,,,,,,,,
1799,5202179139,playtowin8,401,51.5,G Si Woo Kim G Hideki Matsuyama G Jake Knapp G Jacob Bridgeman G Davis Thompson G Chris Kirk,,,,,,,,,,,,,,,,,,,
1799,5201712347,CaptainDeezer,400,51.5,G Xander Schauffele G Akshay Bhatia G Nicolai Højgaard G Michael Thorbjornsen G Max Greyserman G Kevin Yu,,,,,,,,,,,,,,,,,,,
1799,5202691607,Sofisa1314,400,51.5,G Chris Gotterup G Patrick Cantlay G Jake Knapp G Ryo Hisatsune G Aldrich Potgieter G Kevin Yu,,,,,,,,,,,,,,,,,,,
1799,5203072827,Norris26,400,51.5,G Xander Schauffele G Ben Griffin G Akshay Bhatia G Nicolai Højgaard G Kevin Yu G Taylor Moore,,,,,,,,,,,,,,,,,,,
1799,5200944122,storfelen,399,51.5,G Chris Gotterup G Jackson Koivun G Ryan Gerard G Marco Penge G Ryo Hisatsune G Kevin Roy,,,,,,,,,,,,,,,,,,,
1799,5201220520,goalinestan,399,51.5,G Chris Gotterup G Jackson Koivun G Ryan Gerard G Jacob Bridgeman G Ben Kohles G Sungjae Im,,,,,,,,,,,,,,,,,,,
1799,5201838405,magdziuk,399,51.5,G Chris Gotterup G Jackson Koivun G Ryan Gerard G Ryo Hisatsune G Ben Kohles G Zachary Bauchou,,,,,,,,,,,,,,,,,,,
1799,5201869973,GrillmasterFrad,399,51.5,G Chris Gotterup G Jackson Koivun G Ryan Gerard G Ryo Hisatsune G Rasmus Neergaard-Petersen G Jordan L. Smith,,,,,,,,,,,,,,,,,,,
1799,5201946686,BenVanhorn,399,51.5,G Chris Gotterup G Wyndham Clark G Ben Griffin G Jake Knapp G Zachary Bauchou G Brandt Snedeker,,,,,,,,,,,,,,,,,,,
1799,5202434686,Lowgear51,399,51.5,G Chris Gotterup G Jackson Koivun G Ryan Gerard G Jackson Suber G Rasmus Neergaard-Petersen G Sudarshan Yellamaraju,,,,,,,,,,,,,,,,,,,
1799,5200739403,NO-MORE-NIGHT-RUNS,398,51.5,G Jackson Koivun G Wyndham Clark G Ryan Gerard G Jacob Bridgeman G Rasmus Neergaard-Petersen G Ben Kohles,,,,,,,,,,,,,,,,,,,
1799,5201291763,Brobe55506,398,51.5,G Xander Schauffele G Si Woo Kim G Jacob Bridgeman G Max Greyserman G Ben Kohles G Emiliano Grillo,,,,,,,,,,,,,,,,,,,
1799,5201483492,nmosco2,398,51.5,G Jackson Koivun G Wyndham Clark G Ryan Gerard G Michael Brennan G Rasmus Neergaard-Petersen G Ben Kohles,,,,,,,,,,,,,,,,,,,
1799,5201649272,beny1973,398,51.5,G Jackson Koivun G Wyndham Clark G Ryan Gerard G Ryo Hisatsune G Jackson Suber G Sudarshan Yellamaraju,,,,,,,,,,,,,,,,,,,
1799,5202107635,Smoevk27,398,51.5,G Jackson Koivun G Wyndham Clark G Ryan Gerard G Jacob Bridgeman G Jackson Suber G Ben Kohles,,,,,,,,,,,,,,,,,,,
1799,5202766740,ckpops,398,51.5,G Jackson Koivun G Wyndham Clark G Russell Henley G Ryo Hisatsune G Nick Taylor G Sungjae Im,,,,,,,,,,,,,,,,,,,
1799,5203016395,woody39,398,51.5,G Jackson Koivun G Wyndham Clark G Ryan Gerard G Ryo Hisatsune G Denny McCarthy G Corey Conners,,,,,,,,,,,,,,,,,,,
1799,5201066627,chri0580,396,51.5,G Xander Schauffele G Patrick Cantlay G Ryan Gerard G Michael Brennan G Pierceson Coody G Hao-Tong Li,,,,,,,,,,,,,,,,,,,
1799,5200996994,chipperdini17,395,51.5,G Wyndham Clark G Patrick Cantlay G Akshay Bhatia G Michael Brennan G Davis Thompson G Johnny Keefer,,,,,,,,,,,,,,,,,,,
1799,5203060665,LetsGoOs08,395,51.5,G Wyndham Clark G Jake Knapp G Akshay Bhatia G Nicolai Højgaard G Davis Thompson G Johnny Keefer,,,,,,,,,,,,,,,,,,,
1799,5201737805,jghetler,393,51.5,G Si Woo Kim G Wyndham Clark G Russell Henley G Davis Thompson G Pierceson Coody G Kevin Roy,,,,,,,,,,,,,,,,,,,
1799,5201988320,Icepop15,393,51.5,G Chris Gotterup G Jackson Koivun G Ben Griffin G Ben Kohles G Aldrich Potgieter G Benjamin James,,,,,,,,,,,,,,,,,,,
1799,5200871940,parkcg70,392,51.5,G Chris Gotterup G Jackson Koivun G Patrick Cantlay G Benjamin James G Jordan L. Smith G William Mouw,,,,,,,,,,,,,,,,,,,
1799,5203005503,wolvercat,392,51.5,G Chris Gotterup G Hideki Matsuyama G Jake Knapp G Akshay Bhatia G Sam Stevens G William Mouw,,,,,,,,,,,,,,,,,,,
1799,5202194636,derektreybig,391,51.5,G Jackson Koivun G Wyndham Clark G Jake Knapp G Michael Thorbjornsen G Benjamin James G William Mouw,,,,,,,,,,,,,,,,,,,
1799,5201489558,nonothings,389,51.5,G Chris Gotterup G Jake Knapp G Ryan Gerard G Akshay Bhatia G Jackson Suber G Chandler Phillips,,,,,,,,,,,,,,,,,,,
1799,5203202431,ulery40,389,51.5,G Chris Gotterup G Patrick Cantlay G Ryan Gerard G Akshay Bhatia G Ben Kohles G Chandler Phillips,,,,,,,,,,,,,,,,,,,
1799,5200963501,kp3205s,388,51.5,G Wyndham Clark G Hideki Matsuyama G Ryan Gerard G Akshay Bhatia G Jacob Bridgeman G Chandler Phillips,,,,,,,,,,,,,,,,,,,
1799,5202512607,joedanner84,387,51.5,G Cameron Young G Xander Schauffele G Akshay Bhatia G Nick Taylor G Rasmus Højgaard G Zac Blair,,,,,,,,,,,,,,,,,,,
1830,5202949663,tmarotta1102,413,51,G Cameron Young G Michael Thorbjornsen G Rickie Fowler G Jacob Bridgeman G Ryo Hisatsune G Pierceson Coody,,,,,,,,,,,,,,,,,,,
1830,5203259742,Mwallene,413,51,G Russell Henley G Hideki Matsuyama G Nicolai Højgaard G Rickie Fowler G Jacob Bridgeman G Pierceson Coody,,,,,,,,,,,,,,,,,,,
1830,5200692156,aces2543,410,51,G Xander Schauffele G J.J. Spaun G Rickie Fowler G Jordan Spieth G Ryo Hisatsune G Denny McCarthy,,,,,,,,,,,,,,,,,,,
1830,5200918674,johnyb,410,51,G Xander Schauffele G Hideki Matsuyama G Rickie Fowler G Jordan Spieth G Ryo Hisatsune G Ben Kohles,,,,,,,,,,,,,,,,,,,
1830,5201113926,shon28,410,51,G Xander Schauffele G Nicolai Højgaard G Michael Thorbjornsen G Rickie Fowler G Ryo Hisatsune G Jackson Suber,,,,,,,,,,,,,,,,,,,
1830,5201241488,Rabes77,410,51,G Xander Schauffele G Russell Henley G Rickie Fowler G Michael Brennan G Jackson Suber G John Parry,,,,,,,,,,,,,,,,,,,
1830,5201560611,kyleboneski,410,51,G Xander Schauffele G Hideki Matsuyama G Rickie Fowler G Michael Brennan G Corey Conners G Billy Horschel,,,,,,,,,,,,,,,,,,,
1830,5201886216,jumboperch,410,51,G Xander Schauffele G J.J. Spaun G Michael Thorbjornsen G Rickie Fowler G Jordan Spieth G Sudarshan Yellamaraju,,,,,,,,,,,,,,,,,,,
1830,5202201687,tjcollins5,410,51,G Xander Schauffele G Michael Thorbjornsen G Rickie Fowler G Michael Brennan G Marco Penge G Ben Kohles,,,,,,,,,,,,,,,,,,,
1830,5202281244,seemorebets1,410,51,G Xander Schauffele G Hideki Matsuyama G Rickie Fowler G Ryo Hisatsune G Denny McCarthy G Corey Conners,,,,,,,,,,,,,,,,,,,
1830,5202837658,Thysman,410,51,G Xander Schauffele G Patrick Cantlay G Rickie Fowler G Jordan Spieth G Jackson Suber G Rasmus Neergaard-Petersen,,,,,,,,,,,,,,,,,,,
1830,5202860089,J-Rock-R,410,51,G Xander Schauffele G Patrick Cantlay G Rickie Fowler G Jacob Bridgeman G Jackson Suber G Jordan L. Smith,,,,,,,,,,,,,,,,,,,
1830,5203053886,dsphillips89,410,51,G Xander Schauffele G Harris English G Rickie Fowler G Michael Brennan G Ryo Hisatsune G Jackson Suber,,,,,,,,,,,,,,,,,,,
1830,5200689065,PrimeTimeTK11,409,51,G Xander Schauffele G Patrick Cantlay G Michael Thorbjornsen G Keegan Bradley G Corey Conners G Jordan L. Smith,,,,,,,,,,,,,,,,,,,
1830,5200706512,mpficek,409,51,G Cameron Young G Xander Schauffele G Keegan Bradley G Corey Conners G Sungjae Im G John Parry,,,,,,,,,,,,,,,,,,,
1830,5200707505,LB15,409,51,G Xander Schauffele G Patrick Cantlay G Ben Griffin G Keegan Bradley G Ben Kohles G Garrick Higgo,,,,,,,,,,,,,,,,,,,
1830,5201087841,paulrobert1989,409,51,G Cameron Young G Xander Schauffele G Jacob Bridgeman G Keegan Bradley G Taylor Moore G Cameron Davis,,,,,,,,,,,,,,,,,,,
1830,5201846642,NKramer824,409,51,G Xander Schauffele G Harris English G Nicolai Højgaard G Keegan Bradley G Ryo Hisatsune G Corey Conners,,,,,,,,,,,,,,,,,,,
1830,5202242712,solina06,409,51,G Xander Schauffele G Hideki Matsuyama G Keegan Bradley G Jordan Spieth G Ryo Hisatsune G Corey Conners,,,,,,,,,,,,,,,,,,,
1830,5202313333,skers2001,409,51,G Xander Schauffele G Hideki Matsuyama G Nicolai Højgaard G Keegan Bradley G Matt Wallace G Mac Meissner,,,,,,,,,,,,,,,,,,,
1830,5203117253,Bodhisattva,409,51,G Xander Schauffele G Hideki Matsuyama G Michael Thorbjornsen G Jacob Bridgeman G Keegan Bradley G Patrick Rodgers,,,,,,,,,,,,,,,,,,,
1830,5203138172,dfs_ads,409,51,G Xander Schauffele G Patrick Cantlay G Michael Brennan G Keegan Bradley G Corey Conners G Matt Wallace,,,,,,,,,,,,,,,,,,,
1830,5203264127,colommi,409,51,G Xander Schauffele G Hideki Matsuyama G J.J. Spaun G Keegan Bradley G Jordan L. Smith G Taylor Moore,,,,,,,,,,,,,,,,,,,
1830,5203187058,Spukuff,407,51,G Cameron Young G Patrick Cantlay G Rickie Fowler G Max Greyserman G Seamus Power G Sungjae Im,,,,,,,,,,,,,,,,,,,
1830,5200959541,angelpoet31,404,51,G Cameron Young G Hideki Matsuyama G Jake Knapp G Johnny Keefer G Aldrich Potgieter G Chris Kirk,,,,,,,,,,,,,,,,,,,
1830,5201301875,murph4898,402,51,G Cameron Young G Chris Gotterup G Jacob Bridgeman G Ben Kohles G Benjamin James G Emiliano Grillo,,,,,,,,,,,,,,,,,,,
1830,5202409472,Dogfeet21,402,51,G Cameron Young G Chris Gotterup G Jacob Bridgeman G Ben Kohles G Benjamin James G Emiliano Grillo,,,,,,,,,,,,,,,,,,,
1830,5202696814,jumpers,402,51,G Chris Gotterup G Russell Henley G Hideki Matsuyama G Ben Kohles G Benjamin James G Emiliano Grillo,,,,,,,,,,,,,,,,,,,
1830,5202219360,sgtwez,399,51,G Cameron Young G Chris Gotterup G Davis Thompson G Rasmus Neergaard-Petersen G Max Greyserman G Emiliano Grillo,,,,,,,,,,,,,,,,,,,
1830,5202333258,cleaver3728,399,51,G Chris Gotterup G Hideki Matsuyama G Ben Griffin G Davis Thompson G Ben Kohles G Emiliano Grillo,,,,,,,,,,,,,,,,,,,
1830,5202787748,Undcarter,399,51,G Xander Schauffele G Jake Knapp G Akshay Bhatia G Nicolai Højgaard G Jordan L. Smith G Tony Finau,,,,,,,,,,,,,,,,,,,
1830,5202918647,skotka,399,51,G Cameron Young G Chris Gotterup G Davis Thompson G Mac Meissner G Jordan L. Smith G Emiliano Grillo,,,,,,,,,,,,,,,,,,,
1830,5201256874,Bcfdad,397,51,G Jackson Koivun G Hideki Matsuyama G Ryan Gerard G Jacob Bridgeman G Ryo Hisatsune G Christiaan Bezuidenhout,,,,,,,,,,,,,,,,,,,
1830,5202670605,GSlam,397,51,G Si Woo Kim G Jackson Koivun G Russell Henley G Patrick Cantlay G Mark Hubbard G John VanDerLaan,,,,,,,,,,,,,,,,,,,
1830,5202766064,Shenkmeister,397,51,G Jackson Koivun G Ben Griffin G Ryan Gerard G Michael Brennan G Jacob Bridgeman G Christiaan Bezuidenhout,,,,,,,,,,,,,,,,,,,
1830,5203101536,coldplay1234,397,51,G Cameron Young G Jackson Koivun G Ryan Gerard G Ben Kohles G Christiaan Bezuidenhout G Zecheng Dou,,,,,,,,,,,,,,,,,,,
1830,5203103906,rniemi33,397,51,G Jackson Koivun G Hideki Matsuyama G Ryan Gerard G Jacob Bridgeman G Jordan Spieth G Christiaan Bezuidenhout,,,,,,,,,,,,,,,,,,,
1830,5200592454,phillipyadegari,396,51,G Cameron Young G Jackson Koivun G Hideki Matsuyama G Ben Kohles G Lucas Glover G Chris Kirk,,,,,,,,,,,,,,,,,,,
1830,5200904116,wqtop,395,51,G Chris Gotterup G Wyndham Clark G Russell Henley G Jacob Bridgeman G Jordan L. Smith G Joel Dahmen,,,,,,,,,,,,,,,,,,,
1830,5201330337,jm.foster,393,51,G Chris Gotterup G Si Woo Kim G J.J. Spaun G Johnny Keefer G Ben Kohles G Chandler Phillips,,,,,,,,,,,,,,,,,,,
1830,5202728749,krobinson34,393,51,G Chris Gotterup G Si Woo Kim G Jake Knapp G Johnny Keefer G Ben Kohles G Chandler Phillips,,,,,,,,,,,,,,,,,,,
1830,5202341290,SDPlayer,392,51,G Chris Gotterup G Si Woo Kim G Akshay Bhatia G Davis Thompson G Jackson Suber G Sungjae Im,,,,,,,,,,,,,,,,,,,
1830,5202503288,Bellringers,391,51,G Si Woo Kim G Wyndham Clark G Akshay Bhatia G Davis Thompson G Jackson Suber G Corey Conners,,,,,,,,,,,,,,,,,,,
1830,5201237745,Maury2620,390,51,G Chris Gotterup G Si Woo Kim G Wyndham Clark G Jackson Suber G Ben Kohles G Aaron Wise,,,,,,,,,,,,,,,,,,,
1830,5203256545,mateostarr,390,51,G Cameron Young G Wyndham Clark G Ryan Gerard G Doug Ghim G Billy Horschel G Lucas Glover,,,,,,,,,,,,,,,,,,,
1830,5200700682,B.T.F.D,389,51,G Chris Gotterup G Jackson Koivun G Russell Henley G Pierceson Coody G Ben Kohles G Lucas Glover,,,,,,,,,,,,,,,,,,,
1830,5202539834,loomis8832,389,51,G Cameron Young G Chris Gotterup G Jake Knapp G Johnny Keefer G Lucas Glover G Joel Dahmen,,,,,,,,,,,,,,,,,,,
1830,5200812220,rkadoerksen,388,51,G Xander Schauffele G Chris Gotterup G Jake Knapp G Davis Thompson G Davis Chatfield G Pontus Nyholm,,,,,,,,,,,,,,,,,,,
1830,5201375060,GregHundt,387,51,G Cameron Young G Xander Schauffele G Wyndham Clark G Rasmus Neergaard-Petersen G Kevin Streelman G Danny Walker,,,,,,,,,,,,,,,,,,,
1879,5200821574,theatlbraves,411,50.5,G Russell Henley G Hideki Matsuyama G Akshay Bhatia G Rickie Fowler G Jordan Spieth G Ryo Hisatsune,,,,,,,,,,,,,,,,,,,
1879,5200843639,bereamike40,411,50.5,G Cameron Young G Akshay Bhatia G Rickie Fowler G Jacob Bridgeman G Jordan Spieth G Mac Meissner,,,,,,,,,,,,,,,,,,,
1879,5200969247,jjm38pies,411,50.5,G Patrick Cantlay G Hideki Matsuyama G Akshay Bhatia G Michael Thorbjornsen G Rickie Fowler G Jordan L. Smith,,,,,,,,,,,,,,,,,,,
1879,5200978399,RAGPA,411,50.5,G Cameron Young G Akshay Bhatia G Rickie Fowler G Jacob Bridgeman G Corey Conners G Rasmus Neergaard-Petersen,,,,,,,,,,,,,,,,,,,
1879,5200979399,roberbro23,411,50.5,G Cameron Young G Akshay Bhatia G Rickie Fowler G Jacob Bridgeman G Ryo Hisatsune G Ben Kohles,,,,,,,,,,,,,,,,,,,
1879,5201387387,danmilonas,411,50.5,G Jake Knapp G J.J. Spaun G Akshay Bhatia G Michael Thorbjornsen G Rickie Fowler G Marco Penge,,,,,,,,,,,,,,,,,,,
1879,5201621278,lferris,411,50.5,G Cameron Young G Akshay Bhatia G Rickie Fowler G Jacob Bridgeman G Ryo Hisatsune G Jackson Suber,,,,,,,,,,,,,,,,,,,
1879,5201646247,BK4307,411,50.5,G Harris English G Akshay Bhatia G Nicolai Højgaard G Michael Thorbjornsen G Rickie Fowler G Michael Brennan,,,,,,,,,,,,,,,,,,,
1879,5201685556,reignman,411,50.5,G Ben Griffin G J.J. Spaun G Akshay Bhatia G Rickie Fowler G Jacob Bridgeman G Jackson Suber,,,,,,,,,,,,,,,,,,,
1879,5202184713,TheJay80,411,50.5,G Cameron Young G Akshay Bhatia G Rickie Fowler G Jacob Bridgeman G Jordan Spieth G Matt Wallace,,,,,,,,,,,,,,,,,,,
1879,5202291584,thielo21,411,50.5,G Hideki Matsuyama G Ben Griffin G Akshay Bhatia G Michael Thorbjornsen G Rickie Fowler G Rasmus Neergaard-Petersen,,,,,,,,,,,,,,,,,,,
1879,5202525197,SergeantSlaughter51,411,50.5,G Hideki Matsuyama G J.J. Spaun G Akshay Bhatia G Rickie Fowler G Michael Brennan G Jacob Bridgeman,,,,,,,,,,,,,,,,,,,
1879,5202634267,mbland15,411,50.5,G Hideki Matsuyama G J.J. Spaun G Akshay Bhatia G Michael Thorbjornsen G Rickie Fowler G Jackson Suber,,,,,,,,,,,,,,,,,,,
1879,5202862232,skrusse,411,50.5,G Cameron Young G Akshay Bhatia G Rickie Fowler G Michael Brennan G Ryo Hisatsune G Jackson Suber,,,,,,,,,,,,,,,,,,,
1879,5202991819,suhstomp90,411,50.5,G Ben Griffin G Jake Knapp G Akshay Bhatia G Michael Thorbjornsen G Rickie Fowler G Ben Kohles,,,,,,,,,,,,,,,,,,,
1879,5203035325,joey_boy,411,50.5,G Russell Henley G Patrick Cantlay G Akshay Bhatia G Rickie Fowler G Jacob Bridgeman G Mac Meissner,,,,,,,,,,,,,,,,,,,
1879,5203076581,taofato,411,50.5,G Russell Henley G Akshay Bhatia G Nicolai Højgaard G Michael Thorbjornsen G Rickie Fowler G Marco Penge,,,,,,,,,,,,,,,,,,,
1879,5200787957,vnyce88,410,50.5,G Cameron Young G Patrick Cantlay G Akshay Bhatia G Keegan Bradley G Jordan L. Smith G Sungjae Im,,,,,,,,,,,,,,,,,,,
1879,5201653705,MikeyJ234,410,50.5,G Patrick Cantlay G Ben Griffin G Akshay Bhatia G Jacob Bridgeman G Keegan Bradley G Billy Horschel,,,,,,,,,,,,,,,,,,,
1879,5202113663,zandwich,410,50.5,G Cameron Young G Hideki Matsuyama G Akshay Bhatia G Keegan Bradley G Mac Meissner G Sungjae Im,,,,,,,,,,,,,,,,,,,
1879,5202158527,Freezered,410,50.5,G Cameron Young G Akshay Bhatia G Jacob Bridgeman G Keegan Bradley G Marco Penge G Ryo Hisatsune,,,,,,,,,,,,,,,,,,,
1879,5202646650,bobby.andrews4,410,50.5,G Patrick Cantlay G Akshay Bhatia G Nicolai Højgaard G Michael Thorbjornsen G Jacob Bridgeman G Keegan Bradley,,,,,,,,,,,,,,,,,,,
1879,5202729007,newb1212,410,50.5,G Patrick Cantlay G Hideki Matsuyama G J.J. Spaun G Akshay Bhatia G Keegan Bradley G Sungjae Im,,,,,,,,,,,,,,,,,,,
1879,5202863264,jamjamc94,410,50.5,G Cameron Young G Ben Griffin G Akshay Bhatia G Keegan Bradley G Ben Kohles G Taylor Moore,,,,,,,,,,,,,,,,,,,
1879,5203058209,Captaincanada734,410,50.5,G Ben Griffin G Jake Knapp G Akshay Bhatia G Michael Thorbjornsen G Jacob Bridgeman G Keegan Bradley,,,,,,,,,,,,,,,,,,,
1879,5203131744,frankcostanza,410,50.5,G Ben Griffin G Jake Knapp G Akshay Bhatia G Michael Thorbjornsen G Michael Brennan G Keegan Bradley,,,,,,,,,,,,,,,,,,,
1879,5203247674,Jvill147,410,50.5,G Cameron Young G Patrick Cantlay G Akshay Bhatia G Keegan Bradley G Jordan L. Smith G Sungjae Im,,,,,,,,,,,,,,,,,,,
1879,5201149118,Brucebruce123,403,50.5,G Chris Gotterup G Russell Henley G Ben Griffin G Jordan Spieth G Benjamin James G Ricky Castillo,,,,,,,,,,,,,,,,,,,
1879,5200670035,aidan514,400,50.5,G Cameron Young G Si Woo Kim G Akshay Bhatia G Ryo Hisatsune G Ricky Castillo G A.J. Ewart,,,,,,,,,,,,,,,,,,,
1879,5201250227,perchking,400,50.5,G Si Woo Kim G Ben Griffin G Akshay Bhatia G Nicolai Højgaard G Jackson Suber G Ricky Castillo,,,,,,,,,,,,,,,,,,,
1879,5202293721,HurricaneAl42,400,50.5,G Cameron Young G Chris Gotterup G Davis Thompson G Jackson Suber G Rasmus Neergaard-Petersen G Ricky Castillo,,,,,,,,,,,,,,,,,,,
1879,5202342498,ricobrow48,400,50.5,G Si Woo Kim G Ben Griffin G Harris English G Akshay Bhatia G Matt Wallace G Ricky Castillo,,,,,,,,,,,,,,,,,,,
1879,5202513370,cmora024,400,50.5,G Cameron Young G Patrick Cantlay G Ryan Gerard G Ben Kohles G Kevin Yu G William Mouw,,,,,,,,,,,,,,,,,,,
1879,5201496944,bighouse15,398,50.5,G Cameron Young G Chris Gotterup G Jacob Bridgeman G Ben Kohles G Kevin Yu G Chandler Phillips,,,,,,,,,,,,,,,,,,,
1879,5202583675,robb66golfer,398,50.5,G Cameron Young G Chris Gotterup G Michael Thorbjornsen G Jackson Suber G Kevin Yu G Chandler Phillips,,,,,,,,,,,,,,,,,,,
1879,5200677406,moyboy14,397,50.5,G Cameron Young G Wyndham Clark G Jake Knapp G Ben Kohles G Kevin Yu G Chandler Phillips,,,,,,,,,,,,,,,,,,,
1879,5203078509,LeroyChiao,397,50.5,G Hideki Matsuyama G Ben Griffin G Ryan Gerard G Akshay Bhatia G Davis Thompson G Johnny Keefer,,,,,,,,,,,,,,,,,,,
1879,5203259327,ericgolliday070200,397,50.5,G Cameron Young G Ryan Gerard G Akshay Bhatia G Davis Thompson G Johnny Keefer G Billy Horschel,,,,,,,,,,,,,,,,,,,
1879,5201018517,thebittercheese,396,50.5,G Chris Gotterup G Wyndham Clark G Jake Knapp G Ryo Hisatsune G Christiaan Bezuidenhout G John Parry,,,,,,,,,,,,,,,,,,,
1879,5202523691,Buschman32,396,50.5,G Chris Gotterup G Wyndham Clark G Jackson Suber G Rasmus Neergaard-Petersen G Ben Kohles G Christiaan Bezuidenhout,,,,,,,,,,,,,,,,,,,
1879,5202551838,C_Hus,396,50.5,G Chris Gotterup G Wyndham Clark G Michael Brennan G Jacob Bridgeman G Marco Penge G Christiaan Bezuidenhout,,,,,,,,,,,,,,,,,,,
1879,5202579388,wildtky101,396,50.5,G Chris Gotterup G Wyndham Clark G Jake Knapp G Jackson Suber G Ben Kohles G Christiaan Bezuidenhout,,,,,,,,,,,,,,,,,,,
1879,5202869914,kensauer,396,50.5,G Chris Gotterup G Wyndham Clark G Jake Knapp G Denny McCarthy G Ben Kohles G Christiaan Bezuidenhout,,,,,,,,,,,,,,,,,,,
1879,5202996302,griff1118,396,50.5,G Chris Gotterup G Wyndham Clark G Jake Knapp G Jackson Suber G Ben Kohles G Christiaan Bezuidenhout,,,,,,,,,,,,,,,,,,,
1879,5201996596,Hagertt,395,50.5,G Chris Gotterup G Jake Knapp G Akshay Bhatia G Nicolai Højgaard G Johnny Keefer G Aldrich Potgieter,,,,,,,,,,,,,,,,,,,
1879,5202247438,Duck-D-Koi,395,50.5,G Xander Schauffele G Si Woo Kim G Ryan Gerard G Ben Kohles G Benjamin James G Kevin Roy,,,,,,,,,,,,,,,,,,,
1879,5202770203,rdog420,395,50.5,G Cameron Young G Jackson Koivun G Michael Brennan G Jackson Suber G Emiliano Grillo G Chandler Phillips,,,,,,,,,,,,,,,,,,,
1879,5203167061,lynch_nation,395,50.5,G Chris Gotterup G Jake Knapp G Akshay Bhatia G Michael Thorbjornsen G Johnny Keefer G Aldrich Potgieter,,,,,,,,,,,,,,,,,,,
1879,5200887103,CapsFinsSkins,393,50.5,G Chris Gotterup G Si Woo Kim G Hideki Matsuyama G Davis Thompson G Ben Kohles G Kevin Streelman,,,,,,,,,,,,,,,,,,,
1879,5202264973,cjhamik,392,50.5,G Xander Schauffele G Si Woo Kim G Ryan Gerard G Davis Thompson G Corey Conners G Brad Dalke,,,,,,,,,,,,,,,,,,,
1879,5203180488,MugsyOne,391,50.5,G Jackson Koivun G Jake Knapp G Ryan Gerard G Michael Thorbjornsen G Davis Thompson G Aldrich Potgieter,,,,,,,,,,,,,,,,,,,
1879,5202633695,ERIII,390,50.5,G Si Woo Kim G Jake Knapp G Akshay Bhatia G Michael Thorbjornsen G Davis Thompson G Christiaan Bezuidenhout,,,,,,,,,,,,,,,,,,,
1879,5203254006,Cr491465,390,50.5,G Si Woo Kim G J.J. Spaun G Akshay Bhatia G Nicolai Højgaard G Davis Thompson G Christiaan Bezuidenhout,,,,,,,,,,,,,,,,,,,
1879,5200582653,LASGolf1985,388,50.5,G Chris Gotterup G Jackson Koivun G Jake Knapp G Davis Thompson G Max Greyserman G Chandler Phillips,,,,,,,,,,,,,,,,,,,
1879,5200796082,crauenzahn,388,50.5,G Xander Schauffele G Patrick Cantlay G Hideki Matsuyama G Davis Thompson G Tony Finau G Lucas Glover,,,,,,,,,,,,,,,,,,,
1879,5200908433,BIGDOGMINN,388,50.5,G Chris Gotterup G Jackson Koivun G Jake Knapp G Davis Thompson G Jackson Suber G Chandler Phillips,,,,,,,,,,,,,,,,,,,
1879,5202172939,firewife77,388,50.5,G Chris Gotterup G Jackson Koivun G Jake Knapp G Davis Thompson G Ben Kohles G Chandler Phillips,,,,,,,,,,,,,,,,,,,
1879,5202183865,danblah25,388,50.5,G Chris Gotterup G Jackson Koivun G Jake Knapp G Davis Thompson G Max Greyserman G Chandler Phillips,,,,,,,,,,,,,,,,,,,
1879,5202556265,eepapa58,388,50.5,G Chris Gotterup G Jackson Koivun G Jake Knapp G Davis Thompson G Jackson Suber G Chandler Phillips,,,,,,,,,,,,,,,,,,,
1879,5202825947,OnePutt18,388,50.5,G Chris Gotterup G Jackson Koivun G Hideki Matsuyama G Davis Thompson G Ben Kohles G Chandler Phillips,,,,,,,,,,,,,,,,,,,
1879,5203078851,tickt4ck,388,50.5,G Chris Gotterup G Jackson Koivun G Hideki Matsuyama G Davis Thompson G Ben Kohles G Chandler Phillips,,,,,,,,,,,,,,,,,,,
1879,5202175099,haleyea,386,50.5,G Xander Schauffele G Wyndham Clark G Michael Brennan G Davis Thompson G Jackson Suber G Seamus Power,,,,,,,,,,,,,,,,,,,
1879,5203095658,tinabtw,386,50.5,G Chris Gotterup G Wyndham Clark G J.J. Spaun G Akshay Bhatia G Kevin Roy G Austin Smotherman,,,,,,,,,,,,,,,,,,,
1879,5200879888,radagast196,385,50.5,G Jackson Koivun G Russell Henley G J.J. Spaun G Akshay Bhatia G Seamus Power G William Mouw,,,,,,,,,,,,,,,,,,,
1879,5201401989,ebrady25,385,50.5,G Cameron Young G Chris Gotterup G Ryan Gerard G Jackson Suber G Chandler Phillips G Zac Blair,,,,,,,,,,,,,,,,,,,
1879,5201796329,bluesguy39,385,50.5,G Chris Gotterup G Hideki Matsuyama G Jake Knapp G Ryan Gerard G Chandler Phillips G Zac Blair,,,,,,,,,,,,,,,,,,,
1879,5203245601,milrick,385,50.5,G Cameron Young G Xander Schauffele G Si Woo Kim G William Mouw G Davis Chatfield G Kevin Streelman,,,,,,,,,,,,,,,,,,,
1879,5201904289,bmurder69,375,50.5,G Xander Schauffele G Chris Gotterup G Si Woo Kim G Lucas Glover G Matti Schmid G Austin Smotherman,,,,,,,,,,,,,,,,,,,
1947,5203168199,wschatz,412,50,G Cameron Young G Hideki Matsuyama G Rickie Fowler G Ryo Hisatsune G Denny McCarthy G Kevin Streelman,,,,,,,,,,,,,,,,,,,
1947,5200677433,jsanders41,401,50,G Cameron Young G Jake Knapp G Akshay Bhatia G Davis Thompson G Billy Horschel G Chris Kirk,,,,,,,,,,,,,,,,,,,
1947,5202509605,PolyVooFonsay,401,50,G Russell Henley G Hideki Matsuyama G Jake Knapp G Akshay Bhatia G Davis Thompson G Chris Kirk,,,,,,,,,,,,,,,,,,,
1947,5202566699,zacharypage62,401,50,G Cameron Young G Jake Knapp G Akshay Bhatia G Davis Thompson G Jackson Suber G Chris Kirk,,,,,,,,,,,,,,,,,,,
1947,5202975812,gordonjonathan1,401,50,G Russell Henley G Jake Knapp G J.J. Spaun G Akshay Bhatia G Davis Thompson G Chris Kirk,,,,,,,,,,,,,,,,,,,
1947,5203171313,richcook9982,401,50,G Cameron Young G Si Woo Kim G J.J. Spaun G Davis Thompson G Ben Kohles G Davis Riley,,,,,,,,,,,,,,,,,,,
1947,5202748070,c_losonic22,400,50,G Hideki Matsuyama G Jake Knapp G J.J. Spaun G Ryan Gerard G Davis Thompson G Emiliano Grillo,,,,,,,,,,,,,,,,,,,
1947,5200571757,mjurek1113,399,50,G Chris Gotterup G Wyndham Clark G Ryan Gerard G Ryo Hisatsune G Rasmus Neergaard-Petersen G Ben Kohles,,,,,,,,,,,,,,,,,,,
1947,5200721807,BobbyFi,399,50,G Chris Gotterup G Wyndham Clark G Ryan Gerard G Ryo Hisatsune G Rasmus Neergaard-Petersen G Jordan L. Smith,,,,,,,,,,,,,,,,,,,
1947,5200819052,Ftheworld,399,50,G Chris Gotterup G Wyndham Clark G Jake Knapp G Michael Brennan G Nick Taylor G Lee Hodges,,,,,,,,,,,,,,,,,,,
1947,5200957451,timcwarren,399,50,G Chris Gotterup G Wyndham Clark G Ryan Gerard G Michael Brennan G Rasmus Neergaard-Petersen G Matthew McCarty,,,,,,,,,,,,,,,,,,,
1947,5201810703,comets1234,399,50,G Chris Gotterup G Wyndham Clark G Ryan Gerard G Jacob Bridgeman G Ben Kohles G A.J. Ewart,,,,,,,,,,,,,,,,,,,
1947,5203016250,noberg,399,50,G Cameron Young G Xander Schauffele G Hideki Matsuyama G Stephan Jaeger G Chandler Phillips G Joe Highsmith,,,,,,,,,,,,,,,,,,,
1947,5203072785,KCDADONN,399,50,G Chris Gotterup G Wyndham Clark G Ryan Gerard G Ryo Hisatsune G Rasmus Neergaard-Petersen G Ben Kohles,,,,,,,,,,,,,,,,,,,
1947,5203122848,Xeyri,399,50,G Chris Gotterup G Wyndham Clark G Russell Henley G Max Greyserman G Nick Taylor G Sungjae Im,,,,,,,,,,,,,,,,,,,
1947,5201793695,Ducornett,396,50,G Jackson Koivun G Hideki Matsuyama G Ryan Gerard G Jacob Bridgeman G Eric Cole G Corey Conners,,,,,,,,,,,,,,,,,,,
1947,5202216321,mistaziggsta,396,50,G Cameron Young G Jackson Koivun G Jake Knapp G Ben Kohles G Ricky Castillo G Chandler Phillips,,,,,,,,,,,,,,,,,,,
1947,5202490323,raypricegibson,396,50,G Jackson Koivun G Jake Knapp G Ryan Gerard G Michael Thorbjornsen G Eric Cole G Ben Kohles,,,,,,,,,,,,,,,,,,,
1947,5202892486,bighead007,396,50,G Jackson Koivun G Hideki Matsuyama G Jake Knapp G Ryan Gerard G Eric Cole G Patrick Rodgers,,,,,,,,,,,,,,,,,,,
1947,5200900950,Dudorino,393,50,G Si Woo Kim G Ryan Gerard G Akshay Bhatia G Davis Thompson G Ben Kohles G Taylor Pendrith,,,,,,,,,,,,,,,,,,,
1947,5201244945,jbmarkos,393,50,G Si Woo Kim G Ryan Gerard G Akshay Bhatia G Michael Thorbjornsen G Davis Thompson G Corey Conners,,,,,,,,,,,,,,,,,,,
1947,5201320310,esmith911,393,50,G Chris Gotterup G Si Woo Kim G Jackson Koivun G Hideki Matsuyama G William Jennings G Keenan Huskey,,,,,,,,,,,,,,,,,,,
1947,5202164801,AverillsAvengers,393,50,G Chris Gotterup G Si Woo Kim G Jackson Koivun G Hideki Matsuyama G William Jennings G Keenan Huskey,,,,,,,,,,,,,,,,,,,
1947,5202168407,statnerds,393,50,G Si Woo Kim G Ryan Gerard G Akshay Bhatia G Michael Brennan G Marco Penge G Davis Thompson,,,,,,,,,,,,,,,,,,,
1947,5201317272,johnson0652,392,50,G Cameron Young G Chris Gotterup G Davis Thompson G Corey Conners G Doug Ghim G Andrew Novak,,,,,,,,,,,,,,,,,,,
1947,5203186377,Bonafide24,392,50,G Xander Schauffele G Chris Gotterup G Michael Thorbjornsen G Ryo Hisatsune G Johnny Keefer G Chandler Phillips,,,,,,,,,,,,,,,,,,,
1947,5200740254,NYblue28,391,50,G Xander Schauffele G Wyndham Clark G Jake Knapp G Jackson Suber G Johnny Keefer G Chandler Phillips,,,,,,,,,,,,,,,,,,,
1947,5202625834,UltimateWin4,391,50,G Cameron Young G Xander Schauffele G Davis Thompson G Pierceson Coody G Christiaan Bezuidenhout G Zachary Bauchou,,,,,,,,,,,,,,,,,,,
1947,5203061765,bmomo,390,50,G Chris Gotterup G Wyndham Clark G Michael Brennan G Davis Thompson G Jackson Suber G Aldrich Potgieter,,,,,,,,,,,,,,,,,,,
1947,5201040916,cusetown1978,389,50,G Chris Gotterup G Wyndham Clark G J.J. Spaun G Davis Thompson G Sungjae Im G William Mouw,,,,,,,,,,,,,,,,,,,
1947,5202651795,rshep13,389,50,G Chris Gotterup G Wyndham Clark G Jake Knapp G Davis Thompson G Ryo Hisatsune G William Mouw,,,,,,,,,,,,,,,,,,,
1947,5202969483,BradyBolles10,389,50,G Si Woo Kim G Jackson Koivun G Hideki Matsuyama G J.J. Spaun G Chandler Phillips G Kevin Streelman,,,,,,,,,,,,,,,,,,,
1947,5203047368,Leopard57,387,50,G Si Woo Kim G Wyndham Clark G Hideki Matsuyama G Davis Thompson G Ryo Hisatsune G Zac Blair,,,,,,,,,,,,,,,,,,,
1947,5201277322,jagbag12,386,50,G Chris Gotterup G Si Woo Kim G Hideki Matsuyama G Ben Kohles G Christiaan Bezuidenhout G Lucas Glover,,,,,,,,,,,,,,,,,,,
1981,5203155355,TeamNinjaBoot,409,49.5,G Cameron Young G Hideki Matsuyama G Jake Knapp G Davis Thompson G Michael Kim G Hayden Springer,,,,,,,,,,,,,,,,,,,
1981,5202173079,Kingpin5,403,49.5,G Chris Gotterup G Jackson Koivun G Michael Brennan G Jacob Bridgeman G Ryo Hisatsune G Johnny Keefer,,,,,,,,,,,,,,,,,,,
1981,5202882594,He-man24,403,49.5,G Chris Gotterup G Jackson Koivun G J.J. Spaun G Johnny Keefer G Rasmus Neergaard-Petersen G Ben Kohles,,,,,,,,,,,,,,,,,,,
1981,5201119643,kcroyals26,402,49.5,G Jackson Koivun G Wyndham Clark G Jake Knapp G Michael Brennan G Johnny Keefer G Sudarshan Yellamaraju,,,,,,,,,,,,,,,,,,,
1981,5201363120,6picks,402,49.5,G Jackson Koivun G Wyndham Clark G Russell Henley G Johnny Keefer G Rasmus Neergaard-Petersen G Ben Kohles,,,,,,,,,,,,,,,,,,,
1981,5202868085,StillxAway,402,49.5,G Jackson Koivun G Wyndham Clark G Harris English G Michael Brennan G Jackson Suber G Johnny Keefer,,,,,,,,,,,,,,,,,,,
1981,5202998837,joltman1974,402,49.5,G Jackson Koivun G Russell Henley G Ryan Gerard G Jacob Bridgeman G Doug Ghim G Mac Meissner,,,,,,,,,,,,,,,,,,,
1981,5203136266,wesmckiw,402,49.5,G Jackson Koivun G Wyndham Clark G Jake Knapp G Johnny Keefer G Rasmus Neergaard-Petersen G Ben Kohles,,,,,,,,,,,,,,,,,,,
1981,5200663382,rockies475,401,49.5,G Si Woo Kim G Russell Henley G Hideki Matsuyama G Ryo Hisatsune G Christiaan Bezuidenhout G Mackenzie Hughes,,,,,,,,,,,,,,,,,,,
1981,5200847183,spiliff14,400,49.5,G Cameron Young G Chris Gotterup G Nicolai Højgaard G Johnny Keefer G Sam Stevens G Adrien Dumont De Chassart,,,,,,,,,,,,,,,,,,,
1981,5200798091,Saucemoney32,398,49.5,G Chris Gotterup G Ben Griffin G Ryan Gerard G Michael Thorbjornsen G Christiaan Bezuidenhout G Sungjae Im,,,,,,,,,,,,,,,,,,,
1981,5200877890,gograndy,398,49.5,G Cameron Young G Chris Gotterup G Ryo Hisatsune G Corey Conners G Christiaan Bezuidenhout G Nick Taylor,,,,,,,,,,,,,,,,,,,
1981,5201009818,mvf3201,398,49.5,G Chris Gotterup G J.J. Spaun G Ryan Gerard G Jacob Bridgeman G Ryo Hisatsune G Christiaan Bezuidenhout,,,,,,,,,,,,,,,,,,,
1981,5201155085,OCBigT,398,49.5,G Cameron Young G Si Woo Kim G Hideki Matsuyama G Chris Kirk G Chandler Phillips G Kevin Roy,,,,,,,,,,,,,,,,,,,
1981,5201214943,mitch222,398,49.5,G Chris Gotterup G Jake Knapp G Ryan Gerard G Jacob Bridgeman G Ryo Hisatsune G Christiaan Bezuidenhout,,,,,,,,,,,,,,,,,,,
1981,5201524517,Unitas,398,49.5,G Chris Gotterup G Si Woo Kim G Jake Knapp G Rasmus Neergaard-Petersen G Benjamin James G Hao-Tong Li,,,,,,,,,,,,,,,,,,,
1981,5202303990,olsuperdave1b,398,49.5,G Chris Gotterup G J.J. Spaun G Ryan Gerard G Nicolai Højgaard G Christiaan Bezuidenhout G Beau Hossler,,,,,,,,,,,,,,,,,,,
1981,5202422980,tommyjr2053,398,49.5,G Si Woo Kim G Hideki Matsuyama G Jake Knapp G J.J. Spaun G Chris Kirk G Chandler Phillips,,,,,,,,,,,,,,,,,,,
1981,5202606523,etowndown,398,49.5,G Chris Gotterup G Hideki Matsuyama G Ryan Gerard G Jacob Bridgeman G Rasmus Neergaard-Petersen G Christiaan Bezuidenhout,,,,,,,,,,,,,,,,,,,
1981,5202851740,landry2020,398,49.5,G Chris Gotterup G Russell Henley G Hideki Matsuyama G Corey Conners G Christiaan Bezuidenhout G Nick Taylor,,,,,,,,,,,,,,,,,,,
1981,5202887761,lcfish10,398,49.5,G Chris Gotterup G Patrick Cantlay G Ryan Gerard G Marco Penge G Ben Kohles G Christiaan Bezuidenhout,,,,,,,,,,,,,,,,,,,
1981,5203057902,noclue118,398,49.5,G Chris Gotterup G Hideki Matsuyama G Ryan Gerard G Jacob Bridgeman G Max Greyserman G Christiaan Bezuidenhout,,,,,,,,,,,,,,,,,,,
1981,5203124623,rata2lee,398,49.5,G Chris Gotterup G Ben Griffin G Jake Knapp G Jacob Bridgeman G Christiaan Bezuidenhout G Nick Taylor,,,,,,,,,,,,,,,,,,,
1981,5203134147,fourfororr,398,49.5,G Chris Gotterup G Si Woo Kim G Russell Henley G Jackson Suber G Denny McCarthy G Mark Hubbard,,,,,,,,,,,,,,,,,,,
1981,5203221220,Smitty4663,398,49.5,G Cameron Young G Chris Gotterup G Jacob Bridgeman G Ben Kohles G Christiaan Bezuidenhout G Nick Taylor,,,,,,,,,,,,,,,,,,,
1981,5201367503,GIZMO432,397,49.5,G Wyndham Clark G Hideki Matsuyama G Ryan Gerard G Michael Brennan G Max Greyserman G Christiaan Bezuidenhout,,,,,,,,,,,,,,,,,,,
1981,5201398306,BigSEAN1981,397,49.5,G Wyndham Clark G Patrick Cantlay G Ryan Gerard G Jacob Bridgeman G Ryo Hisatsune G Christiaan Bezuidenhout,,,,,,,,,,,,,,,,,,,
1981,5201719421,Bakecake,397,49.5,G Wyndham Clark G Hideki Matsuyama G Ryan Gerard G Jacob Bridgeman G Ryo Hisatsune G Christiaan Bezuidenhout,,,,,,,,,,,,,,,,,,,
1981,5202294216,draarona,397,49.5,G Wyndham Clark G Jake Knapp G Ryan Gerard G Nicolai Højgaard G Corey Conners G Christiaan Bezuidenhout,,,,,,,,,,,,,,,,,,,
1981,5202658048,iacuzzo,397,49.5,G Wyndham Clark G Russell Henley G Ryan Gerard G Ryo Hisatsune G Rasmus Neergaard-Petersen G Christiaan Bezuidenhout,,,,,,,,,,,,,,,,,,,
1981,5203181326,redbrick22,397,49.5,G Wyndham Clark G Jake Knapp G Ryan Gerard G Nicolai Højgaard G Jackson Suber G Christiaan Bezuidenhout,,,,,,,,,,,,,,,,,,,
1981,5202287818,pittdogg33,396,49.5,G Cameron Young G Si Woo Kim G Nicolai Højgaard G Ryo Hisatsune G Ricky Castillo G Zac Blair,,,,,,,,,,,,,,,,,,,
1981,5203191815,DesTroyer7679,395,49.5,G Chris Gotterup G Wyndham Clark G Jacob Bridgeman G Eric Cole G Ryo Hisatsune G Jackson Suber,,,,,,,,,,,,,,,,,,,
1981,5203052807,BTXJ,393,49.5,G Cameron Young G Chris Gotterup G Jacob Bridgeman G Eric Cole G Ryo Hisatsune G Joel Dahmen,,,,,,,,,,,,,,,,,,,
1981,5200908605,haraz,392,49.5,G Cameron Young G Jackson Koivun G Michael Thorbjornsen G Davis Thompson G Doug Ghim G William Mouw,,,,,,,,,,,,,,,,,,,
1981,5202871974,jbj591,392,49.5,G Cameron Young G Jackson Koivun G Ryan Gerard G Ben Kohles G Benjamin James G Chandler Phillips,,,,,,,,,,,,,,,,,,,
1981,5201560634,coleslaw913,391,49.5,G Cameron Young G Jackson Koivun G Akshay Bhatia G Marco Penge G Aldrich Potgieter G Karl Vilips,,,,,,,,,,,,,,,,,,,
1981,5203216406,Ted_22,388,49.5,G Si Woo Kim G Wyndham Clark G Ryan Gerard G Michael Thorbjornsen G Rasmus Neergaard-Petersen G Lucas Glover,,,,,,,,,,,,,,,,,,,
1981,5202534296,bonacrave,386,49.5,G Jackson Koivun G Wyndham Clark G Jake Knapp G Michael Thorbjornsen G Aldrich Potgieter G Chandler Phillips,,,,,,,,,,,,,,,,,,,
1981,5201503840,dsb62,385,49.5,G Chris Gotterup G Si Woo Kim G Hideki Matsuyama G Ben Kohles G Seamus Power G Chandler Phillips,,,,,,,,,,,,,,,,,,,
1981,5203096097,brownspats19,385,49.5,G Cameron Young G Xander Schauffele G Si Woo Kim G Chandler Phillips G Joel Dahmen G Brad Dalke,,,,,,,,,,,,,,,,,,,
1981,5201577111,kd8nas,383,49.5,G Xander Schauffele G Chris Gotterup G Ben Griffin G Eric Cole G Austin Smotherman G Andrew Putnam,,,,,,,,,,,,,,,,,,,
1981,5202444198,BustaKaep420,383,49.5,G Chris Gotterup G Jackson Koivun G Hideki Matsuyama G Ben Kohles G Lucas Glover G Zac Blair,,,,,,,,,,,,,,,,,,,
2024,5200753956,GM8924,404,49,G Si Woo Kim G Hideki Matsuyama G Ben Griffin G Ryan Gerard G Mackenzie Hughes G A.J. Ewart,,,,,,,,,,,,,,,,,,,
2024,5200612263,MiseryCo,401,49,G Chris Gotterup G Ben Griffin G Ryan Gerard G Jacob Bridgeman G Ryo Hisatsune G Nick Taylor,,,,,,,,,,,,,,,,,,,
2024,5200895257,golfwam,401,49,G Chris Gotterup G Hideki Matsuyama G Ryan Gerard G Michael Brennan G Jackson Suber G Nick Taylor,,,,,,,,,,,,,,,,,,,
2024,5200911574,Lowpensky,401,49,G Chris Gotterup G Wyndham Clark G Jake Knapp G Doug Ghim G Rasmus Neergaard-Petersen G Ben Kohles,,,,,,,,,,,,,,,,,,,
2024,5200962408,rrogowski454545,401,49,G Xander Schauffele G Wyndham Clark G Hideki Matsuyama G Ryo Hisatsune G Mackenzie Hughes G Austin Eckroat,,,,,,,,,,,,,,,,,,,
2024,5201022051,Bigduff9939,401,49,G Chris Gotterup G Wyndham Clark G J.J. Spaun G Jackson Suber G Doug Ghim G Mac Meissner,,,,,,,,,,,,,,,,,,,
2024,5201120725,driv,401,49,G Chris Gotterup G Wyndham Clark G Jake Knapp G Jackson Suber G Matt Wallace G Sam Stevens,,,,,,,,,,,,,,,,,,,
2024,5201165215,cchambers167,401,49,G Chris Gotterup G Wyndham Clark G J.J. Spaun G Jackson Suber G Doug Ghim G Ben Kohles,,,,,,,,,,,,,,,,,,,
2024,5201330867,humaca80,401,49,G Chris Gotterup G Russell Henley G Ryan Gerard G Harris English G Nick Taylor G Austin Eckroat,,,,,,,,,,,,,,,,,,,
2024,5201361585,billyken,401,49,G Chris Gotterup G Hideki Matsuyama G Ryan Gerard G Jacob Bridgeman G Corey Conners G Nick Taylor,,,,,,,,,,,,,,,,,,,
2024,5201626186,Beerholtz,401,49,G Chris Gotterup G Hideki Matsuyama G Ryan Gerard G Jacob Bridgeman G Corey Conners G Nick Taylor,,,,,,,,,,,,,,,,,,,
2024,5201935032,Tfmalone18,401,49,G Chris Gotterup G Wyndham Clark G Hideki Matsuyama G Doug Ghim G Rasmus Neergaard-Petersen G Zachary Bauchou,,,,,,,,,,,,,,,,,,,
2024,5201958063,Redtractor,401,49,G Chris Gotterup G Wyndham Clark G Jake Knapp G Doug Ghim G Matt Wallace G Ben Kohles,,,,,,,,,,,,,,,,,,,
2024,5202885929,Hatbox21,401,49,G Chris Gotterup G Wyndham Clark G J.J. Spaun G Jacob Bridgeman G Doug Ghim G Zachary Bauchou,,,,,,,,,,,,,,,,,,,
2024,5202985911,geoffmeyer,401,49,G Chris Gotterup G Russell Henley G Ryan Gerard G Ryo Hisatsune G Corey Conners G Nick Taylor,,,,,,,,,,,,,,,,,,,
2024,5203181912,downsetgo123,401,49,G Chris Gotterup G Wyndham Clark G J.J. Spaun G Jacob Bridgeman G Doug Ghim G Zachary Bauchou,,,,,,,,,,,,,,,,,,,
2024,5202691457,dwhitaker22,399,49,G Chris Gotterup G Si Woo Kim G Jackson Koivun G Mac Meissner G Matthew McCarty G Lee Hodges,,,,,,,,,,,,,,,,,,,
2024,5201134242,meyers2305,398,49,G Cameron Young G Jackson Koivun G Marco Penge G Eric Cole G Doug Ghim G Ben Kohles,,,,,,,,,,,,,,,,,,,
2024,5201522436,alicat65,398,49,G Cameron Young G Russell Henley G Harris English G Rickie Fowler G Lucas Glover G William Mouw,,,,,,,,,,,,,,,,,,,
2024,5202515841,txfleet,398,49,G Cameron Young G Jackson Koivun G Eric Cole G Ryo Hisatsune G Corey Conners G Doug Ghim,,,,,,,,,,,,,,,,,,,
2024,5202681078,JustinHolm00,396,49,G Chris Gotterup G Russell Henley G Hideki Matsuyama G Jacob Bridgeman G Emiliano Grillo G Chandler Phillips,,,,,,,,,,,,,,,,,,,
2024,5203073262,wishy_washy,396,49,G Cameron Young G Chris Gotterup G Nicolai Højgaard G Max Greyserman G Emiliano Grillo G Chandler Phillips,,,,,,,,,,,,,,,,,,,
2024,5200609494,glovkac,395,49,G Ben Griffin G Jake Knapp G Ryan Gerard G Akshay Bhatia G Davis Thompson G Pierceson Coody,,,,,,,,,,,,,,,,,,,
2024,5202293132,Aaronou,394,49,G Cameron Young G Xander Schauffele G Jacob Bridgeman G Ben Kohles G Emiliano Grillo G Zac Blair,,,,,,,,,,,,,,,,,,,
2024,5203028741,On2PlanB,394,49,G Chris Gotterup G Jake Knapp G Nicolai Højgaard G Michael Thorbjornsen G Eric Cole G Christiaan Bezuidenhout,,,,,,,,,,,,,,,,,,,
2024,5203095706,NWR80,394,49,G Cameron Young G Xander Schauffele G Jacob Bridgeman G Ben Kohles G Emiliano Grillo G Zac Blair,,,,,,,,,,,,,,,,,,,
2024,5201517718,ad166809,392,49,G Si Woo Kim G Ryan Gerard G Akshay Bhatia G Nicolai Højgaard G Marco Penge G Aldrich Potgieter,,,,,,,,,,,,,,,,,,,
2024,5201660709,nawlinsaaints,388,49,G Chris Gotterup G Wyndham Clark G Ben Griffin G Davis Thompson G Corey Conners G Chandler Phillips,,,,,,,,,,,,,,,,,,,
2024,5202281665,stardog,388,49,G Chris Gotterup G Wyndham Clark G Jake Knapp G Davis Thompson G Ben Kohles G Chandler Phillips,,,,,,,,,,,,,,,,,,,
2024,5203053787,fantasygolfinsidercm,388,49,G Chris Gotterup G Wyndham Clark G Jake Knapp G Davis Thompson G Rasmus Neergaard-Petersen G Chandler Phillips,,,,,,,,,,,,,,,,,,,
2024,5203203835,MrCheezle1,388,49,G Chris Gotterup G Wyndham Clark G Davis Thompson G Ryo Hisatsune G Jackson Suber G Chandler Phillips,,,,,,,,,,,,,,,,,,,
2024,5201328271,mayorial,387,49,G Chris Gotterup G Jake Knapp G Akshay Bhatia G Michael Brennan G Aldrich Potgieter G Seamus Power,,,,,,,,,,,,,,,,,,,
2024,5202684834,ericallent,387,49,G Chris Gotterup G Si Woo Kim G Patrick Cantlay G Ben Kohles G Aldrich Potgieter G Zac Blair,,,,,,,,,,,,,,,,,,,
2057,5202263162,connor914,404,48.5,G Jackson Koivun G Ben Griffin G Ryan Gerard G Jacob Bridgeman G Ryo Hisatsune G Johnny Keefer,,,,,,,,,,,,,,,,,,,
2057,5202301415,laurenmichelle929,404,48.5,G Jackson Koivun G Jake Knapp G Ryan Gerard G Michael Thorbjornsen G Jackson Suber G Johnny Keefer,,,,,,,,,,,,,,,,,,,
2057,5202502876,brnpool,404,48.5,G Jackson Koivun G Hideki Matsuyama G Jake Knapp G Ryan Gerard G Johnny Keefer G Lee Hodges,,,,,,,,,,,,,,,,,,,
2057,5202923567,joereiber,404,48.5,G Jackson Koivun G Jake Knapp G Ryan Gerard G Michael Thorbjornsen G Jackson Suber G Johnny Keefer,,,,,,,,,,,,,,,,,,,
2057,5200680842,shanerstainer,397,48.5,G Si Woo Kim G Jackson Koivun G Jake Knapp G Jackson Suber G Ben Kohles G Christiaan Bezuidenhout,,,,,,,,,,,,,,,,,,,
2057,5200862184,reddog0612,397,48.5,G Si Woo Kim G Jackson Koivun G Jacob Bridgeman G Ryo Hisatsune G Ben Kohles G Christiaan Bezuidenhout,,,,,,,,,,,,,,,,,,,
2057,5201165429,martymar07,397,48.5,G Chris Gotterup G Ryan Gerard G Nicolai Højgaard G Michael Thorbjornsen G Eric Cole G Jackson Suber,,,,,,,,,,,,,,,,,,,
2057,5201268097,dalonomite,397,48.5,G Si Woo Kim G Jackson Koivun G Michael Thorbjornsen G Jordan Spieth G Rasmus Neergaard-Petersen G Christiaan Bezuidenhout,,,,,,,,,,,,,,,,,,,
2057,5201310441,Dilliodog,397,48.5,G Chris Gotterup G Ben Griffin G Ryan Gerard G Eric Cole G Ryo Hisatsune G Jackson Suber,,,,,,,,,,,,,,,,,,,
2057,5202026278,BlisteringFury,397,48.5,G Si Woo Kim G Jackson Koivun G Russell Henley G Jackson Suber G Christiaan Bezuidenhout G Lee Hodges,,,,,,,,,,,,,,,,,,,
2057,5202168936,xxoltshibxx,397,48.5,G Xander Schauffele G Jake Knapp G Harris English G Jacob Bridgeman G Andrew Novak G Tony Finau,,,,,,,,,,,,,,,,,,,
2057,5202234007,lnl2win,397,48.5,G Cameron Young G Xander Schauffele G Chris Gotterup G Andrew Putnam G Mark Hubbard G Hayden Springer,,,,,,,,,,,,,,,,,,,
2057,5202330735,thelongnecker,397,48.5,G Cameron Young G Chris Gotterup G Hideki Matsuyama G Kevin Yu G Kevin Roy G Austin Smotherman,,,,,,,,,,,,,,,,,,,
2057,5202584083,deerslayer5,397,48.5,G Chris Gotterup G J.J. Spaun G Ryan Gerard G Eric Cole G Ryo Hisatsune G Jackson Suber,,,,,,,,,,,,,,,,,,,
2057,5202697748,usocar,397,48.5,G Chris Gotterup G Russell Henley G Nicolai Højgaard G Jacob Bridgeman G Eric Cole G Nick Taylor,,,,,,,,,,,,,,,,,,,
2057,5202859744,InjuryTime,397,48.5,G Si Woo Kim G Jackson Koivun G J.J. Spaun G Ryo Hisatsune G Ben Kohles G Christiaan Bezuidenhout,,,,,,,,,,,,,,,,,,,
2057,5202966429,APorter819,397,48.5,G Chris Gotterup G Jake Knapp G Ryan Gerard G Jacob Bridgeman G Eric Cole G Ben Kohles,,,,,,,,,,,,,,,,,,,
2057,5203015259,cbrubeck1,397,48.5,G Chris Gotterup G Ben Griffin G Ryan Gerard G Eric Cole G Ryo Hisatsune G Jackson Suber,,,,,,,,,,,,,,,,,,,
2057,5201475503,cash_4me,396,48.5,G Wyndham Clark G J.J. Spaun G Ryan Gerard G Jacob Bridgeman G Eric Cole G Ryo Hisatsune,,,,,,,,,,,,,,,,,,,
2057,5201923477,REINY66,396,48.5,G Wyndham Clark G Russell Henley G Ryan Gerard G Jordan Spieth G Eric Cole G Jackson Suber,,,,,,,,,,,,,,,,,,,
2057,5202111772,TeXaSRoKsTaR,396,48.5,G Wyndham Clark G Jake Knapp G Ryan Gerard G Jacob Bridgeman G Eric Cole G Ryo Hisatsune,,,,,,,,,,,,,,,,,,,
2057,5202885653,Sp0rtsman92,396,48.5,G Wyndham Clark G Russell Henley G Jake Knapp G Jacob Bridgeman G Eric Cole G Nick Taylor,,,,,,,,,,,,,,,,,,,
2057,5203126528,surgarcreek,396,48.5,G Wyndham Clark G Hideki Matsuyama G Ben Griffin G Ryan Gerard G Jacob Bridgeman G Lanto Griffin,,,,,,,,,,,,,,,,,,,
2057,5201636425,Raygills22,395,48.5,G Chris Gotterup G Si Woo Kim G Hideki Matsuyama G Sungjae Im G Neal Shipley G Aaron Wise,,,,,,,,,,,,,,,,,,,
2057,5201258889,bryanrodgers,392,48.5,G Cameron Young G Si Woo Kim G Harris English G Pierceson Coody G Nick Taylor G Chandler Phillips,,,,,,,,,,,,,,,,,,,
2057,5201612565,mganuc2,389,48.5,G Cameron Young G Chris Gotterup G Jackson Koivun G Nicolas Echavarria G William Mouw G Erik Van Rooyen,,,,,,,,,,,,,,,,,,,
2057,5201292704,joejoec23,385,48.5,G Cameron Young G Wyndham Clark G Akshay Bhatia G Ryo Hisatsune G Christiaan Bezuidenhout G Lucas Glover,,,,,,,,,,,,,,,,,,,
2084,5202234033,hardpan22,410,48,G Wyndham Clark G Patrick Cantlay G Jake Knapp G Michael Brennan G Marco Penge G Stephan Jaeger,,,,,,,,,,,,,,,,,,,
2084,5200585826,fatbank7,408,48,G Cameron Young G Jackson Koivun G Jake Knapp G Ben Kohles G John Parry G Chris Kirk,,,,,,,,,,,,,,,,,,,
2084,5201543504,sidney77,408,48,G Jackson Koivun G Ben Griffin G Jake Knapp G Michael Thorbjornsen G Chris Kirk G Kevin Roy,,,,,,,,,,,,,,,,,,,
2084,5202208646,j-wolf05,408,48,G Cameron Young G Russell Henley G Michael Brennan G Keegan Bradley G Jordan L. Smith G Andrew Novak,,,,,,,,,,,,,,,,,,,
2084,5202270830,GOLFGURU03,408,48,G Jackson Koivun G Ben Griffin G J.J. Spaun G Michael Thorbjornsen G Max Greyserman G Chris Kirk,,,,,,,,,,,,,,,,,,,
2084,5201252612,lsbruehl,403,48,G Chris Gotterup G Wyndham Clark G Jake Knapp G Michael Brennan G Johnny Keefer G Kevin Roy,,,,,,,,,,,,,,,,,,,
2084,5201413932,KyleKadlub,403,48,G Chris Gotterup G J.J. Spaun G Ryan Gerard G Nicolai Højgaard G Doug Ghim G Taylor Pendrith,,,,,,,,,,,,,,,,,,,
2084,5201856334,JaWalrusRuffles,403,48,G Chris Gotterup G Wyndham Clark G Nicolai Højgaard G Marco Penge G Johnny Keefer G Rasmus Neergaard-Petersen,,,,,,,,,,,,,,,,,,,
2084,5201897626,Hanstedt122,403,48,G Chris Gotterup G Wyndham Clark G Nicolai Højgaard G Michael Thorbjornsen G Johnny Keefer G Billy Horschel,,,,,,,,,,,,,,,,,,,
2084,5202211536,sluggggs620,403,48,G Chris Gotterup G Russell Henley G Ryan Gerard G Denny McCarthy G Corey Conners G Doug Ghim,,,,,,,,,,,,,,,,,,,
2084,5202477076,lofty35,403,48,G Chris Gotterup G Wyndham Clark G Michael Brennan G Jacob Bridgeman G Ryo Hisatsune G Johnny Keefer,,,,,,,,,,,,,,,,,,,
2084,5203068970,rando34,403,48,G Chris Gotterup G Wyndham Clark G J.J. Spaun G Jackson Suber G Johnny Keefer G Ben Kohles,,,,,,,,,,,,,,,,,,,
2084,5203154278,zroth2,403,48,G Chris Gotterup G Wyndham Clark G Harris English G Corey Conners G Johnny Keefer G Mac Meissner,,,,,,,,,,,,,,,,,,,
2084,5202045687,wooftits,402,48,G Wyndham Clark G Jake Knapp G Ryan Gerard G Nicolai Højgaard G Doug Ghim G Rasmus Neergaard-Petersen,,,,,,,,,,,,,,,,,,,
2084,5202254785,RunTheBasesMLB,401,48,G Cameron Young G Xander Schauffele G Davis Thompson G Max Greyserman G Kevin Yu G Sungjae Im,,,,,,,,,,,,,,,,,,,
2084,5202900489,reif92,401,48,G Cameron Young G Chris Gotterup G Marco Penge G Doug Ghim G Johnny Keefer G Jesper Svensson,,,,,,,,,,,,,,,,,,,
2084,5203185555,fchonor,401,48,G Si Woo Kim G Jake Knapp G J.J. Spaun G Marco Penge G Aldrich Potgieter G Kevin Yu,,,,,,,,,,,,,,,,,,,
2084,5201155452,bdoren,400,48,G Si Woo Kim G Jackson Koivun G Ryan Gerard G Ryo Hisatsune G Denny McCarthy G Ben Kohles,,,,,,,,,,,,,,,,,,,
2084,5201132902,TheGuil,399,48,G Chris Gotterup G Russell Henley G Jake Knapp G Jacob Bridgeman G Emiliano Grillo G Nicolas Echavarria,,,,,,,,,,,,,,,,,,,
2084,5200578074,Jaz60,395,48,G Chris Gotterup G Jackson Koivun G Hideki Matsuyama G Denny McCarthy G Seamus Power G Sungjae Im,,,,,,,,,,,,,,,,,,,
2084,5202718590,capstone15,394,48,G Jackson Koivun G Wyndham Clark G Jake Knapp G Michael Thorbjornsen G Seamus Power G Taylor Moore,,,,,,,,,,,,,,,,,,,
2084,5203219063,goodfella398,393,48,G Cameron Young G Chris Gotterup G Ryan Gerard G Benjamin James G Chandler Phillips G Kevin Roy,,,,,,,,,,,,,,,,,,,
2084,5200681959,lito73,392,48,G Chris Gotterup G Si Woo Kim G Akshay Bhatia G Jacob Bridgeman G Ben Kohles G Nicolas Echavarria,,,,,,,,,,,,,,,,,,,
2084,5200873421,breeze316,391,48,G Chris Gotterup G Wyndham Clark G Hideki Matsuyama G Davis Thompson G Ben Kohles G Nicolas Echavarria,,,,,,,,,,,,,,,,,,,
2084,5203188848,Barb1941,391,48,G Chris Gotterup G Wyndham Clark G J.J. Spaun G Davis Thompson G Rasmus Neergaard-Petersen G Nicolas Echavarria,,,,,,,,,,,,,,,,,,,
2084,5200674770,grantreiman,390,48,G Si Woo Kim G J.J. Spaun G Ryan Gerard G Akshay Bhatia G Jacob Bridgeman G Chandler Phillips,,,,,,,,,,,,,,,,,,,
2084,5202890900,mikechamp1,390,48,G Chris Gotterup G Hideki Matsuyama G Ryan Gerard G Jacob Bridgeman G Davis Thompson G Chandler Phillips,,,,,,,,,,,,,,,,,,,
2084,5201045676,darragh8,387,48,G Xander Schauffele G Wyndham Clark G Akshay Bhatia G Michael Brennan G Matt Wallace G Chandler Phillips,,,,,,,,,,,,,,,,,,,
2084,5202407054,flanders3131,387,48,G Chris Gotterup G Wyndham Clark G J.J. Spaun G Ryo Hisatsune G Aldrich Potgieter G Chandler Phillips,,,,,,,,,,,,,,,,,,,
2084,5201536970,hayden11doane,385,48,G Cameron Young G Jake Knapp G Ryan Gerard G Davis Thompson G Seamus Power G Zac Blair,,,,,,,,,,,,,,,,,,,
2114,5201922794,reppindirttown,406,47.5,G Cameron Young G Russell Henley G Patrick Cantlay G Ben Kohles G Tony Finau G Max McGreevy,,,,,,,,,,,,,,,,,,,
2114,5201854294,ksopoci,404,47.5,G Si Woo Kim G Hideki Matsuyama G Ben Griffin G Ryan Gerard G Corey Conners G Adam Svensson,,,,,,,,,,,,,,,,,,,
2114,5201931948,keevokeno,404,47.5,G Cameron Young G Ryan Gerard G Akshay Bhatia G Jackson Suber G Sudarshan Yellamaraju G Mackenzie Hughes,,,,,,,,,,,,,,,,,,,
2114,5202251483,schamspe,402,47.5,G Cameron Young G Jake Knapp G Akshay Bhatia G Davis Thompson G Max Greyserman G Kevin Yu,,,,,,,,,,,,,,,,,,,
2114,5202336047,ratraty,402,47.5,G Cameron Young G Jake Knapp G Akshay Bhatia G Davis Thompson G Ben Kohles G Kevin Yu,,,,,,,,,,,,,,,,,,,
2114,5202828364,JackBurtonHere,402,47.5,G Russell Henley G Jake Knapp G J.J. Spaun G Akshay Bhatia G Davis Thompson G Kevin Yu,,,,,,,,,,,,,,,,,,,
2114,5202572696,geNet1x,401,47.5,G Cameron Young G Chris Gotterup G Patrick Cantlay G Kevin Yu G Sungjae Im G Aaron Wise,,,,,,,,,,,,,,,,,,,
2114,5203151960,imadeit110,401,47.5,G Russell Henley G Jake Knapp G J.J. Spaun G Ryan Gerard G Doug Ghim G Christiaan Bezuidenhout,,,,,,,,,,,,,,,,,,,
2114,5201137487,spinningmachine,400,47.5,G Cameron Young G Si Woo Kim G Davis Thompson G Denny McCarthy G Max Greyserman G Emiliano Grillo,,,,,,,,,,,,,,,,,,,
2114,5201363952,knoxieknoxie,400,47.5,G Si Woo Kim G Russell Henley G Hideki Matsuyama G Davis Thompson G Ben Kohles G Emiliano Grillo,,,,,,,,,,,,,,,,,,,
2114,5203188022,Gborsuk,400,47.5,G Cameron Young G Xander Schauffele G Davis Thompson G Jackson Suber G Tony Finau G Billy Horschel,,,,,,,,,,,,,,,,,,,
2114,5201680527,kmeezy,399,47.5,G Chris Gotterup G Jackson Koivun G Akshay Bhatia G Jackson Suber G Corey Conners G Rasmus Neergaard-Petersen,,,,,,,,,,,,,,,,,,,
2114,5202197182,cavs44,399,47.5,G Chris Gotterup G Jackson Koivun G Akshay Bhatia G Jacob Bridgeman G Jackson Suber G Billy Horschel,,,,,,,,,,,,,,,,,,,
2114,5202477847,Dillymonkeys,399,47.5,G Chris Gotterup G Jackson Koivun G Akshay Bhatia G Jackson Suber G Ben Kohles G Jordan L. Smith,,,,,,,,,,,,,,,,,,,
2114,5202978549,dishrr,399,47.5,G Chris Gotterup G Si Woo Kim G Wyndham Clark G Jacob Bridgeman G John Parry G John VanDerLaan,,,,,,,,,,,,,,,,,,,
2114,5203098379,smity0317,399,47.5,G Chris Gotterup G Jackson Koivun G Akshay Bhatia G Denny McCarthy G Corey Conners G Rasmus Neergaard-Petersen,,,,,,,,,,,,,,,,,,,
2114,5203129293,FullNauss,399,47.5,G Chris Gotterup G Jackson Koivun G Akshay Bhatia G Michael Brennan G Jackson Suber G Billy Horschel,,,,,,,,,,,,,,,,,,,
2114,5201138605,alatham18,397,47.5,G Chris Gotterup G Si Woo Kim G Hideki Matsuyama G Jackson Suber G Ben Kohles G Joel Dahmen,,,,,,,,,,,,,,,,,,,
2114,5203234102,Cap0411,397,47.5,G Chris Gotterup G Si Woo Kim G Hideki Matsuyama G Ryo Hisatsune G Rasmus Neergaard-Petersen G Joel Dahmen,,,,,,,,,,,,,,,,,,,
2114,5202389234,cwarno20,396,47.5,G Jackson Koivun G Russell Henley G J.J. Spaun G Akshay Bhatia G Sam Stevens G Jesper Svensson,,,,,,,,,,,,,,,,,,,
2114,5202656488,johnryanotto,396,47.5,G Si Woo Kim G Jackson Koivun G Nicolai Højgaard G Eric Cole G Ryo Hisatsune G Corey Conners,,,,,,,,,,,,,,,,,,,
2114,5201351835,skydombro74,390,47.5,G Chris Gotterup G Hideki Matsuyama G Ben Griffin G Davis Thompson G Christiaan Bezuidenhout G Nicolas Echavarria,,,,,,,,,,,,,,,,,,,
2114,5202590012,kylepga777,388,47.5,G Chris Gotterup G Russell Henley G Ben Griffin G Ryan Gerard G Aaron Wise G Zac Blair,,,,,,,,,,,,,,,,,,,
2114,5202345021,MandoF1285k,386,47.5,G Cameron Young G Chris Gotterup G Davis Thompson G Eric Cole G Jackson Suber G Chandler Phillips,,,,,,,,,,,,,,,,,,,
2114,5200966757,scootcc11,384,47.5,G Wyndham Clark G Russell Henley G Akshay Bhatia G Eric Cole G Lucas Glover G Lee Hodges,,,,,,,,,,,,,,,,,,,
2114,5202407507,DennyJ44,382,47.5,G Cameron Young G Chris Gotterup G Jordan Spieth G Christiaan Bezuidenhout G Lucas Glover G Zac Blair,,,,,,,,,,,,,,,,,,,
2114,5203155422,rugerman07,382,47.5,G Cameron Young G Xander Schauffele G Eric Cole G Denny McCarthy G Christiaan Bezuidenhout G Lucas Glover,,,,,,,,,,,,,,,,,,,
2141,5202997175,LL-Cool-J,415,47,G Cameron Young G Hideki Matsuyama G Rickie Fowler G Ryo Hisatsune G Corey Conners G Benjamin James,,,,,,,,,,,,,,,,,,,
2141,5200892798,bffalo590,412,47,G Cameron Young G Jake Knapp G Rickie Fowler G Michael Brennan G Davis Thompson G Billy Horschel,,,,,,,,,,,,,,,,,,,
2141,5201852099,epi10mg,412,47,G Cameron Young G Jake Knapp G Rickie Fowler G Davis Thompson G Ryo Hisatsune G Ben Kohles,,,,,,,,,,,,,,,,,,,
2141,5202411448,dmm0011,412,47,G Russell Henley G Hideki Matsuyama G J.J. Spaun G Rickie Fowler G Davis Thompson G Ben Kohles,,,,,,,,,,,,,,,,,,,
2141,5203077921,Himjones21,412,47,G Hideki Matsuyama G Ben Griffin G Jake Knapp G Rickie Fowler G Davis Thompson G Corey Conners,,,,,,,,,,,,,,,,,,,
2141,5200910895,Skralph,411,47,G Cameron Young G Nicolai Højgaard G Michael Thorbjornsen G Keegan Bradley G Davis Thompson G Corey Conners,,,,,,,,,,,,,,,,,,,
2141,5200963781,johnjohnnyc,411,47,G Cameron Young G Patrick Cantlay G Keegan Bradley G Davis Thompson G Corey Conners G Matt Wallace,,,,,,,,,,,,,,,,,,,
2141,5202614252,omertcatfan,411,47,G Hideki Matsuyama G J.J. Spaun G Harris English G Nicolai Højgaard G Keegan Bradley G Davis Thompson,,,,,,,,,,,,,,,,,,,
2141,5203035035,J-Bird,411,47,G Cameron Young G J.J. Spaun G Nicolai Højgaard G Keegan Bradley G Davis Thompson G Sungjae Im,,,,,,,,,,,,,,,,,,,
2141,5203109915,SEANYCASH,411,47,G Russell Henley G Hideki Matsuyama G Jake Knapp G Keegan Bradley G Davis Thompson G Jackson Suber,,,,,,,,,,,,,,,,,,,
2141,5202007126,bottemsup79,405,47,G Chris Gotterup G Jake Knapp G Ryan Gerard G Michael Brennan G Johnny Keefer G Rasmus Neergaard-Petersen,,,,,,,,,,,,,,,,,,,
2141,5202014777,Betenbough,405,47,G Cameron Young G Chris Gotterup G Ryan Gerard G Jackson Suber G Johnny Keefer G William Jennings,,,,,,,,,,,,,,,,,,,
2141,5202046305,DrShaft,405,47,G Chris Gotterup G Jake Knapp G Ryan Gerard G Michael Thorbjornsen G Johnny Keefer G Jordan L. Smith,,,,,,,,,,,,,,,,,,,
2141,5202586685,zaxattack,405,47,G Chris Gotterup G Ben Griffin G Ryan Gerard G Ryo Hisatsune G Jackson Suber G Johnny Keefer,,,,,,,,,,,,,,,,,,,
2141,5202993442,CrabCruncher,405,47,G Chris Gotterup G J.J. Spaun G Ryan Gerard G Michael Brennan G Jackson Suber G Johnny Keefer,,,,,,,,,,,,,,,,,,,
2141,5200648630,Sheltonjl17,404,47,G Wyndham Clark G Ben Griffin G Jake Knapp G Ryan Gerard G Johnny Keefer G John Parry,,,,,,,,,,,,,,,,,,,
2141,5201306117,WillS23,404,47,G Wyndham Clark G Jake Knapp G Ryan Gerard G Michael Thorbjornsen G Jackson Suber G Johnny Keefer,,,,,,,,,,,,,,,,,,,
2141,5201640011,jlemasters3,404,47,G Wyndham Clark G Hideki Matsuyama G Ryan Gerard G Nicolai Højgaard G Johnny Keefer G Rasmus Neergaard-Petersen,,,,,,,,,,,,,,,,,,,
2141,5202973779,Pjannarone,404,47,G Wyndham Clark G Hideki Matsuyama G Jake Knapp G Ryan Gerard G Johnny Keefer G Rasmus Højgaard,,,,,,,,,,,,,,,,,,,
2141,5203190770,jjordan02,402,47,G Si Woo Kim G Jackson Koivun G Jake Knapp G Jackson Suber G Doug Ghim G Ben Kohles,,,,,,,,,,,,,,,,,,,
2141,5200647380,kcroyalfan,399,47,G Xander Schauffele G Jackson Koivun G Ryan Gerard G Jacob Bridgeman G Jordan L. Smith G Andrew Putnam,,,,,,,,,,,,,,,,,,,
2141,5203098501,Shep11,399,47,G Xander Schauffele G Jackson Koivun G Ryan Gerard G Denny McCarthy G Sudarshan Yellamaraju G Billy Horschel,,,,,,,,,,,,,,,,,,,
2141,5200968338,kslukeok,397,47,G Si Woo Kim G Wyndham Clark G Jake Knapp G Jackson Suber G Rasmus Neergaard-Petersen G Christiaan Bezuidenhout,,,,,,,,,,,,,,,,,,,
2141,5201028738,po99king,397,47,G Jackson Koivun G J.J. Spaun G Akshay Bhatia G Jacob Bridgeman G Denny McCarthy G Christiaan Bezuidenhout,,,,,,,,,,,,,,,,,,,
2141,5203257736,fenwayfan1,397,47,G Si Woo Kim G Wyndham Clark G Jake Knapp G Ryo Hisatsune G Rasmus Neergaard-Petersen G Christiaan Bezuidenhout,,,,,,,,,,,,,,,,,,,
2141,5200581858,illinimikey,396,47,G Jackson Koivun G Jake Knapp G Ryan Gerard G Harris English G Ben Kohles G Seamus Power,,,,,,,,,,,,,,,,,,,
2141,5203098386,FlattentheCURVE,396,47,G Si Woo Kim G Jake Knapp G Ryan Gerard G Akshay Bhatia G Michael Brennan G Davis Chatfield,,,,,,,,,,,,,,,,,,,
2141,5200781371,LeanWeen,395,47,G Cameron Young G Chris Gotterup G Jake Knapp G Emiliano Grillo G Sungjae Im G Austin Smotherman,,,,,,,,,,,,,,,,,,,
2141,5203077061,eamuscatuli15,395,47,G Wyndham Clark G Russell Henley G Jake Knapp G Davis Thompson G Johnny Keefer G Aldrich Potgieter,,,,,,,,,,,,,,,,,,,
2141,5200608667,pedrocerrano,393,47,G Chris Gotterup G Patrick Cantlay G Ryan Gerard G Jacob Bridgeman G Davis Thompson G Nicolas Echavarria,,,,,,,,,,,,,,,,,,,
2141,5203031849,coachrosemeyer1964,393,47,G Si Woo Kim G J.J. Spaun G Ryan Gerard G Akshay Bhatia G Corey Conners G Nicolas Echavarria,,,,,,,,,,,,,,,,,,,
2141,5200596990,harshykiss23,391,47,G Chris Gotterup G Jake Knapp G J.J. Spaun G Akshay Bhatia G Doug Ghim G Lucas Glover,,,,,,,,,,,,,,,,,,,
2141,5201398622,Lance24139,391,47,G Chris Gotterup G Russell Henley G J.J. Spaun G Akshay Bhatia G Seamus Power G Davis Chatfield,,,,,,,,,,,,,,,,,,,
2141,5202662437,middleton,390,47,G Chris Gotterup G Russell Henley G Akshay Bhatia G Davis Thompson G Jackson Suber G Andrew Novak,,,,,,,,,,,,,,,,,,,
2175,5202937385,DCB1,413,46.5,G Cameron Young G Patrick Cantlay G J.J. Spaun G Corey Conners G Harry Hall G Stephan Jaeger,,,,,,,,,,,,,,,,,,,
2175,5201022036,Myawes,409,46.5,G Cameron Young G Chris Gotterup G Jacob Bridgeman G Jackson Suber G Max Greyserman G Chris Kirk,,,,,,,,,,,,,,,,,,,
2175,5201089720,BUFFALOBILLS29,409,46.5,G Chris Gotterup G Hideki Matsuyama G Jake Knapp G Michael Thorbjornsen G Max Greyserman G Chris Kirk,,,,,,,,,,,,,,,,,,,
2175,5201394911,Thunderkop,409,46.5,G Cameron Young G Chris Gotterup G J.J. Spaun G Taylor Moore G Chris Kirk G Cameron Davis,,,,,,,,,,,,,,,,,,,
2175,5202206007,BelizeRabbit,409,46.5,G Chris Gotterup G Jake Knapp G J.J. Spaun G Michael Thorbjornsen G Ben Kohles G Chris Kirk,,,,,,,,,,,,,,,,,,,
2175,5202234510,bpresse,409,46.5,G Cameron Young G Chris Gotterup G Russell Henley G Taylor Moore G Chris Kirk G Cameron Davis,,,,,,,,,,,,,,,,,,,
2175,5202249677,mactoona,409,46.5,G Cameron Young G Chris Gotterup G Nicolai Højgaard G Jackson Suber G Taylor Moore G Chris Kirk,,,,,,,,,,,,,,,,,,,
2175,5202568608,souelle2,409,46.5,G Cameron Young G Chris Gotterup G Jake Knapp G Billy Horschel G Taylor Pendrith G Chris Kirk,,,,,,,,,,,,,,,,,,,
2175,5202957000,N1bocci,409,46.5,G Cameron Young G Chris Gotterup G Russell Henley G Taylor Moore G Chris Kirk G Cameron Davis,,,,,,,,,,,,,,,,,,,
2175,5200728719,jjlion,408,46.5,G Cameron Young G Wyndham Clark G Nicolai Højgaard G Ryo Hisatsune G Ben Kohles G Chris Kirk,,,,,,,,,,,,,,,,,,,
2175,5201193797,fantasygod2286,408,46.5,G Cameron Young G Wyndham Clark G Jake Knapp G Ben Kohles G Jordan L. Smith G Chris Kirk,,,,,,,,,,,,,,,,,,,
2175,5201201395,Dynaformer,408,46.5,G Wyndham Clark G Hideki Matsuyama G Ben Griffin G Jake Knapp G Taylor Moore G Chris Kirk,,,,,,,,,,,,,,,,,,,
2175,5201460907,thatgav,408,46.5,G Wyndham Clark G Hideki Matsuyama G Jake Knapp G J.J. Spaun G Ben Kohles G Chris Kirk,,,,,,,,,,,,,,,,,,,
2175,5202819878,JoeDPhilly,408,46.5,G Wyndham Clark G Ben Griffin G J.J. Spaun G Nicolai Højgaard G Jacob Bridgeman G Chris Kirk,,,,,,,,,,,,,,,,,,,
2175,5202096369,MDoose,402,46.5,G Xander Schauffele G Russell Henley G Patrick Cantlay G Benjamin James G Emiliano Grillo G Steven Fisk,,,,,,,,,,,,,,,,,,,
2175,5201130278,Greenefly68,401,46.5,G Chris Gotterup G Si Woo Kim G Michael Thorbjornsen G Jacob Bridgeman G Ben Kohles G Nick Taylor,,,,,,,,,,,,,,,,,,,
2175,5201432537,Joejoe2338,401,46.5,G Chris Gotterup G Wyndham Clark G Ben Griffin G Corey Conners G Pierceson Coody G Billy Horschel,,,,,,,,,,,,,,,,,,,
2175,5201900017,Jaws1969,401,46.5,G Chris Gotterup G Si Woo Kim G Michael Brennan G Jacob Bridgeman G Ryo Hisatsune G Nick Taylor,,,,,,,,,,,,,,,,,,,
2175,5202038463,chilepeppers,401,46.5,G Chris Gotterup G Si Woo Kim G Ben Griffin G Ryan Gerard G Matthew McCarty G William Jennings,,,,,,,,,,,,,,,,,,,
2175,5202947727,jburrier,401,46.5,G Chris Gotterup G Si Woo Kim G Jacob Bridgeman G Ryo Hisatsune G Matt Wallace G Nick Taylor,,,,,,,,,,,,,,,,,,,
2175,5203034669,golferdad875,401,46.5,G Chris Gotterup G Si Woo Kim G Ryan Gerard G Ryo Hisatsune G Rasmus Neergaard-Petersen G John Parry,,,,,,,,,,,,,,,,,,,
2175,5203249418,Mannschild,401,46.5,G Chris Gotterup G Si Woo Kim G Ryan Gerard G Jacob Bridgeman G Jackson Suber G Andrew Putnam,,,,,,,,,,,,,,,,,,,
2175,5200638802,briskichris,400,46.5,G Si Woo Kim G Wyndham Clark G Ryan Gerard G Jackson Suber G Corey Conners G Ben Kohles,,,,,,,,,,,,,,,,,,,
2175,5200671104,pineda01,400,46.5,G Russell Henley G Hideki Matsuyama G Ryan Gerard G Jacob Bridgeman G Eric Cole G Doug Ghim,,,,,,,,,,,,,,,,,,,
2175,5201827936,Grandhope,400,46.5,G Si Woo Kim G Wyndham Clark G Ryan Gerard G Ryo Hisatsune G Corey Conners G Ben Kohles,,,,,,,,,,,,,,,,,,,
2175,5201944923,mu12kenny,400,46.5,G Jackson Koivun G J.J. Spaun G Ryan Gerard G Akshay Bhatia G Ryo Hisatsune G Ben Kohles,,,,,,,,,,,,,,,,,,,
2175,5202720115,beligrant,400,46.5,G Si Woo Kim G Wyndham Clark G Jake Knapp G Ryan Gerard G Jackson Suber G Webb Simpson,,,,,,,,,,,,,,,,,,,
2175,5202965446,chaelbarber1,400,46.5,G Jackson Koivun G Ryan Gerard G Akshay Bhatia G Nicolai Højgaard G Jordan Spieth G Ryo Hisatsune,,,,,,,,,,,,,,,,,,,
2175,5202983780,cfh01,400,46.5,G Si Woo Kim G Wyndham Clark G Ryan Gerard G Jacob Bridgeman G Ryo Hisatsune G John Parry,,,,,,,,,,,,,,,,,,,
2175,5203131647,lawdog4,400,46.5,G Jackson Koivun G Jake Knapp G Ryan Gerard G Akshay Bhatia G Jackson Suber G Ben Kohles,,,,,,,,,,,,,,,,,,,
2175,5201086802,jschuh0923,399,46.5,G Xander Schauffele G Russell Henley G Hideki Matsuyama G Aldrich Potgieter G Jordan L. Smith G Tony Finau,,,,,,,,,,,,,,,,,,,
2175,5200857651,JIMMIEJAMESANDTGF,398,46.5,G Cameron Young G Si Woo Kim G Ryan Gerard G Jacob Bridgeman G Lee Hodges G Joel Dahmen,,,,,,,,,,,,,,,,,,,
2175,5201674710,naughttj,398,46.5,G Si Woo Kim G Russell Henley G Hideki Matsuyama G Ryan Gerard G Billy Horschel G Joel Dahmen,,,,,,,,,,,,,,,,,,,
2175,5202026279,DeputyDog5225,398,46.5,G Si Woo Kim G Russell Henley G Hideki Matsuyama G Ryan Gerard G Billy Horschel G Joel Dahmen,,,,,,,,,,,,,,,,,,,
2175,5203011506,wheelsmart,398,46.5,G Cameron Young G Jackson Koivun G Jake Knapp G Ben Kohles G Christiaan Bezuidenhout G Kevin Streelman,,,,,,,,,,,,,,,,,,,
2175,5203180104,dom63,398,46.5,G Jackson Koivun G Russell Henley G Jake Knapp G Eric Cole G Jackson Suber G Pierceson Coody,,,,,,,,,,,,,,,,,,,
2175,5200959002,TTECH1092,395,46.5,G Cameron Young G Wyndham Clark G Akshay Bhatia G Jacob Bridgeman G Johnny Keefer G Aaron Wise,,,,,,,,,,,,,,,,,,,
2175,5201581883,nblloyd23,395,46.5,G Chris Gotterup G Jackson Koivun G Jake Knapp G Michael Brennan G Ben Kohles G Zac Blair,,,,,,,,,,,,,,,,,,,
2175,5201613598,raustinbarrett,395,46.5,G Cameron Young G Chris Gotterup G Jackson Koivun G Zachary Bauchou G Andrew Putnam G Zac Blair,,,,,,,,,,,,,,,,,,,
2175,5202330383,bigman69420,395,46.5,G Chris Gotterup G Jackson Koivun G Jake Knapp G Michael Brennan G Ben Kohles G Zac Blair,,,,,,,,,,,,,,,,,,,
2175,5202694665,djlions81,395,46.5,G Xander Schauffele G Jackson Koivun G Patrick Cantlay G Eric Cole G Sungjae Im G Tom Hoge,,,,,,,,,,,,,,,,,,,
2175,5203069920,Steviepjr,395,46.5,G Chris Gotterup G Jackson Koivun G Ben Griffin G Jacob Bridgeman G Jordan L. Smith G Zac Blair,,,,,,,,,,,,,,,,,,,
2175,5203113744,YOUGOTMOSSEDHOMMIE,395,46.5,G Cameron Young G Chris Gotterup G Jackson Koivun G Kevin Roy G Cameron Davis G Zac Blair,,,,,,,,,,,,,,,,,,,
2175,5203228236,erin00,395,46.5,G Chris Gotterup G Jackson Koivun G Hideki Matsuyama G Jacob Bridgeman G John Parry G Zac Blair,,,,,,,,,,,,,,,,,,,
2175,5202307249,mdub_313,394,46.5,G Jackson Koivun G Wyndham Clark G Russell Henley G Jacob Bridgeman G Ben Kohles G Zac Blair,,,,,,,,,,,,,,,,,,,
2175,5202791783,rubbabandan,394,46.5,G Jackson Koivun G Wyndham Clark G Russell Henley G Jacob Bridgeman G Ben Kohles G Zac Blair,,,,,,,,,,,,,,,,,,,
2175,5202738561,FrankamisPrime4,393,46.5,G Si Woo Kim G Wyndham Clark G Russell Henley G Rasmus Neergaard-Petersen G Benjamin James G William Mouw,,,,,,,,,,,,,,,,,,,
2175,5203221306,Tccash,392,46.5,G Cameron Young G Jackson Koivun G Hideki Matsuyama G Denny McCarthy G Joel Dahmen G Zac Blair,,,,,,,,,,,,,,,,,,,
2175,5200975123,crc505,391,46.5,G Si Woo Kim G Wyndham Clark G Jake Knapp G Davis Thompson G Ben Kohles G Aldrich Potgieter,,,,,,,,,,,,,,,,,,,
2175,5201115607,Mackinaw19,389,46.5,G Si Woo Kim G Jake Knapp G J.J. Spaun G Akshay Bhatia G Eric Cole G Nicolas Echavarria,,,,,,,,,,,,,,,,,,,
2175,5201506940,joepritchett13,383,46.5,G Jackson Koivun G Wyndham Clark G Jake Knapp G Denny McCarthy G Chandler Phillips G Austin Smotherman,,,,,,,,,,,,,,,,,,,
2226,5201085627,gkrsmkref,411,46,G Cameron Young G Russell Henley G Rickie Fowler G Jackson Suber G Max Greyserman G Aldrich Potgieter,,,,,,,,,,,,,,,,,,,
2226,5201698148,RickyBallz58,411,46,G Cameron Young G J.J. Spaun G Rickie Fowler G Jacob Bridgeman G Jackson Suber G Aldrich Potgieter,,,,,,,,,,,,,,,,,,,
2226,5201786155,2briar,411,46,G Hideki Matsuyama G Nicolai Højgaard G Michael Thorbjornsen G Rickie Fowler G Rasmus Neergaard-Petersen G Aldrich Potgieter,,,,,,,,,,,,,,,,,,,
2226,5202180261,JJsBack,411,46,G Cameron Young G Hideki Matsuyama G Rickie Fowler G Denny McCarthy G Max Greyserman G Aldrich Potgieter,,,,,,,,,,,,,,,,,,,
2226,5202200987,pete1975,411,46,G Cameron Young G Patrick Cantlay G Rickie Fowler G Jordan Spieth G Mac Meissner G Aldrich Potgieter,,,,,,,,,,,,,,,,,,,
2226,5202996739,Airliner34,411,46,G Cameron Young G Jake Knapp G Rickie Fowler G Michael Brennan G Rasmus Neergaard-Petersen G Aldrich Potgieter,,,,,,,,,,,,,,,,,,,
2226,5202291971,chrisleiver,409,46,G Cameron Young G Patrick Cantlay G Ben Griffin G Keegan Bradley G Zecheng Dou G William Mouw,,,,,,,,,,,,,,,,,,,
2226,5202911519,codymcelveen,404,46,G Si Woo Kim G Jackson Koivun G Jake Knapp G Jackson Suber G Johnny Keefer G Ben Kohles,,,,,,,,,,,,,,,,,,,
2226,5203094261,rjilek05,404,46,G Si Woo Kim G Jackson Koivun G Michael Thorbjornsen G Michael Brennan G Jackson Suber G Johnny Keefer,,,,,,,,,,,,,,,,,,,
2226,5201100558,antimo13,400,46,G Cameron Young G Si Woo Kim G Michael Thorbjornsen G Mac Meissner G Aldrich Potgieter G Ricky Castillo,,,,,,,,,,,,,,,,,,,
2226,5200569947,Daddydog14,399,46,G Si Woo Kim G Hideki Matsuyama G Ryan Gerard G Jacob Bridgeman G Matt Wallace G Christiaan Bezuidenhout,,,,,,,,,,,,,,,,,,,
2226,5200643939,Ninenutz,399,46,G Si Woo Kim G Jake Knapp G Ryan Gerard G Nicolai Højgaard G Ben Kohles G Christiaan Bezuidenhout,,,,,,,,,,,,,,,,,,,
2226,5200803319,drewloutz,399,46,G Chris Gotterup G Wyndham Clark G Jake Knapp G Akshay Bhatia G Ben Kohles G William Jennings,,,,,,,,,,,,,,,,,,,
2226,5200947287,kcmem,399,46,G Si Woo Kim G Hideki Matsuyama G Ryan Gerard G Jacob Bridgeman G Ryo Hisatsune G Christiaan Bezuidenhout,,,,,,,,,,,,,,,,,,,
2226,5200950649,DeusExMachina,399,46,G Si Woo Kim G Hideki Matsuyama G Ryan Gerard G Jacob Bridgeman G Ryo Hisatsune G Christiaan Bezuidenhout,,,,,,,,,,,,,,,,,,,
2226,5201071177,NascarMike01,399,46,G Si Woo Kim G Hideki Matsuyama G Ryan Gerard G Jacob Bridgeman G Ryo Hisatsune G Christiaan Bezuidenhout,,,,,,,,,,,,,,,,,,,
2226,5201258942,Getaway,399,46,G Cameron Young G Si Woo Kim G Jordan Spieth G Corey Conners G Christiaan Bezuidenhout G Nick Taylor,,,,,,,,,,,,,,,,,,,
2226,5201310777,ModeloColombianas,399,46,G Cameron Young G Si Woo Kim G J.J. Spaun G Christiaan Bezuidenhout G Nick Taylor G Patrick Rodgers,,,,,,,,,,,,,,,,,,,
2226,5201410168,nordy62,399,46,G Chris Gotterup G Wyndham Clark G Akshay Bhatia G Jacob Bridgeman G Ryo Hisatsune G John Parry,,,,,,,,,,,,,,,,,,,
2226,5201771230,Radtek83,399,46,G Si Woo Kim G Hideki Matsuyama G Ryan Gerard G Jacob Bridgeman G Ryo Hisatsune G Christiaan Bezuidenhout,,,,,,,,,,,,,,,,,,,
2226,5201783435,Curjaxs,399,46,G Chris Gotterup G Wyndham Clark G Akshay Bhatia G Jackson Suber G Matt Wallace G Ben Kohles,,,,,,,,,,,,,,,,,,,
2226,5201902106,dfroe,399,46,G Chris Gotterup G Wyndham Clark G Patrick Cantlay G Akshay Bhatia G Austin Eckroat G Patrick Rodgers,,,,,,,,,,,,,,,,,,,
2226,5202012564,ihavefun11,399,46,G Si Woo Kim G Hideki Matsuyama G Ryan Gerard G Jacob Bridgeman G Ryo Hisatsune G Christiaan Bezuidenhout,,,,,,,,,,,,,,,,,,,
2226,5202280119,Smackdog,399,46,G Chris Gotterup G Wyndham Clark G Akshay Bhatia G Ryo Hisatsune G Jackson Suber G Ben Kohles,,,,,,,,,,,,,,,,,,,
2226,5202315670,ThreePMD,399,46,G Si Woo Kim G Hideki Matsuyama G Ryan Gerard G Jacob Bridgeman G Ryo Hisatsune G Christiaan Bezuidenhout,,,,,,,,,,,,,,,,,,,
2226,5202357467,PFLOYD59,399,46,G Si Woo Kim G Hideki Matsuyama G Ryan Gerard G Jacob Bridgeman G Ryo Hisatsune G Christiaan Bezuidenhout,,,,,,,,,,,,,,,,,,,
2226,5202376281,shane6785,399,46,G Si Woo Kim G Hideki Matsuyama G Ryan Gerard G Ryo Hisatsune G Corey Conners G Christiaan Bezuidenhout,,,,,,,,,,,,,,,,,,,
2226,5202725299,evanowski,399,46,G Si Woo Kim G Hideki Matsuyama G Ryan Gerard G Jacob Bridgeman G Rasmus Neergaard-Petersen G Christiaan Bezuidenhout,,,,,,,,,,,,,,,,,,,
2226,5200686683,Tippy702,397,46,G Chris Gotterup G Si Woo Kim G Russell Henley G Eric Cole G John Parry G Matti Schmid,,,,,,,,,,,,,,,,,,,
2226,5201655893,jawha116,397,46,G Chris Gotterup G Si Woo Kim G Nicolai Højgaard G Eric Cole G Max Greyserman G Ben Kohles,,,,,,,,,,,,,,,,,,,
2226,5202248458,TommyR511,396,46,G Jackson Koivun G Jake Knapp G Akshay Bhatia G Michael Thorbjornsen G Eric Cole G Jackson Suber,,,,,,,,,,,,,,,,,,,
2226,5202667496,Lowelk,396,46,G Si Woo Kim G Wyndham Clark G Hideki Matsuyama G Eric Cole G Max Greyserman G Billy Horschel,,,,,,,,,,,,,,,,,,,
2226,5203053111,JMSILV,396,46,G Cameron Young G Wyndham Clark G J.J. Spaun G Johnny Keefer G Benjamin James G Chandler Phillips,,,,,,,,,,,,,,,,,,,
2226,5203107670,Primeau521,396,46,G Si Woo Kim G Wyndham Clark G Hideki Matsuyama G Eric Cole G Jackson Suber G Taylor Pendrith,,,,,,,,,,,,,,,,,,,
2226,5202707976,mrgmc2021,390,46,G Xander Schauffele G Chris Gotterup G Hideki Matsuyama G Billy Horschel G Davis Chatfield G Zac Blair,,,,,,,,,,,,,,,,,,,
2226,5202385644,verbert,388,46,G Chris Gotterup G Wyndham Clark G Jake Knapp G Jacob Bridgeman G Nicolas Echavarria G Chandler Phillips,,,,,,,,,,,,,,,,,,,
2262,5200610796,chrisjackson1975,410,45.5,G Cameron Young G Hideki Matsuyama G J.J. Spaun G Jackson Suber G Nick Taylor G Chris Kirk,,,,,,,,,,,,,,,,,,,
2262,5200641797,BuckeyeRaid,410,45.5,G Russell Henley G Patrick Cantlay G Ben Griffin G Ryan Gerard G Ben Kohles G Chris Kirk,,,,,,,,,,,,,,,,,,,
2262,5202211847,Orangetan,410,45.5,G Cameron Young G Ben Griffin G Jake Knapp G Jordan Spieth G Nick Taylor G Chris Kirk,,,,,,,,,,,,,,,,,,,
2262,5200950484,mikemoo25,403,45.5,G Chris Gotterup G Jake Knapp G Ryan Gerard G Michael Brennan G Jackson Suber G Pierceson Coody,,,,,,,,,,,,,,,,,,,
2262,5201554972,A1Phillybb,403,45.5,G Chris Gotterup G Si Woo Kim G Jake Knapp G Ryo Hisatsune G Sam Stevens G Taylor Pendrith,,,,,,,,,,,,,,,,,,,
2262,5202205670,Djwakeup11,403,45.5,G Chris Gotterup G Si Woo Kim G J.J. Spaun G Doug Ghim G Matt Wallace G Sungjae Im,,,,,,,,,,,,,,,,,,,
2262,5203198637,citystars,403,45.5,G Xander Schauffele G Si Woo Kim G Nicolai Højgaard G Rasmus Neergaard-Petersen G Jordan L. Smith G Mackenzie Hughes,,,,,,,,,,,,,,,,,,,
2262,5200599454,shaquiller20,402,45.5,G Si Woo Kim G Hideki Matsuyama G Ryan Gerard G Jacob Bridgeman G Ryo Hisatsune G Nick Taylor,,,,,,,,,,,,,,,,,,,
2262,5200615597,pogeys,402,45.5,G Si Woo Kim G Wyndham Clark G Hideki Matsuyama G Ryo Hisatsune G Ben Kohles G Sam Stevens,,,,,,,,,,,,,,,,,,,
2262,5201055710,blade,402,45.5,G Si Woo Kim G Wyndham Clark G Hideki Matsuyama G Ryo Hisatsune G Ben Kohles G Sam Stevens,,,,,,,,,,,,,,,,,,,
2262,5201631214,Burnsay89,402,45.5,G Wyndham Clark G Hideki Matsuyama G Ryan Gerard G Jacob Bridgeman G Jordan Spieth G Pierceson Coody,,,,,,,,,,,,,,,,,,,
2262,5201735121,mantonelli24,402,45.5,G Si Woo Kim G Hideki Matsuyama G Ryan Gerard G Jacob Bridgeman G Ryo Hisatsune G Nick Taylor,,,,,,,,,,,,,,,,,,,
2262,5202583309,frenaldi,402,45.5,G Si Woo Kim G Hideki Matsuyama G Ryan Gerard G Jacob Bridgeman G Ryo Hisatsune G Nick Taylor,,,,,,,,,,,,,,,,,,,
2262,5202695389,millerda27,402,45.5,G Si Woo Kim G Wyndham Clark G Nicolai Højgaard G Jacob Bridgeman G Jackson Suber G Doug Ghim,,,,,,,,,,,,,,,,,,,
2262,5202717136,BigCat4Life,402,45.5,G Wyndham Clark G Russell Henley G Hideki Matsuyama G Jacob Bridgeman G Pierceson Coody G Nick Taylor,,,,,,,,,,,,,,,,,,,
2262,5202968164,bean74,402,45.5,G Si Woo Kim G Wyndham Clark G Patrick Cantlay G Doug Ghim G Ben Kohles G Mac Meissner,,,,,,,,,,,,,,,,,,,
2262,5202970132,belleame15,402,45.5,G Si Woo Kim G Wyndham Clark G Russell Henley G Denny McCarthy G Doug Ghim G Taylor Pendrith,,,,,,,,,,,,,,,,,,,
2262,5203051645,kipper12,402,45.5,G Si Woo Kim G Wyndham Clark G Patrick Cantlay G Doug Ghim G Ben Kohles G Mac Meissner,,,,,,,,,,,,,,,,,,,
2262,5203187703,AustinWard420,402,45.5,G Si Woo Kim G Hideki Matsuyama G Ryan Gerard G Jacob Bridgeman G Ryo Hisatsune G Nick Taylor,,,,,,,,,,,,,,,,,,,
2262,5203250542,zach6682,402,45.5,G Si Woo Kim G Hideki Matsuyama G Ryan Gerard G Jacob Bridgeman G Ryo Hisatsune G Nick Taylor,,,,,,,,,,,,,,,,,,,
2262,5203218047,j3sickNASTY,400,45.5,G Chris Gotterup G Wyndham Clark G Russell Henley G Nicolai Højgaard G Tom Hoge G Kevin Streelman,,,,,,,,,,,,,,,,,,,
2262,5200557433,milksak,399,45.5,G Xander Schauffele G Wyndham Clark G Ryan Gerard G Jacob Bridgeman G Billy Horschel G Matti Schmid,,,,,,,,,,,,,,,,,,,
2262,5202955522,meatballdragon,399,45.5,G Cameron Young G Si Woo Kim G Davis Thompson G Doug Ghim G Ben Kohles G Benjamin James,,,,,,,,,,,,,,,,,,,
2262,5201785014,MooseRiver15,398,45.5,G Chris Gotterup G Ben Griffin G Akshay Bhatia G Jacob Bridgeman G Ryo Hisatsune G Christiaan Bezuidenhout,,,,,,,,,,,,,,,,,,,
2262,5202089800,seasonedwarpig,398,45.5,G Xander Schauffele G Chris Gotterup G Nicolai Højgaard G Johnny Keefer G Jordan L. Smith G Jesper Svensson,,,,,,,,,,,,,,,,,,,
2262,5202183981,proliphic06,398,45.5,G Chris Gotterup G Russell Henley G Akshay Bhatia G Nicolai Højgaard G Christiaan Bezuidenhout G Sungjae Im,,,,,,,,,,,,,,,,,,,
2262,5201251306,SLUSHCASH,397,45.5,G Cameron Young G Chris Gotterup G Jacob Bridgeman G Mac Meissner G Seamus Power G Nick Taylor,,,,,,,,,,,,,,,,,,,
2262,5202859106,Bhwest68,397,45.5,G Chris Gotterup G Hideki Matsuyama G Jake Knapp G Jacob Bridgeman G Seamus Power G Nick Taylor,,,,,,,,,,,,,,,,,,,
2262,5203264335,teachwild,397,45.5,G Chris Gotterup G Jake Knapp G Ryan Gerard G Michael Brennan G Ben Kohles G Seamus Power,,,,,,,,,,,,,,,,,,,
2262,5201399243,rcdaddy33,396,45.5,G Wyndham Clark G Russell Henley G Jake Knapp G Ryan Gerard G Seamus Power G Lee Hodges,,,,,,,,,,,,,,,,,,,
2262,5201637065,lennon727,396,45.5,G Jackson Koivun G Hideki Matsuyama G J.J. Spaun G Ryan Gerard G Jackson Suber G Zac Blair,,,,,,,,,,,,,,,,,,,
2262,5201831887,shankville,396,45.5,G Jackson Koivun G Russell Henley G Jake Knapp G Ryan Gerard G Tom Hoge G Zac Blair,,,,,,,,,,,,,,,,,,,
2262,5201982680,justincrooks,396,45.5,G Jackson Koivun G Russell Henley G J.J. Spaun G Ryan Gerard G Ben Kohles G Zac Blair,,,,,,,,,,,,,,,,,,,
2262,5202926612,Brud626,396,45.5,G Cameron Young G Jackson Koivun G Ryan Gerard G Rasmus Neergaard-Petersen G Ben Kohles G Zac Blair,,,,,,,,,,,,,,,,,,,
2262,5202287388,Sleddog79,395,45.5,G Xander Schauffele G Patrick Cantlay G Jake Knapp G Ryan Gerard G Nick Taylor G Keenan Huskey,,,,,,,,,,,,,,,,,,,
2262,5200684433,SteveSteams,392,45.5,G Cameron Young G Jackson Koivun G Michael Thorbjornsen G Davis Thompson G Johnny Keefer G Austin Smotherman,,,,,,,,,,,,,,,,,,,
2262,5202160132,brandino800,391,45.5,G Xander Schauffele G Chris Gotterup G Michael Brennan G Davis Thompson G Aldrich Potgieter G Sungjae Im,,,,,,,,,,,,,,,,,,,
2262,5202667463,jrayba23,390,45.5,G Cameron Young G Chris Gotterup G Hideki Matsuyama G Christiaan Bezuidenhout G Chandler Phillips G Davis Chatfield,,,,,,,,,,,,,,,,,,,
2262,5201325330,mr-luis,389,45.5,G Chris Gotterup G Si Woo Kim G Akshay Bhatia G Jacob Bridgeman G Ben Kohles G Lucas Glover,,,,,,,,,,,,,,,,,,,
2262,5200692524,sbrown111,388,45.5,G Si Woo Kim G Wyndham Clark G Russell Henley G Akshay Bhatia G Lucas Glover G Andrew Putnam,,,,,,,,,,,,,,,,,,,
2262,5200742015,valleygirl22,388,45.5,G Chris Gotterup G Russell Henley G Jake Knapp G Akshay Bhatia G Nicolas Echavarria G Zac Blair,,,,,,,,,,,,,,,,,,,
2262,5201547753,wheel1,388,45.5,G Chris Gotterup G Wyndham Clark G Hideki Matsuyama G Davis Thompson G Ben Kohles G Lucas Glover,,,,,,,,,,,,,,,,,,,
2262,5200673759,tmoen2015,381,45.5,G Chris Gotterup G Si Woo Kim G Russell Henley G Lucas Glover G Chandler Phillips G Davis Chatfield,,,,,,,,,,,,,,,,,,,
2305,5202277849,austinbies,408,45,G Cameron Young G Jackson Koivun G Michael Thorbjornsen G Jordan Spieth G Tony Finau G Sungjae Im,,,,,,,,,,,,,,,,,,,
2305,5201893688,jjheeb23,406,45,G Jackson Koivun G Hideki Matsuyama G Jake Knapp G Michael Brennan G Pierceson Coody G Johnny Keefer,,,,,,,,,,,,,,,,,,,
2305,5203258610,g3329552,404,45,G Si Woo Kim G Hideki Matsuyama G Ben Griffin G Akshay Bhatia G Mackenzie Hughes G Billy Horschel,,,,,,,,,,,,,,,,,,,
2305,5200782953,Asherlock16,401,45,G Chris Gotterup G Russell Henley G Akshay Bhatia G Ryo Hisatsune G Ben Kohles G Nick Taylor,,,,,,,,,,,,,,,,,,,
2305,5200874967,gaucholover,401,45,G Chris Gotterup G Hideki Matsuyama G Akshay Bhatia G Jacob Bridgeman G Ryo Hisatsune G Nick Taylor,,,,,,,,,,,,,,,,,,,
2305,5201044358,mikey.goldman,401,45,G Chris Gotterup G Jake Knapp G Akshay Bhatia G Nicolai Højgaard G Corey Conners G Nick Taylor,,,,,,,,,,,,,,,,,,,
2305,5201240640,Wasper007,401,45,G Chris Gotterup G Ryan Gerard G Akshay Bhatia G Jacob Bridgeman G Denny McCarthy G Corey Conners,,,,,,,,,,,,,,,,,,,
2305,5201479986,bgreen46,401,45,G Chris Gotterup G Ryan Gerard G Akshay Bhatia G Nicolai Højgaard G Ryo Hisatsune G Ben Kohles,,,,,,,,,,,,,,,,,,,
2305,5201677375,vanhorn23,401,45,G Chris Gotterup G Jake Knapp G Ryan Gerard G Akshay Bhatia G Jackson Suber G Zachary Bauchou,,,,,,,,,,,,,,,,,,,
2305,5202469142,Pavich12,401,45,G Chris Gotterup G Jake Knapp G Akshay Bhatia G Nicolai Højgaard G Rasmus Neergaard-Petersen G Nick Taylor,,,,,,,,,,,,,,,,,,,
2305,5202753658,cjvieau,401,45,G Chris Gotterup G Hideki Matsuyama G Akshay Bhatia G Michael Brennan G Jordan Spieth G Nick Taylor,,,,,,,,,,,,,,,,,,,
2305,5202768677,jwanderson2000,401,45,G Chris Gotterup G Ryan Gerard G Akshay Bhatia G Jacob Bridgeman G Jordan Spieth G Ryo Hisatsune,,,,,,,,,,,,,,,,,,,
2305,5202772933,Shorty1025,401,45,G Cameron Young G Si Woo Kim G Jacob Bridgeman G Christiaan Bezuidenhout G Sam Stevens G John Parry,,,,,,,,,,,,,,,,,,,
2305,5201143267,swassmaster,400,45,G Wyndham Clark G Hideki Matsuyama G Ryan Gerard G Akshay Bhatia G Rasmus Neergaard-Petersen G Ben Kohles,,,,,,,,,,,,,,,,,,,
2305,5201331947,dami146,400,45,G Wyndham Clark G Hideki Matsuyama G Ryan Gerard G Akshay Bhatia G Denny McCarthy G John Parry,,,,,,,,,,,,,,,,,,,
2305,5202181106,Jimbo2Chips,400,45,G Wyndham Clark G Patrick Cantlay G Ryan Gerard G Akshay Bhatia G Jordan L. Smith G Matthew McCarty,,,,,,,,,,,,,,,,,,,
2305,5202242308,Coote15,400,45,G Wyndham Clark G Jake Knapp G Ryan Gerard G Akshay Bhatia G Jacob Bridgeman G Steven Fisk,,,,,,,,,,,,,,,,,,,
2305,5202295902,x1xpanthersx1x,400,45,G Wyndham Clark G Jake Knapp G Ryan Gerard G Akshay Bhatia G Jackson Suber G Matt Wallace,,,,,,,,,,,,,,,,,,,
2305,5202564716,Marco-Esquandolas,400,45,G Wyndham Clark G J.J. Spaun G Ryan Gerard G Akshay Bhatia G Jackson Suber G Matt Wallace,,,,,,,,,,,,,,,,,,,
2305,5202599639,cwsavage,400,45,G Wyndham Clark G Jake Knapp G Ryan Gerard G Akshay Bhatia G Jackson Suber G Matt Wallace,,,,,,,,,,,,,,,,,,,
2305,5202848292,jnat10,400,45,G Wyndham Clark G Jake Knapp G Ryan Gerard G Akshay Bhatia G Jacob Bridgeman G Sungjae Im,,,,,,,,,,,,,,,,,,,
2305,5202850900,Huke20,400,45,G Wyndham Clark G Jake Knapp G Ryan Gerard G Akshay Bhatia G Ryo Hisatsune G Ben Kohles,,,,,,,,,,,,,,,,,,,
2305,5203115282,JHallsy18,400,45,G Wyndham Clark G Patrick Cantlay G Ryan Gerard G Akshay Bhatia G Jackson Suber G Sungjae Im,,,,,,,,,,,,,,,,,,,
2305,5201026508,ericbt,398,45,G Xander Schauffele G Si Woo Kim G Ben Griffin G Ryo Hisatsune G Ben Kohles G Mark Hubbard,,,,,,,,,,,,,,,,,,,
2305,5201048847,dsheap,398,45,G Wyndham Clark G Patrick Cantlay G J.J. Spaun G Jacob Bridgeman G Eric Cole G Pierceson Coody,,,,,,,,,,,,,,,,,,,
2305,5201324565,markashby21,398,45,G Xander Schauffele G Hideki Matsuyama G Ryan Gerard G Denny McCarthy G Ben Kohles G Christiaan Bezuidenhout,,,,,,,,,,,,,,,,,,,
2305,5201837773,AllHips,398,45,G Si Woo Kim G Russell Henley G Ryan Gerard G Eric Cole G Denny McCarthy G Ben Kohles,,,,,,,,,,,,,,,,,,,
2305,5202090763,packerdude13,398,45,G Xander Schauffele G Si Woo Kim G Jake Knapp G Michael Thorbjornsen G Matti Schmid G Mark Hubbard,,,,,,,,,,,,,,,,,,,
2305,5202184778,Willo21413,398,45,G Si Woo Kim G Hideki Matsuyama G Ryan Gerard G Eric Cole G Ryo Hisatsune G Corey Conners,,,,,,,,,,,,,,,,,,,
2305,5202254044,jstray1,398,45,G Wyndham Clark G Jake Knapp G J.J. Spaun G Jacob Bridgeman G Eric Cole G Pierceson Coody,,,,,,,,,,,,,,,,,,,
2305,5202417371,gorblat87,398,45,G Xander Schauffele G Si Woo Kim G Nicolai Højgaard G Jacob Bridgeman G Ryo Hisatsune G Mark Hubbard,,,,,,,,,,,,,,,,,,,
2305,5202802654,bgwiz,398,45,G Xander Schauffele G Ryan Gerard G Jacob Bridgeman G Ryo Hisatsune G Corey Conners G Christiaan Bezuidenhout,,,,,,,,,,,,,,,,,,,
2305,5202949422,wharfrat02,398,45,G Si Woo Kim G Russell Henley G Jake Knapp G Eric Cole G Ryo Hisatsune G Nick Taylor,,,,,,,,,,,,,,,,,,,
2305,5203019769,jfogarty10,398,45,G Si Woo Kim G J.J. Spaun G Ryan Gerard G Jacob Bridgeman G Eric Cole G Ryo Hisatsune,,,,,,,,,,,,,,,,,,,
2305,5203159502,TheJangla,398,45,G Xander Schauffele G Patrick Cantlay G Ryan Gerard G Corey Conners G Christiaan Bezuidenhout G Beau Hossler,,,,,,,,,,,,,,,,,,,
2305,5200582521,shawnzhan,397,45,G Chris Gotterup G Jackson Koivun G Nicolai Højgaard G Michael Brennan G Jackson Suber G Andrew Novak,,,,,,,,,,,,,,,,,,,
2305,5202221005,asmall338,397,45,G Cameron Young G Ryan Gerard G Akshay Bhatia G Davis Thompson G Denny McCarthy G Benjamin James,,,,,,,,,,,,,,,,,,,
2305,5200649118,GoBlue53,395,45,G Chris Gotterup G Wyndham Clark G Russell Henley G Jacob Bridgeman G Sungjae Im G Zac Blair,,,,,,,,,,,,,,,,,,,
2305,5202002886,jcook46,395,45,G Xander Schauffele G Wyndham Clark G Michael Thorbjornsen G Eric Cole G Ryo Hisatsune G Taylor Moore,,,,,,,,,,,,,,,,,,,
2305,5202891495,willn2live,395,45,G Chris Gotterup G Wyndham Clark G J.J. Spaun G Jacob Bridgeman G Corey Conners G Zac Blair,,,,,,,,,,,,,,,,,,,
2305,5203254039,JRIDGE,395,45,G Chris Gotterup G Wyndham Clark G Jake Knapp G Jacob Bridgeman G Zachary Bauchou G Zac Blair,,,,,,,,,,,,,,,,,,,
2305,5201603808,CaylaH95,393,45,G Chris Gotterup G Hideki Matsuyama G Jake Knapp G Eric Cole G Jackson Suber G Seamus Power,,,,,,,,,,,,,,,,,,,
2305,5201984329,Straight-Cash-Homey,393,45,G Cameron Young G Chris Gotterup G Ryan Gerard G Billy Horschel G Chandler Phillips G Davis Chatfield,,,,,,,,,,,,,,,,,,,
2305,5202287267,Baffler,391,45,G Xander Schauffele G Si Woo Kim G J.J. Spaun G Pierceson Coody G Ben Kohles G Chandler Phillips,,,,,,,,,,,,,,,,,,,
2305,5201491697,Bird30,390,45,G Cameron Young G Chris Gotterup G Ryan Gerard G Ben Kohles G Nicolas Echavarria G Chandler Phillips,,,,,,,,,,,,,,,,,,,
2305,5201833144,BoujeeMama,390,45,G Cameron Young G Chris Gotterup G Ryan Gerard G Ben Kohles G Nicolas Echavarria G Chandler Phillips,,,,,,,,,,,,,,,,,,,
2351,5202529583,samsavard,405,44.5,G Chris Gotterup G Si Woo Kim G Michael Brennan G Marco Penge G Johnny Keefer G Rasmus Neergaard-Petersen,,,,,,,,,,,,,,,,,,,
2351,5202629171,kfalik,405,44.5,G Cameron Young G Chris Gotterup G Jordan Spieth G Doug Ghim G Pierceson Coody G Beau Hossler,,,,,,,,,,,,,,,,,,,
2351,5200633270,aceassin,404,44.5,G Cameron Young G Si Woo Kim G Jacob Bridgeman G Denny McCarthy G Nick Taylor G Sam Stevens,,,,,,,,,,,,,,,,,,,
2351,5200678533,onesixty247,404,44.5,G Cameron Young G Si Woo Kim G Ryo Hisatsune G Ben Kohles G Nick Taylor G Sam Stevens,,,,,,,,,,,,,,,,,,,
2351,5202198134,HankVol,404,44.5,G Jackson Koivun G Ben Griffin G Jake Knapp G Akshay Bhatia G Johnny Keefer G Sungjae Im,,,,,,,,,,,,,,,,,,,
2351,5202722872,AMayberry23,404,44.5,G Si Woo Kim G Wyndham Clark G Jake Knapp G Jackson Suber G Johnny Keefer G Ben Kohles,,,,,,,,,,,,,,,,,,,
2351,5202949050,steveengel99,404,44.5,G Si Woo Kim G Hideki Matsuyama G Ryan Gerard G Jacob Bridgeman G Ryo Hisatsune G Sam Stevens,,,,,,,,,,,,,,,,,,,
2351,5201711844,smaves,402,44.5,G Chris Gotterup G Hideki Matsuyama G Jake Knapp G Ryan Gerard G Corey Conners G Kevin Streelman,,,,,,,,,,,,,,,,,,,
2351,5201063559,jcate50,401,44.5,G Xander Schauffele G Wyndham Clark G Jake Knapp G Jacob Bridgeman G Sam Stevens G Andrew Putnam,,,,,,,,,,,,,,,,,,,
2351,5201121767,jgang22,401,44.5,G Xander Schauffele G Wyndham Clark G Ben Griffin G Doug Ghim G Mac Meissner G Rico Hoey,,,,,,,,,,,,,,,,,,,
2351,5201739857,Jonnywheelz,401,44.5,G Xander Schauffele G Wyndham Clark G Nicolai Højgaard G Jackson Suber G Doug Ghim G Ben Kohles,,,,,,,,,,,,,,,,,,,
2351,5202255586,ShipIt,400,44.5,G Cameron Young G Xander Schauffele G J.J. Spaun G Tony Finau G Nicolas Echavarria G Cameron Davis,,,,,,,,,,,,,,,,,,,
2351,5201898463,geneabraun,399,44.5,G Hideki Matsuyama G Ben Griffin G Ryan Gerard G Akshay Bhatia G Ryo Hisatsune G Christiaan Bezuidenhout,,,,,,,,,,,,,,,,,,,
2351,5203129053,jtgus,399,44.5,G Russell Henley G Ben Griffin G Ryan Gerard G Akshay Bhatia G Ben Kohles G Christiaan Bezuidenhout,,,,,,,,,,,,,,,,,,,
2351,5201007184,Vulture8181,397,44.5,G Chris Gotterup G Hideki Matsuyama G Akshay Bhatia G Eric Cole G Ryo Hisatsune G Jackson Suber,,,,,,,,,,,,,,,,,,,
2351,5201120929,chappy1517,397,44.5,G Cameron Young G Russell Henley G Hideki Matsuyama G Nick Taylor G Emiliano Grillo G Lucas Glover,,,,,,,,,,,,,,,,,,,
2351,5202567838,goldie422,397,44.5,G Chris Gotterup G Jake Knapp G Akshay Bhatia G Jordan Spieth G Eric Cole G Ryo Hisatsune,,,,,,,,,,,,,,,,,,,
2351,5201096727,JVod,396,44.5,G Chris Gotterup G Si Woo Kim G Patrick Cantlay G Mac Meissner G Benjamin James G Nicolas Echavarria,,,,,,,,,,,,,,,,,,,
2351,5202414323,SlipKidDouce,396,44.5,G Wyndham Clark G J.J. Spaun G Akshay Bhatia G Nicolai Højgaard G Eric Cole G Ryo Hisatsune,,,,,,,,,,,,,,,,,,,
2351,5202716263,whitey1010,396,44.5,G Wyndham Clark G Jake Knapp G Akshay Bhatia G Nicolai Højgaard G Eric Cole G Corey Conners,,,,,,,,,,,,,,,,,,,
2351,5203151759,shapman,396,44.5,G Wyndham Clark G Patrick Cantlay G Akshay Bhatia G Jacob Bridgeman G Eric Cole G Jackson Suber,,,,,,,,,,,,,,,,,,,
2351,5202181035,sboyd102,395,44.5,G Si Woo Kim G Patrick Cantlay G Jake Knapp G Davis Thompson G Aldrich Potgieter G Sam Stevens,,,,,,,,,,,,,,,,,,,
2351,5200915749,godawgs1543,394,44.5,G Cameron Young G Chris Gotterup G Jacob Bridgeman G Jackson Suber G Christiaan Bezuidenhout G Zac Blair,,,,,,,,,,,,,,,,,,,
2351,5201368363,ambailey914,394,44.5,G Cameron Young G Chris Gotterup G Jacob Bridgeman G Ryo Hisatsune G Christiaan Bezuidenhout G Zac Blair,,,,,,,,,,,,,,,,,,,
2351,5201445058,The_Street_Toughs,394,44.5,G Cameron Young G Russell Henley G Akshay Bhatia G Eric Cole G Ryo Hisatsune G Joel Dahmen,,,,,,,,,,,,,,,,,,,
2351,5201888770,robertducks1123,394,44.5,G Cameron Young G Chris Gotterup G Jacob Bridgeman G Ryo Hisatsune G Christiaan Bezuidenhout G Zac Blair,,,,,,,,,,,,,,,,,,,
2351,5202813162,rlparker22,392,44.5,G Xander Schauffele G Chris Gotterup G Nicolai Højgaard G Ryo Hisatsune G Benjamin James G Chandler Phillips,,,,,,,,,,,,,,,,,,,
2351,5203236591,nsubball47,392,44.5,G Si Woo Kim G Wyndham Clark G Hideki Matsuyama G Davis Thompson G Matt Wallace G Nicolas Echavarria,,,,,,,,,,,,,,,,,,,
2351,5201504052,ox2111,391,44.5,G Si Woo Kim G Russell Henley G Ryan Gerard G Michael Brennan G Davis Thompson G Chandler Phillips,,,,,,,,,,,,,,,,,,,
2351,5201980660,ffmedic104,391,44.5,G Si Woo Kim G Hideki Matsuyama G Ryan Gerard G Nicolai Højgaard G Davis Thompson G Chandler Phillips,,,,,,,,,,,,,,,,,,,
2381,5203067841,lyonsic90,415,44,G Cameron Young G Russell Henley G Michael Thorbjornsen G Rickie Fowler G Jordan L. Smith G Davis Chatfield,,,,,,,,,,,,,,,,,,,
2381,5200623177,scomil,412,44,G Russell Henley G Patrick Cantlay G Jake Knapp G Rickie Fowler G Jacob Bridgeman G Nicolas Echavarria,,,,,,,,,,,,,,,,,,,
2381,5203079211,croodar,412,44,G Cameron Young G Hideki Matsuyama G Rickie Fowler G Michael Brennan G Jackson Suber G Nicolas Echavarria,,,,,,,,,,,,,,,,,,,
2381,5200613415,Deeclev69,410,44,G Chris Gotterup G Ben Griffin G J.J. Spaun G Michael Brennan G Jackson Suber G Kevin Yu,,,,,,,,,,,,,,,,,,,
2381,5201406616,Jamie2156,410,44,G Chris Gotterup G Hideki Matsuyama G Jake Knapp G Jackson Suber G Rasmus Neergaard-Petersen G Kevin Yu,,,,,,,,,,,,,,,,,,,
2381,5202946119,jtoon12,410,44,G Cameron Young G Chris Gotterup G Michael Thorbjornsen G Ben Kohles G Kevin Yu G Billy Horschel,,,,,,,,,,,,,,,,,,,
2381,5201279255,Kcflemming,409,44,G Cameron Young G Wyndham Clark G Nicolai Højgaard G Jackson Suber G Jordan L. Smith G Kevin Yu,,,,,,,,,,,,,,,,,,,
2381,5201415242,jzych141,409,44,G Cameron Young G Wyndham Clark G Michael Thorbjornsen G Rasmus Neergaard-Petersen G Matt Wallace G Kevin Yu,,,,,,,,,,,,,,,,,,,
2381,5202730619,tonyfeels420,409,44,G Wyndham Clark G Jake Knapp G Nicolai Højgaard G Michael Thorbjornsen G Michael Brennan G Kevin Yu,,,,,,,,,,,,,,,,,,,
2381,5202739624,WreckEm5,407,44,G Jackson Koivun G Ben Griffin G Jake Knapp G Michael Thorbjornsen G Ben Kohles G Emiliano Grillo,,,,,,,,,,,,,,,,,,,
2381,5203003556,biscuit6765,407,44,G Jackson Koivun G Russell Henley G Hideki Matsuyama G Jacob Bridgeman G Ben Kohles G Emiliano Grillo,,,,,,,,,,,,,,,,,,,
2381,5200950551,nflmdd,404,44,G Cameron Young G Si Woo Kim G Hideki Matsuyama G Ryo Hisatsune G Ricky Castillo G Ryan Ruffels,,,,,,,,,,,,,,,,,,,
2381,5201023623,Nekonino18,403,44,G Chris Gotterup G Hideki Matsuyama G Jake Knapp G Ryan Gerard G Max Greyserman G Vince Whaley,,,,,,,,,,,,,,,,,,,
2381,5201155106,hellohdustin,403,44,G Chris Gotterup G Ben Griffin G Akshay Bhatia G Jacob Bridgeman G Corey Conners G Doug Ghim,,,,,,,,,,,,,,,,,,,
2381,5201271704,Wastinky,403,44,G Chris Gotterup G Jackson Koivun G Jacob Bridgeman G Ryo Hisatsune G Corey Conners G Benjamin James,,,,,,,,,,,,,,,,,,,
2381,5201611957,bkolo,403,44,G Chris Gotterup G Jackson Koivun G Ben Griffin G Jackson Suber G Benjamin James G Matthew McCarty,,,,,,,,,,,,,,,,,,,
2381,5202076505,kirito4242,403,44,G Chris Gotterup G Hideki Matsuyama G Akshay Bhatia G Nicolai Højgaard G Doug Ghim G Sudarshan Yellamaraju,,,,,,,,,,,,,,,,,,,
2381,5202404484,Tomd3,403,44,G Si Woo Kim G Russell Henley G J.J. Spaun G Ryo Hisatsune G Johnny Keefer G Christiaan Bezuidenhout,,,,,,,,,,,,,,,,,,,
2381,5203044978,Romanggatica,403,44,G Chris Gotterup G Jackson Koivun G Harris English G Denny McCarthy G Rasmus Neergaard-Petersen G Benjamin James,,,,,,,,,,,,,,,,,,,
2381,5203193341,Romo2Witten82,403,44,G Cameron Young G Si Woo Kim G Jacob Bridgeman G Johnny Keefer G Ben Kohles G Christiaan Bezuidenhout,,,,,,,,,,,,,,,,,,,
2381,5200856791,foreman2577,402,44,G Jackson Koivun G Wyndham Clark G Michael Thorbjornsen G Marco Penge G Rasmus Neergaard-Petersen G Benjamin James,,,,,,,,,,,,,,,,,,,
2381,5201609311,bringthenoiseDK,402,44,G Jackson Koivun G Wyndham Clark G Jake Knapp G Jackson Suber G Ben Kohles G Benjamin James,,,,,,,,,,,,,,,,,,,
2381,5202837834,jthornburg,402,44,G Russell Henley G Jake Knapp G Ryan Gerard G Akshay Bhatia G Corey Conners G Nick Taylor,,,,,,,,,,,,,,,,,,,
2381,5202954172,jenloe,402,44,G Russell Henley G Jake Knapp G Ryan Gerard G Akshay Bhatia G Marco Penge G Nick Taylor,,,,,,,,,,,,,,,,,,,
2381,5203221213,jason4040,402,44,G Jackson Koivun G Wyndham Clark G Hideki Matsuyama G Jackson Suber G Ben Kohles G Benjamin James,,,,,,,,,,,,,,,,,,,
2381,5201970260,nowheels82,400,44,G Si Woo Kim G Jackson Koivun G Jake Knapp G Akshay Bhatia G Max Greyserman G Brad Dalke,,,,,,,,,,,,,,,,,,,
2381,5202233172,Ksink,400,44,G Xander Schauffele G Hideki Matsuyama G Jake Knapp G Jackson Suber G Christiaan Bezuidenhout G Sam Stevens,,,,,,,,,,,,,,,,,,,
2381,5202925093,fbonvi,400,44,G Chris Gotterup G Jackson Koivun G Jacob Bridgeman G Davis Thompson G Jackson Suber G Corey Conners,,,,,,,,,,,,,,,,,,,
2381,5203247944,DKNoobie,400,44,G Chris Gotterup G Jackson Koivun G Michael Brennan G Jacob Bridgeman G Davis Thompson G Ben Kohles,,,,,,,,,,,,,,,,,,,
2381,5201409049,adaho9988,399,44,G Jackson Koivun G Wyndham Clark G Jake Knapp G Davis Thompson G Jackson Suber G Ben Kohles,,,,,,,,,,,,,,,,,,,
2381,5202620434,dlugge23,399,44,G Jackson Koivun G Wyndham Clark G Jake Knapp G Davis Thompson G Jackson Suber G Ben Kohles,,,,,,,,,,,,,,,,,,,
2381,5203013582,bhop2101,399,44,G Jackson Koivun G Wyndham Clark G Jake Knapp G Davis Thompson G Ben Kohles G Jordan L. Smith,,,,,,,,,,,,,,,,,,,
2381,5203198381,mrw25,399,44,G Jackson Koivun G Wyndham Clark G Jake Knapp G Davis Thompson G Corey Conners G Max Greyserman,,,,,,,,,,,,,,,,,,,
2381,5201401954,slidenoise,397,44,G Chris Gotterup G Hideki Matsuyama G Jake Knapp G Michael Thorbjornsen G Nick Taylor G Zac Blair,,,,,,,,,,,,,,,,,,,
2381,5202458278,Coachmaybe,397,44,G Cameron Young G Chris Gotterup G Ryan Gerard G Jordan L. Smith G Sungjae Im G Zac Blair,,,,,,,,,,,,,,,,,,,
2381,5203153030,brandsand10,397,44,G Cameron Young G Chris Gotterup G Jordan Spieth G Ryo Hisatsune G Nick Taylor G Zac Blair,,,,,,,,,,,,,,,,,,,
2381,5201405769,bpfrompa,396,44,G Cameron Young G Wyndham Clark G Ryan Gerard G Ryo Hisatsune G John Parry G Zac Blair,,,,,,,,,,,,,,,,,,,
2381,5202493837,GJR3,396,44,G Wyndham Clark G Russell Henley G Jake Knapp G Ryan Gerard G Ben Kohles G Zac Blair,,,,,,,,,,,,,,,,,,,
2381,5203231914,Hendrix2225,396,44,G Wyndham Clark G Hideki Matsuyama G J.J. Spaun G Ryan Gerard G Ben Kohles G Zac Blair,,,,,,,,,,,,,,,,,,,
2381,5201064336,mcamuse11,390,44,G Jackson Koivun G Wyndham Clark G Russell Henley G Ben Griffin G Lucas Glover G Ryan Ruffels,,,,,,,,,,,,,,,,,,,
2381,5202479135,mrkmax,390,44,G Cameron Young G Si Woo Kim G Jackson Koivun G Brad Dalke G Zac Blair G Keenan Huskey,,,,,,,,,,,,,,,,,,,
2381,5200735567,canoymx211,389,44,G Wyndham Clark G Hideki Matsuyama G Jake Knapp G Akshay Bhatia G Davis Thompson G Chandler Phillips,,,,,,,,,,,,,,,,,,,
2423,5200731865,gtx67,414,43.5,G Cameron Young G Hideki Matsuyama G Michael Brennan G Denny McCarthy G Johnny Keefer G Chris Kirk,,,,,,,,,,,,,,,,,,,
2423,5200874985,elduderino16,411,43.5,G Xander Schauffele G Hideki Matsuyama G Nicolai Højgaard G Marco Penge G Jackson Suber G Stephan Jaeger,,,,,,,,,,,,,,,,,,,
2423,5201111567,hockeyweasel,411,43.5,G Cameron Young G Xander Schauffele G Ryo Hisatsune G Corey Conners G Stephan Jaeger G John Parry,,,,,,,,,,,,,,,,,,,
2423,5203054078,jzieg184,409,43.5,G Cameron Young G Chris Gotterup G Jake Knapp G Tony Finau G Sungjae Im G Matti Schmid,,,,,,,,,,,,,,,,,,,
2423,5203092361,Jwitdabucks,409,43.5,G Cameron Young G Chris Gotterup G Nicolai Højgaard G Jordan L. Smith G Sudarshan Yellamaraju G Tony Finau,,,,,,,,,,,,,,,,,,,
2423,5200759539,letspartee,408,43.5,G Jackson Koivun G Hideki Matsuyama G Jake Knapp G Jacob Bridgeman G Jordan Spieth G Ricky Castillo,,,,,,,,,,,,,,,,,,,
2423,5201506597,Pats2014,408,43.5,G Cameron Young G Jackson Koivun G Michael Brennan G Jackson Suber G Rasmus Neergaard-Petersen G Ricky Castillo,,,,,,,,,,,,,,,,,,,
2423,5201905407,nicedreaminc,408,43.5,G Cameron Young G Hideki Matsuyama G Ben Griffin G Seamus Power G Stephan Jaeger G Matti Schmid,,,,,,,,,,,,,,,,,,,
2423,5202517614,upperdeckers1976,408,43.5,G Cameron Young G Jackson Koivun G J.J. Spaun G Ben Kohles G Ricky Castillo G Taylor Moore,,,,,,,,,,,,,,,,,,,
2423,5202547881,strausberg,408,43.5,G Cameron Young G Jackson Koivun G Jake Knapp G Corey Conners G Ricky Castillo G Tom Hoge,,,,,,,,,,,,,,,,,,,
2423,5202735952,Treeder85,408,43.5,G Cameron Young G Jackson Suber G Mac Meissner G Seamus Power G Jordan L. Smith G Stephan Jaeger,,,,,,,,,,,,,,,,,,,
2423,5203230025,Xtrusion,408,43.5,G Cameron Young G Jackson Koivun G Ben Griffin G Max Greyserman G Ricky Castillo G A.J. Ewart,,,,,,,,,,,,,,,,,,,
2423,5201940528,Bank_Swish_Maniac,406,43.5,G Si Woo Kim G Jake Knapp G J.J. Spaun G Ryan Gerard G Johnny Keefer G Lee Hodges,,,,,,,,,,,,,,,,,,,
2423,5201973246,tregom2,406,43.5,G Cameron Young G Wyndham Clark G Marco Penge G Ryo Hisatsune G Pierceson Coody G Johnny Keefer,,,,,,,,,,,,,,,,,,,
2423,5202589858,SckmyDitka,406,43.5,G Si Woo Kim G Russell Henley G Ryan Gerard G Ryo Hisatsune G Jackson Suber G Johnny Keefer,,,,,,,,,,,,,,,,,,,
2423,5202721619,firepooch,406,43.5,G Cameron Young G Si Woo Kim G Ryo Hisatsune G Corey Conners G Johnny Keefer G Nick Taylor,,,,,,,,,,,,,,,,,,,
2423,5202351345,ohyouknow12,404,43.5,G Xander Schauffele G Chris Gotterup G Michael Brennan G Johnny Keefer G Ben Kohles G Taylor Pendrith,,,,,,,,,,,,,,,,,,,
2423,5201654907,wvadawg,402,43.5,G Cameron Young G Russell Henley G Jake Knapp G Davis Thompson G Nicolas Echavarria G Chris Kirk,,,,,,,,,,,,,,,,,,,
2423,5201227925,panicfan26,401,43.5,G Chris Gotterup G Jake Knapp G Nicolai Højgaard G Michael Thorbjornsen G Johnny Keefer G Seamus Power,,,,,,,,,,,,,,,,,,,
2423,5202276037,JaredRear,400,43.5,G Si Woo Kim G Patrick Cantlay G Jake Knapp G Ryan Gerard G Benjamin James G Davis Chatfield,,,,,,,,,,,,,,,,,,,
2423,5202209230,donhelge,399,43.5,G Cameron Young G Chris Gotterup G Jake Knapp G Michael Thorbjornsen G Vince Whaley G Lanto Griffin,,,,,,,,,,,,,,,,,,,
2423,5201615819,djkevin1,398,43.5,G Hideki Matsuyama G Ryan Gerard G Harris English G Akshay Bhatia G Jacob Bridgeman G Eric Cole,,,,,,,,,,,,,,,,,,,
2423,5202684599,Rainman1972,398,43.5,G Hideki Matsuyama G Ben Griffin G Ryan Gerard G Akshay Bhatia G Eric Cole G Denny McCarthy,,,,,,,,,,,,,,,,,,,
2423,5203044124,Ajmoon1997,398,43.5,G Jake Knapp G J.J. Spaun G Ryan Gerard G Akshay Bhatia G Jacob Bridgeman G Eric Cole,,,,,,,,,,,,,,,,,,,
2423,5203057107,wrabl,398,43.5,G Patrick Cantlay G Jake Knapp G Ryan Gerard G Akshay Bhatia G Eric Cole G Jackson Suber,,,,,,,,,,,,,,,,,,,
2423,5203069047,EAC1661,398,43.5,G Hideki Matsuyama G Jake Knapp G Ryan Gerard G Akshay Bhatia G Eric Cole G Jackson Suber,,,,,,,,,,,,,,,,,,,
2423,5203154277,sdavis_25,398,43.5,G Jake Knapp G J.J. Spaun G Ryan Gerard G Akshay Bhatia G Jacob Bridgeman G Eric Cole,,,,,,,,,,,,,,,,,,,
2423,5203232789,xXxPLOSIVE,398,43.5,G Patrick Cantlay G Jake Knapp G Ryan Gerard G Akshay Bhatia G Eric Cole G Jackson Suber,,,,,,,,,,,,,,,,,,,
2423,5203258076,ppppzl,398,43.5,G Patrick Cantlay G Jake Knapp G Ryan Gerard G Akshay Bhatia G Eric Cole G Jackson Suber,,,,,,,,,,,,,,,,,,,
2423,5201715349,drboogie,395,43.5,G Cameron Young G J.J. Spaun G Ryan Gerard G Ryo Hisatsune G Christiaan Bezuidenhout G Zac Blair,,,,,,,,,,,,,,,,,,,
2423,5201777079,pd1956,395,43.5,G Cameron Young G Si Woo Kim G Hideki Matsuyama G Ryo Hisatsune G Mark Hubbard G Zac Blair,,,,,,,,,,,,,,,,,,,
2423,5203166521,rodgersparker,392,43.5,G Si Woo Kim G Russell Henley G Jake Knapp G Akshay Bhatia G Seamus Power G Davis Chatfield,,,,,,,,,,,,,,,,,,,
2423,5203150192,bloomingdales,386,43.5,G Cameron Young G Si Woo Kim G Jake Knapp G Davis Thompson G Austin Smotherman G Joel Dahmen,,,,,,,,,,,,,,,,,,,
2423,5200846126,browns0323,336,43.5,G Wyndham Clark G Russell Henley G Hideki Matsuyama G Brooks Koepka G Tony Finau G Tom Hoge,,,,,,,,,,,,,,,,,,,
2457,5201339787,larrymartins,411,43,G Hideki Matsuyama G Ben Griffin G Jake Knapp G Ryan Gerard G Denny McCarthy G Kevin Yu,,,,,,,,,,,,,,,,,,,
2457,5202678136,Kohls04,411,43,G Cameron Young G Jake Knapp G Ryan Gerard G Ryo Hisatsune G Ben Kohles G Kevin Yu,,,,,,,,,,,,,,,,,,,
2457,5203061806,JackRobin21,411,43,G Patrick Cantlay G Hideki Matsuyama G Ryan Gerard G Michael Thorbjornsen G Michael Brennan G Kevin Yu,,,,,,,,,,,,,,,,,,,
2457,5201268584,aak15,410,43,G Cameron Young G Si Woo Kim G J.J. Spaun G Jordan L. Smith G Sungjae Im G Chris Kirk,,,,,,,,,,,,,,,,,,,
2457,5201285613,slpanthers24,410,43,G Cameron Young G Si Woo Kim G Ben Griffin G Denny McCarthy G Chris Kirk G Andrew Putnam,,,,,,,,,,,,,,,,,,,
2457,5201072508,tavery01,405,43,G Chris Gotterup G Russell Henley G Akshay Bhatia G Michael Brennan G Johnny Keefer G Jordan L. Smith,,,,,,,,,,,,,,,,,,,
2457,5202567432,GamingIncCEO,405,43,G Chris Gotterup G Hideki Matsuyama G Akshay Bhatia G Michael Brennan G Johnny Keefer G Max Greyserman,,,,,,,,,,,,,,,,,,,
2457,5203256504,perkulator,405,43,G Cameron Young G Chris Gotterup G Akshay Bhatia G Johnny Keefer G Billy Horschel G Kevin Roy,,,,,,,,,,,,,,,,,,,
2457,5202604657,BenByers,404,43,G Wyndham Clark G Russell Henley G Akshay Bhatia G Nicolai Højgaard G Johnny Keefer G Mac Meissner,,,,,,,,,,,,,,,,,,,
2457,5200908476,martz6,402,43,G Cameron Young G Chris Gotterup G Jackson Koivun G Ben Kohles G Pontus Nyholm G Hank Lebioda,,,,,,,,,,,,,,,,,,,
2457,5202683842,Jacked_Up_Sharks,402,43,G Si Woo Kim G Hideki Matsuyama G Jake Knapp G Eric Cole G Corey Conners G Johnny Keefer,,,,,,,,,,,,,,,,,,,
2457,5200745574,df6525,401,43,G Jackson Koivun G Ryan Gerard G Michael Thorbjornsen G Michael Brennan G Marco Penge G Davis Thompson,,,,,,,,,,,,,,,,,,,
2457,5202894608,Jmr32012,401,43,G Jackson Koivun G J.J. Spaun G Ryan Gerard G Michael Thorbjornsen G Davis Thompson G Ben Kohles,,,,,,,,,,,,,,,,,,,
2457,5201819989,jaketurner96,399,43,G Chris Gotterup G Jackson Koivun G J.J. Spaun G Jackson Suber G Ben Kohles G Aldrich Potgieter,,,,,,,,,,,,,,,,,,,
2457,5201900809,ihags,399,43,G Chris Gotterup G Jackson Koivun G Jake Knapp G Michael Brennan G Aldrich Potgieter G Lee Hodges,,,,,,,,,,,,,,,,,,,
2457,5202510787,egreteman,399,43,G Xander Schauffele G Ben Griffin G Michael Thorbjornsen G Jordan Spieth G Eric Cole G Doug Ghim,,,,,,,,,,,,,,,,,,,
2457,5202723840,huggs07,399,43,G Cameron Young G Chris Gotterup G Jacob Bridgeman G Ryo Hisatsune G Doug Ghim G Zac Blair,,,,,,,,,,,,,,,,,,,
2457,5200876971,ChimpShot,398,43,G Jackson Koivun G Wyndham Clark G Jake Knapp G Jacob Bridgeman G Ben Kohles G Aldrich Potgieter,,,,,,,,,,,,,,,,,,,
2457,5201163720,Jodyhow,398,43,G Jackson Koivun G Wyndham Clark G Jake Knapp G Jacob Bridgeman G Ben Kohles G Aldrich Potgieter,,,,,,,,,,,,,,,,,,,
2457,5201165653,preeves4,398,43,G Jackson Koivun G Wyndham Clark G Jake Knapp G Michael Thorbjornsen G Aldrich Potgieter G Billy Horschel,,,,,,,,,,,,,,,,,,,
2457,5201333394,Leadpipe,397,43,G Cameron Young G Jackson Koivun G Wyndham Clark G Jackson Suber G William Mouw G Brad Dalke,,,,,,,,,,,,,,,,,,,
2457,5203026906,dagriff,397,43,G Cameron Young G Si Woo Kim G J.J. Spaun G Ricky Castillo G Billy Horschel G Austin Smotherman,,,,,,,,,,,,,,,,,,,
2457,5200664112,zipper49,396,43,G Cameron Young G Jackson Koivun G Jake Knapp G Aldrich Potgieter G Rico Hoey G Joel Dahmen,,,,,,,,,,,,,,,,,,,
2457,5200683226,denisesdestroyers,396,43,G Si Woo Kim G Jackson Koivun G Hideki Matsuyama G Jacob Bridgeman G Ben Kohles G Zac Blair,,,,,,,,,,,,,,,,,,,
2457,5200709227,wbryant2445,396,43,G Cameron Young G Si Woo Kim G Jackson Koivun G Ben Kohles G William Jennings G Zac Blair,,,,,,,,,,,,,,,,,,,
2457,5200902731,RAYSTERS,396,43,G Si Woo Kim G Jackson Koivun G Ben Griffin G Jacob Bridgeman G Rasmus Neergaard-Petersen G Zac Blair,,,,,,,,,,,,,,,,,,,
2457,5201152318,Qrucifer,396,43,G Cameron Young G Si Woo Kim G Jackson Koivun G Ryo Hisatsune G William Jennings G Zac Blair,,,,,,,,,,,,,,,,,,,
2457,5202237679,One4fun91,396,43,G Cameron Young G Si Woo Kim G Jackson Koivun G Ben Kohles G David Lipsky G Zac Blair,,,,,,,,,,,,,,,,,,,
2457,5202974156,BrandonS1107,396,43,G Cameron Young G Si Woo Kim G Jackson Koivun G Ben Kohles G Brad Dalke G Zac Blair,,,,,,,,,,,,,,,,,,,
2457,5203204606,dlpwaldo,396,43,G Si Woo Kim G Jackson Koivun G Jake Knapp G Jacob Bridgeman G Ben Kohles G Zac Blair,,,,,,,,,,,,,,,,,,,
2457,5202190544,bbayron1,393,43,G Cameron Young G Chris Gotterup G Akshay Bhatia G Davis Thompson G Nicolas Echavarria G Cameron Davis,,,,,,,,,,,,,,,,,,,
2457,5201104842,HansChristian,391,43,G Cameron Young G Xander Schauffele G Jackson Koivun G Chandler Phillips G Davis Chatfield G Chandler Blanchet,,,,,,,,,,,,,,,,,,,
2457,5202353506,Miked387,389,43,G Cameron Young G Xander Schauffele G Si Woo Kim G Erik Van Rooyen G Takumi Kanaya G Stefano Mazzoli,,,,,,,,,,,,,,,,,,,
2457,5203111540,Knuth,389,43,G Cameron Young G Chris Gotterup G Jake Knapp G Benjamin James G Chandler Phillips G Zac Blair,,,,,,,,,,,,,,,,,,,
2457,5203153316,florida_guy2020,389,43,G Chris Gotterup G Patrick Cantlay G Akshay Bhatia G Nicolai Højgaard G Aldrich Potgieter G Chandler Phillips,,,,,,,,,,,,,,,,,,,
2492,5200579341,angelociminera,408,42.5,G Chris Gotterup G Hideki Matsuyama G Jake Knapp G Jackson Suber G Corey Conners G Emiliano Grillo,,,,,,,,,,,,,,,,,,,
2492,5200759141,Thrasher898,408,42.5,G Chris Gotterup G Hideki Matsuyama G Jake Knapp G Michael Brennan G Ben Kohles G Emiliano Grillo,,,,,,,,,,,,,,,,,,,
2492,5200884191,PUCKSINC,408,42.5,G Chris Gotterup G Russell Henley G Hideki Matsuyama G Rasmus Neergaard-Petersen G Ben Kohles G Emiliano Grillo,,,,,,,,,,,,,,,,,,,
2492,5200885907,adampschmidt,408,42.5,G Cameron Young G Chris Gotterup G Jacob Bridgeman G Ryo Hisatsune G Emiliano Grillo G Billy Horschel,,,,,,,,,,,,,,,,,,,
2492,5200947963,breid6012,408,42.5,G Chris Gotterup G Hideki Matsuyama G Jake Knapp G Jacob Bridgeman G Ben Kohles G Emiliano Grillo,,,,,,,,,,,,,,,,,,,
2492,5201448522,DACEY22,408,42.5,G Chris Gotterup G Russell Henley G Hideki Matsuyama G Rasmus Neergaard-Petersen G Ben Kohles G Emiliano Grillo,,,,,,,,,,,,,,,,,,,
2492,5201964062,deverettnmsu,408,42.5,G Cameron Young G Chris Gotterup G Jackson Suber G Rasmus Neergaard-Petersen G Ben Kohles G Emiliano Grillo,,,,,,,,,,,,,,,,,,,
2492,5201974901,Tjroy1933,408,42.5,G Chris Gotterup G Russell Henley G Jake Knapp G Denny McCarthy G Ben Kohles G Emiliano Grillo,,,,,,,,,,,,,,,,,,,
2492,5201989244,zeek1282,408,42.5,G Chris Gotterup G Hideki Matsuyama G Jake Knapp G Rasmus Neergaard-Petersen G Ben Kohles G Emiliano Grillo,,,,,,,,,,,,,,,,,,,
2492,5202006156,bfellman366,408,42.5,G Cameron Young G Chris Gotterup G Corey Conners G Rasmus Neergaard-Petersen G Ben Kohles G Emiliano Grillo,,,,,,,,,,,,,,,,,,,
2492,5202522509,Trev512,408,42.5,G Chris Gotterup G Russell Henley G Jake Knapp G Rasmus Neergaard-Petersen G Ben Kohles G Emiliano Grillo,,,,,,,,,,,,,,,,,,,
2492,5202916951,kembaisthegoat,408,42.5,G Chris Gotterup G Hideki Matsuyama G Jake Knapp G Rasmus Neergaard-Petersen G Ben Kohles G Emiliano Grillo,,,,,,,,,,,,,,,,,,,
2492,5202949041,BidDawgs,408,42.5,G Chris Gotterup G Ben Griffin G Jake Knapp G Jackson Suber G Corey Conners G Emiliano Grillo,,,,,,,,,,,,,,,,,,,
2492,5203030124,raintrain01,408,42.5,G Cameron Young G Chris Gotterup G Jacob Bridgeman G Ben Kohles G Jordan L. Smith G Emiliano Grillo,,,,,,,,,,,,,,,,,,,
2492,5203083432,MJDLC,408,42.5,G Chris Gotterup G Russell Henley G Hideki Matsuyama G Jackson Suber G Ben Kohles G Emiliano Grillo,,,,,,,,,,,,,,,,,,,
2492,5202036672,Sporky,407,42.5,G Wyndham Clark G Russell Henley G Patrick Cantlay G Jackson Suber G Ben Kohles G Emiliano Grillo,,,,,,,,,,,,,,,,,,,
2492,5202517332,irish126,407,42.5,G Wyndham Clark G Hideki Matsuyama G Jake Knapp G Jacob Bridgeman G Ben Kohles G Emiliano Grillo,,,,,,,,,,,,,,,,,,,
2492,5200685892,cordova.adam,405,42.5,G Xander Schauffele G Ben Griffin G Ryan Gerard G Jackson Suber G Johnny Keefer G Matt Wallace,,,,,,,,,,,,,,,,,,,
2492,5202483343,Trough9,405,42.5,G Xander Schauffele G Jake Knapp G Ryan Gerard G Michael Brennan G Johnny Keefer G Billy Horschel,,,,,,,,,,,,,,,,,,,
2492,5203041263,gjeffes,405,42.5,G Xander Schauffele G Ben Griffin G Ryan Gerard G Jackson Suber G Johnny Keefer G Rasmus Neergaard-Petersen,,,,,,,,,,,,,,,,,,,
2492,5203107648,tonyp2424,405,42.5,G Xander Schauffele G Jake Knapp G Ryan Gerard G Jackson Suber G Corey Conners G Johnny Keefer,,,,,,,,,,,,,,,,,,,
2492,5201348090,jwking89,403,42.5,G Chris Gotterup G Wyndham Clark G Jake Knapp G Jackson Suber G Ben Kohles G Benjamin James,,,,,,,,,,,,,,,,,,,
2492,5202219831,barrythehammer,403,42.5,G Chris Gotterup G Wyndham Clark G Hideki Matsuyama G Jacob Bridgeman G Benjamin James G Tom Hoge,,,,,,,,,,,,,,,,,,,
2492,5202875977,TEARFULLL,403,42.5,G Chris Gotterup G Wyndham Clark G Jake Knapp G Jackson Suber G Ben Kohles G Benjamin James,,,,,,,,,,,,,,,,,,,
2492,5203095321,wwhughes10,402,42.5,G Cameron Young G J.J. Spaun G Ryan Gerard G Johnny Keefer G Rasmus Neergaard-Petersen G Seamus Power,,,,,,,,,,,,,,,,,,,
2492,5200604552,Amelin,401,42.5,G Russell Henley G Patrick Cantlay G J.J. Spaun G Akshay Bhatia G Ricky Castillo G Nicolas Echavarria,,,,,,,,,,,,,,,,,,,
2492,5200830908,KingWavy8,401,42.5,G Chris Gotterup G Si Woo Kim G Akshay Bhatia G Jackson Suber G Rasmus Neergaard-Petersen G Mac Meissner,,,,,,,,,,,,,,,,,,,
2492,5200917072,millertime44,401,42.5,G Chris Gotterup G Si Woo Kim G Akshay Bhatia G Jacob Bridgeman G Jackson Suber G Tom Hoge,,,,,,,,,,,,,,,,,,,
2492,5200574167,seand3311,400,42.5,G Chris Gotterup G Wyndham Clark G Jacob Bridgeman G Davis Thompson G Ryo Hisatsune G Denny McCarthy,,,,,,,,,,,,,,,,,,,
2492,5201018555,Sbdog44,400,42.5,G Si Woo Kim G Wyndham Clark G Akshay Bhatia G Ryo Hisatsune G Jackson Suber G Ben Kohles,,,,,,,,,,,,,,,,,,,
2492,5201664626,schuitsc,400,42.5,G Chris Gotterup G Wyndham Clark G Jake Knapp G Davis Thompson G Ben Kohles G Rico Hoey,,,,,,,,,,,,,,,,,,,
2492,5202532812,boog124,400,42.5,G Si Woo Kim G Wyndham Clark G Akshay Bhatia G Ryo Hisatsune G Denny McCarthy G Ben Kohles,,,,,,,,,,,,,,,,,,,
2492,5202739553,DSweeney31,400,42.5,G Chris Gotterup G Wyndham Clark G Jake Knapp G Davis Thompson G Ben Kohles G Taylor Moore,,,,,,,,,,,,,,,,,,,
2492,5202776147,Mangey4232,400,42.5,G Si Woo Kim G Wyndham Clark G Akshay Bhatia G Ryo Hisatsune G Jackson Suber G Corey Conners,,,,,,,,,,,,,,,,,,,
2492,5203010505,Tindy500,400,42.5,G Si Woo Kim G Wyndham Clark G Akshay Bhatia G Jacob Bridgeman G Denny McCarthy G Kevin Roy,,,,,,,,,,,,,,,,,,,
2492,5203082903,elliott21skins,400,42.5,G Chris Gotterup G Wyndham Clark G Jake Knapp G Michael Brennan G Davis Thompson G Brad Dalke,,,,,,,,,,,,,,,,,,,
2492,5203170937,Knox223,400,42.5,G Si Woo Kim G Wyndham Clark G Akshay Bhatia G Michael Thorbjornsen G Ben Kohles G Beau Hossler,,,,,,,,,,,,,,,,,,,
2492,5202728977,just10soccer,399,42.5,G Xander Schauffele G Jake Knapp G J.J. Spaun G Johnny Keefer G Aldrich Potgieter G Benjamin James,,,,,,,,,,,,,,,,,,,
2492,5201665676,bapster,398,42.5,G Xander Schauffele G Si Woo Kim G Jacob Bridgeman G Jordan Spieth G Ben Kohles G Christiaan Bezuidenhout,,,,,,,,,,,,,,,,,,,
2492,5200670214,woffordt123,397,42.5,G Jackson Koivun G Hideki Matsuyama G Jake Knapp G Davis Thompson G Eric Cole G Jackson Suber,,,,,,,,,,,,,,,,,,,
2492,5201072516,jpasternak1977,395,42.5,G Xander Schauffele G Russell Henley G J.J. Spaun G Jacob Bridgeman G Emiliano Grillo G Austin Smotherman,,,,,,,,,,,,,,,,,,,
2492,5202586214,RickwithaP,394,42.5,G Cameron Young G Xander Schauffele G Jake Knapp G Ben Kohles G Mark Hubbard G Zac Blair,,,,,,,,,,,,,,,,,,,
2492,5202649067,krism1956,391,42.5,G Cameron Young G Chris Gotterup G Si Woo Kim G John Parry G Zac Blair G Keenan Huskey,,,,,,,,,,,,,,,,,,,
2492,5202994255,meanergene,391,42.5,G Chris Gotterup G Wyndham Clark G Jake Knapp G Michael Thorbjornsen G Jesper Svensson G Chandler Phillips,,,,,,,,,,,,,,,,,,,
2492,5201665396,88cowboyUp,390,42.5,G Jackson Koivun G Akshay Bhatia G Andrew Putnam G William Jennings G Zac Blair G Keenan Huskey,,,,,,,,,,,,,,,,,,,
2492,5202671124,bwebs07,388,42.5,G Xander Schauffele G Chris Gotterup G Jake Knapp G Davis Thompson G Kevin Roy G Austin Smotherman,,,,,,,,,,,,,,,,,,,
2538,5200714074,SCH79,409,42,G Cameron Young G Xander Schauffele G Michael Brennan G Ben Kohles G Beau Hossler G Chris Kirk,,,,,,,,,,,,,,,,,,,
2538,5200894447,Rooster1595,409,42,G Chris Gotterup G Jake Knapp G J.J. Spaun G Nicolai Højgaard G Ben Kohles G Ricky Castillo,,,,,,,,,,,,,,,,,,,
2538,5201241764,carrow90,409,42,G Chris Gotterup G Hideki Matsuyama G Jake Knapp G Jacob Bridgeman G Ben Kohles G Ricky Castillo,,,,,,,,,,,,,,,,,,,
2538,5201620549,coreyt1822,409,42,G Cameron Young G Chris Gotterup G Russell Henley G Ricky Castillo G Matti Schmid G Andrew Putnam,,,,,,,,,,,,,,,,,,,
2538,5202876268,DaWiddys,409,42,G Cameron Young G Chris Gotterup G Russell Henley G Ricky Castillo G Matti Schmid G Andrew Putnam,,,,,,,,,,,,,,,,,,,
2538,5203179427,andrewp332,409,42,G Cameron Young G Chris Gotterup G Russell Henley G Ricky Castillo G Matti Schmid G Andrew Putnam,,,,,,,,,,,,,,,,,,,
2538,5200798711,Medicine-Man,408,42,G Cameron Young G Wyndham Clark G Jacob Bridgeman G Ryo Hisatsune G Corey Conners G Ricky Castillo,,,,,,,,,,,,,,,,,,,
2538,5201763433,loveinstrong,408,42,G Wyndham Clark G Russell Henley G Hideki Matsuyama G Jackson Suber G Ricky Castillo G John Parry,,,,,,,,,,,,,,,,,,,
2538,5202194320,bghuskies,408,42,G Wyndham Clark G Russell Henley G Hideki Matsuyama G Jake Knapp G Ricky Castillo G Andrew Putnam,,,,,,,,,,,,,,,,,,,
2538,5201270044,lemu66,406,42,G Cameron Young G J.J. Spaun G Akshay Bhatia G Marco Penge G Johnny Keefer G Nick Taylor,,,,,,,,,,,,,,,,,,,
2538,5202580736,bustinwind,404,42,G Si Woo Kim G Jake Knapp G Ryan Gerard G Michael Brennan G Pierceson Coody G Jordan L. Smith,,,,,,,,,,,,,,,,,,,
2538,5203183366,Willsg05,403,42,G Cameron Young G Jackson Koivun G Davis Thompson G Jackson Suber G Corey Conners G Doug Ghim,,,,,,,,,,,,,,,,,,,
2538,5201835228,AJSlim,402,42,G Cameron Young G Chris Gotterup G Si Woo Kim G Jackson Suber G Kevin Streelman G Webb Simpson,,,,,,,,,,,,,,,,,,,
2538,5201301037,jaekobham,401,42,G Si Woo Kim G Wyndham Clark G Ben Griffin G Nicolai Højgaard G Sudarshan Yellamaraju G Karl Vilips,,,,,,,,,,,,,,,,,,,
2538,5202365143,BeechBuc27,401,42,G Cameron Young G Wyndham Clark G Nicolai Højgaard G Benjamin James G Christiaan Bezuidenhout G Taylor Pendrith,,,,,,,,,,,,,,,,,,,
2538,5202267944,houndsvoice,400,42,G Cameron Young G Patrick Cantlay G J.J. Spaun G Davis Thompson G Kevin Yu G Chandler Phillips,,,,,,,,,,,,,,,,,,,
2538,5202396775,Solidc7,400,42,G Cameron Young G Ben Griffin G Davis Thompson G Ryo Hisatsune G Kevin Yu G Chandler Phillips,,,,,,,,,,,,,,,,,,,
2538,5203222000,pricegrant,400,42,G Cameron Young G Jackson Koivun G Ryan Gerard G Michael Brennan G Aldrich Potgieter G Brad Dalke,,,,,,,,,,,,,,,,,,,
2538,5200612367,Penaldhno,399,42,G Jackson Koivun G Russell Henley G Ryan Gerard G Nicolai Højgaard G Ryo Hisatsune G William Mouw,,,,,,,,,,,,,,,,,,,
2538,5200943676,hollywood123,399,42,G Chris Gotterup G Patrick Cantlay G Hideki Matsuyama G Pierceson Coody G Rasmus Neergaard-Petersen G Seamus Power,,,,,,,,,,,,,,,,,,,
2538,5201588051,Irshava2656,399,42,G Si Woo Kim G Hideki Matsuyama G Akshay Bhatia G Nicolai Højgaard G Christiaan Bezuidenhout G Sudarshan Yellamaraju,,,,,,,,,,,,,,,,,,,
2538,5202956622,jwendland22,399,42,G Si Woo Kim G Russell Henley G Ben Griffin G Akshay Bhatia G Christiaan Bezuidenhout G Andrew Putnam,,,,,,,,,,,,,,,,,,,
2538,5201860146,avenhutt,398,42,G Cameron Young G Wyndham Clark G Michael Brennan G Davis Thompson G Christiaan Bezuidenhout G Taylor Moore,,,,,,,,,,,,,,,,,,,
2538,5200844800,AJBeckface,397,42,G Cameron Young G Chris Gotterup G Jackson Koivun G Jordan L. Smith G Chandler Phillips G Brad Dalke,,,,,,,,,,,,,,,,,,,
2538,5201177735,TomCashman,397,42,G Chris Gotterup G Jackson Koivun G Hideki Matsuyama G Denny McCarthy G Ben Kohles G Chandler Phillips,,,,,,,,,,,,,,,,,,,
2538,5201338718,vollybal,397,42,G Chris Gotterup G Jackson Koivun G Jake Knapp G Jackson Suber G Ben Kohles G Chandler Phillips,,,,,,,,,,,,,,,,,,,
2538,5201438800,wabbittwaks,397,42,G Chris Gotterup G Jackson Koivun G Patrick Cantlay G Ryo Hisatsune G Ben Kohles G Chandler Phillips,,,,,,,,,,,,,,,,,,,
2538,5201481646,GaGatorBHanes,397,42,G Chris Gotterup G Jackson Koivun G Jake Knapp G Marco Penge G Ben Kohles G Chandler Phillips,,,,,,,,,,,,,,,,,,,
2538,5202251589,Thekeeglerelf,397,42,G Chris Gotterup G Jackson Koivun G Hideki Matsuyama G Denny McCarthy G Ben Kohles G Chandler Phillips,,,,,,,,,,,,,,,,,,,
2538,5202280089,theclanx,397,42,G Chris Gotterup G Jackson Koivun G Jake Knapp G Jackson Suber G Ben Kohles G Chandler Phillips,,,,,,,,,,,,,,,,,,,
2538,5202943378,Riker015,397,42,G Chris Gotterup G Jackson Koivun G Jake Knapp G Ben Kohles G Billy Horschel G Chandler Phillips,,,,,,,,,,,,,,,,,,,
2538,5202950328,RockDowell,397,42,G Chris Gotterup G Jackson Koivun G Jake Knapp G Michael Thorbjornsen G Kris Ventura G Chandler Phillips,,,,,,,,,,,,,,,,,,,
2538,5203023295,4LUVofGME,397,42,G Chris Gotterup G Jackson Koivun G Jake Knapp G Jackson Suber G Ben Kohles G Chandler Phillips,,,,,,,,,,,,,,,,,,,
2538,5203064283,tjjohn6,397,42,G Chris Gotterup G Jackson Koivun G Jake Knapp G Jacob Bridgeman G Ben Kohles G Chandler Phillips,,,,,,,,,,,,,,,,,,,
2538,5203080054,bieny1,397,42,G Chris Gotterup G Jackson Koivun G Hideki Matsuyama G Jackson Suber G Ben Kohles G Chandler Phillips,,,,,,,,,,,,,,,,,,,
2538,5203114292,middy777,397,42,G Chris Gotterup G Jackson Koivun G Jake Knapp G Jacob Bridgeman G Ben Kohles G Chandler Phillips,,,,,,,,,,,,,,,,,,,
2538,5201047678,Wafflemouse,396,42,G Jackson Koivun G Wyndham Clark G Jake Knapp G Michael Thorbjornsen G Rasmus Neergaard-Petersen G Chandler Phillips,,,,,,,,,,,,,,,,,,,
2538,5201236158,senor_verde17,396,42,G Jackson Koivun G Wyndham Clark G Jake Knapp G Michael Thorbjornsen G Jackson Suber G Chandler Phillips,,,,,,,,,,,,,,,,,,,
2538,5201696531,Brettmac38,396,42,G Xander Schauffele G Chris Gotterup G Jacob Bridgeman G Denny McCarthy G Ben Kohles G Seamus Power,,,,,,,,,,,,,,,,,,,
2538,5201849022,skinsfan4ever88,396,42,G Jackson Koivun G Wyndham Clark G Jake Knapp G Nicolai Højgaard G Ben Kohles G Chandler Phillips,,,,,,,,,,,,,,,,,,,
2538,5201860352,Foggy62,396,42,G Jackson Koivun G Wyndham Clark G Hideki Matsuyama G Jacob Bridgeman G Corey Conners G Chandler Phillips,,,,,,,,,,,,,,,,,,,
2538,5202524212,SparrowPrince,396,42,G Jackson Koivun G Wyndham Clark G Jake Knapp G Jackson Suber G Ben Kohles G Chandler Phillips,,,,,,,,,,,,,,,,,,,
2538,5202005282,Bigbengaljohn,395,42,G Xander Schauffele G Jackson Koivun G Nicolai Højgaard G Jacob Bridgeman G Steven Fisk G Zac Blair,,,,,,,,,,,,,,,,,,,
2538,5202859461,rdwright00,395,42,G Xander Schauffele G Jackson Koivun G Nicolai Højgaard G Jacob Bridgeman G Rasmus Neergaard-Petersen G Zac Blair,,,,,,,,,,,,,,,,,,,
2538,5200889822,raiderdad3028,394,42,G Xander Schauffele G Si Woo Kim G Hideki Matsuyama G Benjamin James G Sudarshan Yellamaraju G William Mouw,,,,,,,,,,,,,,,,,,,
2538,5203149835,utica201869,392,42,G Cameron Young G Ben Griffin G Akshay Bhatia G Davis Thompson G Seamus Power G Keita Nakajima,,,,,,,,,,,,,,,,,,,
2538,5200925748,Cal5,391,42,G Cameron Young G Chris Gotterup G Akshay Bhatia G Ryo Hisatsune G Nicolas Echavarria G William Mouw,,,,,,,,,,,,,,,,,,,
2585,5200601114,PopsLarre,410,41.5,G Hideki Matsuyama G Ben Griffin G Jake Knapp G Akshay Bhatia G Jacob Bridgeman G Chris Kirk,,,,,,,,,,,,,,,,,,,
2585,5201130217,TheSleeper80,410,41.5,G Cameron Young G Ben Griffin G Akshay Bhatia G Nicolai Højgaard G Taylor Pendrith G Chris Kirk,,,,,,,,,,,,,,,,,,,
2585,5201218757,tsoule20,410,41.5,G Cameron Young G J.J. Spaun G Akshay Bhatia G Michael Brennan G Max Greyserman G Chris Kirk,,,,,,,,,,,,,,,,,,,
2585,5201595471,gamballer21,410,41.5,G Cameron Young G Ben Griffin G Akshay Bhatia G Michael Thorbjornsen G Chris Kirk G Kevin Roy,,,,,,,,,,,,,,,,,,,
2585,5202305078,dhelm83,410,41.5,G Russell Henley G Hideki Matsuyama G Jake Knapp G Akshay Bhatia G Jackson Suber G Chris Kirk,,,,,,,,,,,,,,,,,,,
2585,5202362006,rlangell14,410,41.5,G Cameron Young G Akshay Bhatia G Nicolai Højgaard G Michael Thorbjornsen G Jackson Suber G Chris Kirk,,,,,,,,,,,,,,,,,,,
2585,5202729019,LoNdoNBriDGE89203,410,41.5,G Cameron Young G J.J. Spaun G Akshay Bhatia G Michael Brennan G Jackson Suber G Chris Kirk,,,,,,,,,,,,,,,,,,,
2585,5201038183,MooseKnucklesNC,409,41.5,G Cameron Young G Jake Knapp G Ryan Gerard G Jackson Suber G Ben Kohles G Emiliano Grillo,,,,,,,,,,,,,,,,,,,
2585,5202170324,JBond00777,409,41.5,G Cameron Young G Hideki Matsuyama G Rickie Fowler G Jacob Bridgeman G Ryo Hisatsune G Lucas Glover,,,,,,,,,,,,,,,,,,,
2585,5202301838,barf1983,409,41.5,G Cameron Young G Ben Griffin G Nicolai Højgaard G Rickie Fowler G Ben Kohles G Lucas Glover,,,,,,,,,,,,,,,,,,,
2585,5202431859,ejkoper,409,41.5,G Cameron Young G Jake Knapp G Ryan Gerard G Corey Conners G Rasmus Neergaard-Petersen G Emiliano Grillo,,,,,,,,,,,,,,,,,,,
2585,5202645816,ortheco,409,41.5,G Cameron Young G J.J. Spaun G Ryan Gerard G Denny McCarthy G Corey Conners G Emiliano Grillo,,,,,,,,,,,,,,,,,,,
2585,5203114005,Playmakers363,409,41.5,G Hideki Matsuyama G Ben Griffin G Jake Knapp G Ryan Gerard G Jackson Suber G Emiliano Grillo,,,,,,,,,,,,,,,,,,,
2585,5200825704,peterrr,407,41.5,G Cameron Young G Ben Griffin G J.J. Spaun G Denny McCarthy G Christiaan Bezuidenhout G Ricky Castillo,,,,,,,,,,,,,,,,,,,
2585,5202523405,randleels1,407,41.5,G Cameron Young G Xander Schauffele G Jackson Suber G Johnny Keefer G Sam Stevens G Sudarshan Yellamaraju,,,,,,,,,,,,,,,,,,,
2585,5203203103,EagleMikeFarmer,407,41.5,G Cameron Young G Hideki Matsuyama G J.J. Spaun G Ben Kohles G Christiaan Bezuidenhout G Ricky Castillo,,,,,,,,,,,,,,,,,,,
2585,5202265617,Kcross187us,405,41.5,G Chris Gotterup G Hideki Matsuyama G Ryan Gerard G Marco Penge G Rasmus Neergaard-Petersen G Benjamin James,,,,,,,,,,,,,,,,,,,
2585,5203095369,Gilmore729,405,41.5,G Chris Gotterup G Ben Griffin G Ryan Gerard G Jacob Bridgeman G Jackson Suber G Benjamin James,,,,,,,,,,,,,,,,,,,
2585,5202464654,Mybanks,404,41.5,G Wyndham Clark G Jake Knapp G Ryan Gerard G Michael Thorbjornsen G Jackson Suber G Benjamin James,,,,,,,,,,,,,,,,,,,
2585,5202995374,rmolluro,404,41.5,G Wyndham Clark G Hideki Matsuyama G Ryan Gerard G Jacob Bridgeman G Ryo Hisatsune G Benjamin James,,,,,,,,,,,,,,,,,,,
2585,5203052439,C-MONEY27,404,41.5,G Wyndham Clark G Jake Knapp G Ryan Gerard G Jackson Suber G Ben Kohles G Benjamin James,,,,,,,,,,,,,,,,,,,
2585,5201000096,jimmytroboom,402,41.5,G Si Woo Kim G Ryan Gerard G Harris English G Akshay Bhatia G Matt Wallace G Ben Kohles,,,,,,,,,,,,,,,,,,,
2585,5201195999,Tigers13,402,41.5,G Si Woo Kim G Ryan Gerard G Akshay Bhatia G Michael Thorbjornsen G Jordan Spieth G Denny McCarthy,,,,,,,,,,,,,,,,,,,
2585,5201220816,migvaq,402,41.5,G Si Woo Kim G Ryan Gerard G Akshay Bhatia G Michael Brennan G Jacob Bridgeman G Ben Kohles,,,,,,,,,,,,,,,,,,,
2585,5201865736,RicardoSuave,402,41.5,G Chris Gotterup G Jake Knapp G Ryan Gerard G Jacob Bridgeman G Davis Thompson G Jordan L. Smith,,,,,,,,,,,,,,,,,,,
2585,5202192969,mscroggs300,402,41.5,G Chris Gotterup G Jake Knapp G Ryan Gerard G Davis Thompson G Jackson Suber G Ben Kohles,,,,,,,,,,,,,,,,,,,
2585,5202300977,irbyj1214,402,41.5,G Chris Gotterup G J.J. Spaun G Ryan Gerard G Michael Brennan G Davis Thompson G Ben Kohles,,,,,,,,,,,,,,,,,,,
2585,5202397921,homErb0y,402,41.5,G Chris Gotterup G Jake Knapp G Ryan Gerard G Davis Thompson G Ryo Hisatsune G Jackson Suber,,,,,,,,,,,,,,,,,,,
2585,5202448083,DMB19,402,41.5,G Chris Gotterup G Russell Henley G Jake Knapp G Davis Thompson G Nick Taylor G Billy Horschel,,,,,,,,,,,,,,,,,,,
2585,5202545487,ptcraddock,402,41.5,G Chris Gotterup G Patrick Cantlay G Ryan Gerard G Davis Thompson G Corey Conners G Mac Meissner,,,,,,,,,,,,,,,,,,,
2585,5202712010,Rbb2321,402,41.5,G Chris Gotterup G Ben Griffin G Ryan Gerard G Davis Thompson G Jackson Suber G Ben Kohles,,,,,,,,,,,,,,,,,,,
2585,5203004981,SpaethC,402,41.5,G Chris Gotterup G Jake Knapp G Ryan Gerard G Davis Thompson G Jackson Suber G Ben Kohles,,,,,,,,,,,,,,,,,,,
2585,5200876701,budfenn63,401,41.5,G Wyndham Clark G Hideki Matsuyama G Ryan Gerard G Jacob Bridgeman G Davis Thompson G Jackson Suber,,,,,,,,,,,,,,,,,,,
2585,5201256883,Lloydo9,401,41.5,G Wyndham Clark G Jake Knapp G Ryan Gerard G Michael Thorbjornsen G Davis Thompson G Rasmus Neergaard-Petersen,,,,,,,,,,,,,,,,,,,
2585,5201664974,Cd142,401,41.5,G Wyndham Clark G Russell Henley G Ryan Gerard G Jacob Bridgeman G Davis Thompson G Ben Kohles,,,,,,,,,,,,,,,,,,,
2585,5203055136,GeneralChaos520,401,41.5,G Wyndham Clark G Jake Knapp G Ryan Gerard G Michael Thorbjornsen G Davis Thompson G Rasmus Neergaard-Petersen,,,,,,,,,,,,,,,,,,,
2585,5201304134,amaxwell5,400,41.5,G Xander Schauffele G Chris Gotterup G Akshay Bhatia G Jackson Suber G Sungjae Im G Rasmus Højgaard,,,,,,,,,,,,,,,,,,,
2585,5201632543,Groveon,400,41.5,G Si Woo Kim G Russell Henley G Nicolai Højgaard G Jacob Bridgeman G Eric Cole G Pierceson Coody,,,,,,,,,,,,,,,,,,,
2585,5202900617,HaydensHustle,400,41.5,G Chris Gotterup G Russell Henley G Jake Knapp G Davis Thompson G Johnny Keefer G Jesper Svensson,,,,,,,,,,,,,,,,,,,
2585,5200575152,aross715,399,41.5,G Chris Gotterup G Wyndham Clark G Nicolai Højgaard G Jordan Spieth G Ryo Hisatsune G Aldrich Potgieter,,,,,,,,,,,,,,,,,,,
2585,5200763291,JONESTOWNTWINS722,399,41.5,G Chris Gotterup G Wyndham Clark G Hideki Matsuyama G Max Greyserman G Ben Kohles G Aldrich Potgieter,,,,,,,,,,,,,,,,,,,
2585,5201857114,saltydoguhhshrimp,399,41.5,G Chris Gotterup G Wyndham Clark G Nicolai Højgaard G Michael Brennan G Rasmus Neergaard-Petersen G Aldrich Potgieter,,,,,,,,,,,,,,,,,,,
2585,5202690639,bhess88,399,41.5,G Xander Schauffele G Wyndham Clark G Akshay Bhatia G Jacob Bridgeman G Jackson Suber G Andrew Putnam,,,,,,,,,,,,,,,,,,,
2585,5202802670,debucman,399,41.5,G Chris Gotterup G Wyndham Clark G Hideki Matsuyama G Max Greyserman G Ben Kohles G Aldrich Potgieter,,,,,,,,,,,,,,,,,,,
2585,5203226632,ryanjagnew19761,399,41.5,G Chris Gotterup G Wyndham Clark G Jake Knapp G Jordan Spieth G Aldrich Potgieter G Billy Horschel,,,,,,,,,,,,,,,,,,,
2585,5202652112,Wineandshine247,398,41.5,G Chris Gotterup G Wyndham Clark G Ben Griffin G J.J. Spaun G William Mouw G Justin Lower,,,,,,,,,,,,,,,,,,,
2585,5200712466,no00358,397,41.5,G Chris Gotterup G Si Woo Kim G Hideki Matsuyama G Jackson Suber G Ben Kohles G Zac Blair,,,,,,,,,,,,,,,,,,,
2585,5200724718,bubbadaniels,397,41.5,G Cameron Young G Chris Gotterup G Si Woo Kim G Andrew Putnam G Patrick Rodgers G Zac Blair,,,,,,,,,,,,,,,,,,,
2585,5201367337,dukejsh1,397,41.5,G Chris Gotterup G Si Woo Kim G Jake Knapp G Jackson Suber G Ben Kohles G Zac Blair,,,,,,,,,,,,,,,,,,,
2585,5201496382,dyarbrough7,397,41.5,G Chris Gotterup G Jake Knapp G Akshay Bhatia G Ryo Hisatsune G Rasmus Neergaard-Petersen G Seamus Power,,,,,,,,,,,,,,,,,,,
2585,5201502982,mjacobs8,397,41.5,G Chris Gotterup G Si Woo Kim G Hideki Matsuyama G Rasmus Neergaard-Petersen G Ben Kohles G Zac Blair,,,,,,,,,,,,,,,,,,,
2585,5201524661,bigbadarons,397,41.5,G Chris Gotterup G Si Woo Kim G Hideki Matsuyama G Corey Conners G Ben Kohles G Zac Blair,,,,,,,,,,,,,,,,,,,
2585,5201913816,triplethreat247,397,41.5,G Chris Gotterup G Si Woo Kim G Hideki Matsuyama G Jacob Bridgeman G Brad Dalke G Zac Blair,,,,,,,,,,,,,,,,,,,
2585,5201982884,buyhomeaz,397,41.5,G Chris Gotterup G Si Woo Kim G Hideki Matsuyama G Denny McCarthy G Ben Kohles G Zac Blair,,,,,,,,,,,,,,,,,,,
2585,5202004373,mooremj2,397,41.5,G Cameron Young G Chris Gotterup G Si Woo Kim G Sungjae Im G Brad Dalke G Zac Blair,,,,,,,,,,,,,,,,,,,
2585,5202186877,Smac77,397,41.5,G Chris Gotterup G Si Woo Kim G Nicolai Højgaard G Jacob Bridgeman G Ryo Hisatsune G Zac Blair,,,,,,,,,,,,,,,,,,,
2585,5202443266,Munkracing,397,41.5,G Cameron Young G Chris Gotterup G Si Woo Kim G Lee Hodges G Hank Lebioda G Zac Blair,,,,,,,,,,,,,,,,,,,
2585,5202575542,Bornmobster89,397,41.5,G Cameron Young G Chris Gotterup G Si Woo Kim G Tom Hoge G Andrew Putnam G Zac Blair,,,,,,,,,,,,,,,,,,,
2585,5202765936,DieterVonCunnth,397,41.5,G Chris Gotterup G Si Woo Kim G Hideki Matsuyama G Jackson Suber G Ben Kohles G Zac Blair,,,,,,,,,,,,,,,,,,,
2585,5202912372,magerjeff,397,41.5,G Chris Gotterup G Si Woo Kim G Hideki Matsuyama G Denny McCarthy G Ben Kohles G Zac Blair,,,,,,,,,,,,,,,,,,,
2585,5202972510,SeanyB231,397,41.5,G Chris Gotterup G Si Woo Kim G Patrick Cantlay G Corey Conners G Jordan L. Smith G Zac Blair,,,,,,,,,,,,,,,,,,,
2585,5203057756,Egallagher221,397,41.5,G Cameron Young G Chris Gotterup G Si Woo Kim G John Parry G Brad Dalke G Zac Blair,,,,,,,,,,,,,,,,,,,
2585,5201389119,bwats11,396,41.5,G Cameron Young G Patrick Cantlay G Jake Knapp G Eric Cole G Sam Stevens G Zac Blair,,,,,,,,,,,,,,,,,,,
2585,5201820842,dicfullshellie,396,41.5,G Si Woo Kim G Wyndham Clark G Russell Henley G Denny McCarthy G Ben Kohles G Zac Blair,,,,,,,,,,,,,,,,,,,
2585,5202203658,burnzinata,396,41.5,G Si Woo Kim G Wyndham Clark G Jake Knapp G Michael Brennan G Ben Kohles G Zac Blair,,,,,,,,,,,,,,,,,,,
2585,5202635606,matt7777s,396,41.5,G Si Woo Kim G Wyndham Clark G Ben Griffin G Jacob Bridgeman G Jackson Suber G Zac Blair,,,,,,,,,,,,,,,,,,,
2585,5202701610,eman44,396,41.5,G Si Woo Kim G Wyndham Clark G Hideki Matsuyama G Jacob Bridgeman G Ben Kohles G Zac Blair,,,,,,,,,,,,,,,,,,,
2585,5203257457,nickm40,396,41.5,G Xander Schauffele G Akshay Bhatia G Nicolai Højgaard G Jacob Bridgeman G Davis Thompson G Benjamin James,,,,,,,,,,,,,,,,,,,
2585,5203260740,thuiz,392,41.5,G Xander Schauffele G Chris Gotterup G Russell Henley G Rasmus Neergaard-Petersen G Chandler Phillips G Davis Chatfield,,,,,,,,,,,,,,,,,,,
2585,5201830774,pinaabo,391,41.5,G Si Woo Kim G Hideki Matsuyama G Jake Knapp G Ryan Gerard G Nicolas Echavarria G Chandler Phillips,,,,,,,,,,,,,,,,,,,
2585,5201303651,docolade,384,41.5,G Cameron Young G Chris Gotterup G Wyndham Clark G Lucas Glover G Kevin Roy G Austin Smotherman,,,,,,,,,,,,,,,,,,,
2585,5200584899,fraz27,327,41.5,G Xander Schauffele G Wyndham Clark G Akshay Bhatia G Brooks Koepka G Jordan Spieth G Brad Dalke,,,,,,,,,,,,,,,,,,,
2657,5201957528,Mikeypo2017,418,41,G Cameron Young G Patrick Cantlay G J.J. Spaun G Corey Conners G Michael Kim G Sungjae Im,,,,,,,,,,,,,,,,,,,
2657,5202212037,timmort2,418,41,G Cameron Young G Patrick Cantlay G J.J. Spaun G Corey Conners G Michael Kim G Sungjae Im,,,,,,,,,,,,,,,,,,,
2657,5202518524,edantoft,418,41,G Cameron Young G Patrick Cantlay G J.J. Spaun G Mac Meissner G Jordan L. Smith G Michael Kim,,,,,,,,,,,,,,,,,,,
2657,5202603486,tcordw1,418,41,G Cameron Young G Patrick Cantlay G J.J. Spaun G Corey Conners G Michael Kim G Sungjae Im,,,,,,,,,,,,,,,,,,,
2657,5202638254,tonerman40,418,41,G Cameron Young G Patrick Cantlay G J.J. Spaun G Corey Conners G Michael Kim G Sungjae Im,,,,,,,,,,,,,,,,,,,
2657,5202753719,heffleyr,418,41,G Cameron Young G Patrick Cantlay G J.J. Spaun G Corey Conners G Michael Kim G Sungjae Im,,,,,,,,,,,,,,,,,,,
2657,5202971609,BowmanB,418,41,G Cameron Young G Ben Griffin G Michael Brennan G Jordan Spieth G Ryo Hisatsune G Michael Kim,,,,,,,,,,,,,,,,,,,
2657,5203097309,crclngthdrn,418,41,G Cameron Young G Patrick Cantlay G J.J. Spaun G Corey Conners G Michael Kim G Sungjae Im,,,,,,,,,,,,,,,,,,,
2657,5203100973,evospeed,418,41,G Cameron Young G Patrick Cantlay G J.J. Spaun G Corey Conners G Michael Kim G Sungjae Im,,,,,,,,,,,,,,,,,,,
2657,5203238022,jwurm7,418,41,G Cameron Young G Patrick Cantlay G Nicolai Højgaard G Corey Conners G Max Greyserman G Michael Kim,,,,,,,,,,,,,,,,,,,
2657,5201815757,Dpain125,415,41,G Cameron Young G Patrick Cantlay G Michael Thorbjornsen G Jackson Suber G Johnny Keefer G Kevin Yu,,,,,,,,,,,,,,,,,,,
2657,5200743647,Pittsburghese,410,41,G Cameron Young G Russell Henley G Hideki Matsuyama G Nick Taylor G Ricky Castillo G John Parry,,,,,,,,,,,,,,,,,,,
2657,5201121763,ohbonnie2279,410,41,G Cameron Young G Ryan Gerard G Ryo Hisatsune G Rasmus Neergaard-Petersen G Ricky Castillo G John Parry,,,,,,,,,,,,,,,,,,,
2657,5201420122,nwade40,410,41,G Hideki Matsuyama G Jake Knapp G Ryan Gerard G Nicolai Højgaard G Michael Thorbjornsen G Ricky Castillo,,,,,,,,,,,,,,,,,,,
2657,5202239996,MarcusEgan,410,41,G Jake Knapp G J.J. Spaun G Ryan Gerard G Nicolai Højgaard G Ben Kohles G Ricky Castillo,,,,,,,,,,,,,,,,,,,
2657,5202786671,skolla,410,41,G Cameron Young G Hideki Matsuyama G Ryan Gerard G Ryo Hisatsune G Sudarshan Yellamaraju G Ricky Castillo,,,,,,,,,,,,,,,,,,,
2657,5200559421,cangood1,408,41,G Cameron Young G Jackson Koivun G Michael Brennan G Johnny Keefer G Ben Kohles G Benjamin James,,,,,,,,,,,,,,,,,,,
2657,5200581838,Cam_S30,408,41,G Cameron Young G Jackson Koivun G Michael Brennan G Jackson Suber G Johnny Keefer G Benjamin James,,,,,,,,,,,,,,,,,,,
2657,5200658925,Kmilk2,408,41,G Jackson Koivun G Ben Griffin G Jake Knapp G Michael Thorbjornsen G Johnny Keefer G Benjamin James,,,,,,,,,,,,,,,,,,,
2657,5200631313,lonestarmatt,403,41,G Cameron Young G Chris Gotterup G Jackson Koivun G Michael Brennan G Brad Dalke G Ryan Ruffels,,,,,,,,,,,,,,,,,,,
2657,5200685506,Shanecoyle23,403,41,G Cameron Young G Si Woo Kim G Hideki Matsuyama G Ryo Hisatsune G Benjamin James G Patton Kizzire,,,,,,,,,,,,,,,,,,,
2657,5200723066,bissell90,403,41,G Si Woo Kim G Russell Henley G Ben Griffin G Jacob Bridgeman G Emiliano Grillo G Jesper Svensson,,,,,,,,,,,,,,,,,,,
2657,5201029477,qflash,403,41,G Chris Gotterup G Jackson Koivun G Ben Griffin G Jackson Suber G Ben Kohles G Davis Chatfield,,,,,,,,,,,,,,,,,,,
2657,5201056797,BabaGanoush,403,41,G Si Woo Kim G Wyndham Clark G Jake Knapp G Nicolai Højgaard G Ben Kohles G Hao-Tong Li,,,,,,,,,,,,,,,,,,,
2657,5201712183,theecp15,403,41,G Cameron Young G Chris Gotterup G Jackson Koivun G Jacob Bridgeman G Brad Dalke G Ryan Ruffels,,,,,,,,,,,,,,,,,,,
2657,5203259292,Jaybeve,403,41,G Cameron Young G Chris Gotterup G Jackson Koivun G Zachary Bauchou G Brad Dalke G Ryan Ruffels,,,,,,,,,,,,,,,,,,,
2657,5202821455,jsw3ent,401,41,G Cameron Young G Xander Schauffele G Chris Gotterup G Tom Hoge G Kevin Streelman G Webb Simpson,,,,,,,,,,,,,,,,,,,
2657,5200568399,sab4687,400,41,G Xander Schauffele G Wyndham Clark G Harris English G Nicolai Højgaard G Taylor Pendrith G Karl Vilips,,,,,,,,,,,,,,,,,,,
2657,5202617684,billi2772,400,41,G Cameron Young G Ryan Gerard G Harris English G Davis Thompson G Ben Kohles G Christiaan Bezuidenhout,,,,,,,,,,,,,,,,,,,
2657,5202826919,KsFontenot,399,41,G Cameron Young G Russell Henley G Jake Knapp G Pierceson Coody G Emiliano Grillo G Lucas Glover,,,,,,,,,,,,,,,,,,,
2657,5200606658,Terry4golf,398,41,G Xander Schauffele G Hideki Matsuyama G Akshay Bhatia G Ryo Hisatsune G Jackson Suber G Christiaan Bezuidenhout,,,,,,,,,,,,,,,,,,,
2657,5201305040,koa21,398,41,G Cameron Young G Jackson Koivun G Ryan Gerard G Matt Wallace G Ben Kohles G Chandler Phillips,,,,,,,,,,,,,,,,,,,
2657,5201463328,Yahtzee,398,41,G Cameron Young G Chris Gotterup G Jackson Suber G Rasmus Neergaard-Petersen G Aldrich Potgieter G Christiaan Bezuidenhout,,,,,,,,,,,,,,,,,,,
2657,5201468532,markandrewbray,398,41,G Jackson Koivun G Hideki Matsuyama G Jake Knapp G Ryan Gerard G Ben Kohles G Chandler Phillips,,,,,,,,,,,,,,,,,,,
2657,5202192909,jayroy1997,398,41,G Jackson Koivun G Ben Griffin G Jake Knapp G Ryan Gerard G Jackson Suber G Chandler Phillips,,,,,,,,,,,,,,,,,,,
2657,5202321108,Warpaint2152,398,41,G Chris Gotterup G Jake Knapp G Michael Thorbjornsen G Michael Brennan G Davis Thompson G Eric Cole,,,,,,,,,,,,,,,,,,,
2657,5202909446,myordy,398,41,G Si Woo Kim G Hideki Matsuyama G Akshay Bhatia G Michael Brennan G Eric Cole G Denny McCarthy,,,,,,,,,,,,,,,,,,,
2657,5203212694,BRIDAUG,398,41,G Cameron Young G Jackson Koivun G Ryan Gerard G Rasmus Neergaard-Petersen G Ben Kohles G Chandler Phillips,,,,,,,,,,,,,,,,,,,
2657,5201483046,jimlebz,397,41,G Xander Schauffele G J.J. Spaun G Ryan Gerard G Jackson Suber G Corey Conners G Seamus Power,,,,,,,,,,,,,,,,,,,
2657,5201980786,mewsikboy,397,41,G Wyndham Clark G Jake Knapp G J.J. Spaun G Michael Brennan G Davis Thompson G Eric Cole,,,,,,,,,,,,,,,,,,,
2657,5202388739,dmcbrickster,397,41,G Xander Schauffele G Russell Henley G J.J. Spaun G Ryan Gerard G Seamus Power G Rafael Campos,,,,,,,,,,,,,,,,,,,
2657,5202197924,jroc53714,395,41,G Cameron Young G Si Woo Kim G Jacob Bridgeman G Ben Kohles G Christiaan Bezuidenhout G Zac Blair,,,,,,,,,,,,,,,,,,,
2657,5203221179,jah43i,395,41,G Cameron Young G Si Woo Kim G Jacob Bridgeman G Ryo Hisatsune G Christiaan Bezuidenhout G Zac Blair,,,,,,,,,,,,,,,,,,,
2657,5202584288,hoopscout58,393,41,G Xander Schauffele G Si Woo Kim G Jake Knapp G Ben Kohles G Benjamin James G Chandler Phillips,,,,,,,,,,,,,,,,,,,
2657,5202539300,bieges67,389,41,G Chris Gotterup G Si Woo Kim G Harris English G Marco Penge G Aldrich Potgieter G Lucas Glover,,,,,,,,,,,,,,,,,,,
2657,5202232923,pack_horse,388,41,G Cameron Young G Chris Gotterup G Akshay Bhatia G Ben Kohles G Aldrich Potgieter G Austin Smotherman,,,,,,,,,,,,,,,,,,,
2657,5200957355,cooper8,326,41,G Si Woo Kim G Jake Knapp G Akshay Bhatia G Brooks Koepka G Eric Cole G Jackson Suber,,,,,,,,,,,,,,,,,,,
2704,5203057473,frecgolf,414,40.5,G Cameron Young G Jake Knapp G J.J. Spaun G Johnny Keefer G Max Greyserman G Tony Finau,,,,,,,,,,,,,,,,,,,
2704,5200788564,SmokingSquash,411,40.5,G Cameron Young G Si Woo Kim G Denny McCarthy G Rasmus Neergaard-Petersen G Ben Kohles G Kevin Yu,,,,,,,,,,,,,,,,,,,
2704,5201617421,jmanz04,411,40.5,G Si Woo Kim G Hideki Matsuyama G Jake Knapp G Jacob Bridgeman G Jordan L. Smith G Kevin Yu,,,,,,,,,,,,,,,,,,,
2704,5202968166,Ftanncville,411,40.5,G Cameron Young G Si Woo Kim G Jacob Bridgeman G Ryo Hisatsune G Kevin Yu G Kevin Roy,,,,,,,,,,,,,,,,,,,
2704,5201606110,JLEWFifty,406,40.5,G Cameron Young G Russell Henley G Jake Knapp G Eric Cole G Ricky Castillo G Andrew Putnam,,,,,,,,,,,,,,,,,,,
2704,5200761098,rustyunicorn,404,40.5,G Si Woo Kim G Hideki Matsuyama G Akshay Bhatia G Jacob Bridgeman G Ryo Hisatsune G Doug Ghim,,,,,,,,,,,,,,,,,,,
2704,5201178870,skinnywhitepimpp,404,40.5,G Cameron Young G Akshay Bhatia G Nicolai Højgaard G Michael Thorbjornsen G Pierceson Coody G Nick Taylor,,,,,,,,,,,,,,,,,,,
2704,5201867232,bredd11,404,40.5,G Cameron Young G Si Woo Kim G Jackson Koivun G Benjamin James G Matthew McCarty G William Jennings,,,,,,,,,,,,,,,,,,,
2704,5202369659,pauko,404,40.5,G Cameron Young G Chris Gotterup G Davis Thompson G Jackson Suber G Sam Stevens G Sudarshan Yellamaraju,,,,,,,,,,,,,,,,,,,
2704,5202381690,craps2fun,404,40.5,G Chris Gotterup G Russell Henley G Nicolai Højgaard G Davis Thompson G Doug Ghim G Rasmus Neergaard-Petersen,,,,,,,,,,,,,,,,,,,
2704,5202398500,mhoward2131,404,40.5,G Chris Gotterup G Russell Henley G Nicolai Højgaard G Davis Thompson G Doug Ghim G Ben Kohles,,,,,,,,,,,,,,,,,,,
2704,5202687756,Langleyswim,404,40.5,G Si Woo Kim G Jackson Koivun G Nicolai Højgaard G Michael Brennan G Jackson Suber G Benjamin James,,,,,,,,,,,,,,,,,,,
2704,5202070456,mrxkronz,403,40.5,G Wyndham Clark G Russell Henley G Jake Knapp G Davis Thompson G Jackson Suber G Doug Ghim,,,,,,,,,,,,,,,,,,,
2704,5202329358,triplejg,402,40.5,G Chris Gotterup G Akshay Bhatia G Nicolai Højgaard G Michael Thorbjornsen G Patrick Rodgers G Kevin Streelman,,,,,,,,,,,,,,,,,,,
2704,5200578739,CamLToenewton,401,40.5,G Si Woo Kim G Jackson Koivun G Jake Knapp G Davis Thompson G Ryo Hisatsune G Kevin Roy,,,,,,,,,,,,,,,,,,,
2704,5200741096,umjaker,401,40.5,G Cameron Young G Chris Gotterup G Ryan Gerard G Max Greyserman G Aldrich Potgieter G Hank Lebioda,,,,,,,,,,,,,,,,,,,
2704,5200931832,Muttface,401,40.5,G Xander Schauffele G Hideki Matsuyama G Akshay Bhatia G Jordan Spieth G Corey Conners G Nick Taylor,,,,,,,,,,,,,,,,,,,
2704,5201086255,buffyslayers,401,40.5,G Chris Gotterup G Ben Griffin G Ryan Gerard G Michael Brennan G Rasmus Neergaard-Petersen G Aldrich Potgieter,,,,,,,,,,,,,,,,,,,
2704,5201572725,Clkess,401,40.5,G Xander Schauffele G Ryan Gerard G Akshay Bhatia G Michael Thorbjornsen G Ben Kohles G Jordan L. Smith,,,,,,,,,,,,,,,,,,,
2704,5201651308,packetb0y,401,40.5,G Si Woo Kim G Jackson Koivun G Michael Thorbjornsen G Davis Thompson G Denny McCarthy G Corey Conners,,,,,,,,,,,,,,,,,,,
2704,5201662679,Dinner-Roll,401,40.5,G Chris Gotterup G Jake Knapp G Ryan Gerard G Michael Thorbjornsen G Max Greyserman G Aldrich Potgieter,,,,,,,,,,,,,,,,,,,
2704,5202003731,wop.genius,401,40.5,G Xander Schauffele G Jake Knapp G Ryan Gerard G Akshay Bhatia G Chad Ramey G Joe Highsmith,,,,,,,,,,,,,,,,,,,
2704,5202098456,tinderella,401,40.5,G Xander Schauffele G Ryan Gerard G Akshay Bhatia G Michael Brennan G Jacob Bridgeman G Taylor Pendrith,,,,,,,,,,,,,,,,,,,
2704,5202262018,allister624,401,40.5,G Chris Gotterup G Hideki Matsuyama G Ryan Gerard G Ryo Hisatsune G Aldrich Potgieter G Jordan L. Smith,,,,,,,,,,,,,,,,,,,
2704,5202406268,GreenTailShiner,401,40.5,G Si Woo Kim G Jackson Koivun G Patrick Cantlay G Davis Thompson G Jordan L. Smith G Sungjae Im,,,,,,,,,,,,,,,,,,,
2704,5202495769,lrafdal,401,40.5,G Si Woo Kim G Jackson Koivun G Jacob Bridgeman G Davis Thompson G Jackson Suber G Max Greyserman,,,,,,,,,,,,,,,,,,,
2704,5203095376,IrishFury11,401,40.5,G Cameron Young G Jackson Koivun G Jake Knapp G Ben Kohles G Christiaan Bezuidenhout G Davis Chatfield,,,,,,,,,,,,,,,,,,,
2704,5201488342,MisterGus17,400,40.5,G Chris Gotterup G Hideki Matsuyama G Jake Knapp G Ryan Gerard G Sungjae Im G William Mouw,,,,,,,,,,,,,,,,,,,
2704,5201682570,maxxscam,400,40.5,G Wyndham Clark G Hideki Matsuyama G Ryan Gerard G Michael Brennan G Marco Penge G Aldrich Potgieter,,,,,,,,,,,,,,,,,,,
2704,5203201338,Bigkeydet70,400,40.5,G Wyndham Clark G Jake Knapp G J.J. Spaun G Ryan Gerard G Aldrich Potgieter G Sungjae Im,,,,,,,,,,,,,,,,,,,
2704,5200667062,ttollette15,399,40.5,G Wyndham Clark G Ben Griffin G Jake Knapp G Ryan Gerard G Jackson Suber G William Mouw,,,,,,,,,,,,,,,,,,,
2704,5201122599,MadMax125,399,40.5,G Cameron Young G Wyndham Clark G Ryan Gerard G Jacob Bridgeman G Zachary Bauchou G William Mouw,,,,,,,,,,,,,,,,,,,
2704,5202074309,KenkDallyd,399,40.5,G Cameron Young G Wyndham Clark G Hideki Matsuyama G Jordan L. Smith G Nick Taylor G William Mouw,,,,,,,,,,,,,,,,,,,
2704,5203191727,BiigMoneyTK,399,40.5,G Wyndham Clark G Russell Henley G Jake Knapp G Ryan Gerard G Ben Kohles G William Mouw,,,,,,,,,,,,,,,,,,,
2704,5201368266,J-Law87,398,40.5,G Si Woo Kim G Hideki Matsuyama G Ryan Gerard G Jacob Bridgeman G Ryo Hisatsune G Zac Blair,,,,,,,,,,,,,,,,,,,
2704,5201374535,JJdabomb491,398,40.5,G Si Woo Kim G Hideki Matsuyama G Ryan Gerard G Jacob Bridgeman G Ryo Hisatsune G Zac Blair,,,,,,,,,,,,,,,,,,,
2704,5201797372,lemke086,398,40.5,G Cameron Young G Hideki Matsuyama G Jake Knapp G Davis Thompson G Emiliano Grillo G Chandler Phillips,,,,,,,,,,,,,,,,,,,
2704,5202531675,jstigges,398,40.5,G Si Woo Kim G Russell Henley G Jake Knapp G Ryan Gerard G John Parry G Zac Blair,,,,,,,,,,,,,,,,,,,
2704,5202563728,Number1Spidey,398,40.5,G Cameron Young G Si Woo Kim G Ryan Gerard G Corey Conners G John Parry G Zac Blair,,,,,,,,,,,,,,,,,,,
2704,5202919688,Twinrun72,398,40.5,G Si Woo Kim G Russell Henley G Ryan Gerard G Jacob Bridgeman G Ryo Hisatsune G Zac Blair,,,,,,,,,,,,,,,,,,,
2704,5203004721,58JC,398,40.5,G Cameron Young G Jackson Koivun G Hideki Matsuyama G Marco Penge G Vince Whaley G Zac Blair,,,,,,,,,,,,,,,,,,,
2704,5201578222,gm7680,397,40.5,G Chris Gotterup G Wyndham Clark G Jake Knapp G Jackson Suber G Ben Kohles G Chandler Phillips,,,,,,,,,,,,,,,,,,,
2704,5201844226,Lesia1990,397,40.5,G Chris Gotterup G Wyndham Clark G J.J. Spaun G Jacob Bridgeman G Ben Kohles G Chandler Phillips,,,,,,,,,,,,,,,,,,,
2704,5201917796,DoinWork,397,40.5,G Chris Gotterup G Wyndham Clark G Jake Knapp G Michael Brennan G Rasmus Neergaard-Petersen G Chandler Phillips,,,,,,,,,,,,,,,,,,,
2704,5201962869,APAllDayDK,397,40.5,G Cameron Young G Wyndham Clark G Jake Knapp G Aldrich Potgieter G Benjamin James G Pontus Nyholm,,,,,,,,,,,,,,,,,,,
2704,5202216221,billlafontaine,397,40.5,G Chris Gotterup G Wyndham Clark G Jake Knapp G Jackson Suber G Ben Kohles G Chandler Phillips,,,,,,,,,,,,,,,,,,,
2704,5202737127,royx0080,397,40.5,G Chris Gotterup G Wyndham Clark G Russell Henley G Corey Conners G Ben Kohles G Chandler Phillips,,,,,,,,,,,,,,,,,,,
2704,5203087580,srr50,397,40.5,G Chris Gotterup G Wyndham Clark G Jake Knapp G Jacob Bridgeman G Ben Kohles G Chandler Phillips,,,,,,,,,,,,,,,,,,,
2704,5201754838,Skeeter0732,396,40.5,G Xander Schauffele G Chris Gotterup G Jacob Bridgeman G Ryo Hisatsune G Jackson Suber G Zac Blair,,,,,,,,,,,,,,,,,,,
2704,5203134211,criggs,396,40.5,G Xander Schauffele G Chris Gotterup G Nicolai Højgaard G Michael Brennan G Rasmus Højgaard G Zac Blair,,,,,,,,,,,,,,,,,,,
2704,5201070918,DMemz,395,40.5,G Xander Schauffele G Wyndham Clark G Ben Griffin G Corey Conners G Ben Kohles G Zac Blair,,,,,,,,,,,,,,,,,,,
2704,5203090369,smitbones420,395,40.5,G Xander Schauffele G Wyndham Clark G J.J. Spaun G Ryo Hisatsune G Rasmus Neergaard-Petersen G Zac Blair,,,,,,,,,,,,,,,,,,,
2704,5201478759,smokindavis,393,40.5,G Xander Schauffele G Jake Knapp G Harris English G Eric Cole G Seamus Power G Andrew Putnam,,,,,,,,,,,,,,,,,,,
2704,5203016404,Terry301,392,40.5,G Xander Schauffele G Harris English G Akshay Bhatia G Davis Thompson G Ryo Hisatsune G Aldrich Potgieter,,,,,,,,,,,,,,,,,,,
2758,5202860196,bowens1984,415,40,G Cameron Young G Ben Griffin G Jake Knapp G Michael Thorbjornsen G Aldrich Potgieter G Gordon Sargent,,,,,,,,,,,,,,,,,,,
2758,5200804487,Toddhouse,410,40,G Cameron Young G Chris Gotterup G Hideki Matsuyama G Max Greyserman G Taylor Pendrith G Matt Kuchar,,,,,,,,,,,,,,,,,,,
2758,5202607190,DingersForDaddy16,405,40,G Xander Schauffele G Si Woo Kim G Michael Brennan G Jackson Suber G Johnny Keefer G Sudarshan Yellamaraju,,,,,,,,,,,,,,,,,,,
2758,5202758100,jmeiss25,404,40,G Cameron Young G Jackson Koivun G Patrick Cantlay G Ryan Gerard G Brad Dalke G Ryan Ruffels,,,,,,,,,,,,,,,,,,,
2758,5202504474,rz1001,402,40,G Si Woo Kim G Patrick Cantlay G Jake Knapp G Jackson Suber G Johnny Keefer G Seamus Power,,,,,,,,,,,,,,,,,,,
2758,5202217904,hubes6,401,40,G Jackson Koivun G Hideki Matsuyama G Jake Knapp G Ryan Gerard G Ben Kohles G Nicolas Echavarria,,,,,,,,,,,,,,,,,,,
2758,5202835926,thescamshow,401,40,G Jackson Koivun G Ben Griffin G Jake Knapp G Ryan Gerard G Ben Kohles G Nicolas Echavarria,,,,,,,,,,,,,,,,,,,
2758,5200950636,iwinn33,400,40,G Cameron Young G Jake Knapp G Akshay Bhatia G Eric Cole G Pierceson Coody G Ben Kohles,,,,,,,,,,,,,,,,,,,
2758,5202455073,letsgoeagles518,399,40,G Cameron Young G Ryan Gerard G Michael Brennan G Davis Thompson G Eric Cole G Jackson Suber,,,,,,,,,,,,,,,,,,,
2758,5200955338,LopesSWAGS,397,40,G Chris Gotterup G Patrick Cantlay G Akshay Bhatia G Michael Thorbjornsen G Jackson Suber G Zac Blair,,,,,,,,,,,,,,,,,,,
2758,5201212989,Dantheman2821,397,40,G Xander Schauffele G Hideki Matsuyama G Akshay Bhatia G Eric Cole G Denny McCarthy G Ben Kohles,,,,,,,,,,,,,,,,,,,
2758,5202401569,duckshank,397,40,G Chris Gotterup G Russell Henley G Akshay Bhatia G Michael Thorbjornsen G Jackson Suber G Zac Blair,,,,,,,,,,,,,,,,,,,
2758,5201070169,planetJ,396,40,G Wyndham Clark G Russell Henley G J.J. Spaun G Akshay Bhatia G Ben Kohles G Zac Blair,,,,,,,,,,,,,,,,,,,
2758,5200730040,jdfinn1980,395,40,G Jackson Koivun G Wyndham Clark G Hideki Matsuyama G Jake Knapp G Lee Hodges G Austin Smotherman,,,,,,,,,,,,,,,,,,,
2772,5202598770,sbpietsch,413,39.5,G Cameron Young G Nicolai Højgaard G Jacob Bridgeman G Johnny Keefer G Ben Kohles G Emiliano Grillo,,,,,,,,,,,,,,,,,,,
2772,5203014212,brandon823,410,39.5,G Cameron Young G Xander Schauffele G Ryo Hisatsune G Matt Wallace G Kevin Yu G Kevin Roy,,,,,,,,,,,,,,,,,,,
2772,5202985643,seeitsaveit13,409,39.5,G Cameron Young G Chris Gotterup G Jackson Suber G Johnny Keefer G Ben Kohles G Benjamin James,,,,,,,,,,,,,,,,,,,
2772,5203062334,southieirishmen,409,39.5,G Chris Gotterup G Jake Knapp G Johnny Keefer G Ben Kohles G Benjamin James G Jordan L. Smith,,,,,,,,,,,,,,,,,,,
2772,5202917944,rizzogizmo,408,39.5,G Wyndham Clark G Russell Henley G Jake Knapp G Jacob Bridgeman G Johnny Keefer G Benjamin James,,,,,,,,,,,,,,,,,,,
2772,5200660451,BGerbs,406,39.5,G Chris Gotterup G Jake Knapp G Michael Thorbjornsen G Marco Penge G Davis Thompson G Johnny Keefer,,,,,,,,,,,,,,,,,,,
2772,5200850798,NHBEAR,406,39.5,G Chris Gotterup G Russell Henley G Michael Thorbjornsen G Davis Thompson G Jackson Suber G Johnny Keefer,,,,,,,,,,,,,,,,,,,
2772,5201263660,forcoachtim,406,39.5,G Si Woo Kim G Russell Henley G Akshay Bhatia G Jacob Bridgeman G Johnny Keefer G Sudarshan Yellamaraju,,,,,,,,,,,,,,,,,,,
2772,5201844995,mcarter628,406,39.5,G Chris Gotterup G Jake Knapp G J.J. Spaun G Davis Thompson G Johnny Keefer G Ben Kohles,,,,,,,,,,,,,,,,,,,
2772,5202039506,Gore49er,406,39.5,G Cameron Young G Chris Gotterup G Davis Thompson G Jackson Suber G Johnny Keefer G Sungjae Im,,,,,,,,,,,,,,,,,,,
2772,5202245917,fulltime08,406,39.5,G Cameron Young G Si Woo Kim G Akshay Bhatia G Johnny Keefer G Sudarshan Yellamaraju G Billy Horschel,,,,,,,,,,,,,,,,,,,
2772,5202290506,Jkozik13,406,39.5,G Chris Gotterup G Jake Knapp G J.J. Spaun G Davis Thompson G Johnny Keefer G Max Greyserman,,,,,,,,,,,,,,,,,,,
2772,5202339998,Blueman028,406,39.5,G Si Woo Kim G Jake Knapp G Akshay Bhatia G Michael Thorbjornsen G Jackson Suber G Johnny Keefer,,,,,,,,,,,,,,,,,,,
2772,5202861638,tneal11,406,39.5,G Chris Gotterup G Jake Knapp G Michael Thorbjornsen G Michael Brennan G Davis Thompson G Johnny Keefer,,,,,,,,,,,,,,,,,,,
2772,5203021736,willy1wilson,406,39.5,G Chris Gotterup G Patrick Cantlay G J.J. Spaun G Davis Thompson G Johnny Keefer G Max Greyserman,,,,,,,,,,,,,,,,,,,
2772,5203122668,chorizos,406,39.5,G Chris Gotterup G Hideki Matsuyama G Jake Knapp G Davis Thompson G Johnny Keefer G Max Greyserman,,,,,,,,,,,,,,,,,,,
2772,5201136343,zg22,405,39.5,G Wyndham Clark G Russell Henley G Jake Knapp G Davis Thompson G Johnny Keefer G Max Greyserman,,,,,,,,,,,,,,,,,,,
2772,5202854432,kingof47,405,39.5,G Wyndham Clark G Patrick Cantlay G Jake Knapp G Davis Thompson G Johnny Keefer G Billy Horschel,,,,,,,,,,,,,,,,,,,
2772,5203082250,jschaefer88,405,39.5,G Wyndham Clark G Patrick Cantlay G Ben Griffin G Davis Thompson G Ryo Hisatsune G Johnny Keefer,,,,,,,,,,,,,,,,,,,
2772,5201958403,lastairbender,402,39.5,G Wyndham Clark G Hideki Matsuyama G Jake Knapp G Nicolai Højgaard G Aldrich Potgieter G Sam Stevens,,,,,,,,,,,,,,,,,,,
2772,5201827380,walleye2030,400,39.5,G Chris Gotterup G Wyndham Clark G Hideki Matsuyama G Corey Conners G Ben Kohles G Nicolas Echavarria,,,,,,,,,,,,,,,,,,,
2772,5202412702,RebAU83,400,39.5,G Si Woo Kim G Jackson Koivun G J.J. Spaun G Jordan Spieth G Aldrich Potgieter G Billy Horschel,,,,,,,,,,,,,,,,,,,
2772,5202905108,bitterpdb,400,39.5,G Cameron Young G Hideki Matsuyama G Ryan Gerard G Ryo Hisatsune G Pierceson Coody G Zac Blair,,,,,,,,,,,,,,,,,,,
2772,5203120447,erichn333,400,39.5,G Chris Gotterup G Wyndham Clark G Patrick Cantlay G Jacob Bridgeman G Billy Horschel G Nicolas Echavarria,,,,,,,,,,,,,,,,,,,
2772,5200682465,monkeypaws1,399,39.5,G Chris Gotterup G J.J. Spaun G Ryan Gerard G Jacob Bridgeman G Ben Kohles G Chandler Phillips,,,,,,,,,,,,,,,,,,,
2772,5200802798,rjpepe24,399,39.5,G Chris Gotterup G Hideki Matsuyama G Ryan Gerard G Michael Brennan G Marco Penge G Chandler Phillips,,,,,,,,,,,,,,,,,,,
2772,5200942995,wlw67,399,39.5,G Chris Gotterup G Jake Knapp G Ryan Gerard G Michael Thorbjornsen G Marco Penge G Chandler Phillips,,,,,,,,,,,,,,,,,,,
2772,5201152939,rscreech,399,39.5,G Chris Gotterup G Jake Knapp G Ryan Gerard G Michael Thorbjornsen G Ben Kohles G Chandler Phillips,,,,,,,,,,,,,,,,,,,
2772,5201253491,lammers30,399,39.5,G Chris Gotterup G Jake Knapp G J.J. Spaun G Ryan Gerard G Ben Kohles G Chandler Phillips,,,,,,,,,,,,,,,,,,,
2772,5201279955,Tarheels3,399,39.5,G Chris Gotterup G Jake Knapp G J.J. Spaun G Ryan Gerard G Ben Kohles G Chandler Phillips,,,,,,,,,,,,,,,,,,,
2772,5201379984,Terpdad,399,39.5,G Chris Gotterup G Jake Knapp G Ryan Gerard G Michael Thorbjornsen G Ben Kohles G Chandler Phillips,,,,,,,,,,,,,,,,,,,
2772,5202368975,coldcut1984,399,39.5,G Chris Gotterup G Jake Knapp G J.J. Spaun G Ryan Gerard G Ben Kohles G Chandler Phillips,,,,,,,,,,,,,,,,,,,
2772,5203124461,krusty1968,399,39.5,G Cameron Young G Chris Gotterup G Ryan Gerard G Jackson Suber G Chandler Phillips G Cameron Davis,,,,,,,,,,,,,,,,,,,
2772,5203145334,pbrown24,399,39.5,G Cameron Young G Chris Gotterup G Ryan Gerard G Ben Kohles G Taylor Pendrith G Chandler Phillips,,,,,,,,,,,,,,,,,,,
2772,5203257824,playerpropsavant,399,39.5,G Chris Gotterup G Jake Knapp G J.J. Spaun G Ryan Gerard G Ben Kohles G Chandler Phillips,,,,,,,,,,,,,,,,,,,
2772,5200678031,TimmyGah,398,39.5,G Wyndham Clark G Ben Griffin G Jake Knapp G Ryan Gerard G Jackson Suber G Chandler Phillips,,,,,,,,,,,,,,,,,,,
2772,5201299668,mehringb2,398,39.5,G Wyndham Clark G Russell Henley G Jake Knapp G Ryan Gerard G Ben Kohles G Chandler Phillips,,,,,,,,,,,,,,,,,,,
2772,5201500047,jfragodt,398,39.5,G Wyndham Clark G Ben Griffin G Jake Knapp G Ryan Gerard G Jackson Suber G Chandler Phillips,,,,,,,,,,,,,,,,,,,
2772,5201512502,starlord21,398,39.5,G Wyndham Clark G Hideki Matsuyama G Jake Knapp G Ryan Gerard G Ben Kohles G Chandler Phillips,,,,,,,,,,,,,,,,,,,
2772,5203157123,Byrdie69,398,39.5,G Cameron Young G Wyndham Clark G Ryan Gerard G Jackson Suber G Ben Kohles G Chandler Phillips,,,,,,,,,,,,,,,,,,,
2772,5203162997,yennikwerdna,391,39.5,G Xander Schauffele G Jackson Koivun G Jake Knapp G Michael Brennan G Lucas Glover G Davis Chatfield,,,,,,,,,,,,,,,,,,,
2772,5201355275,ltbevo,330,39.5,G Chris Gotterup G Russell Henley G Hideki Matsuyama G Brooks Koepka G Sam Stevens G William Mouw,,,,,,,,,,,,,,,,,,,
2814,5200609184,JT2724,412,39,G Cameron Young G Russell Henley G Patrick Cantlay G Christiaan Bezuidenhout G Patrick Fishburn G Cameron Davis,,,,,,,,,,,,,,,,,,,
2814,5202680291,mnelizondo,411,39,G Cameron Young G Ben Griffin G Akshay Bhatia G Jackson Suber G Max Greyserman G Kevin Yu,,,,,,,,,,,,,,,,,,,
2814,5202927398,ZombieAut0pilot,411,39,G Cameron Young G Jake Knapp G Akshay Bhatia G Jackson Suber G Ben Kohles G Kevin Yu,,,,,,,,,,,,,,,,,,,
2814,5200677628,GoLow4Dough,409,39,G Si Woo Kim G Russell Henley G Patrick Cantlay G Jacob Bridgeman G Emiliano Grillo G Steven Fisk,,,,,,,,,,,,,,,,,,,
2814,5201235388,0326scroops,409,39,G Cameron Young G Si Woo Kim G Jacob Bridgeman G Ryo Hisatsune G Emiliano Grillo G Billy Horschel,,,,,,,,,,,,,,,,,,,
2814,5201415990,scotty1970,409,39,G Cameron Young G Xander Schauffele G Jordan Spieth G Corey Conners G Tony Finau G Steven Fisk,,,,,,,,,,,,,,,,,,,
2814,5201925649,ahwickerha,409,39,G Si Woo Kim G Patrick Cantlay G Hideki Matsuyama G Jackson Suber G Ben Kohles G Emiliano Grillo,,,,,,,,,,,,,,,,,,,
2814,5202245148,BrianKanne,409,39,G Cameron Young G Si Woo Kim G Michael Brennan G Jackson Suber G Jordan L. Smith G Emiliano Grillo,,,,,,,,,,,,,,,,,,,
2814,5202479461,Foxsean16,409,39,G Si Woo Kim G Russell Henley G Hideki Matsuyama G Ryo Hisatsune G Rasmus Neergaard-Petersen G Emiliano Grillo,,,,,,,,,,,,,,,,,,,
2814,5202527104,pdamone,409,39,G Xander Schauffele G Patrick Cantlay G Hideki Matsuyama G Corey Conners G Tony Finau G Sungjae Im,,,,,,,,,,,,,,,,,,,
2814,5202742967,fpdinc1,409,39,G Si Woo Kim G Russell Henley G Hideki Matsuyama G Corey Conners G Emiliano Grillo G Steven Fisk,,,,,,,,,,,,,,,,,,,
2814,5202844772,coachp17,409,39,G Cameron Young G Si Woo Kim G Nicolai Højgaard G Ben Kohles G Emiliano Grillo G Rasmus Højgaard,,,,,,,,,,,,,,,,,,,
2814,5203034673,khurst1233,409,39,G Cameron Young G Si Woo Kim G Jordan Spieth G Ryo Hisatsune G Ben Kohles G Emiliano Grillo,,,,,,,,,,,,,,,,,,,
2814,5202020353,Wakeupthegimp,405,39,G Chris Gotterup G Si Woo Kim G Jacob Bridgeman G Ryo Hisatsune G Corey Conners G Benjamin James,,,,,,,,,,,,,,,,,,,
2814,5203249527,krs0123,405,39,G Chris Gotterup G Si Woo Kim G Jake Knapp G Ben Kohles G Benjamin James G Sungjae Im,,,,,,,,,,,,,,,,,,,
2814,5202714573,nyyankfan7,404,39,G Jackson Koivun G Jake Knapp G Akshay Bhatia G Michael Thorbjornsen G Michael Brennan G Benjamin James,,,,,,,,,,,,,,,,,,,
2814,5200602892,ShipItNow,402,39,G Chris Gotterup G Si Woo Kim G Nicolai Højgaard G Davis Thompson G Mac Meissner G Jordan L. Smith,,,,,,,,,,,,,,,,,,,
2814,5201160829,chrissair,402,39,G Chris Gotterup G Si Woo Kim G J.J. Spaun G Davis Thompson G Jordan L. Smith G Sungjae Im,,,,,,,,,,,,,,,,,,,
2814,5201520030,jreichjr,402,39,G Chris Gotterup G Si Woo Kim G Hideki Matsuyama G Davis Thompson G Sungjae Im G Zecheng Dou,,,,,,,,,,,,,,,,,,,
2814,5201565232,mknob87,402,39,G Chris Gotterup G Si Woo Kim G Jacob Bridgeman G Davis Thompson G Jackson Suber G Ben Kohles,,,,,,,,,,,,,,,,,,,
2814,5201791973,KWollin,402,39,G Cameron Young G Si Woo Kim G Hideki Matsuyama G Benjamin James G Zachary Bauchou G Joel Dahmen,,,,,,,,,,,,,,,,,,,
2814,5201860155,MrVegas128,402,39,G Chris Gotterup G Si Woo Kim G Jacob Bridgeman G Davis Thompson G Ryo Hisatsune G Ben Kohles,,,,,,,,,,,,,,,,,,,
2814,5201965877,rajonrondough,402,39,G Chris Gotterup G Si Woo Kim G J.J. Spaun G Davis Thompson G Jordan L. Smith G Sungjae Im,,,,,,,,,,,,,,,,,,,
2814,5202349766,Dframpton21,402,39,G Chris Gotterup G Si Woo Kim G Jacob Bridgeman G Davis Thompson G Ryo Hisatsune G Ben Kohles,,,,,,,,,,,,,,,,,,,
2814,5203230856,tbell11,402,39,G Chris Gotterup G Si Woo Kim G Michael Brennan G Davis Thompson G Ryo Hisatsune G Rasmus Neergaard-Petersen,,,,,,,,,,,,,,,,,,,
2814,5200919287,cincifan131,401,39,G Jackson Koivun G Jake Knapp G Akshay Bhatia G Michael Brennan G Davis Thompson G Jordan Spieth,,,,,,,,,,,,,,,,,,,
2814,5200933299,dev_macd,401,39,G Jackson Koivun G Russell Henley G Akshay Bhatia G Michael Brennan G Davis Thompson G Ben Kohles,,,,,,,,,,,,,,,,,,,
2814,5201006021,Crickett198,401,39,G Jackson Koivun G Hideki Matsuyama G Akshay Bhatia G Jacob Bridgeman G Davis Thompson G Jackson Suber,,,,,,,,,,,,,,,,,,,
2814,5201032213,WendalsBlues,401,39,G Jackson Koivun G Hideki Matsuyama G Akshay Bhatia G Jacob Bridgeman G Davis Thompson G Jackson Suber,,,,,,,,,,,,,,,,,,,
2814,5201523623,djohnson101,401,39,G Jackson Koivun G Jake Knapp G Akshay Bhatia G Michael Brennan G Marco Penge G Davis Thompson,,,,,,,,,,,,,,,,,,,
2814,5202284275,JohnnyDrama34,401,39,G Jackson Koivun G Jake Knapp G Akshay Bhatia G Michael Thorbjornsen G Davis Thompson G Jackson Suber,,,,,,,,,,,,,,,,,,,
2814,5202994849,Jliv35,401,39,G Si Woo Kim G Wyndham Clark G Jake Knapp G Davis Thompson G Ryo Hisatsune G Taylor Moore,,,,,,,,,,,,,,,,,,,
2814,5201384398,guygreen,398,39,G Russell Henley G Patrick Cantlay G Ryan Gerard G Akshay Bhatia G Jacob Bridgeman G Zac Blair,,,,,,,,,,,,,,,,,,,
2814,5202340241,bangcappin,398,39,G Xander Schauffele G Chris Gotterup G Jake Knapp G Andrew Novak G Billy Horschel G Taylor Pendrith,,,,,,,,,,,,,,,,,,,
2814,5201068358,smwhitey,397,39,G Cameron Young G Chris Gotterup G Marco Penge G Pierceson Coody G Aldrich Potgieter G Jesper Svensson,,,,,,,,,,,,,,,,,,,
2814,5200987417,lesterburnham,395,39,G Chris Gotterup G Ben Griffin G Jake Knapp G Jacob Bridgeman G Eric Cole G Chandler Phillips,,,,,,,,,,,,,,,,,,,
2814,5201446107,DocNasty13,395,39,G Cameron Young G Chris Gotterup G Eric Cole G Ryo Hisatsune G Rasmus Neergaard-Petersen G Chandler Phillips,,,,,,,,,,,,,,,,,,,
2851,5200634203,pritchiepro,421,38.5,G Hideki Matsuyama G Jake Knapp G Michael Thorbjornsen G Rickie Fowler G Jackson Suber G Max Greyserman,,,,,,,,,,,,,,,,,,,
2851,5200696069,adampittman11,421,38.5,G Hideki Matsuyama G Jake Knapp G Michael Thorbjornsen G Rickie Fowler G Michael Brennan G Marco Penge,,,,,,,,,,,,,,,,,,,
2851,5200700587,Gunners06,421,38.5,G Cameron Young G Jake Knapp G Rickie Fowler G Michael Brennan G Rasmus Neergaard-Petersen G Ben Kohles,,,,,,,,,,,,,,,,,,,
2851,5200928710,TurdFergusons66,421,38.5,G Hideki Matsuyama G Harris English G Nicolai Højgaard G Michael Thorbjornsen G Rickie Fowler G Michael Brennan,,,,,,,,,,,,,,,,,,,
2851,5201024588,babymaker47,421,38.5,G Cameron Young G Nicolai Højgaard G Rickie Fowler G Jacob Bridgeman G Ryo Hisatsune G Jackson Suber,,,,,,,,,,,,,,,,,,,
2851,5201050433,jziggy28,421,38.5,G Cameron Young G Jake Knapp G Rickie Fowler G Denny McCarthy G Corey Conners G Ben Kohles,,,,,,,,,,,,,,,,,,,
2851,5201357804,cspong54,421,38.5,G Russell Henley G Hideki Matsuyama G Michael Thorbjornsen G Rickie Fowler G Michael Brennan G Ryo Hisatsune,,,,,,,,,,,,,,,,,,,
2851,5201383177,jhegs,421,38.5,G Ben Griffin G Jake Knapp G J.J. Spaun G Rickie Fowler G Jacob Bridgeman G Ryo Hisatsune,,,,,,,,,,,,,,,,,,,
2851,5201477874,TotalFacialBrains,421,38.5,G Cameron Young G Hideki Matsuyama G Rickie Fowler G Ryo Hisatsune G Jackson Suber G Ben Kohles,,,,,,,,,,,,,,,,,,,
2851,5201646862,Billywhiteshoes,421,38.5,G Hideki Matsuyama G Nicolai Højgaard G Michael Thorbjornsen G Rickie Fowler G Michael Brennan G Jacob Bridgeman,,,,,,,,,,,,,,,,,,,
2851,5201688569,340globensky,421,38.5,G Cameron Young G Jake Knapp G Rickie Fowler G Ryo Hisatsune G Jackson Suber G Sudarshan Yellamaraju,,,,,,,,,,,,,,,,,,,
2851,5201971091,JTG15,421,38.5,G Russell Henley G Ben Griffin G Jake Knapp G Rickie Fowler G Jackson Suber G Ben Kohles,,,,,,,,,,,,,,,,,,,
2851,5202210464,armpam81,421,38.5,G Cameron Young G Jake Knapp G Rickie Fowler G Jacob Bridgeman G Corey Conners G Sungjae Im,,,,,,,,,,,,,,,,,,,
2851,5202311668,tlonzo,421,38.5,G Russell Henley G Ben Griffin G J.J. Spaun G Rickie Fowler G Jordan Spieth G Ben Kohles,,,,,,,,,,,,,,,,,,,
2851,5202404463,Byronn5,421,38.5,G Cameron Young G J.J. Spaun G Michael Thorbjornsen G Rickie Fowler G Corey Conners G Sungjae Im,,,,,,,,,,,,,,,,,,,
2851,5202487164,jsizzle727,421,38.5,G Cameron Young G Hideki Matsuyama G Rickie Fowler G Jacob Bridgeman G Denny McCarthy G Steven Fisk,,,,,,,,,,,,,,,,,,,
2851,5202506225,Dylan.Galm225,421,38.5,G Jake Knapp G J.J. Spaun G Nicolai Højgaard G Michael Thorbjornsen G Rickie Fowler G Jacob Bridgeman,,,,,,,,,,,,,,,,,,,
2851,5202567866,georgeib,421,38.5,G Cameron Young G J.J. Spaun G Michael Thorbjornsen G Rickie Fowler G Jacob Bridgeman G Andrew Putnam,,,,,,,,,,,,,,,,,,,
2851,5202843383,diamondjim432,421,38.5,G Russell Henley G Hideki Matsuyama G Jake Knapp G Rickie Fowler G Max Greyserman G Ben Kohles,,,,,,,,,,,,,,,,,,,
2851,5202871326,jonbrit83,421,38.5,G Hideki Matsuyama G Ben Griffin G Jake Knapp G Rickie Fowler G Ryo Hisatsune G Jackson Suber,,,,,,,,,,,,,,,,,,,
2851,5202942156,jerichoking,421,38.5,G Cameron Young G Hideki Matsuyama G Rickie Fowler G Michael Brennan G Jackson Suber G Sungjae Im,,,,,,,,,,,,,,,,,,,
2851,5203039049,IndiaSummer,421,38.5,G Cameron Young G Jake Knapp G Rickie Fowler G Ryo Hisatsune G Jackson Suber G Ben Kohles,,,,,,,,,,,,,,,,,,,
2851,5203064221,mrkickoff,421,38.5,G Hideki Matsuyama G Ben Griffin G Harris English G Rickie Fowler G Jacob Bridgeman G Ryo Hisatsune,,,,,,,,,,,,,,,,,,,
2851,5203099991,Keywest73,421,38.5,G Cameron Young G Nicolai Højgaard G Rickie Fowler G Jacob Bridgeman G Ryo Hisatsune G Jackson Suber,,,,,,,,,,,,,,,,,,,
2851,5203190043,jcr333,421,38.5,G Cameron Young G Russell Henley G Rickie Fowler G Corey Conners G Rasmus Neergaard-Petersen G Beau Hossler,,,,,,,,,,,,,,,,,,,
2851,5203204442,tbjones2121,421,38.5,G Cameron Young G J.J. Spaun G Michael Thorbjornsen G Rickie Fowler G Mac Meissner G Jordan L. Smith,,,,,,,,,,,,,,,,,,,
2851,5200707092,Eagles1792,420,38.5,G Cameron Young G J.J. Spaun G Jacob Bridgeman G Keegan Bradley G Ryo Hisatsune G Corey Conners,,,,,,,,,,,,,,,,,,,
2851,5200768171,christal17,420,38.5,G Hideki Matsuyama G Ben Griffin G J.J. Spaun G Michael Thorbjornsen G Keegan Bradley G Matt Wallace,,,,,,,,,,,,,,,,,,,
2851,5200954414,Cjk000,420,38.5,G Hideki Matsuyama G Jake Knapp G J.J. Spaun G Keegan Bradley G Marco Penge G Jordan Spieth,,,,,,,,,,,,,,,,,,,
2851,5201014464,ryanland,420,38.5,G Patrick Cantlay G Ben Griffin G Nicolai Højgaard G Michael Thorbjornsen G Keegan Bradley G Mac Meissner,,,,,,,,,,,,,,,,,,,
2851,5201015273,bigcozy50,420,38.5,G Cameron Young G Russell Henley G Michael Brennan G Keegan Bradley G Ryo Hisatsune G Billy Horschel,,,,,,,,,,,,,,,,,,,
2851,5201053767,wrb41,420,38.5,G Russell Henley G Ben Griffin G Nicolai Højgaard G Michael Thorbjornsen G Keegan Bradley G Ryo Hisatsune,,,,,,,,,,,,,,,,,,,
2851,5201064324,Coop1009,420,38.5,G Patrick Cantlay G Hideki Matsuyama G Jake Knapp G Jacob Bridgeman G Keegan Bradley G Max Greyserman,,,,,,,,,,,,,,,,,,,
2851,5201345658,Geisfour,420,38.5,G Cameron Young G Nicolai Højgaard G Michael Thorbjornsen G Jacob Bridgeman G Keegan Bradley G Jordan L. Smith,,,,,,,,,,,,,,,,,,,
2851,5201391563,AlecSchwartz22,420,38.5,G Cameron Young G Ben Griffin G J.J. Spaun G Keegan Bradley G Jordan L. Smith G Zecheng Dou,,,,,,,,,,,,,,,,,,,
2851,5201533683,diG_Ger,420,38.5,G Cameron Young G J.J. Spaun G Nicolai Højgaard G Keegan Bradley G Matt Wallace G Max Greyserman,,,,,,,,,,,,,,,,,,,
2851,5201881021,WhoahhhhhSC,420,38.5,G Russell Henley G Hideki Matsuyama G Michael Brennan G Jacob Bridgeman G Keegan Bradley G Denny McCarthy,,,,,,,,,,,,,,,,,,,
2851,5201926896,Hitmen11,420,38.5,G Cameron Young G Hideki Matsuyama G Keegan Bradley G Corey Conners G Rasmus Neergaard-Petersen G Sungjae Im,,,,,,,,,,,,,,,,,,,
2851,5202023955,Rook30,420,38.5,G Cameron Young G Russell Henley G Keegan Bradley G Corey Conners G Rasmus Neergaard-Petersen G Ben Kohles,,,,,,,,,,,,,,,,,,,
2851,5202232935,ir0n_man,420,38.5,G Cameron Young G Jake Knapp G Harris English G Keegan Bradley G Jordan Spieth G Tom Hoge,,,,,,,,,,,,,,,,,,,
2851,5202399714,ts4buddy,420,38.5,G Cameron Young G Michael Thorbjornsen G Jacob Bridgeman G Keegan Bradley G Ryo Hisatsune G Jackson Suber,,,,,,,,,,,,,,,,,,,
2851,5202947702,hinckleyjim,420,38.5,G Patrick Cantlay G Ben Griffin G Jake Knapp G Michael Brennan G Keegan Bradley G Jackson Suber,,,,,,,,,,,,,,,,,,,
2851,5203041267,nauldyboy,420,38.5,G Cameron Young G J.J. Spaun G Michael Thorbjornsen G Keegan Bradley G Mac Meissner G Jordan L. Smith,,,,,,,,,,,,,,,,,,,
2851,5203260941,minsley,420,38.5,G Russell Henley G Ben Griffin G J.J. Spaun G Jacob Bridgeman G Keegan Bradley G Corey Conners,,,,,,,,,,,,,,,,,,,
2851,5203185373,Quake211,412,38.5,G Cameron Young G Jake Knapp G Michael Thorbjornsen G Michael Brennan G Aldrich Potgieter G Stephan Jaeger,,,,,,,,,,,,,,,,,,,
2851,5201436425,bekilpatrick,410,38.5,G Cameron Young G Si Woo Kim G Russell Henley G Ricky Castillo G Rico Hoey G Andrew Putnam,,,,,,,,,,,,,,,,,,,
2851,5201460567,Huebs,410,38.5,G Cameron Young G Si Woo Kim G Russell Henley G Ricky Castillo G Zachary Bauchou G Andrew Putnam,,,,,,,,,,,,,,,,,,,
2851,5202800509,ianamclean,410,38.5,G Cameron Young G Si Woo Kim G Russell Henley G Ricky Castillo G Zachary Bauchou G Andrew Putnam,,,,,,,,,,,,,,,,,,,
2851,5202937954,kage12,410,38.5,G Cameron Young G Si Woo Kim G Russell Henley G Ricky Castillo G Zachary Bauchou G Andrew Putnam,,,,,,,,,,,,,,,,,,,
2851,5203197055,nick.toon21,410,38.5,G Cameron Young G Si Woo Kim G Russell Henley G Ricky Castillo G Rasmus Højgaard G Patrick Rodgers,,,,,,,,,,,,,,,,,,,
2851,5202643756,mowjoes,408,38.5,G Cameron Young G Jake Knapp G Akshay Bhatia G Pierceson Coody G Johnny Keefer G Mac Meissner,,,,,,,,,,,,,,,,,,,
2851,5200668183,bruc0074,405,38.5,G Xander Schauffele G Jake Knapp G Akshay Bhatia G Marco Penge G Johnny Keefer G Rasmus Neergaard-Petersen,,,,,,,,,,,,,,,,,,,
2851,5200806528,bjm212,405,38.5,G Chris Gotterup G Russell Henley G Ryan Gerard G Jacob Bridgeman G Corey Conners G Davis Chatfield,,,,,,,,,,,,,,,,,,,
2851,5201658494,Dont_Forget_Yo,405,38.5,G Xander Schauffele G Jake Knapp G Akshay Bhatia G Marco Penge G Johnny Keefer G Rasmus Neergaard-Petersen,,,,,,,,,,,,,,,,,,,
2851,5202308790,KingJong100,404,38.5,G Wyndham Clark G Russell Henley G J.J. Spaun G Marco Penge G Johnny Keefer G Aldrich Potgieter,,,,,,,,,,,,,,,,,,,
2851,5202360437,chelseafann96,404,38.5,G Cameron Young G Wyndham Clark G Michael Thorbjornsen G Johnny Keefer G Ben Kohles G Aldrich Potgieter,,,,,,,,,,,,,,,,,,,
2851,5201509517,jbturn3,403,38.5,G Cameron Young G Si Woo Kim G Jacob Bridgeman G Ben Kohles G Benjamin James G Christiaan Bezuidenhout,,,,,,,,,,,,,,,,,,,
2851,5203203438,micahfreeman,402,38.5,G Cameron Young G Jackson Koivun G Michael Brennan G Pierceson Coody G Rasmus Neergaard-Petersen G Aldrich Potgieter,,,,,,,,,,,,,,,,,,,
2851,5200579039,gavlam,401,38.5,G Wyndham Clark G Jake Knapp G Ryan Gerard G Harris English G Jacob Bridgeman G Nicolas Echavarria,,,,,,,,,,,,,,,,,,,
2851,5202274875,bustitwideopen,401,38.5,G Cameron Young G Wyndham Clark G Ryan Gerard G Jackson Suber G Jordan L. Smith G Nicolas Echavarria,,,,,,,,,,,,,,,,,,,
2851,5202555103,thnelson2,401,38.5,G Wyndham Clark G Russell Henley G J.J. Spaun G Ryan Gerard G Mac Meissner G Nicolas Echavarria,,,,,,,,,,,,,,,,,,,
2851,5202925155,Jazebee,401,38.5,G Cameron Young G Chris Gotterup G Michael Brennan G Ryo Hisatsune G Doug Ghim G Chandler Phillips,,,,,,,,,,,,,,,,,,,
2851,5201216464,ginnywop,400,38.5,G Si Woo Kim G Patrick Cantlay G Hideki Matsuyama G Davis Thompson G Christiaan Bezuidenhout G Jordan L. Smith,,,,,,,,,,,,,,,,,,,
2851,5201585830,Gizmo8148,400,38.5,G Cameron Young G Si Woo Kim G Davis Thompson G Denny McCarthy G Max Greyserman G Christiaan Bezuidenhout,,,,,,,,,,,,,,,,,,,
2851,5202706445,ramsinstl4evr,399,38.5,G Xander Schauffele G Jackson Koivun G Jacob Bridgeman G Jordan Spieth G Jackson Suber G Aldrich Potgieter,,,,,,,,,,,,,,,,,,,
2851,5200585416,Xmanpike,398,38.5,G Si Woo Kim G Jackson Koivun G Hideki Matsuyama G Marco Penge G Ben Kohles G Chandler Phillips,,,,,,,,,,,,,,,,,,,
2851,5200901694,Black_G,398,38.5,G Si Woo Kim G Jackson Koivun G J.J. Spaun G Marco Penge G Jackson Suber G Chandler Phillips,,,,,,,,,,,,,,,,,,,
2851,5201192636,tmarrisa,398,38.5,G Cameron Young G Si Woo Kim G Jackson Koivun G John Parry G Chandler Phillips G Tom Hoge,,,,,,,,,,,,,,,,,,,
2851,5201995902,WMUFantasyStud2019,397,38.5,G Xander Schauffele G Si Woo Kim G Jake Knapp G Seamus Power G Kris Ventura G A.J. Ewart,,,,,,,,,,,,,,,,,,,
2851,5203250787,sirhc2442,397,38.5,G Chris Gotterup G Jackson Koivun G Jake Knapp G Nicolai Højgaard G Lucas Glover G Cameron Davis,,,,,,,,,,,,,,,,,,,
2851,5201479610,woodrovitch,396,38.5,G Jackson Koivun G Wyndham Clark G Hideki Matsuyama G Michael Brennan G Rasmus Neergaard-Petersen G Lucas Glover,,,,,,,,,,,,,,,,,,,
2851,5201646485,Dukeefro,392,38.5,G Xander Schauffele G Chris Gotterup G Hideki Matsuyama G Jackson Suber G Nicolas Echavarria G Aaron Wise,,,,,,,,,,,,,,,,,,,
2923,5201241449,Scottypar,412,38,G Cameron Young G Jackson Koivun G J.J. Spaun G Ben Kohles G Mackenzie Hughes G John Parry,,,,,,,,,,,,,,,,,,,
2923,5202210279,MaterialBoys,412,38,G Cameron Young G Jackson Koivun G Ben Griffin G Corey Conners G Mackenzie Hughes G Hank Lebioda,,,,,,,,,,,,,,,,,,,
2923,5201506320,janome12,411,38,G Cameron Young G Jake Knapp G Jacob Bridgeman G Davis Thompson G Ryo Hisatsune G Chris Kirk,,,,,,,,,,,,,,,,,,,
2923,5201547842,Pearljam111,411,38,G Cameron Young G Patrick Cantlay G Jake Knapp G Davis Thompson G Chris Kirk G Kevin Roy,,,,,,,,,,,,,,,,,,,
2923,5201967635,Smurf1,411,38,G Cameron Young G Ben Griffin G Michael Thorbjornsen G Davis Thompson G Rasmus Neergaard-Petersen G Chris Kirk,,,,,,,,,,,,,,,,,,,
2923,5202638581,ccmtpleasant,411,38,G Cameron Young G Ben Griffin G Jake Knapp G Davis Thompson G Beau Hossler G Chris Kirk,,,,,,,,,,,,,,,,,,,
2923,5203085746,skolnorbs,411,38,G Cameron Young G Jake Knapp G J.J. Spaun G Pierceson Coody G Ben Kohles G Emiliano Grillo,,,,,,,,,,,,,,,,,,,
2923,5201112769,allen1558,408,38,G Xander Schauffele G J.J. Spaun G Harris English G Jacob Bridgeman G Corey Conners G Emiliano Grillo,,,,,,,,,,,,,,,,,,,
2923,5202929714,nyrblue,408,38,G Xander Schauffele G Jake Knapp G Harris English G Michael Brennan G Rasmus Neergaard-Petersen G Emiliano Grillo,,,,,,,,,,,,,,,,,,,
2923,5202697759,fpufahl,407,38,G Cameron Young G Chris Gotterup G Russell Henley G Sudarshan Yellamaraju G Max McGreevy G Andrew Putnam,,,,,,,,,,,,,,,,,,,
2923,5201033290,bbell05,406,38,G Wyndham Clark G Hideki Matsuyama G Ben Griffin G Jake Knapp G Sungjae Im G Max McGreevy,,,,,,,,,,,,,,,,,,,
2923,5201078225,seminole70,406,38,G Cameron Young G Jake Knapp G Nicolai Højgaard G Eric Cole G Johnny Keefer G Benjamin James,,,,,,,,,,,,,,,,,,,
2923,5201982245,fun4randy,406,38,G Si Woo Kim G Hideki Matsuyama G Ryan Gerard G Denny McCarthy G Corey Conners G Benjamin James,,,,,,,,,,,,,,,,,,,
2923,5203211625,nwilliams1518,406,38,G Si Woo Kim G Hideki Matsuyama G Ryan Gerard G Jacob Bridgeman G Ryo Hisatsune G Benjamin James,,,,,,,,,,,,,,,,,,,
2923,5202830535,ianfellenz,404,38,G Si Woo Kim G Patrick Cantlay G Akshay Bhatia G Jacob Bridgeman G Ryo Hisatsune G Pierceson Coody,,,,,,,,,,,,,,,,,,,
2923,5203168509,T0oDirtyy,404,38,G Si Woo Kim G Jake Knapp G Akshay Bhatia G Jacob Bridgeman G Marco Penge G Pierceson Coody,,,,,,,,,,,,,,,,,,,
2923,5201131296,JehMeh12,403,38,G Si Woo Kim G Jake Knapp G Ryan Gerard G Michael Thorbjornsen G Davis Thompson G Billy Horschel,,,,,,,,,,,,,,,,,,,
2923,5201162272,jmbass7392,403,38,G Xander Schauffele G Wyndham Clark G Michael Brennan G Jackson Suber G Ben Kohles G Benjamin James,,,,,,,,,,,,,,,,,,,
2923,5201447168,CapnJer,403,38,G Cameron Young G Si Woo Kim G Ryan Gerard G Davis Thompson G Taylor Pendrith G Cameron Davis,,,,,,,,,,,,,,,,,,,
2923,5201735100,jonoso,403,38,G Si Woo Kim G Hideki Matsuyama G Ryan Gerard G Davis Thompson G Ryo Hisatsune G Corey Conners,,,,,,,,,,,,,,,,,,,
2923,5202203037,Blame44,403,38,G Si Woo Kim G Hideki Matsuyama G Ryan Gerard G Davis Thompson G Ryo Hisatsune G Denny McCarthy,,,,,,,,,,,,,,,,,,,
2923,5202254314,brunomali,403,38,G Si Woo Kim G J.J. Spaun G Ryan Gerard G Michael Brennan G Davis Thompson G Denny McCarthy,,,,,,,,,,,,,,,,,,,
2923,5202302059,bubsfantasy,403,38,G Si Woo Kim G Jake Knapp G Ryan Gerard G Michael Thorbjornsen G Davis Thompson G Billy Horschel,,,,,,,,,,,,,,,,,,,
2923,5202452356,Wacco4Flacco,403,38,G Cameron Young G Si Woo Kim G Ryan Gerard G Davis Thompson G Taylor Moore G Cameron Davis,,,,,,,,,,,,,,,,,,,
2923,5202514935,AWtheTP,403,38,G Si Woo Kim G Russell Henley G Ben Griffin G Davis Thompson G Ben Kohles G Nick Taylor,,,,,,,,,,,,,,,,,,,
2923,5202526233,Erwenz33,403,38,G Si Woo Kim G Ben Griffin G Ryan Gerard G Davis Thompson G Ryo Hisatsune G Jackson Suber,,,,,,,,,,,,,,,,,,,
2923,5202709722,mattfusco86,403,38,G Xander Schauffele G Wyndham Clark G Nicolai Højgaard G Jackson Suber G Rasmus Neergaard-Petersen G Benjamin James,,,,,,,,,,,,,,,,,,,
2923,5203044145,timmy22,403,38,G Si Woo Kim G Jake Knapp G Ryan Gerard G Michael Brennan G Davis Thompson G Ben Kohles,,,,,,,,,,,,,,,,,,,
2923,5203077030,wcombs530,403,38,G Xander Schauffele G Wyndham Clark G Patrick Cantlay G Benjamin James G Sudarshan Yellamaraju G Sungjae Im,,,,,,,,,,,,,,,,,,,
2923,5203151602,JacksonFillmore,403,38,G Si Woo Kim G Ben Griffin G Ryan Gerard G Jacob Bridgeman G Davis Thompson G Ben Kohles,,,,,,,,,,,,,,,,,,,
2923,5203154852,jfyfan12,403,38,G Si Woo Kim G Russell Henley G Ryan Gerard G Davis Thompson G Rasmus Neergaard-Petersen G Ben Kohles,,,,,,,,,,,,,,,,,,,
2923,5202880360,semaj89,402,38,G Cameron Young G Chris Gotterup G Russell Henley G Billy Horschel G Chandler Phillips G Neal Shipley,,,,,,,,,,,,,,,,,,,
2923,5201047681,agray19873,401,38,G Chris Gotterup G Si Woo Kim G Jacob Bridgeman G Marco Penge G Jackson Suber G Aldrich Potgieter,,,,,,,,,,,,,,,,,,,
2923,5202746919,set112,401,38,G Cameron Young G Si Woo Kim G Russell Henley G Sudarshan Yellamaraju G Max McGreevy G Adrien Dumont De Chassart,,,,,,,,,,,,,,,,,,,
2923,5201471188,carlos47,400,38,G Si Woo Kim G Wyndham Clark G Hideki Matsuyama G Jackson Suber G Max Greyserman G Aldrich Potgieter,,,,,,,,,,,,,,,,,,,
2923,5201512596,Disneynerd32,400,38,G Jackson Koivun G Jake Knapp G J.J. Spaun G Akshay Bhatia G Ben Kohles G Aldrich Potgieter,,,,,,,,,,,,,,,,,,,
2923,5201258790,smoke_401,399,38,G Si Woo Kim G Wyndham Clark G Ben Griffin G Jake Knapp G William Mouw G Cameron Davis,,,,,,,,,,,,,,,,,,,
2923,5201959668,howdogg,398,38,G Cameron Young G Chris Gotterup G Davis Thompson G Rasmus Neergaard-Petersen G Ben Kohles G Seamus Power,,,,,,,,,,,,,,,,,,,
2923,5202513398,Beagz55,398,38,G Chris Gotterup G Jake Knapp G J.J. Spaun G Davis Thompson G Denny McCarthy G Seamus Power,,,,,,,,,,,,,,,,,,,
2923,5203054742,Redsoxwolf,398,38,G Cameron Young G Chris Gotterup G Jacob Bridgeman G Eric Cole G Mac Meissner G Nicolas Echavarria,,,,,,,,,,,,,,,,,,,
2923,5201835471,mschiliro,396,38,G Cameron Young G Jake Knapp G Ryan Gerard G Eric Cole G Jackson Suber G Chandler Phillips,,,,,,,,,,,,,,,,,,,
2964,5203056275,dangriff10,412,37.5,G Cameron Young G Russell Henley G Harris English G Pierceson Coody G Mac Meissner G Ricky Castillo,,,,,,,,,,,,,,,,,,,
2964,5201338919,moroney_tommy,410,37.5,G Cameron Young G Jake Knapp G Nicolai Højgaard G Michael Thorbjornsen G Stephan Jaeger G Chandler Phillips,,,,,,,,,,,,,,,,,,,
2964,5200615698,msjnichols19,409,37.5,G Russell Henley G Hideki Matsuyama G Ben Griffin G Akshay Bhatia G Ben Kohles G Emiliano Grillo,,,,,,,,,,,,,,,,,,,
2964,5200621577,seanhackbarth,409,37.5,G Xander Schauffele G Patrick Cantlay G Hideki Matsuyama G Rasmus Neergaard-Petersen G Ricky Castillo G Steven Fisk,,,,,,,,,,,,,,,,,,,
2964,5201176922,OvenMitTime,409,37.5,G Russell Henley G Hideki Matsuyama G Ben Griffin G Akshay Bhatia G Ben Kohles G Emiliano Grillo,,,,,,,,,,,,,,,,,,,
2964,5201181975,chewy1488,409,37.5,G Cameron Young G Patrick Cantlay G Akshay Bhatia G Jordan Spieth G Emiliano Grillo G Sungjae Im,,,,,,,,,,,,,,,,,,,
2964,5202386191,KThurman101,409,37.5,G Hideki Matsuyama G Jake Knapp G J.J. Spaun G Akshay Bhatia G Michael Brennan G Emiliano Grillo,,,,,,,,,,,,,,,,,,,
2964,5203143061,fairwayfrederick,409,37.5,G Xander Schauffele G Ben Griffin G J.J. Spaun G Ryo Hisatsune G Denny McCarthy G Ricky Castillo,,,,,,,,,,,,,,,,,,,
2964,5202407427,christiantodd,405,37.5,G Chris Gotterup G Ben Griffin G Akshay Bhatia G Marco Penge G Rasmus Neergaard-Petersen G Benjamin James,,,,,,,,,,,,,,,,,,,
2964,5202953285,MMAHAWK,405,37.5,G Chris Gotterup G Hideki Matsuyama G Akshay Bhatia G Michael Thorbjornsen G Ben Kohles G Benjamin James,,,,,,,,,,,,,,,,,,,
2964,5201314457,DanBart42,404,37.5,G Xander Schauffele G Hideki Matsuyama G Ryan Gerard G Nicolai Højgaard G Keita Nakajima G Andrew Putnam,,,,,,,,,,,,,,,,,,,
2964,5202428975,eckenrode123,404,37.5,G Xander Schauffele G J.J. Spaun G Ryan Gerard G Jacob Bridgeman G Ryo Hisatsune G Keita Nakajima,,,,,,,,,,,,,,,,,,,
2964,5202802443,mattp715,404,37.5,G Cameron Young G Si Woo Kim G Jackson Koivun G Jacob Bridgeman G Brad Dalke G Ryan Ruffels,,,,,,,,,,,,,,,,,,,
2964,5202181914,Dmerkel1980,403,37.5,G Chris Gotterup G Patrick Cantlay G Jake Knapp G Jacob Bridgeman G Johnny Keefer G Chandler Phillips,,,,,,,,,,,,,,,,,,,
2964,5203016449,rw65,403,37.5,G Chris Gotterup G Jackson Koivun G Jake Knapp G Jacob Bridgeman G Jesper Svensson G Billy Horschel,,,,,,,,,,,,,,,,,,,
2964,5200672803,roddygaga,402,37.5,G Jackson Koivun G Wyndham Clark G Jake Knapp G Michael Thorbjornsen G Sudarshan Yellamaraju G Jesper Svensson,,,,,,,,,,,,,,,,,,,
2964,5200679600,ridd14,402,37.5,G Chris Gotterup G Hideki Matsuyama G Akshay Bhatia G Jacob Bridgeman G Davis Thompson G Matti Schmid,,,,,,,,,,,,,,,,,,,
2964,5200806300,vpw76,402,37.5,G Chris Gotterup G Jake Knapp G Akshay Bhatia G Davis Thompson G Jackson Suber G Rasmus Neergaard-Petersen,,,,,,,,,,,,,,,,,,,
2964,5200957344,RoyalBigHead,402,37.5,G Chris Gotterup G Patrick Cantlay G Akshay Bhatia G Jacob Bridgeman G Davis Thompson G Billy Horschel,,,,,,,,,,,,,,,,,,,
2964,5201665909,Didley3434,402,37.5,G Chris Gotterup G Hideki Matsuyama G Akshay Bhatia G Davis Thompson G Denny McCarthy G Matt Wallace,,,,,,,,,,,,,,,,,,,
2964,5202153370,logston145,402,37.5,G Chris Gotterup G Akshay Bhatia G Michael Thorbjornsen G Jacob Bridgeman G Davis Thompson G Jackson Suber,,,,,,,,,,,,,,,,,,,
2964,5202526477,Pressure84,402,37.5,G Si Woo Kim G Hideki Matsuyama G Jake Knapp G Eric Cole G Benjamin James G Sungjae Im,,,,,,,,,,,,,,,,,,,
2964,5203039337,wab5008,402,37.5,G Cameron Young G Chris Gotterup G Akshay Bhatia G Davis Thompson G Lee Hodges G Kevin Roy,,,,,,,,,,,,,,,,,,,
2964,5200680128,Jaxonoles,401,37.5,G Wyndham Clark G Jake Knapp G Akshay Bhatia G Michael Brennan G Jacob Bridgeman G Davis Thompson,,,,,,,,,,,,,,,,,,,
2964,5200760425,BrandoB9,401,37.5,G Wyndham Clark G Ben Griffin G Akshay Bhatia G Nicolai Højgaard G Davis Thompson G Matt Wallace,,,,,,,,,,,,,,,,,,,
2964,5200971412,lilSumpinExtra,401,37.5,G Wyndham Clark G Jake Knapp G Akshay Bhatia G Nicolai Højgaard G Davis Thompson G Jackson Suber,,,,,,,,,,,,,,,,,,,
2964,5201282519,meigsgold,401,37.5,G Wyndham Clark G Jake Knapp G Akshay Bhatia G Michael Thorbjornsen G Davis Thompson G Matt Wallace,,,,,,,,,,,,,,,,,,,
2964,5202293156,bmchud,401,37.5,G Cameron Young G Wyndham Clark G Akshay Bhatia G Davis Thompson G Taylor Pendrith G Cameron Davis,,,,,,,,,,,,,,,,,,,
2964,5202389235,jermyjermz,401,37.5,G Wyndham Clark G Ben Griffin G Akshay Bhatia G Nicolai Højgaard G Davis Thompson G Steven Fisk,,,,,,,,,,,,,,,,,,,
2964,5202992901,JMoneyMakerJones,401,37.5,G Si Woo Kim G Jackson Koivun G Hideki Matsuyama G Ryo Hisatsune G Corey Conners G Nicolas Echavarria,,,,,,,,,,,,,,,,,,,
2964,5203223432,KurtisJIce,401,37.5,G Xander Schauffele G Jake Knapp G J.J. Spaun G Michael Brennan G Johnny Keefer G Zac Blair,,,,,,,,,,,,,,,,,,,
2964,5201323993,cashyobe,399,37.5,G Cameron Young G Si Woo Kim G Davis Thompson G Eric Cole G Ben Kohles G Jordan L. Smith,,,,,,,,,,,,,,,,,,,
2964,5202290517,bucknastyroots,399,37.5,G Cameron Young G Si Woo Kim G Jacob Bridgeman G Davis Thompson G Eric Cole G Tom Hoge,,,,,,,,,,,,,,,,,,,
2964,5200852930,golinger18,397,37.5,G Wyndham Clark G Jake Knapp G J.J. Spaun G Ryan Gerard G Jacob Bridgeman G Austin Smotherman,,,,,,,,,,,,,,,,,,,
2964,5202007146,BaronBlood,397,37.5,G Wyndham Clark G Russell Henley G J.J. Spaun G Ryan Gerard G Jackson Suber G Austin Smotherman,,,,,,,,,,,,,,,,,,,
2999,5200612935,paulyb747,410,37,G Cameron Young G Hideki Matsuyama G Jake Knapp G Aldrich Potgieter G Taylor Moore G Chris Kirk,,,,,,,,,,,,,,,,,,,
2999,5200561681,mtu992000,405,37,G Cameron Young G Xander Schauffele G Ryo Hisatsune G Benjamin James G Jordan L. Smith G Nick Taylor,,,,,,,,,,,,,,,,,,,
2999,5200694587,keavster,405,37,G Xander Schauffele G Hideki Matsuyama G Ryan Gerard G Ryo Hisatsune G Ben Kohles G Benjamin James,,,,,,,,,,,,,,,,,,,
2999,5201476806,NaborsKing,405,37,G Russell Henley G Jake Knapp G Ryan Gerard G Michael Thorbjornsen G Davis Thompson G Pierceson Coody,,,,,,,,,,,,,,,,,,,
2999,5203218014,oyebee2,405,37,G Si Woo Kim G J.J. Spaun G Nicolai Højgaard G Jacob Bridgeman G Davis Thompson G Doug Ghim,,,,,,,,,,,,,,,,,,,
2999,5203224132,tgrant1010,405,37,G Si Woo Kim G Jake Knapp G J.J. Spaun G Davis Thompson G Jackson Suber G Doug Ghim,,,,,,,,,,,,,,,,,,,
2999,5200916009,pudgeandpals,403,37,G Xander Schauffele G Hideki Matsuyama G Akshay Bhatia G Corey Conners G Pierceson Coody G Matt Wallace,,,,,,,,,,,,,,,,,,,
2999,5202472081,zatchpatch,402,37,G Si Woo Kim G J.J. Spaun G Ryan Gerard G Nicolai Højgaard G Corey Conners G Aldrich Potgieter,,,,,,,,,,,,,,,,,,,
2999,5202483426,iBruffJew,401,37,G Cameron Young G Si Woo Kim G Ryan Gerard G Ryo Hisatsune G Rasmus Højgaard G William Mouw,,,,,,,,,,,,,,,,,,,
2999,5202805575,erich425,401,37,G Si Woo Kim G Ben Griffin G Jake Knapp G Ryan Gerard G Ben Kohles G William Mouw,,,,,,,,,,,,,,,,,,,
2999,5202562430,broncosz1,400,37,G Xander Schauffele G Chris Gotterup G Jordan Spieth G Rasmus Neergaard-Petersen G Aldrich Potgieter G Sungjae Im,,,,,,,,,,,,,,,,,,,
2999,5202995550,ncloonan,400,37,G Xander Schauffele G Chris Gotterup G Jake Knapp G Aldrich Potgieter G Billy Horschel G Tom Hoge,,,,,,,,,,,,,,,,,,,
2999,5200636069,House_73,399,37,G Chris Gotterup G Si Woo Kim G Harris English G Nicolai Højgaard G Lee Hodges G Chandler Phillips,,,,,,,,,,,,,,,,,,,
2999,5201300881,twickey,399,37,G Cameron Young G Chris Gotterup G Si Woo Kim G Chandler Phillips G A.J. Ewart G Brad Dalke,,,,,,,,,,,,,,,,,,,
2999,5202617836,jobusallstars,399,37,G Xander Schauffele G Wyndham Clark G Nicolai Højgaard G Aldrich Potgieter G Sudarshan Yellamaraju G Rasmus Højgaard,,,,,,,,,,,,,,,,,,,
2999,5200582263,9erFan2021,398,37,G Cameron Young G Jackson Koivun G Akshay Bhatia G Jacob Bridgeman G Sungjae Im G Chandler Phillips,,,,,,,,,,,,,,,,,,,
2999,5200941656,cbarlow7,398,37,G Si Woo Kim G Wyndham Clark G Russell Henley G Ryo Hisatsune G Corey Conners G Chandler Phillips,,,,,,,,,,,,,,,,,,,
2999,5201134362,engine5,398,37,G Cameron Young G Jackson Koivun G Akshay Bhatia G Jackson Suber G Rasmus Neergaard-Petersen G Chandler Phillips,,,,,,,,,,,,,,,,,,,
2999,5202216560,gbgoss,398,37,G Si Woo Kim G Wyndham Clark G Hideki Matsuyama G Denny McCarthy G Ben Kohles G Chandler Phillips,,,,,,,,,,,,,,,,,,,
2999,5202935214,ogabbey,398,37,G Xander Schauffele G Wyndham Clark G Russell Henley G Jackson Suber G Rasmus Højgaard G William Mouw,,,,,,,,,,,,,,,,,,,
2999,5203070037,Dirkatron,398,37,G Cameron Young G Jackson Koivun G Akshay Bhatia G Jackson Suber G Ben Kohles G Chandler Phillips,,,,,,,,,,,,,,,,,,,
2999,5202653068,RJ_Football5000,397,37,G Chris Gotterup G Wyndham Clark G Hideki Matsuyama G Jackson Suber G Corey Conners G Lucas Glover,,,,,,,,,,,,,,,,,,,
2999,5201526635,SDSUDS,325,37,G Chris Gotterup G Wyndham Clark G Jake Knapp G Brooks Koepka G Sungjae Im G Lucas Glover,,,,,,,,,,,,,,,,,,,
3022,5202607297,sparky182,409,36.5,G Cameron Young G Chris Gotterup G Jacob Bridgeman G Marco Penge G Johnny Keefer G Davis Chatfield,,,,,,,,,,,,,,,,,,,
3022,5202026044,justplaydead,405,36.5,G Cameron Young G Hideki Matsuyama G Ryo Hisatsune G Emiliano Grillo G Brad Dalke G Zac Blair,,,,,,,,,,,,,,,,,,,
3022,5202290591,Lord007,405,36.5,G Cameron Young G Russell Henley G Hideki Matsuyama G Ben Kohles G Emiliano Grillo G Zac Blair,,,,,,,,,,,,,,,,,,,
3022,5200604029,assassin9955,403,36.5,G Hideki Matsuyama G Jake Knapp G Ryan Gerard G Akshay Bhatia G Davis Thompson G Jackson Suber,,,,,,,,,,,,,,,,,,,
3022,5201151827,GoBigGold,403,36.5,G Hideki Matsuyama G Ryan Gerard G Akshay Bhatia G Nicolai Højgaard G Jacob Bridgeman G Davis Thompson,,,,,,,,,,,,,,,,,,,
3022,5201584164,Hoculi_theman,403,36.5,G Jake Knapp G Ryan Gerard G Akshay Bhatia G Davis Thompson G Ryo Hisatsune G Jackson Suber,,,,,,,,,,,,,,,,,,,
3022,5201769171,Smoltzy21,403,36.5,G Jake Knapp G J.J. Spaun G Ryan Gerard G Akshay Bhatia G Davis Thompson G Rasmus Neergaard-Petersen,,,,,,,,,,,,,,,,,,,
3022,5202358881,mrbubbles88,403,36.5,G Hideki Matsuyama G Ryan Gerard G Akshay Bhatia G Davis Thompson G Ryo Hisatsune G Rasmus Neergaard-Petersen,,,,,,,,,,,,,,,,,,,
3022,5203040518,jedimoose28,403,36.5,G Hideki Matsuyama G Jake Knapp G Ryan Gerard G Akshay Bhatia G Davis Thompson G Corey Conners,,,,,,,,,,,,,,,,,,,
3022,5203114259,sunthenovice,403,36.5,G Hideki Matsuyama G Jake Knapp G Ryan Gerard G Akshay Bhatia G Davis Thompson G Ben Kohles,,,,,,,,,,,,,,,,,,,
3022,5203211255,NickyMc916,403,36.5,G Jake Knapp G J.J. Spaun G Ryan Gerard G Akshay Bhatia G Davis Thompson G Ryo Hisatsune,,,,,,,,,,,,,,,,,,,
3022,5202558343,tbraider1,401,36.5,G Chris Gotterup G Jake Knapp G Akshay Bhatia G Jacob Bridgeman G Aldrich Potgieter G Sudarshan Yellamaraju,,,,,,,,,,,,,,,,,,,
3022,5203091777,TheMish,401,36.5,G Chris Gotterup G Jake Knapp G Akshay Bhatia G Michael Thorbjornsen G Jackson Suber G Aldrich Potgieter,,,,,,,,,,,,,,,,,,,
3022,5203246465,joeydowntown,401,36.5,G Chris Gotterup G Ben Griffin G Akshay Bhatia G Jacob Bridgeman G Ryo Hisatsune G Aldrich Potgieter,,,,,,,,,,,,,,,,,,,
3022,5203256429,Kmahrt,401,36.5,G Chris Gotterup G Hideki Matsuyama G Jake Knapp G Nicolai Højgaard G Benjamin James G Zac Blair,,,,,,,,,,,,,,,,,,,
3022,5203235726,SRR1974,400,36.5,G Wyndham Clark G Jake Knapp G J.J. Spaun G Akshay Bhatia G Jackson Suber G Aldrich Potgieter,,,,,,,,,,,,,,,,,,,
3022,5202400967,mzator,399,36.5,G Cameron Young G Wyndham Clark G Akshay Bhatia G Jackson Suber G Matt Wallace G William Mouw,,,,,,,,,,,,,,,,,,,
3022,5202472092,Kenkot,398,36.5,G Chris Gotterup G Hideki Matsuyama G Jake Knapp G Davis Thompson G Ryo Hisatsune G Zac Blair,,,,,,,,,,,,,,,,,,,
3022,5202862228,ch1nn,398,36.5,G Chris Gotterup G Jake Knapp G J.J. Spaun G Michael Thorbjornsen G Davis Thompson G Zac Blair,,,,,,,,,,,,,,,,,,,
3022,5201635435,NauticatSailor62,397,36.5,G Cameron Young G Si Woo Kim G Jackson Koivun G Matthew McCarty G Austin Smotherman G Tom Hoge,,,,,,,,,,,,,,,,,,,
3042,5200869691,juleszim,415,36,G Si Woo Kim G Patrick Cantlay G Hideki Matsuyama G Jake Knapp G Kevin Roy G Patrick Fishburn,,,,,,,,,,,,,,,,,,,
3042,5201572859,nevyj80,410,36,G Cameron Young G Si Woo Kim G Ryo Hisatsune G Johnny Keefer G Benjamin James G Sungjae Im,,,,,,,,,,,,,,,,,,,
3042,5203069008,MikeDessi916,410,36,G Si Woo Kim G Jake Knapp G J.J. Spaun G Michael Thorbjornsen G Johnny Keefer G Benjamin James,,,,,,,,,,,,,,,,,,,
3042,5200827875,Bbahny17,408,36,G Russell Henley G Patrick Cantlay G Hideki Matsuyama G Ben Griffin G Chris Kirk G Chandler Phillips,,,,,,,,,,,,,,,,,,,
3042,5201137155,Chuckbang,408,36,G Cameron Young G Ben Griffin G J.J. Spaun G Jacob Bridgeman G Chris Kirk G Chandler Phillips,,,,,,,,,,,,,,,,,,,
3042,5201886599,kcc290,408,36,G Chris Gotterup G Patrick Cantlay G Ben Griffin G Jake Knapp G Sungjae Im G Mark Hubbard,,,,,,,,,,,,,,,,,,,
3042,5202183620,seminolefs,408,36,G Cameron Young G Patrick Cantlay G Ben Griffin G Mac Meissner G Andrew Novak G Tony Finau,,,,,,,,,,,,,,,,,,,
3042,5201765498,jrcooper07,407,36,G Si Woo Kim G Patrick Cantlay G J.J. Spaun G Davis Thompson G Johnny Keefer G Ben Kohles,,,,,,,,,,,,,,,,,,,
3042,5202058152,PicksMcGee,407,36,G Xander Schauffele G Hideki Matsuyama G Jake Knapp G Jackson Suber G Benjamin James G Sam Stevens,,,,,,,,,,,,,,,,,,,
3042,5202072554,luvclubs,407,36,G Cameron Young G Si Woo Kim G Davis Thompson G Jackson Suber G Johnny Keefer G Mac Meissner,,,,,,,,,,,,,,,,,,,
3042,5202779804,schlep31,407,36,G Wyndham Clark G Patrick Cantlay G Hideki Matsuyama G Jake Knapp G Ben Kohles G Mark Hubbard,,,,,,,,,,,,,,,,,,,
3042,5203158059,budaman3195,407,36,G Cameron Young G Wyndham Clark G Hideki Matsuyama G Jake Knapp G Mark Hubbard G Rafael Campos,,,,,,,,,,,,,,,,,,,
3042,5201297065,dsabo3314,405,36,G Cameron Young G Chris Gotterup G Si Woo Kim G Jordan Spieth G Brad Dalke G Ryan Ruffels,,,,,,,,,,,,,,,,,,,
3042,5202975760,BerglySanders3,405,36,G Chris Gotterup G Si Woo Kim G Russell Henley G Hideki Matsuyama G Brad Dalke G Ryan Ruffels,,,,,,,,,,,,,,,,,,,
3042,5200789903,MarkStein2,404,36,G Xander Schauffele G Russell Henley G Nicolai Højgaard G Davis Thompson G Matt Wallace G Sam Stevens,,,,,,,,,,,,,,,,,,,
3042,5201922084,mattchrystal,404,36,G Xander Schauffele G Ben Griffin G Jake Knapp G Davis Thompson G Doug Ghim G Steven Fisk,,,,,,,,,,,,,,,,,,,
3042,5202767395,gnutter0330,404,36,G Si Woo Kim G Wyndham Clark G Russell Henley G Jacob Bridgeman G Rasmus Neergaard-Petersen G Davis Chatfield,,,,,,,,,,,,,,,,,,,
3042,5203257794,Ignazio824,404,36,G Xander Schauffele G Jake Knapp G Nicolai Højgaard G Davis Thompson G Jackson Suber G Doug Ghim,,,,,,,,,,,,,,,,,,,
3042,5200621012,mgiambra76,402,36,G Chris Gotterup G Si Woo Kim G Michael Brennan G Jacob Bridgeman G Ryo Hisatsune G Nicolas Echavarria,,,,,,,,,,,,,,,,,,,
3042,5200622306,KingDoug2020,401,36,G Cameron Young G Jackson Koivun G Akshay Bhatia G Jackson Suber G Ben Kohles G Nicolas Echavarria,,,,,,,,,,,,,,,,,,,
3042,5201265662,lufthansaheist,400,36,G Si Woo Kim G Ben Griffin G Jake Knapp G Ryan Gerard G Ben Kohles G Chandler Phillips,,,,,,,,,,,,,,,,,,,
3042,5201756319,TOTOECHIII,400,36,G Cameron Young G Xander Schauffele G Ryo Hisatsune G Denny McCarthy G Nick Taylor G William Mouw,,,,,,,,,,,,,,,,,,,
3042,5202005990,SteveVT,400,36,G Si Woo Kim G Russell Henley G Jake Knapp G Ryan Gerard G Billy Horschel G Chandler Phillips,,,,,,,,,,,,,,,,,,,
3042,5202270906,Barvols98,400,36,G Si Woo Kim G Jake Knapp G J.J. Spaun G Ryan Gerard G Ben Kohles G Chandler Phillips,,,,,,,,,,,,,,,,,,,
3042,5202361032,fleurdlis,400,36,G Si Woo Kim G Jake Knapp G Ryan Gerard G Michael Thorbjornsen G Jacob Bridgeman G Chandler Phillips,,,,,,,,,,,,,,,,,,,
3042,5202473597,acbend,400,36,G Si Woo Kim G J.J. Spaun G Ryan Gerard G Michael Thorbjornsen G Jacob Bridgeman G Chandler Phillips,,,,,,,,,,,,,,,,,,,
3042,5201827519,mattyobs,399,36,G Cameron Young G Ben Griffin G Akshay Bhatia G Ryo Hisatsune G Aldrich Potgieter G Christiaan Bezuidenhout,,,,,,,,,,,,,,,,,,,
3042,5202572458,Johste1255,399,36,G Cameron Young G Si Woo Kim G Russell Henley G Ryo Hisatsune G Kevin Streelman G Zac Blair,,,,,,,,,,,,,,,,,,,
3042,5202589659,aguatto1969,399,36,G Hideki Matsuyama G Ben Griffin G Akshay Bhatia G Nicolai Højgaard G Davis Thompson G Eric Cole,,,,,,,,,,,,,,,,,,,
3042,5202755976,jaxon_goforth,399,36,G Chris Gotterup G Ben Griffin G Ryan Gerard G Michael Thorbjornsen G Ryo Hisatsune G Lucas Glover,,,,,,,,,,,,,,,,,,,
3042,5202203030,keathley10,398,36,G Cameron Young G Chris Gotterup G Jacob Bridgeman G Eric Cole G Ryo Hisatsune G Aaron Wise,,,,,,,,,,,,,,,,,,,
3042,5202553408,Nelmes13,398,36,G Xander Schauffele G Chris Gotterup G Michael Brennan G Denny McCarthy G Corey Conners G Chandler Phillips,,,,,,,,,,,,,,,,,,,
3042,5203029648,hugo8888,398,36,G Xander Schauffele G Chris Gotterup G Jake Knapp G Jackson Suber G Chandler Phillips G Kevin Roy,,,,,,,,,,,,,,,,,,,
3042,5201908586,Pinnacle_Man,395,36,G Cameron Young G Chris Gotterup G Jake Knapp G Seamus Power G Chandler Phillips G Kevin Roy,,,,,,,,,,,,,,,,,,,
3042,5200798033,bigpappapump,394,36,G Cameron Young G Jackson Koivun G Jake Knapp G Ben Kohles G Chandler Phillips G Zac Blair,,,,,,,,,,,,,,,,,,,
3042,5201425048,RiskNerd,394,36,G Cameron Young G Jackson Koivun G Hideki Matsuyama G Ben Kohles G Chandler Phillips G Zac Blair,,,,,,,,,,,,,,,,,,,
3042,5202550341,wscotty5050,394,36,G Cameron Young G Jackson Koivun G Russell Henley G Ben Kohles G Chandler Phillips G Zac Blair,,,,,,,,,,,,,,,,,,,
3042,5202916483,frinkie,394,36,G Wyndham Clark G Russell Henley G Hideki Matsuyama G Ben Kohles G Seamus Power G Chandler Phillips,,,,,,,,,,,,,,,,,,,
3042,5203222897,TUNAJMK,394,36,G Cameron Young G Jackson Koivun G Patrick Cantlay G Rasmus Neergaard-Petersen G Chandler Phillips G Zac Blair,,,,,,,,,,,,,,,,,,,
3081,5201242001,k6laturno,415,35.5,G Cameron Young G Ben Griffin G J.J. Spaun G Mac Meissner G Benjamin James G Kevin Yu,,,,,,,,,,,,,,,,,,,
3081,5203104305,FredNadeau2626,414,35.5,G Cameron Young G Nick Taylor G Sudarshan Yellamaraju G Mackenzie Hughes G Taylor Pendrith G A.J. Ewart,,,,,,,,,,,,,,,,,,,
3081,5200560899,bronxbs,409,35.5,G Chris Gotterup G Jackson Koivun G Michael Brennan G Jacob Bridgeman G Jackson Suber G Denny McCarthy,,,,,,,,,,,,,,,,,,,
3081,5200682585,StewartSanor,409,35.5,G Chris Gotterup G Jackson Koivun G Hideki Matsuyama G Ryo Hisatsune G Jordan L. Smith G Sungjae Im,,,,,,,,,,,,,,,,,,,
3081,5200722216,sportingkid,409,35.5,G Chris Gotterup G Jackson Koivun G Nicolai Højgaard G Denny McCarthy G Corey Conners G Ben Kohles,,,,,,,,,,,,,,,,,,,
3081,5200966774,GrindemUp27,409,35.5,G Cameron Young G Chris Gotterup G Jackson Koivun G Billy Horschel G Tom Hoge G Andrew Putnam,,,,,,,,,,,,,,,,,,,
3081,5201265452,frenchdip81,409,35.5,G Chris Gotterup G Jackson Koivun G Jake Knapp G Jacob Bridgeman G Ben Kohles G Patrick Rodgers,,,,,,,,,,,,,,,,,,,
3081,5201355340,prescio0912,409,35.5,G Chris Gotterup G Jackson Koivun G Jake Knapp G Jackson Suber G Ben Kohles G Billy Horschel,,,,,,,,,,,,,,,,,,,
3081,5201778674,SALSY1115,409,35.5,G Chris Gotterup G Jackson Koivun G Jake Knapp G Jacob Bridgeman G Jackson Suber G Andrew Putnam,,,,,,,,,,,,,,,,,,,
3081,5201987963,engelg,409,35.5,G Chris Gotterup G Jackson Koivun G Hideki Matsuyama G Rasmus Neergaard-Petersen G Matt Wallace G Sungjae Im,,,,,,,,,,,,,,,,,,,
3081,5202310692,ethanbeas17,409,35.5,G Chris Gotterup G Jackson Koivun G Michael Thorbjornsen G Jacob Bridgeman G Jackson Suber G Billy Horschel,,,,,,,,,,,,,,,,,,,
3081,5202586624,golfin17,409,35.5,G Chris Gotterup G Jackson Koivun G Michael Brennan G Marco Penge G Jordan Spieth G Ben Kohles,,,,,,,,,,,,,,,,,,,
3081,5202852624,AresArrow,409,35.5,G Chris Gotterup G Jackson Koivun G Michael Thorbjornsen G Michael Brennan G Marco Penge G Matti Schmid,,,,,,,,,,,,,,,,,,,
3081,5203085465,hiiilyf,409,35.5,G Cameron Young G Chris Gotterup G Jackson Koivun G Sungjae Im G Zachary Bauchou G Brad Dalke,,,,,,,,,,,,,,,,,,,
3081,5203215760,macheezy,409,35.5,G Chris Gotterup G Jackson Koivun G Jake Knapp G Ryo Hisatsune G Rasmus Neergaard-Petersen G Taylor Moore,,,,,,,,,,,,,,,,,,,
3081,5200629797,jguzman81,408,35.5,G Jackson Koivun G Wyndham Clark G Jacob Bridgeman G Ryo Hisatsune G Jackson Suber G Rasmus Neergaard-Petersen,,,,,,,,,,,,,,,,,,,
3081,5200660421,anethscrub,408,35.5,G Cameron Young G Jackson Koivun G Wyndham Clark G Ryo Hisatsune G Andrew Putnam G Patrick Rodgers,,,,,,,,,,,,,,,,,,,
3081,5201038140,baaaariggs,408,35.5,G Jackson Koivun G Wyndham Clark G Jake Knapp G Jackson Suber G Rasmus Neergaard-Petersen G Ben Kohles,,,,,,,,,,,,,,,,,,,
3081,5201500448,edjrj,408,35.5,G Jackson Koivun G Wyndham Clark G Nicolai Højgaard G Michael Brennan G Ryo Hisatsune G Jackson Suber,,,,,,,,,,,,,,,,,,,
3081,5201947861,arabia613,408,35.5,G Jackson Koivun G Wyndham Clark G Jake Knapp G Jordan Spieth G Jackson Suber G Ben Kohles,,,,,,,,,,,,,,,,,,,
3081,5201992930,kzoobombers,408,35.5,G Jackson Koivun G Wyndham Clark G Hideki Matsuyama G Jackson Suber G Max Greyserman G Ben Kohles,,,,,,,,,,,,,,,,,,,
3081,5202009578,wallzy83,408,35.5,G Jackson Koivun G Wyndham Clark G Patrick Cantlay G Jackson Suber G Max Greyserman G Ben Kohles,,,,,,,,,,,,,,,,,,,
3081,5202179715,bugeater1,408,35.5,G Jackson Koivun G Wyndham Clark G Jake Knapp G Marco Penge G Rasmus Neergaard-Petersen G Ben Kohles,,,,,,,,,,,,,,,,,,,
3081,5202708737,gweb63,408,35.5,G Jackson Koivun G Wyndham Clark G Hideki Matsuyama G Jackson Suber G Matt Wallace G Ben Kohles,,,,,,,,,,,,,,,,,,,
3081,5202891833,VICARO,408,35.5,G Cameron Young G Ben Griffin G J.J. Spaun G Benjamin James G Ricky Castillo G Jesper Svensson,,,,,,,,,,,,,,,,,,,
3081,5203181094,Moeg196,408,35.5,G Jackson Koivun G Wyndham Clark G Jake Knapp G Michael Brennan G Ben Kohles G Jordan L. Smith,,,,,,,,,,,,,,,,,,,
3081,5203203741,CALIF0RINAKID,408,35.5,G Jackson Koivun G Wyndham Clark G Hideki Matsuyama G Denny McCarthy G Corey Conners G Mac Meissner,,,,,,,,,,,,,,,,,,,
3081,5203254128,Quiz920,408,35.5,G Jackson Koivun G Wyndham Clark G Jake Knapp G Michael Thorbjornsen G Jackson Suber G Andrew Putnam,,,,,,,,,,,,,,,,,,,
3081,5201441826,pioneerhockey37,406,35.5,G Xander Schauffele G Russell Henley G Jake Knapp G Jordan Spieth G Pierceson Coody G Hao-Tong Li,,,,,,,,,,,,,,,,,,,
3081,5202040055,StatATL,406,35.5,G Jackson Koivun G Russell Henley G Hideki Matsuyama G J.J. Spaun G Kris Ventura G Joel Dahmen,,,,,,,,,,,,,,,,,,,
3081,5203245901,gators070,406,35.5,G Jackson Koivun G Jake Knapp G J.J. Spaun G Nicolai Højgaard G Michael Thorbjornsen G Joel Dahmen,,,,,,,,,,,,,,,,,,,
3081,5201416074,TylerDurden7591,404,35.5,G Cameron Young G Jackson Koivun G Hideki Matsuyama G Ryan Gerard G William Jennings G Keenan Huskey,,,,,,,,,,,,,,,,,,,
3081,5202150667,jdinger22,402,35.5,G Cameron Young G Ryan Gerard G Akshay Bhatia G Michael Brennan G Ben Kohles G Aldrich Potgieter,,,,,,,,,,,,,,,,,,,
3081,5202932971,Mturner71,402,35.5,G Cameron Young G Jake Knapp G Ryan Gerard G Jacob Bridgeman G Benjamin James G Zac Blair,,,,,,,,,,,,,,,,,,,
3081,5202961316,lvimin,402,35.5,G Cameron Young G Jackson Koivun G Jake Knapp G Johnny Keefer G John Parry G Lucas Glover,,,,,,,,,,,,,,,,,,,
3081,5203098426,Birkhead,401,35.5,G Cameron Young G Wyndham Clark G Jake Knapp G Johnny Keefer G Ben Kohles G Austin Smotherman,,,,,,,,,,,,,,,,,,,
3081,5200943955,djmalps01,399,35.5,G Chris Gotterup G Jake Knapp G J.J. Spaun G Akshay Bhatia G Denny McCarthy G Chandler Phillips,,,,,,,,,,,,,,,,,,,
3081,5202581635,cmack13912,399,35.5,G Chris Gotterup G Russell Henley G Patrick Cantlay G Akshay Bhatia G Chandler Phillips G Andrew Putnam,,,,,,,,,,,,,,,,,,,
3081,5202691943,kenzie789,399,35.5,G Chris Gotterup G Jake Knapp G J.J. Spaun G Akshay Bhatia G Jackson Suber G Chandler Phillips,,,,,,,,,,,,,,,,,,,
3081,5202955153,martin684,399,35.5,G Chris Gotterup G Jake Knapp G J.J. Spaun G Akshay Bhatia G Ben Kohles G Chandler Phillips,,,,,,,,,,,,,,,,,,,
3081,5202577939,jaykluginator,398,35.5,G Wyndham Clark G Patrick Cantlay G Jake Knapp G Akshay Bhatia G Jackson Suber G Chandler Phillips,,,,,,,,,,,,,,,,,,,
3081,5202945457,grantturi,398,35.5,G Wyndham Clark G Patrick Cantlay G Jake Knapp G Akshay Bhatia G Jackson Suber G Chandler Phillips,,,,,,,,,,,,,,,,,,,
3081,5202081524,Riles12,397,35.5,G Chris Gotterup G Russell Henley G Ben Griffin G Michael Brennan G Aldrich Potgieter G Zac Blair,,,,,,,,,,,,,,,,,,,
3081,5202914162,JWinter94,396,35.5,G Xander Schauffele G Patrick Cantlay G Ben Griffin G Jackson Suber G Christiaan Bezuidenhout G Chandler Phillips,,,,,,,,,,,,,,,,,,,
3081,5203252881,mdm_24,396,35.5,G Cameron Young G Xander Schauffele G Jacob Bridgeman G Ben Kohles G Christiaan Bezuidenhout G Chandler Phillips,,,,,,,,,,,,,,,,,,,
3081,5201621082,atchman,337,35.5,G Chris Gotterup G Jackson Koivun G Brooks Koepka G Jordan Spieth G Ben Kohles G Sudarshan Yellamaraju,,,,,,,,,,,,,,,,,,,
3127,5203070863,rowdyraider2,411,35,G Russell Henley G Patrick Cantlay G Ben Griffin G Davis Thompson G Corey Conners G Tony Finau,,,,,,,,,,,,,,,,,,,
3127,5201728872,cshemonsky,409,35,G Cameron Young G Jake Knapp G Akshay Bhatia G Marco Penge G Johnny Keefer G Keita Nakajima,,,,,,,,,,,,,,,,,,,
3127,5203107675,phillydogmn3,409,35,G Cameron Young G Patrick Cantlay G Ryan Gerard G Jacob Bridgeman G Corey Conners G Mark Hubbard,,,,,,,,,,,,,,,,,,,
3127,5200613525,pscapy,407,35,G Cameron Young G Jackson Koivun G Jacob Bridgeman G Ben Kohles G Christiaan Bezuidenhout G Billy Horschel,,,,,,,,,,,,,,,,,,,
3127,5200875298,SlamCentralStation1,407,35,G Jackson Koivun G Russell Henley G Ben Griffin G Jacob Bridgeman G Ben Kohles G Christiaan Bezuidenhout,,,,,,,,,,,,,,,,,,,
3127,5201279897,jrevelle3,407,35,G Cameron Young G Hideki Matsuyama G Jake Knapp G Rasmus Neergaard-Petersen G Emiliano Grillo G Andrew Novak,,,,,,,,,,,,,,,,,,,
3127,5202195906,oakes007,407,35,G Cameron Young G Jackson Koivun G Jacob Bridgeman G Corey Conners G Matt Wallace G Christiaan Bezuidenhout,,,,,,,,,,,,,,,,,,,
3127,5202310887,jimclark,407,35,G Cameron Young G Jackson Koivun G Jacob Bridgeman G Ryo Hisatsune G Ben Kohles G Christiaan Bezuidenhout,,,,,,,,,,,,,,,,,,,
3127,5202948489,flash1224,407,35,G Jackson Koivun G Hideki Matsuyama G Jake Knapp G Jacob Bridgeman G Ryo Hisatsune G Christiaan Bezuidenhout,,,,,,,,,,,,,,,,,,,
3127,5203056686,sjohnson1043,407,35,G Cameron Young G Jackson Koivun G Hideki Matsuyama G Jackson Suber G Christiaan Bezuidenhout G William Jennings,,,,,,,,,,,,,,,,,,,
3127,5203149168,dirtbag02,407,35,G Jackson Koivun G Hideki Matsuyama G Ben Griffin G Jacob Bridgeman G Rasmus Neergaard-Petersen G Christiaan Bezuidenhout,,,,,,,,,,,,,,,,,,,
3127,5201097020,brian3311,406,35,G Si Woo Kim G Russell Henley G Hideki Matsuyama G Jackson Suber G Johnny Keefer G Aldrich Potgieter,,,,,,,,,,,,,,,,,,,
3127,5202522239,xBrock28x,406,35,G Cameron Young G Si Woo Kim G Jake Knapp G Ryan Gerard G Brad Dalke G Ryan Ruffels,,,,,,,,,,,,,,,,,,,
3127,5202738319,esgolf,406,35,G Xander Schauffele G J.J. Spaun G Nicolai Højgaard G Davis Thompson G Ryo Hisatsune G Johnny Keefer,,,,,,,,,,,,,,,,,,,
3127,5201189203,scotty20,404,35,G Cameron Young G Xander Schauffele G Chris Gotterup G Sudarshan Yellamaraju G Brad Dalke G Ryan Ruffels,,,,,,,,,,,,,,,,,,,
3127,5202049319,moldova,403,35,G Cameron Young G Xander Schauffele G Wyndham Clark G Kevin Roy G Davis Chatfield G Andrew Putnam,,,,,,,,,,,,,,,,,,,
3127,5202480308,jrveurink,403,35,G Xander Schauffele G Wyndham Clark G Patrick Cantlay G Michael Thorbjornsen G Davis Chatfield G Cameron Davis,,,,,,,,,,,,,,,,,,,
3127,5202945312,abc1515,402,35,G Cameron Young G Si Woo Kim G Hideki Matsuyama G Ryan Gerard G Webb Simpson G Adam Schenk,,,,,,,,,,,,,,,,,,,
3127,5202003136,fantasychamporbust,400,35,G Cameron Young G Jackson Koivun G Hideki Matsuyama G Rasmus Neergaard-Petersen G Davis Chatfield G Zac Blair,,,,,,,,,,,,,,,,,,,
3127,5202665449,mtorrey,399,35,G Xander Schauffele G Hideki Matsuyama G Ben Griffin G Jacob Bridgeman G Nick Taylor G Chandler Phillips,,,,,,,,,,,,,,,,,,,
3127,5201407871,nottus21,398,35,G Chris Gotterup G Si Woo Kim G Harris English G Jacob Bridgeman G Denny McCarthy G Austin Smotherman,,,,,,,,,,,,,,,,,,,
3127,5202608791,malony889,398,35,G Si Woo Kim G Jackson Koivun G J.J. Spaun G Ryo Hisatsune G Jackson Suber G Lucas Glover,,,,,,,,,,,,,,,,,,,
3127,5202145276,chief1978,397,35,G Si Woo Kim G Wyndham Clark G Jake Knapp G Michael Thorbjornsen G Rasmus Neergaard-Petersen G Austin Smotherman,,,,,,,,,,,,,,,,,,,
3127,5201094467,cstark0518,329,35,G Xander Schauffele G Chris Gotterup G Brooks Koepka G Jacob Bridgeman G Nicolas Echavarria G Kevin Roy,,,,,,,,,,,,,,,,,,,
3151,5200582675,ctj303,410,34.5,G Jackson Koivun G Hideki Matsuyama G Ryan Gerard G Jacob Bridgeman G Ryo Hisatsune G Ben Kohles,,,,,,,,,,,,,,,,,,,
3151,5200608419,muckhocksauce,410,34.5,G Cameron Young G Jackson Koivun G Ryo Hisatsune G Jackson Suber G Corey Conners G Nick Taylor,,,,,,,,,,,,,,,,,,,
3151,5200714043,spartanmag,410,34.5,G Cameron Young G Jackson Koivun G Jacob Bridgeman G Ryo Hisatsune G Rasmus Neergaard-Petersen G Nick Taylor,,,,,,,,,,,,,,,,,,,
3151,5200909622,SeasonInspired,410,34.5,G Jackson Koivun G Russell Henley G Hideki Matsuyama G Ryan Gerard G Ben Kohles G Hayden Springer,,,,,,,,,,,,,,,,,,,
3151,5201255805,VegasMoonDog,410,34.5,G Cameron Young G Jackson Koivun G Ryan Gerard G Marco Penge G Matti Schmid G Kevin Roy,,,,,,,,,,,,,,,,,,,
3151,5201258835,eaglesnation83,410,34.5,G Jackson Koivun G Ben Griffin G Ryan Gerard G Michael Brennan G Ryo Hisatsune G Mac Meissner,,,,,,,,,,,,,,,,,,,
3151,5201286358,TonyStank88,410,34.5,G Jackson Koivun G Hideki Matsuyama G Ryan Gerard G Jacob Bridgeman G Ryo Hisatsune G Denny McCarthy,,,,,,,,,,,,,,,,,,,
3151,5201399983,DorbinTolbert,410,34.5,G Jackson Koivun G Russell Henley G Ryan Gerard G Jacob Bridgeman G Ryo Hisatsune G Ben Kohles,,,,,,,,,,,,,,,,,,,
3151,5201480681,Stoneman7459,410,34.5,G Jackson Koivun G Jake Knapp G Ryan Gerard G Michael Brennan G Jacob Bridgeman G Ben Kohles,,,,,,,,,,,,,,,,,,,
3151,5201577026,SethdPark,410,34.5,G Jackson Koivun G Jake Knapp G Ryan Gerard G Michael Brennan G Ryo Hisatsune G Jackson Suber,,,,,,,,,,,,,,,,,,,
3151,5201665165,blueernie,410,34.5,G Jackson Koivun G Ben Griffin G Ryan Gerard G Nicolai Højgaard G Matt Wallace G Ben Kohles,,,,,,,,,,,,,,,,,,,
3151,5201692423,bobsbettergolf,410,34.5,G Jackson Koivun G Jake Knapp G Ryan Gerard G Jordan Spieth G Ryo Hisatsune G Jackson Suber,,,,,,,,,,,,,,,,,,,
3151,5201972920,ziggy8293,410,34.5,G Jackson Koivun G Jake Knapp G J.J. Spaun G Ryan Gerard G Ben Kohles G Beau Hossler,,,,,,,,,,,,,,,,,,,
3151,5201976949,arrownh,410,34.5,G Jackson Koivun G Jake Knapp G Ryan Gerard G Nicolai Højgaard G Jackson Suber G Ben Kohles,,,,,,,,,,,,,,,,,,,
3151,5202094513,Eltee115,410,34.5,G Jackson Koivun G Hideki Matsuyama G Ryan Gerard G Jacob Bridgeman G Ryo Hisatsune G Corey Conners,,,,,,,,,,,,,,,,,,,
3151,5202184769,Jamo50,410,34.5,G Jackson Koivun G Ben Griffin G Jake Knapp G Ryan Gerard G Ben Kohles G Zachary Bauchou,,,,,,,,,,,,,,,,,,,
3151,5202266103,fisherladyh,410,34.5,G Jackson Koivun G Hideki Matsuyama G Ryan Gerard G Jacob Bridgeman G Ryo Hisatsune G Corey Conners,,,,,,,,,,,,,,,,,,,
3151,5202289414,2Songlane,410,34.5,G Jackson Koivun G Hideki Matsuyama G Jake Knapp G Jacob Bridgeman G Corey Conners G Nick Taylor,,,,,,,,,,,,,,,,,,,
3151,5202402062,ahp2jr,410,34.5,G Jackson Koivun G Ben Griffin G Ryan Gerard G Michael Brennan G Ryo Hisatsune G Corey Conners,,,,,,,,,,,,,,,,,,,
3151,5202429529,Triciken1,410,34.5,G Jackson Koivun G Ben Griffin G Ryan Gerard G Jacob Bridgeman G Jordan Spieth G Jackson Suber,,,,,,,,,,,,,,,,,,,
3151,5202635907,bjake05,410,34.5,G Jackson Koivun G Hideki Matsuyama G Jake Knapp G Ryan Gerard G Ben Kohles G Zachary Bauchou,,,,,,,,,,,,,,,,,,,
3151,5202769115,mojordan86,410,34.5,G Jackson Koivun G Hideki Matsuyama G Ryan Gerard G Michael Brennan G Ryo Hisatsune G Corey Conners,,,,,,,,,,,,,,,,,,,
3151,5202891510,ehawk75,410,34.5,G Jackson Koivun G Jake Knapp G Ryan Gerard G Nicolai Højgaard G Ryo Hisatsune G Ben Kohles,,,,,,,,,,,,,,,,,,,
3151,5202973276,MitiasMark,410,34.5,G Cameron Young G Jackson Koivun G Jacob Bridgeman G Ryo Hisatsune G Ben Kohles G Nick Taylor,,,,,,,,,,,,,,,,,,,
3151,5203005165,wmuBR0NC0,410,34.5,G Cameron Young G Jackson Koivun G Russell Henley G Nick Taylor G Sudarshan Yellamaraju G Patrick Rodgers,,,,,,,,,,,,,,,,,,,
3151,5203090089,firemule,410,34.5,G Jackson Koivun G Jake Knapp G Ryan Gerard G Nicolai Højgaard G Jackson Suber G Ben Kohles,,,,,,,,,,,,,,,,,,,
3151,5203094741,jkelle15,410,34.5,G Jackson Koivun G Jake Knapp G Ryan Gerard G Michael Thorbjornsen G Jackson Suber G Ben Kohles,,,,,,,,,,,,,,,,,,,
3151,5202009793,cplo42,408,34.5,G Cameron Young G Si Woo Kim G J.J. Spaun G Ben Kohles G Sudarshan Yellamaraju G Max McGreevy,,,,,,,,,,,,,,,,,,,
3151,5203143317,Nickolasbe,408,34.5,G Cameron Young G Russell Henley G Nicolai Højgaard G Jordan Spieth G Andrew Novak G Ricky Castillo,,,,,,,,,,,,,,,,,,,
3151,5202613682,dshnock,407,34.5,G Hideki Matsuyama G Jake Knapp G Akshay Bhatia G Michael Thorbjornsen G Davis Thompson G Johnny Keefer,,,,,,,,,,,,,,,,,,,
3151,5200672330,jschon73,405,34.5,G Cameron Young G Chris Gotterup G Akshay Bhatia G Jacob Bridgeman G Ben Kohles G Ryan Ruffels,,,,,,,,,,,,,,,,,,,
3151,5201919775,ChiliH2O,405,34.5,G Chris Gotterup G Hideki Matsuyama G Jake Knapp G Akshay Bhatia G Rasmus Neergaard-Petersen G Davis Chatfield,,,,,,,,,,,,,,,,,,,
3151,5201978773,turksquad622,405,34.5,G Chris Gotterup G Hideki Matsuyama G Jake Knapp G Akshay Bhatia G Ben Kohles G Davis Chatfield,,,,,,,,,,,,,,,,,,,
3151,5200934861,Vindex24,404,34.5,G Wyndham Clark G Ben Griffin G Jake Knapp G Akshay Bhatia G Michael Brennan G Davis Chatfield,,,,,,,,,,,,,,,,,,,
3151,5200562571,briangoll912,402,34.5,G Chris Gotterup G Russell Henley G Ben Griffin G Akshay Bhatia G Nicolas Echavarria G Andrew Putnam,,,,,,,,,,,,,,,,,,,
3151,5200949979,nsbwahoo,402,34.5,G Xander Schauffele G Si Woo Kim G Jacob Bridgeman G Davis Thompson G Rasmus Neergaard-Petersen G Zachary Bauchou,,,,,,,,,,,,,,,,,,,
3151,5202791713,Frediuretig,402,34.5,G Chris Gotterup G Hideki Matsuyama G Jake Knapp G Akshay Bhatia G Billy Horschel G Nicolas Echavarria,,,,,,,,,,,,,,,,,,,
3151,5203032524,orl9798,402,34.5,G Xander Schauffele G Si Woo Kim G Marco Penge G Davis Thompson G Rasmus Neergaard-Petersen G Billy Horschel,,,,,,,,,,,,,,,,,,,
3151,5202547254,wfubunn,401,34.5,G Cameron Young G Wyndham Clark G Akshay Bhatia G Michael Brennan G Sungjae Im G Nicolas Echavarria,,,,,,,,,,,,,,,,,,,
3151,5200732181,thedutchrock,400,34.5,G Hideki Matsuyama G Jake Knapp G Ryan Gerard G Akshay Bhatia G Nicolai Højgaard G Chandler Phillips,,,,,,,,,,,,,,,,,,,
3151,5202688097,gotch,400,34.5,G Cameron Young G Ryan Gerard G Akshay Bhatia G Michael Brennan G Ben Kohles G Chandler Phillips,,,,,,,,,,,,,,,,,,,
3151,5202026071,Dencope,399,34.5,G Cameron Young G Si Woo Kim G Jake Knapp G Eric Cole G Nicolas Echavarria G Andrew Putnam,,,,,,,,,,,,,,,,,,,
3151,5201258952,grinder007,395,34.5,G Chris Gotterup G Hideki Matsuyama G Ben Griffin G Jacob Bridgeman G Chandler Phillips G Zac Blair,,,,,,,,,,,,,,,,,,,
3151,5201602497,tripsons,395,34.5,G Cameron Young G Chris Gotterup G Jake Knapp G Ben Kohles G Chandler Phillips G Zac Blair,,,,,,,,,,,,,,,,,,,
3151,5201923057,yardninja,395,34.5,G Cameron Young G Chris Gotterup G Jake Knapp G Ben Kohles G Chandler Phillips G Zac Blair,,,,,,,,,,,,,,,,,,,
3151,5202707178,harkd100,395,34.5,G Cameron Young G Chris Gotterup G Jake Knapp G Ben Kohles G Chandler Phillips G Zac Blair,,,,,,,,,,,,,,,,,,,
3151,5203160891,Branpack20,395,34.5,G Cameron Young G Chris Gotterup G Jake Knapp G Ben Kohles G Chandler Phillips G Zac Blair,,,,,,,,,,,,,,,,,,,
3151,5202600873,Mumms01,393,34.5,G Xander Schauffele G Si Woo Kim G Hideki Matsuyama G Jesper Svensson G Sungjae Im G Chandler Phillips,,,,,,,,,,,,,,,,,,,
3199,5201532095,n_corley10,410,34,G Hideki Matsuyama G Ben Griffin G Jake Knapp G Nicolai Højgaard G Davis Thompson G Emiliano Grillo,,,,,,,,,,,,,,,,,,,
3199,5200631930,gijoe1866,409,34,G Chris Gotterup G Wyndham Clark G Hideki Matsuyama G Rasmus Neergaard-Petersen G Mac Meissner G Zachary Bauchou,,,,,,,,,,,,,,,,,,,
3199,5200761822,phildo44,409,34,G Chris Gotterup G Wyndham Clark G Jake Knapp G Rasmus Neergaard-Petersen G Max Greyserman G Ben Kohles,,,,,,,,,,,,,,,,,,,
3199,5200976795,kirdor25,409,34,G Chris Gotterup G Wyndham Clark G Nicolai Højgaard G Jacob Bridgeman G Ryo Hisatsune G John Parry,,,,,,,,,,,,,,,,,,,
3199,5201410123,scott_t11,409,34,G Chris Gotterup G Wyndham Clark G Jake Knapp G J.J. Spaun G Lee Hodges G Andrew Putnam,,,,,,,,,,,,,,,,,,,
3199,5201866902,jbird49,409,34,G Chris Gotterup G Wyndham Clark G Jake Knapp G Matt Wallace G Ben Kohles G Mac Meissner,,,,,,,,,,,,,,,,,,,
3199,5202050483,sapientz,409,34,G Chris Gotterup G Wyndham Clark G Russell Henley G Corey Conners G Ben Kohles G Lee Hodges,,,,,,,,,,,,,,,,,,,
3199,5202065114,niquisition,409,34,G Chris Gotterup G Wyndham Clark G Russell Henley G Mac Meissner G Jordan L. Smith G Sungjae Im,,,,,,,,,,,,,,,,,,,
3199,5202417666,gorpies,409,34,G Chris Gotterup G Wyndham Clark G Hideki Matsuyama G Ryo Hisatsune G Ben Kohles G Sungjae Im,,,,,,,,,,,,,,,,,,,
3199,5202494214,Evan6855,409,34,G Chris Gotterup G Wyndham Clark G Patrick Cantlay G Ben Griffin G Lee Hodges G William Jennings,,,,,,,,,,,,,,,,,,,
3199,5202980483,Raiderfanatic2195,409,34,G Chris Gotterup G Wyndham Clark G Patrick Cantlay G Rasmus Neergaard-Petersen G Max Greyserman G Sungjae Im,,,,,,,,,,,,,,,,,,,
3199,5203087299,bigakamike,409,34,G Chris Gotterup G Wyndham Clark G Jake Knapp G Nicolai Højgaard G Jackson Suber G Brad Dalke,,,,,,,,,,,,,,,,,,,
3199,5203220593,Fuzz988,409,34,G Cameron Young G Russell Henley G Hideki Matsuyama G Rasmus Neergaard-Petersen G Tony Finau G William Mouw,,,,,,,,,,,,,,,,,,,
3199,5203229251,nickwesterheide,409,34,G Chris Gotterup G Wyndham Clark G Jake Knapp G Jacob Bridgeman G Max Greyserman G Rasmus Højgaard,,,,,,,,,,,,,,,,,,,
3199,5203245640,gumutown,409,34,G Chris Gotterup G Wyndham Clark G Jake Knapp G Jackson Suber G Rasmus Neergaard-Petersen G Beau Hossler,,,,,,,,,,,,,,,,,,,
3199,5201227736,besweens,406,34,G Cameron Young G Jackson Koivun G Russell Henley G Eric Cole G Austin Eckroat G Andrew Putnam,,,,,,,,,,,,,,,,,,,
3199,5202735173,1gilligan,406,34,G Cameron Young G Jackson Koivun G Eric Cole G Ryo Hisatsune G Corey Conners G Mac Meissner,,,,,,,,,,,,,,,,,,,
3199,5202792828,BEN1420,406,34,G Cameron Young G Jackson Koivun G Eric Cole G Ryo Hisatsune G Corey Conners G Ben Kohles,,,,,,,,,,,,,,,,,,,
3199,5203040114,koondog25,406,34,G Jackson Koivun G Hideki Matsuyama G Jake Knapp G Jacob Bridgeman G Eric Cole G Ben Kohles,,,,,,,,,,,,,,,,,,,
3199,5203087388,texasfrog90,406,34,G Jackson Koivun G Ben Griffin G J.J. Spaun G Jordan Spieth G Eric Cole G Ryo Hisatsune,,,,,,,,,,,,,,,,,,,
3199,5201867044,jetman33,405,34,G Jake Knapp G Akshay Bhatia G Nicolai Højgaard G Max Greyserman G Aldrich Potgieter G Neal Shipley,,,,,,,,,,,,,,,,,,,
3199,5202274878,mybabywendy,405,34,G Xander Schauffele G Jake Knapp G Harris English G Corey Conners G Johnny Keefer G Aldrich Potgieter,,,,,,,,,,,,,,,,,,,
3199,5203063070,teambergey,405,34,G Xander Schauffele G Jake Knapp G Ryan Gerard G Nicolai Højgaard G Jackson Suber G Davis Chatfield,,,,,,,,,,,,,,,,,,,
3199,5200944394,nathanlucas1302,403,34,G Si Woo Kim G Jake Knapp G Akshay Bhatia G Michael Brennan G Davis Thompson G Jackson Suber,,,,,,,,,,,,,,,,,,,
3199,5202250224,URWHOUR,403,34,G Si Woo Kim G Ben Griffin G Akshay Bhatia G Jacob Bridgeman G Davis Thompson G Denny McCarthy,,,,,,,,,,,,,,,,,,,
3199,5202665337,gary526,403,34,G Si Woo Kim G Jake Knapp G Akshay Bhatia G Jacob Bridgeman G Davis Thompson G Ben Kohles,,,,,,,,,,,,,,,,,,,
3199,5203117917,Pizzat00,403,34,G Si Woo Kim G Ben Griffin G Akshay Bhatia G Jacob Bridgeman G Davis Thompson G Corey Conners,,,,,,,,,,,,,,,,,,,
3199,5203243673,aroy945,403,34,G Si Woo Kim G Ben Griffin G Akshay Bhatia G Jacob Bridgeman G Davis Thompson G Denny McCarthy,,,,,,,,,,,,,,,,,,,
3199,5203102206,Spedly,402,34,G Xander Schauffele G Patrick Cantlay G Ryan Gerard G Jacob Bridgeman G Max Greyserman G Nicolas Echavarria,,,,,,,,,,,,,,,,,,,
3199,5200840288,TheodoreTodd,399,34,G Si Woo Kim G Hideki Matsuyama G Jake Knapp G Ryan Gerard G Ben Kohles G Austin Smotherman,,,,,,,,,,,,,,,,,,,
3199,5201867892,Shredder12,399,34,G Cameron Young G Si Woo Kim G Ryan Gerard G Jacob Bridgeman G Austin Smotherman G Patrick Rodgers,,,,,,,,,,,,,,,,,,,
3230,5201040420,playit,412,33.5,G Cameron Young G Jackson Koivun G Jake Knapp G Corey Conners G Sam Stevens G Andrew Putnam,,,,,,,,,,,,,,,,,,,
3230,5201295538,gianteck,412,33.5,G Jackson Koivun G Russell Henley G Jake Knapp G Jackson Suber G Doug Ghim G Ben Kohles,,,,,,,,,,,,,,,,,,,
3230,5202085596,the4amigos,412,33.5,G Cameron Young G Jackson Koivun G Jacob Bridgeman G Jackson Suber G Doug Ghim G Ben Kohles,,,,,,,,,,,,,,,,,,,
3230,5202502982,racksinthesafe,412,33.5,G Jackson Koivun G Hideki Matsuyama G Harris English G Jacob Bridgeman G Jordan Spieth G Doug Ghim,,,,,,,,,,,,,,,,,,,
3230,5203145052,courtlenv,409,33.5,G Russell Henley G Patrick Cantlay G Hideki Matsuyama G J.J. Spaun G Kevin Yu G Chandler Phillips,,,,,,,,,,,,,,,,,,,
3230,5203168161,jpete16,409,33.5,G Cameron Young G Jake Knapp G J.J. Spaun G Michael Brennan G Kevin Yu G Chandler Phillips,,,,,,,,,,,,,,,,,,,
3230,5200612370,Sportmeister77,408,33.5,G Chris Gotterup G Ben Griffin G Jake Knapp G Jacob Bridgeman G Ben Kohles G Christiaan Bezuidenhout,,,,,,,,,,,,,,,,,,,
3230,5200709169,tynans1,408,33.5,G Chris Gotterup G Russell Henley G Hideki Matsuyama G Jacob Bridgeman G Christiaan Bezuidenhout G Matti Schmid,,,,,,,,,,,,,,,,,,,
3230,5200791282,jwhitsitt07,408,33.5,G Cameron Young G Chris Gotterup G Jordan Spieth G Rasmus Neergaard-Petersen G Ben Kohles G Christiaan Bezuidenhout,,,,,,,,,,,,,,,,,,,
3230,5201082830,JDENNIS22,408,33.5,G Cameron Young G Chris Gotterup G Jacob Bridgeman G Ryo Hisatsune G Christiaan Bezuidenhout G Rasmus Højgaard,,,,,,,,,,,,,,,,,,,
3230,5201214964,tommies02,408,33.5,G Chris Gotterup G Hideki Matsuyama G Ben Griffin G Denny McCarthy G Rasmus Neergaard-Petersen G Christiaan Bezuidenhout,,,,,,,,,,,,,,,,,,,
3230,5201286395,masterpick1973,408,33.5,G Chris Gotterup G Hideki Matsuyama G Jake Knapp G Ryo Hisatsune G Ben Kohles G Christiaan Bezuidenhout,,,,,,,,,,,,,,,,,,,
3230,5201563153,mladwig,408,33.5,G Chris Gotterup G Russell Henley G J.J. Spaun G Ryo Hisatsune G Christiaan Bezuidenhout G Kevin Roy,,,,,,,,,,,,,,,,,,,
3230,5201703943,lon00,408,33.5,G Chris Gotterup G Russell Henley G Jake Knapp G Rasmus Neergaard-Petersen G Ben Kohles G Christiaan Bezuidenhout,,,,,,,,,,,,,,,,,,,
3230,5201875358,illinifan13,408,33.5,G Chris Gotterup G Hideki Matsuyama G Jake Knapp G Corey Conners G Ben Kohles G Christiaan Bezuidenhout,,,,,,,,,,,,,,,,,,,
3230,5201961042,Kellscrawford,408,33.5,G Chris Gotterup G Russell Henley G Hideki Matsuyama G Rasmus Neergaard-Petersen G Ben Kohles G Christiaan Bezuidenhout,,,,,,,,,,,,,,,,,,,
3230,5202560897,dvysion,408,33.5,G Chris Gotterup G Hideki Matsuyama G Jacob Bridgeman G Ryo Hisatsune G Corey Conners G Christiaan Bezuidenhout,,,,,,,,,,,,,,,,,,,
3230,5202576836,huskerjimr,408,33.5,G Cameron Young G Chris Gotterup G Jordan Spieth G Rasmus Neergaard-Petersen G Ben Kohles G Christiaan Bezuidenhout,,,,,,,,,,,,,,,,,,,
3230,5202594990,betarunner,408,33.5,G Chris Gotterup G Russell Henley G J.J. Spaun G Jackson Suber G Ben Kohles G Christiaan Bezuidenhout,,,,,,,,,,,,,,,,,,,
3230,5202721625,valdaig,408,33.5,G Cameron Young G Chris Gotterup G Ryo Hisatsune G Jackson Suber G Ben Kohles G Christiaan Bezuidenhout,,,,,,,,,,,,,,,,,,,
3230,5202721626,musicman777,408,33.5,G Cameron Young G Chris Gotterup G Jacob Bridgeman G Mac Meissner G Christiaan Bezuidenhout G Zachary Bauchou,,,,,,,,,,,,,,,,,,,
3230,5202793429,Floberto,408,33.5,G Chris Gotterup G Hideki Matsuyama G Jake Knapp G Jordan Spieth G Rasmus Neergaard-Petersen G Christiaan Bezuidenhout,,,,,,,,,,,,,,,,,,,
3230,5202968401,RichyZambora,408,33.5,G Cameron Young G Chris Gotterup G Nicolai Højgaard G Christiaan Bezuidenhout G Matthew McCarty G John Parry,,,,,,,,,,,,,,,,,,,
3230,5200576891,Kount_Kushmoore,407,33.5,G Cameron Young G Wyndham Clark G Jacob Bridgeman G Ryo Hisatsune G Rasmus Neergaard-Petersen G Christiaan Bezuidenhout,,,,,,,,,,,,,,,,,,,
3230,5200979397,famu47ac,407,33.5,G Wyndham Clark G Patrick Cantlay G Harris English G Jacob Bridgeman G Ryo Hisatsune G Christiaan Bezuidenhout,,,,,,,,,,,,,,,,,,,
3230,5201315096,pico3,407,33.5,G Cameron Young G Wyndham Clark G Russell Henley G Christiaan Bezuidenhout G Sudarshan Yellamaraju G Andrew Putnam,,,,,,,,,,,,,,,,,,,
3230,5201881715,pjr51man,407,33.5,G Wyndham Clark G Hideki Matsuyama G Jake Knapp G Jacob Bridgeman G Corey Conners G Christiaan Bezuidenhout,,,,,,,,,,,,,,,,,,,
3230,5202077414,keenmachine48,407,33.5,G Wyndham Clark G Russell Henley G Hideki Matsuyama G Jacob Bridgeman G Ben Kohles G Christiaan Bezuidenhout,,,,,,,,,,,,,,,,,,,
3230,5202242686,45stoirtap,407,33.5,G Cameron Young G Wyndham Clark G Michael Thorbjornsen G Rasmus Neergaard-Petersen G Christiaan Bezuidenhout G Jordan L. Smith,,,,,,,,,,,,,,,,,,,
3230,5202294495,biggene6,407,33.5,G Cameron Young G Wyndham Clark G Harris English G Jackson Suber G Christiaan Bezuidenhout G Zachary Bauchou,,,,,,,,,,,,,,,,,,,
3230,5202788104,tgarb529,407,33.5,G Cameron Young G Wyndham Clark G Nicolai Højgaard G Ryo Hisatsune G Christiaan Bezuidenhout G John Parry,,,,,,,,,,,,,,,,,,,
3230,5203138852,BRAHMABULL1968,404,33.5,G Cameron Young G Xander Schauffele G Si Woo Kim G Matti Schmid G Pontus Nyholm G Matthieu Pavon,,,,,,,,,,,,,,,,,,,
3230,5202226214,jeskidd,403,33.5,G Cameron Young G Patrick Cantlay G Akshay Bhatia G Jacob Bridgeman G Nick Taylor G Nicolas Echavarria,,,,,,,,,,,,,,,,,,,
3230,5201269934,mlief,400,33.5,G Xander Schauffele G Si Woo Kim G Patrick Cantlay G Mac Meissner G Sungjae Im G William Mouw,,,,,,,,,,,,,,,,,,,
3230,5202353979,jkennedy4,400,33.5,G Wyndham Clark G Russell Henley G Patrick Cantlay G Hideki Matsuyama G Davis Chatfield G Zac Blair,,,,,,,,,,,,,,,,,,,
3230,5200859617,Cabulance34,399,33.5,G Chris Gotterup G Si Woo Kim G Jake Knapp G Jackson Suber G Max Greyserman G Lucas Glover,,,,,,,,,,,,,,,,,,,
3230,5201526461,RandyOutdoors,399,33.5,G Jackson Koivun G Hideki Matsuyama G Jake Knapp G Michael Thorbjornsen G Davis Thompson G Chandler Phillips,,,,,,,,,,,,,,,,,,,
3230,5202539617,wiggy0302,399,33.5,G Jackson Koivun G Russell Henley G Hideki Matsuyama G Michael Brennan G Davis Thompson G Chandler Phillips,,,,,,,,,,,,,,,,,,,
3230,5201107181,abuf93,398,33.5,G Cameron Young G Jackson Koivun G Akshay Bhatia G Ben Kohles G Jordan L. Smith G Lucas Glover,,,,,,,,,,,,,,,,,,,
3230,5201635179,nascar975,398,33.5,G Si Woo Kim G Wyndham Clark G Hideki Matsuyama G Michael Brennan G Ben Kohles G Lucas Glover,,,,,,,,,,,,,,,,,,,
3230,5202175842,daleyes,398,33.5,G Jackson Koivun G Russell Henley G Jake Knapp G Akshay Bhatia G Ben Kohles G Lucas Glover,,,,,,,,,,,,,,,,,,,
3230,5201347338,milehighplaya7,335,33.5,G Wyndham Clark G Jake Knapp G J.J. Spaun G Brooks Koepka G Jacob Bridgeman G Christiaan Bezuidenhout,,,,,,,,,,,,,,,,,,,
3272,5200876158,runitback20,414,33,G Si Woo Kim G Patrick Cantlay G Hideki Matsuyama G Jacob Bridgeman G Jordan L. Smith G Mackenzie Hughes,,,,,,,,,,,,,,,,,,,
3272,5201308820,kzfor3baby,414,33,G Cameron Young G Si Woo Kim G Jordan Spieth G Denny McCarthy G Ben Kohles G Mackenzie Hughes,,,,,,,,,,,,,,,,,,,
3272,5200567556,demanufacture714,411,33,G Chris Gotterup G Patrick Cantlay G Ryan Gerard G Jacob Bridgeman G Mac Meissner G Jordan L. Smith,,,,,,,,,,,,,,,,,,,
3272,5200653014,Knorman413,411,33,G Chris Gotterup G Jake Knapp G Ryan Gerard G Jacob Bridgeman G Ryo Hisatsune G Ben Kohles,,,,,,,,,,,,,,,,,,,
3272,5200828543,connorplatt3,411,33,G Chris Gotterup G J.J. Spaun G Ryan Gerard G Nicolai Højgaard G Rasmus Neergaard-Petersen G Jordan L. Smith,,,,,,,,,,,,,,,,,,,
3272,5200853409,oldmot,411,33,G Chris Gotterup G Hideki Matsuyama G Jake Knapp G Ryo Hisatsune G Corey Conners G Nick Taylor,,,,,,,,,,,,,,,,,,,
3272,5200854425,PittYinzer66,411,33,G Chris Gotterup G Jake Knapp G Ryan Gerard G Jackson Suber G Corey Conners G Ben Kohles,,,,,,,,,,,,,,,,,,,
3272,5200948217,dgreenwaldt,411,33,G Chris Gotterup G Ben Griffin G Ryan Gerard G Michael Brennan G Jackson Suber G Ben Kohles,,,,,,,,,,,,,,,,,,,
3272,5201033571,Brodog1110,411,33,G Chris Gotterup G Ryan Gerard G Michael Thorbjornsen G Michael Brennan G Jacob Bridgeman G Corey Conners,,,,,,,,,,,,,,,,,,,
3272,5201114982,sman62,411,33,G Chris Gotterup G Jake Knapp G Ryan Gerard G Jacob Bridgeman G Jackson Suber G Ben Kohles,,,,,,,,,,,,,,,,,,,
3272,5201340807,swise1994,411,33,G Chris Gotterup G Ben Griffin G Ryan Gerard G Michael Thorbjornsen G Corey Conners G Zecheng Dou,,,,,,,,,,,,,,,,,,,
3272,5201412431,DWKowall,411,33,G Chris Gotterup G Russell Henley G Ryan Gerard G Jacob Bridgeman G Rasmus Neergaard-Petersen G John Parry,,,,,,,,,,,,,,,,,,,
3272,5201492702,S.Springco,411,33,G Chris Gotterup G J.J. Spaun G Ryan Gerard G Nicolai Højgaard G Ryo Hisatsune G Zachary Bauchou,,,,,,,,,,,,,,,,,,,
3272,5201535920,DustinD14,411,33,G Cameron Young G Chris Gotterup G Ryan Gerard G Jordan L. Smith G Sungjae Im G Zachary Bauchou,,,,,,,,,,,,,,,,,,,
3272,5201621030,markl1420,411,33,G Cameron Young G Chris Gotterup G Ryo Hisatsune G Jackson Suber G Rasmus Neergaard-Petersen G Nick Taylor,,,,,,,,,,,,,,,,,,,
3272,5201951764,nza777,411,33,G Chris Gotterup G Jake Knapp G Ryan Gerard G Michael Thorbjornsen G Ben Kohles G Jordan L. Smith,,,,,,,,,,,,,,,,,,,
3272,5202041890,lazer14,411,33,G Chris Gotterup G Jake Knapp G Ryan Gerard G Michael Brennan G Jacob Bridgeman G John Parry,,,,,,,,,,,,,,,,,,,
3272,5202114277,eldave1975,411,33,G Chris Gotterup G Hideki Matsuyama G Ryan Gerard G Jordan Spieth G Corey Conners G Mac Meissner,,,,,,,,,,,,,,,,,,,
3272,5202156768,ynot4greg21,411,33,G Chris Gotterup G Russell Henley G Ryan Gerard G Corey Conners G Rasmus Neergaard-Petersen G Jordan L. Smith,,,,,,,,,,,,,,,,,,,
3272,5202157087,JackSevenSuited,411,33,G Chris Gotterup G J.J. Spaun G Ryan Gerard G Jacob Bridgeman G Ryo Hisatsune G Ben Kohles,,,,,,,,,,,,,,,,,,,
3272,5202171650,Jherman86,411,33,G Chris Gotterup G Ben Griffin G Jake Knapp G Ryan Gerard G Sudarshan Yellamaraju G Matti Schmid,,,,,,,,,,,,,,,,,,,
3272,5202230963,dloysong,411,33,G Chris Gotterup G Ben Griffin G Ryan Gerard G Michael Brennan G Jackson Suber G Ben Kohles,,,,,,,,,,,,,,,,,,,
3272,5202422696,davidarussellii,411,33,G Cameron Young G Chris Gotterup G Nicolai Højgaard G Jordan L. Smith G Nick Taylor G Sungjae Im,,,,,,,,,,,,,,,,,,,
3272,5202447011,Rizzoseachickens,411,33,G Chris Gotterup G Patrick Cantlay G Ben Griffin G Ryan Gerard G Ben Kohles G Brad Dalke,,,,,,,,,,,,,,,,,,,
3272,5202677388,kevinu182,411,33,G Chris Gotterup G Russell Henley G Ryan Gerard G Nicolai Højgaard G Jackson Suber G Andrew Putnam,,,,,,,,,,,,,,,,,,,
3272,5202750454,bertosf49ers,411,33,G Chris Gotterup G Jake Knapp G Ryan Gerard G Jacob Bridgeman G Ryo Hisatsune G Mac Meissner,,,,,,,,,,,,,,,,,,,
3272,5202788730,Benay,411,33,G Chris Gotterup G Russell Henley G Ryan Gerard G Jacob Bridgeman G Ben Kohles G Jordan L. Smith,,,,,,,,,,,,,,,,,,,
3272,5202811882,Snowbird56,411,33,G Chris Gotterup G Hideki Matsuyama G Jake Knapp G Jacob Bridgeman G Nick Taylor G Beau Hossler,,,,,,,,,,,,,,,,,,,
3272,5202843289,baglasson,411,33,G Chris Gotterup G Ben Griffin G Ryan Gerard G Michael Thorbjornsen G Corey Conners G Sungjae Im,,,,,,,,,,,,,,,,,,,
3272,5202891198,cantfademe,411,33,G Chris Gotterup G Patrick Cantlay G Ryan Gerard G Jacob Bridgeman G Mac Meissner G Jordan L. Smith,,,,,,,,,,,,,,,,,,,
3272,5202893126,rhett727,411,33,G Cameron Young G Chris Gotterup G Jacob Bridgeman G Ryo Hisatsune G Nick Taylor G John Parry,,,,,,,,,,,,,,,,,,,
3272,5202942153,hhowe97,411,33,G Cameron Young G Chris Gotterup G Russell Henley G Nick Taylor G Tom Hoge G Andrew Putnam,,,,,,,,,,,,,,,,,,,
3272,5203013574,rmartins2323,411,33,G Chris Gotterup G Ben Griffin G Ryan Gerard G Jacob Bridgeman G Ryo Hisatsune G Jordan L. Smith,,,,,,,,,,,,,,,,,,,
3272,5203064217,joresendez,411,33,G Chris Gotterup G Hideki Matsuyama G Harris English G Jacob Bridgeman G Corey Conners G Nick Taylor,,,,,,,,,,,,,,,,,,,
3272,5203066678,bblaze4,411,33,G Chris Gotterup G Jake Knapp G Ryan Gerard G Michael Brennan G Jackson Suber G Ben Kohles,,,,,,,,,,,,,,,,,,,
3272,5203072477,Msquared06,411,33,G Chris Gotterup G Ben Griffin G Ryan Gerard G Ryo Hisatsune G Jackson Suber G Corey Conners,,,,,,,,,,,,,,,,,,,
3272,5203163156,Bubskii420,411,33,G Chris Gotterup G Jake Knapp G Ryan Gerard G Michael Thorbjornsen G Max Greyserman G Ben Kohles,,,,,,,,,,,,,,,,,,,
3272,5203264897,KING--13,411,33,G Cameron Young G Chris Gotterup G Jacob Bridgeman G Corey Conners G Nick Taylor G John Parry,,,,,,,,,,,,,,,,,,,
3272,5200890891,MFDUDE,410,33,G Cameron Young G Wyndham Clark G Ryan Gerard G Jackson Suber G Ben Kohles G A.J. Ewart,,,,,,,,,,,,,,,,,,,
3272,5200900570,didi2009,410,33,G Wyndham Clark G Hideki Matsuyama G Ben Griffin G Ryan Gerard G Sungjae Im G Matti Schmid,,,,,,,,,,,,,,,,,,,
3272,5200917935,Jukno,410,33,G Wyndham Clark G Russell Henley G Jake Knapp G Ryan Gerard G Jackson Suber G Andrew Putnam,,,,,,,,,,,,,,,,,,,
3272,5200925600,downtown1017,410,33,G Cameron Young G Wyndham Clark G Ryan Gerard G Michael Thorbjornsen G Zachary Bauchou G Chandler Blanchet,,,,,,,,,,,,,,,,,,,
3272,5201095336,TDnBeer35,410,33,G Wyndham Clark G Russell Henley G Jake Knapp G Ryan Gerard G Ben Kohles G Kevin Roy,,,,,,,,,,,,,,,,,,,
3272,5201112751,npj023,410,33,G Wyndham Clark G Jake Knapp G Ryan Gerard G Michael Thorbjornsen G Ryo Hisatsune G Jackson Suber,,,,,,,,,,,,,,,,,,,
3272,5201231582,getpar,410,33,G Cameron Young G Wyndham Clark G Ryan Gerard G Mac Meissner G Jordan L. Smith G Sungjae Im,,,,,,,,,,,,,,,,,,,
3272,5201442347,cedric31,410,33,G Wyndham Clark G Russell Henley G Patrick Cantlay G Ryo Hisatsune G Corey Conners G Nick Taylor,,,,,,,,,,,,,,,,,,,
3272,5201450530,UncleDubs22,410,33,G Wyndham Clark G Hideki Matsuyama G Ryan Gerard G Jacob Bridgeman G Jackson Suber G Jordan L. Smith,,,,,,,,,,,,,,,,,,,
3272,5201612363,GARY1215,410,33,G Wyndham Clark G Jake Knapp G Ryan Gerard G Nicolai Højgaard G Jackson Suber G Ben Kohles,,,,,,,,,,,,,,,,,,,
3272,5201892994,Kit9876,410,33,G Wyndham Clark G Russell Henley G Hideki Matsuyama G Jacob Bridgeman G Nick Taylor G Sudarshan Yellamaraju,,,,,,,,,,,,,,,,,,,
3272,5202180113,zwall10,410,33,G Wyndham Clark G Jake Knapp G Ryan Gerard G Michael Brennan G Marco Penge G Jackson Suber,,,,,,,,,,,,,,,,,,,
3272,5202219293,Hmelnicky,410,33,G Wyndham Clark G Jake Knapp G Ryan Gerard G Nicolai Højgaard G Jackson Suber G Denny McCarthy,,,,,,,,,,,,,,,,,,,
3272,5202422693,kegsley,410,33,G Cameron Young G Wyndham Clark G Michael Thorbjornsen G Ryo Hisatsune G Jordan L. Smith G Nick Taylor,,,,,,,,,,,,,,,,,,,
3272,5202429520,meghannault,410,33,G Cameron Young G Wyndham Clark G Ryan Gerard G Ben Kohles G Jordan L. Smith G Sungjae Im,,,,,,,,,,,,,,,,,,,
3272,5202432562,tpearce23,410,33,G Wyndham Clark G Hideki Matsuyama G Ryan Gerard G Jacob Bridgeman G Ryo Hisatsune G Denny McCarthy,,,,,,,,,,,,,,,,,,,
3272,5202541772,jbass2115,410,33,G Wyndham Clark G Russell Henley G Hideki Matsuyama G Ryan Gerard G Billy Horschel G Kevin Roy,,,,,,,,,,,,,,,,,,,
3272,5202589831,TexCreelo,410,33,G Wyndham Clark G Jake Knapp G Ryan Gerard G Jacob Bridgeman G Jordan Spieth G Corey Conners,,,,,,,,,,,,,,,,,,,
3272,5202916301,FiveBands,410,33,G Wyndham Clark G Jake Knapp G Ryan Gerard G Nicolai Højgaard G Jackson Suber G Rasmus Neergaard-Petersen,,,,,,,,,,,,,,,,,,,
3272,5203104759,Shane-o-Mac7,410,33,G Wyndham Clark G Russell Henley G Ryan Gerard G Jackson Suber G Corey Conners G Rasmus Neergaard-Petersen,,,,,,,,,,,,,,,,,,,
3272,5203145497,jimmygo89,410,33,G Wyndham Clark G Hideki Matsuyama G Ryan Gerard G Jacob Bridgeman G Jordan Spieth G Corey Conners,,,,,,,,,,,,,,,,,,,
3272,5203171501,kingcraig308,410,33,G Cameron Young G Wyndham Clark G Russell Henley G Ben Kohles G Nick Taylor G David Lipsky,,,,,,,,,,,,,,,,,,,
3272,5203202370,husseyr,410,33,G Wyndham Clark G Jake Knapp G Ryan Gerard G Jacob Bridgeman G Ryo Hisatsune G Jackson Suber,,,,,,,,,,,,,,,,,,,
3272,5203250004,daviddrd,410,33,G Wyndham Clark G Hideki Matsuyama G Ryan Gerard G Jacob Bridgeman G Ryo Hisatsune G Corey Conners,,,,,,,,,,,,,,,,,,,
3272,5203261932,rkade15,410,33,G Wyndham Clark G Jake Knapp G Ryan Gerard G Michael Thorbjornsen G Marco Penge G Ben Kohles,,,,,,,,,,,,,,,,,,,
3272,5202498907,brianb82,409,33,G Cameron Young G Ben Griffin G Jake Knapp G Max Greyserman G Aldrich Potgieter G Emiliano Grillo,,,,,,,,,,,,,,,,,,,
3272,5200997026,shatts14,408,33,G Cameron Young G Ben Griffin G Akshay Bhatia G Jackson Suber G Pierceson Coody G Benjamin James,,,,,,,,,,,,,,,,,,,
3272,5201495804,bradyboy1255,404,33,G Cameron Young G Chris Gotterup G Jacob Bridgeman G Jackson Suber G Benjamin James G William Mouw,,,,,,,,,,,,,,,,,,,
3272,5202177490,nicebreastbro,404,33,G Hideki Matsuyama G Jake Knapp G J.J. Spaun G Ryan Gerard G Johnny Keefer G Lucas Glover,,,,,,,,,,,,,,,,,,,
3272,5202659030,TrevorJ40,403,33,G Si Woo Kim G Russell Henley G Ben Griffin G Ryan Gerard G Kevin Roy G Aaron Wise,,,,,,,,,,,,,,,,,,,
3272,5200913395,ckerby59,402,33,G Xander Schauffele G Patrick Cantlay G Akshay Bhatia G Davis Thompson G Corey Conners G Sungjae Im,,,,,,,,,,,,,,,,,,,
3272,5201090696,hanzy9983,402,33,G Xander Schauffele G Hideki Matsuyama G Akshay Bhatia G Davis Thompson G Jordan Spieth G Billy Horschel,,,,,,,,,,,,,,,,,,,
3272,5200575721,smr5240,401,33,G Si Woo Kim G J.J. Spaun G Akshay Bhatia G Nicolai Højgaard G Michael Thorbjornsen G William Mouw,,,,,,,,,,,,,,,,,,,
3272,5202186936,tyler_hoy,401,33,G Cameron Young G Wyndham Clark G Davis Thompson G Denny McCarthy G Ben Kohles G Aldrich Potgieter,,,,,,,,,,,,,,,,,,,
3272,5202965218,Mikeyisballa,401,33,G Chris Gotterup G Hideki Matsuyama G J.J. Spaun G Jacob Bridgeman G Davis Thompson G William Mouw,,,,,,,,,,,,,,,,,,,
3272,5203180139,edtwandmac,400,33,G Wyndham Clark G Hideki Matsuyama G Jake Knapp G Nicolai Højgaard G Davis Thompson G William Mouw,,,,,,,,,,,,,,,,,,,
3272,5200632650,bledsoe417,399,33,G Cameron Young G Akshay Bhatia G Nicolai Højgaard G Michael Thorbjornsen G Eric Cole G Nicolas Echavarria,,,,,,,,,,,,,,,,,,,
3272,5202386339,kalibroda,399,33,G Si Woo Kim G Russell Henley G Jake Knapp G Michael Brennan G Davis Thompson G Zac Blair,,,,,,,,,,,,,,,,,,,
3348,5203116399,BostonStrong2013,425,32.5,G Cameron Young G Russell Henley G Hideki Matsuyama G Jacob Bridgeman G Kevin Roy G Gordon Sargent,,,,,,,,,,,,,,,,,,,
3348,5200705070,forbesti91,414,32.5,G Jackson Koivun G Ben Griffin G J.J. Spaun G Marco Penge G Denny McCarthy G Johnny Keefer,,,,,,,,,,,,,,,,,,,
3348,5200846961,chuckyduce,414,32.5,G Cameron Young G Jackson Koivun G Jake Knapp G Johnny Keefer G Kris Ventura G Matti Schmid,,,,,,,,,,,,,,,,,,,
3348,5201289646,Rockstar18,414,32.5,G Cameron Young G Jackson Koivun G Jacob Bridgeman G Johnny Keefer G John Parry G Cameron Davis,,,,,,,,,,,,,,,,,,,
3348,5201771544,BobSA903,414,32.5,G Jackson Koivun G Ben Griffin G Jake Knapp G Jacob Bridgeman G Ryo Hisatsune G Johnny Keefer,,,,,,,,,,,,,,,,,,,
3348,5201893055,kacarrozza,414,32.5,G Jackson Koivun G Hideki Matsuyama G Jake Knapp G Michael Brennan G Jackson Suber G Johnny Keefer,,,,,,,,,,,,,,,,,,,
3348,5201918020,bluemoran21,414,32.5,G Cameron Young G Jackson Koivun G Ryo Hisatsune G Jackson Suber G Johnny Keefer G Mac Meissner,,,,,,,,,,,,,,,,,,,
3348,5202454191,MJG83,414,32.5,G Cameron Young G Jackson Koivun G Marco Penge G Jackson Suber G Johnny Keefer G Ben Kohles,,,,,,,,,,,,,,,,,,,
3348,5202746674,mskellett,414,32.5,G Cameron Young G Jackson Koivun G Michael Thorbjornsen G Jackson Suber G Johnny Keefer G Billy Horschel,,,,,,,,,,,,,,,,,,,
3348,5202856158,otherwiseob,414,32.5,G Jackson Koivun G Patrick Cantlay G Hideki Matsuyama G Ryo Hisatsune G Jackson Suber G Johnny Keefer,,,,,,,,,,,,,,,,,,,
3348,5202937395,ironmikesharpe,414,32.5,G Jackson Koivun G Jake Knapp G Nicolai Højgaard G Michael Thorbjornsen G Michael Brennan G Johnny Keefer,,,,,,,,,,,,,,,,,,,
3348,5200907879,nuck7777,409,32.5,G Si Woo Kim G Russell Henley G Patrick Cantlay G J.J. Spaun G Matthew McCarty G Mark Hubbard,,,,,,,,,,,,,,,,,,,
3348,5201029219,WeezyBear26,409,32.5,G Cameron Young G Ryan Gerard G Harris English G Ryo Hisatsune G Jackson Suber G Christiaan Bezuidenhout,,,,,,,,,,,,,,,,,,,
3348,5201292619,JchrisSon,409,32.5,G Hideki Matsuyama G Ben Griffin G Jake Knapp G Ryan Gerard G Rasmus Neergaard-Petersen G Christiaan Bezuidenhout,,,,,,,,,,,,,,,,,,,
3348,5202272106,Bohica2u,409,32.5,G Cameron Young G J.J. Spaun G Ryan Gerard G Rasmus Neergaard-Petersen G Ben Kohles G Christiaan Bezuidenhout,,,,,,,,,,,,,,,,,,,
3348,5202714447,steaminturds,409,32.5,G Cameron Young G Jake Knapp G Ryan Gerard G Jackson Suber G Ben Kohles G Christiaan Bezuidenhout,,,,,,,,,,,,,,,,,,,
3348,5202907494,jjral11,409,32.5,G Cameron Young G Jake Knapp G Ryan Gerard G Jackson Suber G Ben Kohles G Christiaan Bezuidenhout,,,,,,,,,,,,,,,,,,,
3348,5202862761,SWGraff,408,32.5,G Cameron Young G Jackson Koivun G Russell Henley G Benjamin James G Zecheng Dou G Davis Chatfield,,,,,,,,,,,,,,,,,,,
3348,5201077387,MileHighManiacs,407,32.5,G Chris Gotterup G Ben Griffin G Michael Thorbjornsen G Jacob Bridgeman G Eric Cole G Ryo Hisatsune,,,,,,,,,,,,,,,,,,,
3348,5201104810,putter125,407,32.5,G Cameron Young G Chris Gotterup G Michael Thorbjornsen G Eric Cole G Max Greyserman G Andrew Putnam,,,,,,,,,,,,,,,,,,,
3348,5201402573,scottynono,407,32.5,G Chris Gotterup G Ben Griffin G J.J. Spaun G Eric Cole G Corey Conners G Max Greyserman,,,,,,,,,,,,,,,,,,,
3348,5202240167,Passat01,407,32.5,G Chris Gotterup G Hideki Matsuyama G Jake Knapp G Eric Cole G Jackson Suber G Ben Kohles,,,,,,,,,,,,,,,,,,,
3348,5202320955,NickDvorak11,407,32.5,G Chris Gotterup G Russell Henley G Ben Griffin G Jacob Bridgeman G Eric Cole G Andrew Putnam,,,,,,,,,,,,,,,,,,,
3348,5202350045,Joshdre,407,32.5,G Chris Gotterup G Hideki Matsuyama G Jake Knapp G Jacob Bridgeman G Eric Cole G Andrew Putnam,,,,,,,,,,,,,,,,,,,
3348,5202545045,lottopapayo,407,32.5,G Chris Gotterup G Patrick Cantlay G Nicolai Højgaard G Eric Cole G Denny McCarthy G Corey Conners,,,,,,,,,,,,,,,,,,,
3348,5203000083,Yukon2017,407,32.5,G Cameron Young G Chris Gotterup G Michael Thorbjornsen G Jacob Bridgeman G Eric Cole G Rafael Campos,,,,,,,,,,,,,,,,,,,
3348,5203266056,johnnyquad54,407,32.5,G Chris Gotterup G Hideki Matsuyama G Ben Griffin G Jacob Bridgeman G Eric Cole G A.J. Ewart,,,,,,,,,,,,,,,,,,,
3348,5201075273,Skye9999,406,32.5,G Wyndham Clark G Hideki Matsuyama G J.J. Spaun G Jacob Bridgeman G Eric Cole G Corey Conners,,,,,,,,,,,,,,,,,,,
3348,5201504290,heathrkinnear,406,32.5,G Cameron Young G Wyndham Clark G Eric Cole G Ryo Hisatsune G Corey Conners G Ben Kohles,,,,,,,,,,,,,,,,,,,
3348,5201879800,bmaggard1975,406,32.5,G Wyndham Clark G Patrick Cantlay G Harris English G Eric Cole G Ryo Hisatsune G Corey Conners,,,,,,,,,,,,,,,,,,,
3348,5202230900,deuce0819,406,32.5,G Wyndham Clark G Ben Griffin G Jake Knapp G Eric Cole G Ryo Hisatsune G Jackson Suber,,,,,,,,,,,,,,,,,,,
3348,5202591370,SoloSing11,406,32.5,G Wyndham Clark G Jake Knapp G J.J. Spaun G Michael Brennan G Eric Cole G Jackson Suber,,,,,,,,,,,,,,,,,,,
3348,5202504899,ckuykendall84,404,32.5,G Cameron Young G Hideki Matsuyama G Jake Knapp G Eric Cole G Denny McCarthy G Joel Dahmen,,,,,,,,,,,,,,,,,,,
3348,5202975012,kidrock300,400,32.5,G Si Woo Kim G Patrick Cantlay G Ryan Gerard G Michael Thorbjornsen G Jackson Suber G Lucas Glover,,,,,,,,,,,,,,,,,,,
3348,5203085048,alexcolts24,400,32.5,G Cameron Young G Wyndham Clark G Jake Knapp G Pierceson Coody G Sungjae Im G Lucas Glover,,,,,,,,,,,,,,,,,,,
3348,5201883481,bbreeder,399,32.5,G Xander Schauffele G Si Woo Kim G Ben Griffin G Rasmus Neergaard-Petersen G Billy Horschel G Chandler Phillips,,,,,,,,,,,,,,,,,,,
3348,5202488346,bigdog531555,394,32.5,G Cameron Young G Xander Schauffele G Eric Cole G Jackson Suber G Rasmus Neergaard-Petersen G Austin Smotherman,,,,,,,,,,,,,,,,,,,
3385,5201333643,joshuabaird,413,32,G Chris Gotterup G Ben Griffin G Jake Knapp G Jackson Suber G Corey Conners G Doug Ghim,,,,,,,,,,,,,,,,,,,
3385,5201610436,thekingcompound,413,32,G Cameron Young G Chris Gotterup G Jackson Suber G Corey Conners G Doug Ghim G Ben Kohles,,,,,,,,,,,,,,,,,,,
3385,5201729149,JR_Sweetness,413,32,G Chris Gotterup G Russell Henley G J.J. Spaun G Jackson Suber G Doug Ghim G Ben Kohles,,,,,,,,,,,,,,,,,,,
3385,5201935737,kerskine13,413,32,G Cameron Young G Chris Gotterup G Jacob Bridgeman G Ryo Hisatsune G Sam Stevens G John Parry,,,,,,,,,,,,,,,,,,,
3385,5202253000,longhorngal,413,32,G Chris Gotterup G Jake Knapp G J.J. Spaun G Nicolai Højgaard G Doug Ghim G Sungjae Im,,,,,,,,,,,,,,,,,,,
3385,5202355624,aporter07,413,32,G Chris Gotterup G Russell Henley G Michael Thorbjornsen G Jacob Bridgeman G Jackson Suber G Doug Ghim,,,,,,,,,,,,,,,,,,,
3385,5202687420,SwingingJohnsons,413,32,G Cameron Young G Chris Gotterup G Jackson Suber G Doug Ghim G Ben Kohles G Mac Meissner,,,,,,,,,,,,,,,,,,,
3385,5203074132,somcbride,413,32,G Chris Gotterup G Russell Henley G Jake Knapp G Jackson Suber G Doug Ghim G Ben Kohles,,,,,,,,,,,,,,,,,,,
3385,5201307671,lyhanson,412,32,G Cameron Young G Wyndham Clark G Patrick Cantlay G Sam Stevens G Sungjae Im G Zachary Bauchou,,,,,,,,,,,,,,,,,,,
3385,5201464965,w_shep,412,32,G Wyndham Clark G Jake Knapp G J.J. Spaun G Nicolai Højgaard G Jackson Suber G Doug Ghim,,,,,,,,,,,,,,,,,,,
3385,5201691899,blacklabel73,412,32,G Wyndham Clark G Jake Knapp G J.J. Spaun G Nicolai Højgaard G Jackson Suber G Doug Ghim,,,,,,,,,,,,,,,,,,,
3385,5201769368,Kevjenp,412,32,G Ben Griffin G Jake Knapp G Ryan Gerard G Jacob Bridgeman G Corey Conners G Nick Taylor,,,,,,,,,,,,,,,,,,,
3385,5201961105,broadwaypro23,412,32,G Russell Henley G Jake Knapp G Ryan Gerard G Michael Brennan G Denny McCarthy G Nick Taylor,,,,,,,,,,,,,,,,,,,
3385,5203043834,qwikspeed,412,32,G Cameron Young G Wyndham Clark G Nicolai Højgaard G Doug Ghim G Mac Meissner G Sudarshan Yellamaraju,,,,,,,,,,,,,,,,,,,
3385,5200634702,SDOD1,410,32,G Si Woo Kim G Jackson Koivun G Hideki Matsuyama G Nicolai Højgaard G Zachary Bauchou G A.J. Ewart,,,,,,,,,,,,,,,,,,,
3385,5200862020,Zelmo82,410,32,G Si Woo Kim G Jackson Koivun G Hideki Matsuyama G Rasmus Neergaard-Petersen G Ben Kohles G Jordan L. Smith,,,,,,,,,,,,,,,,,,,
3385,5201112739,pvangeti,410,32,G Si Woo Kim G Jackson Koivun G Nicolai Højgaard G Michael Thorbjornsen G Matt Wallace G Billy Horschel,,,,,,,,,,,,,,,,,,,
3385,5201158273,makerland,410,32,G Si Woo Kim G Jackson Koivun G J.J. Spaun G Jacob Bridgeman G Matt Wallace G Matthew McCarty,,,,,,,,,,,,,,,,,,,
3385,5201195250,Chris1968,410,32,G Si Woo Kim G Jackson Koivun G Hideki Matsuyama G Rasmus Neergaard-Petersen G Ben Kohles G Jordan L. Smith,,,,,,,,,,,,,,,,,,,
3385,5201382327,YODIFAN,410,32,G Si Woo Kim G Jackson Koivun G J.J. Spaun G Ryo Hisatsune G Rasmus Neergaard-Petersen G Ben Kohles,,,,,,,,,,,,,,,,,,,
3385,5201490545,Ledge14,410,32,G Si Woo Kim G Jackson Koivun G Hideki Matsuyama G Jacob Bridgeman G Sungjae Im G Taylor Pendrith,,,,,,,,,,,,,,,,,,,
3385,5201852435,ChrisGint103,410,32,G Si Woo Kim G Jackson Koivun G Ryo Hisatsune G Denny McCarthy G Ben Kohles G Brad Dalke,,,,,,,,,,,,,,,,,,,
3385,5201940549,rcarroll1024,410,32,G Si Woo Kim G Jackson Koivun G Hideki Matsuyama G Jacob Bridgeman G Ryo Hisatsune G William Jennings,,,,,,,,,,,,,,,,,,,
3385,5201952004,easton136,410,32,G Si Woo Kim G Jackson Koivun G Nicolai Højgaard G Jacob Bridgeman G Jackson Suber G Max Greyserman,,,,,,,,,,,,,,,,,,,
3385,5202134134,Foley1953,410,32,G Si Woo Kim G Jackson Koivun G Jake Knapp G Corey Conners G Rasmus Neergaard-Petersen G Ben Kohles,,,,,,,,,,,,,,,,,,,
3385,5202359808,nastynate63,410,32,G Si Woo Kim G Jackson Koivun G Hideki Matsuyama G Michael Brennan G Ben Kohles G Lee Hodges,,,,,,,,,,,,,,,,,,,
3385,5202465324,Pojkl456,410,32,G Si Woo Kim G Jackson Koivun G Hideki Matsuyama G Ryo Hisatsune G Ben Kohles G Sudarshan Yellamaraju,,,,,,,,,,,,,,,,,,,
3385,5202799823,WilforkOnThe1stDate,410,32,G Si Woo Kim G Jackson Koivun G Michael Thorbjornsen G Jacob Bridgeman G Jackson Suber G Ben Kohles,,,,,,,,,,,,,,,,,,,
3385,5200719285,mitchwellswtf,407,32,G Cameron Young G Hideki Matsuyama G Jake Knapp G Denny McCarthy G Emiliano Grillo G Chandler Phillips,,,,,,,,,,,,,,,,,,,
3385,5203263802,Jings09,405,32,G Hideki Matsuyama G Nicolai Højgaard G Jacob Bridgeman G Eric Cole G Ryo Hisatsune G Christiaan Bezuidenhout,,,,,,,,,,,,,,,,,,,
3385,5202175140,RavensLazer,404,32,G Cameron Young G Akshay Bhatia G Michael Thorbjornsen G Michael Brennan G Pierceson Coody G Aldrich Potgieter,,,,,,,,,,,,,,,,,,,
3385,5200911231,cotsy,400,32,G Si Woo Kim G Hideki Matsuyama G Jake Knapp G Akshay Bhatia G Ben Kohles G Chandler Phillips,,,,,,,,,,,,,,,,,,,
3385,5201237722,brycerucks,400,32,G Si Woo Kim G Patrick Cantlay G Ben Griffin G Akshay Bhatia G Jordan L. Smith G Chandler Phillips,,,,,,,,,,,,,,,,,,,
3385,5201238496,nobody33,400,32,G Chris Gotterup G Hideki Matsuyama G Jake Knapp G Jacob Bridgeman G Davis Thompson G Chandler Phillips,,,,,,,,,,,,,,,,,,,
3385,5201291957,rwdw0822,400,32,G Cameron Young G Chris Gotterup G Jacob Bridgeman G Davis Thompson G Jordan L. Smith G Chandler Phillips,,,,,,,,,,,,,,,,,,,
3385,5201325002,whity1winner,400,32,G Chris Gotterup G Ben Griffin G Jake Knapp G Michael Brennan G Davis Thompson G Chandler Phillips,,,,,,,,,,,,,,,,,,,
3385,5202562759,bigmac84,400,32,G Cameron Young G Chris Gotterup G Davis Thompson G Ryo Hisatsune G Rasmus Neergaard-Petersen G Chandler Phillips,,,,,,,,,,,,,,,,,,,
3385,5202647062,dmeade1022,400,32,G Chris Gotterup G Jake Knapp G Davis Thompson G Jackson Suber G Ben Kohles G Chandler Phillips,,,,,,,,,,,,,,,,,,,
3385,5202364137,DonVictors,399,32,G Wyndham Clark G Russell Henley G Hideki Matsuyama G Davis Thompson G Jackson Suber G Chandler Phillips,,,,,,,,,,,,,,,,,,,
3385,5203167660,torbo71,398,32,G Cameron Young G Wyndham Clark G Akshay Bhatia G Corey Conners G Matt Wallace G Lucas Glover,,,,,,,,,,,,,,,,,,,
3385,5201222439,CharlietheP,396,32,G Xander Schauffele G J.J. Spaun G Harris English G Jacob Bridgeman G Christiaan Bezuidenhout G Lucas Glover,,,,,,,,,,,,,,,,,,,
3385,5201370423,huffrg3,340,32,G Wyndham Clark G Russell Henley G Jake Knapp G Brooks Koepka G Doug Ghim G Ben Kohles,,,,,,,,,,,,,,,,,,,
3427,5202192924,knickslife,412,31.5,G Cameron Young G Russell Henley G Michael Brennan G Jacob Bridgeman G Davis Thompson G Matt Kuchar,,,,,,,,,,,,,,,,,,,
3427,5201368779,bcjr2525,411,31.5,G Cameron Young G Ben Griffin G Nicolai Højgaard G Jordan Spieth G Christiaan Bezuidenhout G Sam Stevens,,,,,,,,,,,,,,,,,,,
3427,5203188021,mohawk86,411,31.5,G Cameron Young G Jake Knapp G J.J. Spaun G Doug Ghim G Ben Kohles G Christiaan Bezuidenhout,,,,,,,,,,,,,,,,,,,
3427,5201681909,backwoods,408,31.5,G Cameron Young G Russell Henley G Jacob Bridgeman G Eric Cole G Ryo Hisatsune G Nick Taylor,,,,,,,,,,,,,,,,,,,
3427,5202660387,deyoung88,408,31.5,G Cameron Young G Russell Henley G Jacob Bridgeman G Eric Cole G Jackson Suber G Nick Taylor,,,,,,,,,,,,,,,,,,,
3427,5203200005,hoff19,408,31.5,G Russell Henley G Hideki Matsuyama G Ryan Gerard G Jacob Bridgeman G Eric Cole G Mac Meissner,,,,,,,,,,,,,,,,,,,
3427,5200713698,heinzeky,405,31.5,G Cameron Young G Xander Schauffele G Si Woo Kim G Luke Clanton G Brad Dalke G Ryan Ruffels,,,,,,,,,,,,,,,,,,,
3427,5200586368,mnorris0560,404,31.5,G Cameron Young G Wyndham Clark G Russell Henley G Billy Horschel G Keita Nakajima G Nicolas Echavarria,,,,,,,,,,,,,,,,,,,
3427,5201472017,Bigballsbri,403,31.5,G Xander Schauffele G Wyndham Clark G Hideki Matsuyama G Ryo Hisatsune G Jesper Svensson G Matti Schmid,,,,,,,,,,,,,,,,,,,
3427,5202464859,jemerine,402,31.5,G Xander Schauffele G Si Woo Kim G J.J. Spaun G Denny McCarthy G Billy Horschel G Nicolas Echavarria,,,,,,,,,,,,,,,,,,,
3437,5202178014,brarob11,422,31,G Russell Henley G Hideki Matsuyama G Ben Griffin G Jake Knapp G Stephan Jaeger G Sungjae Im,,,,,,,,,,,,,,,,,,,
3437,5202996691,TKGOLFER,422,31,G Cameron Young G Jake Knapp G Michael Brennan G Jordan Spieth G Ryo Hisatsune G Stephan Jaeger,,,,,,,,,,,,,,,,,,,
3437,5200606035,rpetri89,415,31,G Chris Gotterup G Jake Knapp G Nicolai Højgaard G Michael Thorbjornsen G Johnny Keefer G Rasmus Neergaard-Petersen,,,,,,,,,,,,,,,,,,,
3437,5200840314,camell07,415,31,G Chris Gotterup G Ben Griffin G Jake Knapp G Denny McCarthy G Johnny Keefer G Ben Kohles,,,,,,,,,,,,,,,,,,,
3437,5200958099,bmldk,415,31,G Cameron Young G Chris Gotterup G Jackson Suber G Johnny Keefer G Ben Kohles G Sungjae Im,,,,,,,,,,,,,,,,,,,
3437,5201055719,Brando828,415,31,G Cameron Young G Chris Gotterup G Michael Brennan G Johnny Keefer G Rasmus Neergaard-Petersen G Rasmus Højgaard,,,,,,,,,,,,,,,,,,,
3437,5201696743,jhenry76,415,31,G Chris Gotterup G Hideki Matsuyama G Nicolai Højgaard G Michael Thorbjornsen G Johnny Keefer G Mac Meissner,,,,,,,,,,,,,,,,,,,
3437,5202173338,Jerbed,415,31,G Chris Gotterup G Russell Henley G Michael Thorbjornsen G Jacob Bridgeman G Denny McCarthy G Johnny Keefer,,,,,,,,,,,,,,,,,,,
3437,5202309533,snakeeyesammy,415,31,G Chris Gotterup G Ben Griffin G Jake Knapp G Ryo Hisatsune G Jackson Suber G Johnny Keefer,,,,,,,,,,,,,,,,,,,
3437,5202358120,marktheshark2334,415,31,G Cameron Young G Chris Gotterup G Hideki Matsuyama G Johnny Keefer G John Parry G John VanDerLaan,,,,,,,,,,,,,,,,,,,
3437,5202457599,dannyp18,415,31,G Chris Gotterup G Jake Knapp G Nicolai Højgaard G Michael Brennan G Marco Penge G Johnny Keefer,,,,,,,,,,,,,,,,,,,
3437,5202545833,stager,415,31,G Chris Gotterup G Jake Knapp G Michael Thorbjornsen G Jacob Bridgeman G Jordan Spieth G Johnny Keefer,,,,,,,,,,,,,,,,,,,
3437,5202697230,ffgump,415,31,G Chris Gotterup G Jake Knapp G J.J. Spaun G Michael Brennan G Johnny Keefer G Rasmus Neergaard-Petersen,,,,,,,,,,,,,,,,,,,
3437,5202758766,DJCorb,415,31,G Chris Gotterup G Hideki Matsuyama G J.J. Spaun G Ryo Hisatsune G Jackson Suber G Johnny Keefer,,,,,,,,,,,,,,,,,,,
3437,5202943338,canoebears,415,31,G Chris Gotterup G Jake Knapp G Michael Thorbjornsen G Michael Brennan G Marco Penge G Johnny Keefer,,,,,,,,,,,,,,,,,,,
3437,5203107189,mackman1995,415,31,G Chris Gotterup G Russell Henley G J.J. Spaun G Michael Brennan G Johnny Keefer G Sungjae Im,,,,,,,,,,,,,,,,,,,
3437,5200681214,jtreap,414,31,G Wyndham Clark G Ben Griffin G Jake Knapp G Nicolai Højgaard G Johnny Keefer G Jordan L. Smith,,,,,,,,,,,,,,,,,,,
3437,5201058943,KenBott07,414,31,G Cameron Young G Jake Knapp G Ryan Gerard G Jacob Bridgeman G Sam Stevens G Billy Horschel,,,,,,,,,,,,,,,,,,,
3437,5201111569,ShinyEnis,414,31,G Wyndham Clark G Jake Knapp G J.J. Spaun G Michael Brennan G Johnny Keefer G Ben Kohles,,,,,,,,,,,,,,,,,,,
3437,5201241729,jpmn121609,414,31,G Wyndham Clark G Hideki Matsuyama G Jake Knapp G Michael Brennan G Ryo Hisatsune G Johnny Keefer,,,,,,,,,,,,,,,,,,,
3437,5201312512,Jsgill,414,31,G Cameron Young G Ryan Gerard G Nicolai Højgaard G Jacob Bridgeman G Jackson Suber G Sam Stevens,,,,,,,,,,,,,,,,,,,
3437,5201565254,peabod1967,414,31,G Wyndham Clark G Hideki Matsuyama G Ben Griffin G Jacob Bridgeman G Jackson Suber G Johnny Keefer,,,,,,,,,,,,,,,,,,,
3437,5201588790,jsalvatori21,414,31,G Russell Henley G Jake Knapp G J.J. Spaun G Ryan Gerard G Doug Ghim G Ben Kohles,,,,,,,,,,,,,,,,,,,
3437,5202484216,jordyspice,414,31,G Wyndham Clark G Ben Griffin G J.J. Spaun G Nicolai Højgaard G Johnny Keefer G Mac Meissner,,,,,,,,,,,,,,,,,,,
3437,5202571395,Slim3484,414,31,G Wyndham Clark G Hideki Matsuyama G Jake Knapp G Michael Brennan G Johnny Keefer G Rasmus Neergaard-Petersen,,,,,,,,,,,,,,,,,,,
3437,5202654719,larrysantiagoIJ,414,31,G Wyndham Clark G Jake Knapp G Nicolai Højgaard G Michael Thorbjornsen G Michael Brennan G Johnny Keefer,,,,,,,,,,,,,,,,,,,
3437,5202775670,sjd210,414,31,G Wyndham Clark G Jake Knapp G Nicolai Højgaard G Michael Thorbjornsen G Michael Brennan G Johnny Keefer,,,,,,,,,,,,,,,,,,,
3437,5202819868,saheb747,414,31,G Wyndham Clark G Hideki Matsuyama G Jake Knapp G Jackson Suber G Johnny Keefer G Ben Kohles,,,,,,,,,,,,,,,,,,,
3437,5202913210,Mazz33,414,31,G Wyndham Clark G Ben Griffin G Jake Knapp G Jacob Bridgeman G Jackson Suber G Johnny Keefer,,,,,,,,,,,,,,,,,,,
3437,5201794239,Seanamonica,409,31,G Xander Schauffele G Jackson Koivun G Russell Henley G Ben Kohles G Jordan L. Smith G Andrew Putnam,,,,,,,,,,,,,,,,,,,
3437,5201802614,mayoplan,409,31,G Cameron Young G Xander Schauffele G Jackson Koivun G Matthew McCarty G Andrew Putnam G Brad Dalke,,,,,,,,,,,,,,,,,,,
3437,5201810624,Steelers_South,409,31,G Xander Schauffele G Jackson Koivun G Jacob Bridgeman G Ryo Hisatsune G Jackson Suber G Ben Kohles,,,,,,,,,,,,,,,,,,,
3437,5202483568,CROPDUSTERS,409,31,G Xander Schauffele G Jackson Koivun G J.J. Spaun G Max Greyserman G Ben Kohles G Taylor Pendrith,,,,,,,,,,,,,,,,,,,
3437,5202834726,Daveadam25,409,31,G Xander Schauffele G Jackson Koivun G Michael Thorbjornsen G Jordan Spieth G Jackson Suber G Sungjae Im,,,,,,,,,,,,,,,,,,,
3437,5202921466,daequankip,409,31,G Xander Schauffele G Jackson Koivun G Michael Thorbjornsen G Jackson Suber G Ben Kohles G Rasmus Højgaard,,,,,,,,,,,,,,,,,,,
3437,5201094233,dcubed05,406,31,G Jackson Koivun G Russell Henley G Hideki Matsuyama G Ryo Hisatsune G Ben Kohles G Seamus Power,,,,,,,,,,,,,,,,,,,
3437,5202953260,remaxrodd,406,31,G Cameron Young G Jackson Koivun G Jacob Bridgeman G Corey Conners G Ben Kohles G Seamus Power,,,,,,,,,,,,,,,,,,,
3437,5202965031,DBrownFF88,406,31,G Cameron Young G Jackson Koivun G Michael Brennan G Denny McCarthy G Ben Kohles G Seamus Power,,,,,,,,,,,,,,,,,,,
3437,5203058629,CHEEZIT11,406,31,G Cameron Young G Si Woo Kim G Jake Knapp G Akshay Bhatia G Brad Dalke G Ryan Ruffels,,,,,,,,,,,,,,,,,,,
3437,5202987432,gwashko1,404,31,G Cameron Young G Wyndham Clark G Akshay Bhatia G Jackson Suber G Jordan L. Smith G Jesper Svensson,,,,,,,,,,,,,,,,,,,
3437,5203078385,bombers78,404,31,G Cameron Young G Patrick Cantlay G Ryan Gerard G Ben Kohles G Benjamin James G Chandler Phillips,,,,,,,,,,,,,,,,,,,
3437,5202578882,game_of_throws,403,31,G Si Woo Kim G Russell Henley G Jake Knapp G Akshay Bhatia G Sungjae Im G Nicolas Echavarria,,,,,,,,,,,,,,,,,,,
3437,5202225177,croz30069,402,31,G Cameron Young G Chris Gotterup G Jake Knapp G Jackson Suber G Chandler Phillips G Pontus Nyholm,,,,,,,,,,,,,,,,,,,
3437,5200940169,Jmaragno16,401,31,G Cameron Young G J.J. Spaun G Ryan Gerard G Davis Thompson G Ryo Hisatsune G Chandler Phillips,,,,,,,,,,,,,,,,,,,
3437,5201920224,ackarmasports,401,31,G Patrick Cantlay G Hideki Matsuyama G Jake Knapp G Ryan Gerard G Davis Thompson G Chandler Phillips,,,,,,,,,,,,,,,,,,,
3437,5202197260,orf499,401,31,G Cameron Young G Jake Knapp G Ryan Gerard G Davis Thompson G Ben Kohles G Chandler Phillips,,,,,,,,,,,,,,,,,,,
3437,5203045516,partytimegary,401,31,G Cameron Young G Jake Knapp G Ryan Gerard G Davis Thompson G Ben Kohles G Chandler Phillips,,,,,,,,,,,,,,,,,,,
3437,5200599798,hideousme,400,31,G Russell Henley G Ben Griffin G Ryan Gerard G Akshay Bhatia G Michael Brennan G Lucas Glover,,,,,,,,,,,,,,,,,,,
3437,5201976960,LSUTom123,398,31,G Cameron Young G Chris Gotterup G Jake Knapp G Ben Kohles G William Mouw G Chandler Phillips,,,,,,,,,,,,,,,,,,,
3437,5201085704,TonyReed111,396,31,G Cameron Young G Si Woo Kim G Russell Henley G Lee Hodges G Chandler Phillips G Zac Blair,,,,,,,,,,,,,,,,,,,
3437,5201797823,68acsauh,396,31,G Cameron Young G Si Woo Kim G Jake Knapp G Ben Kohles G Chandler Phillips G Zac Blair,,,,,,,,,,,,,,,,,,,
3437,5202330467,fredz1497,396,31,G Si Woo Kim G Hideki Matsuyama G Ben Griffin G Jake Knapp G Chandler Phillips G Zac Blair,,,,,,,,,,,,,,,,,,,
3437,5202403730,jjshea23,396,31,G Cameron Young G Si Woo Kim G Hideki Matsuyama G Ben Kohles G Chandler Phillips G Zac Blair,,,,,,,,,,,,,,,,,,,
3437,5201489088,dnowicki1511,394,31,G Cameron Young G Wyndham Clark G Patrick Cantlay G Ben Kohles G Lucas Glover G Zac Blair,,,,,,,,,,,,,,,,,,,
3491,5200773525,Garyyyyy,413,30.5,G Cameron Young G Jake Knapp G Michael Brennan G Jacob Bridgeman G Johnny Keefer G Christiaan Bezuidenhout,,,,,,,,,,,,,,,,,,,
3491,5200633228,LiquidArrow,411,30.5,G Chris Gotterup G Si Woo Kim G Nicolai Højgaard G Jackson Suber G Rasmus Neergaard-Petersen G Mac Meissner,,,,,,,,,,,,,,,,,,,
3491,5200697642,gcarlson51,411,30.5,G Chris Gotterup G Si Woo Kim G Ben Griffin G Rasmus Neergaard-Petersen G Matt Wallace G Kris Ventura,,,,,,,,,,,,,,,,,,,
3491,5200709228,Ciceroamstaf,411,30.5,G Chris Gotterup G Si Woo Kim G Jacob Bridgeman G Ryo Hisatsune G Corey Conners G Rasmus Neergaard-Petersen,,,,,,,,,,,,,,,,,,,
3491,5201223649,Cheese86,411,30.5,G Chris Gotterup G Si Woo Kim G Michael Brennan G Marco Penge G Jackson Suber G Ben Kohles,,,,,,,,,,,,,,,,,,,
3491,5201355845,lance33066,411,30.5,G Chris Gotterup G Si Woo Kim G Jake Knapp G Jacob Bridgeman G Sudarshan Yellamaraju G Kevin Roy,,,,,,,,,,,,,,,,,,,
3491,5201418052,shaunlmelville,411,30.5,G Chris Gotterup G Si Woo Kim G Russell Henley G Rasmus Neergaard-Petersen G Ben Kohles G Brad Dalke,,,,,,,,,,,,,,,,,,,
3491,5201705682,Pollom60,411,30.5,G Chris Gotterup G Si Woo Kim G Hideki Matsuyama G Nicolai Højgaard G Tom Hoge G Patrick Rodgers,,,,,,,,,,,,,,,,,,,
3491,5201930046,callahanm328,411,30.5,G Chris Gotterup G Si Woo Kim G Hideki Matsuyama G Denny McCarthy G Ben Kohles G Lee Hodges,,,,,,,,,,,,,,,,,,,
3491,5202262044,hespen2,411,30.5,G Chris Gotterup G Si Woo Kim G Michael Thorbjornsen G Ryo Hisatsune G Corey Conners G Ben Kohles,,,,,,,,,,,,,,,,,,,
3491,5202276960,MinnNodaks,411,30.5,G Chris Gotterup G Si Woo Kim G Hideki Matsuyama G Ryo Hisatsune G Max Greyserman G Tom Hoge,,,,,,,,,,,,,,,,,,,
3491,5202511742,marcfolts,411,30.5,G Chris Gotterup G Si Woo Kim G Jacob Bridgeman G Jordan Spieth G Denny McCarthy G Corey Conners,,,,,,,,,,,,,,,,,,,
3491,5202577433,menoarenoniceguy,411,30.5,G Chris Gotterup G Si Woo Kim G Hideki Matsuyama G Corey Conners G Ben Kohles G Kevin Roy,,,,,,,,,,,,,,,,,,,
3491,5202637429,sppfan2002,411,30.5,G Chris Gotterup G Si Woo Kim G Ben Griffin G Rasmus Neergaard-Petersen G Max Greyserman G Billy Horschel,,,,,,,,,,,,,,,,,,,
3491,5202696194,shaneccarpenter,411,30.5,G Chris Gotterup G Si Woo Kim G Michael Thorbjornsen G Ryo Hisatsune G Jackson Suber G Ben Kohles,,,,,,,,,,,,,,,,,,,
3491,5202700553,juicejensen8,411,30.5,G Chris Gotterup G Si Woo Kim G J.J. Spaun G Jackson Suber G Ben Kohles G Sudarshan Yellamaraju,,,,,,,,,,,,,,,,,,,
3491,5202736826,jefflavish,411,30.5,G Chris Gotterup G Si Woo Kim G Hideki Matsuyama G Jacob Bridgeman G Ryo Hisatsune G Dylan Wu,,,,,,,,,,,,,,,,,,,
3491,5202752019,Rocky2012,411,30.5,G Chris Gotterup G Si Woo Kim G Ben Griffin G Jackson Suber G Ben Kohles G Zecheng Dou,,,,,,,,,,,,,,,,,,,
3491,5202861820,dannyvlav,411,30.5,G Chris Gotterup G Si Woo Kim G Nicolai Højgaard G Michael Thorbjornsen G Jordan L. Smith G Zecheng Dou,,,,,,,,,,,,,,,,,,,
3491,5202936323,edwarda111,411,30.5,G Chris Gotterup G Si Woo Kim G Jake Knapp G Ben Kohles G Mac Meissner G Jordan L. Smith,,,,,,,,,,,,,,,,,,,
3491,5203060434,Tall_Texan,411,30.5,G Chris Gotterup G Si Woo Kim G Michael Brennan G Jacob Bridgeman G Jackson Suber G Ben Kohles,,,,,,,,,,,,,,,,,,,
3491,5200641227,ldmoney,410,30.5,G Jackson Koivun G Russell Henley G Jake Knapp G Akshay Bhatia G Ben Kohles G Rasmus Højgaard,,,,,,,,,,,,,,,,,,,
3491,5200660386,nicky3021,410,30.5,G Cameron Young G Patrick Cantlay G Michael Brennan G Eric Cole G Doug Ghim G Rasmus Neergaard-Petersen,,,,,,,,,,,,,,,,,,,
3491,5200725125,slingenlingen10,410,30.5,G Jackson Koivun G Patrick Cantlay G Akshay Bhatia G Nicolai Højgaard G Jackson Suber G Ben Kohles,,,,,,,,,,,,,,,,,,,
3491,5200751004,AJW540,410,30.5,G Si Woo Kim G Wyndham Clark G Hideki Matsuyama G Jacob Bridgeman G Ryo Hisatsune G William Jennings,,,,,,,,,,,,,,,,,,,
3491,5200760712,dshand03,410,30.5,G Jackson Koivun G Hideki Matsuyama G Akshay Bhatia G Michael Brennan G Ryo Hisatsune G Corey Conners,,,,,,,,,,,,,,,,,,,
3491,5201068125,mlbutler60,410,30.5,G Si Woo Kim G Wyndham Clark G J.J. Spaun G Michael Brennan G Matt Wallace G Sudarshan Yellamaraju,,,,,,,,,,,,,,,,,,,
3491,5201559925,Bozo69,410,30.5,G Jackson Koivun G Jake Knapp G Akshay Bhatia G Nicolai Højgaard G Corey Conners G Rasmus Neergaard-Petersen,,,,,,,,,,,,,,,,,,,
3491,5201560496,nikkivincze,410,30.5,G Cameron Young G Si Woo Kim G Wyndham Clark G Beau Hossler G Matti Schmid G Andrew Putnam,,,,,,,,,,,,,,,,,,,
3491,5201788317,jthnuha,410,30.5,G Si Woo Kim G Wyndham Clark G Ben Griffin G Jackson Suber G Rasmus Neergaard-Petersen G Mac Meissner,,,,,,,,,,,,,,,,,,,
3491,5201808370,h3lios13,410,30.5,G Si Woo Kim G Wyndham Clark G Ben Griffin G Jackson Suber G Rasmus Neergaard-Petersen G Ben Kohles,,,,,,,,,,,,,,,,,,,
3491,5201940837,gregorywelle,410,30.5,G Jackson Koivun G Ben Griffin G Akshay Bhatia G Michael Thorbjornsen G Ryo Hisatsune G Denny McCarthy,,,,,,,,,,,,,,,,,,,
3491,5202065076,pmcmahon09,410,30.5,G Si Woo Kim G Wyndham Clark G Michael Brennan G Jacob Bridgeman G Jordan Spieth G Ryo Hisatsune,,,,,,,,,,,,,,,,,,,
3491,5202148690,Grogan1,410,30.5,G Si Woo Kim G Wyndham Clark G Hideki Matsuyama G Jacob Bridgeman G Ryo Hisatsune G Patrick Rodgers,,,,,,,,,,,,,,,,,,,
3491,5202225327,TheGoose6t,410,30.5,G Si Woo Kim G Wyndham Clark G Hideki Matsuyama G Jordan Spieth G Denny McCarthy G Zachary Bauchou,,,,,,,,,,,,,,,,,,,
3491,5202408045,eckokicker,410,30.5,G Si Woo Kim G Wyndham Clark G Hideki Matsuyama G Ryo Hisatsune G Jackson Suber G Matthew McCarty,,,,,,,,,,,,,,,,,,,
3491,5202701964,rlc1946,410,30.5,G Jackson Koivun G Hideki Matsuyama G J.J. Spaun G Akshay Bhatia G Jacob Bridgeman G Cameron Davis,,,,,,,,,,,,,,,,,,,
3491,5203108794,pandastuffing4,410,30.5,G Si Woo Kim G Wyndham Clark G Hideki Matsuyama G Jacob Bridgeman G Ryo Hisatsune G Andrew Putnam,,,,,,,,,,,,,,,,,,,
3491,5203258615,tue50127,410,30.5,G Si Woo Kim G Wyndham Clark G Patrick Cantlay G Corey Conners G Mac Meissner G Jordan L. Smith,,,,,,,,,,,,,,,,,,,
3491,5200570440,kjp1953,408,30.5,G Cameron Young G Si Woo Kim G Hideki Matsuyama G Corey Conners G Kevin Roy G Joel Dahmen,,,,,,,,,,,,,,,,,,,
3491,5201629527,Kmicko,407,30.5,G Si Woo Kim G Russell Henley G Jake Knapp G Davis Thompson G Ben Kohles G Benjamin James,,,,,,,,,,,,,,,,,,,
3532,5200688017,dsumser,416,30,G Cameron Young G J.J. Spaun G Ryan Gerard G Jackson Suber G Johnny Keefer G Ben Kohles,,,,,,,,,,,,,,,,,,,
3532,5201084010,Ufgators948,416,30,G Russell Henley G Jake Knapp G Ryan Gerard G Jackson Suber G Johnny Keefer G Billy Horschel,,,,,,,,,,,,,,,,,,,
3532,5201294565,rporter1974,416,30,G Cameron Young G Ryan Gerard G Nicolai Højgaard G Jacob Bridgeman G Johnny Keefer G Ben Kohles,,,,,,,,,,,,,,,,,,,
3532,5202267558,kluther18,416,30,G Ben Griffin G Jake Knapp G J.J. Spaun G Ryan Gerard G Ryo Hisatsune G Johnny Keefer,,,,,,,,,,,,,,,,,,,
3532,5202548179,garbear300,416,30,G Russell Henley G J.J. Spaun G Ryan Gerard G Michael Thorbjornsen G Michael Brennan G Johnny Keefer,,,,,,,,,,,,,,,,,,,
3532,5203021328,rochapi23,416,30,G Cameron Young G Jake Knapp G Ryan Gerard G Michael Brennan G Johnny Keefer G Matti Schmid,,,,,,,,,,,,,,,,,,,
3532,5203091113,klovegreen,416,30,G Cameron Young G Hideki Matsuyama G Ryan Gerard G Corey Conners G Johnny Keefer G Sungjae Im,,,,,,,,,,,,,,,,,,,
3532,5203097494,dd3877,416,30,G Patrick Cantlay G Hideki Matsuyama G Ryan Gerard G Marco Penge G Johnny Keefer G Beau Hossler,,,,,,,,,,,,,,,,,,,
3532,5200947315,bears57,409,30,G Cameron Young G Si Woo Kim G Jacob Bridgeman G Rasmus Neergaard-Petersen G Ben Kohles G Christiaan Bezuidenhout,,,,,,,,,,,,,,,,,,,
3532,5201000387,DennyBird,409,30,G Si Woo Kim G Russell Henley G Hideki Matsuyama G Ryo Hisatsune G Ben Kohles G Christiaan Bezuidenhout,,,,,,,,,,,,,,,,,,,
3532,5201197532,2flybucsguy,409,30,G Si Woo Kim G Patrick Cantlay G Jake Knapp G Jacob Bridgeman G Ben Kohles G Christiaan Bezuidenhout,,,,,,,,,,,,,,,,,,,
3532,5201385471,Muskies8,409,30,G Si Woo Kim G Russell Henley G Jake Knapp G Ryo Hisatsune G Ben Kohles G Christiaan Bezuidenhout,,,,,,,,,,,,,,,,,,,
3532,5201571588,stevepioch310,409,30,G Si Woo Kim G Russell Henley G Hideki Matsuyama G Rasmus Neergaard-Petersen G Ben Kohles G Christiaan Bezuidenhout,,,,,,,,,,,,,,,,,,,
3532,5202019377,rs430414,409,30,G Cameron Young G Si Woo Kim G Ryo Hisatsune G Rasmus Neergaard-Petersen G Ben Kohles G Christiaan Bezuidenhout,,,,,,,,,,,,,,,,,,,
3532,5202935280,MooreKris14,409,30,G Si Woo Kim G Hideki Matsuyama G Jake Knapp G Jordan Spieth G Ryo Hisatsune G Christiaan Bezuidenhout,,,,,,,,,,,,,,,,,,,
3532,5202945846,sandlot1989,409,30,G Si Woo Kim G Russell Henley G Michael Thorbjornsen G Jacob Bridgeman G Ryo Hisatsune G Christiaan Bezuidenhout,,,,,,,,,,,,,,,,,,,
3532,5202960957,tcobane,409,30,G Si Woo Kim G Hideki Matsuyama G Harris English G Jacob Bridgeman G Jordan Spieth G Christiaan Bezuidenhout,,,,,,,,,,,,,,,,,,,
3532,5203011740,jperloff10,409,30,G Si Woo Kim G Russell Henley G Patrick Cantlay G Jackson Suber G Ben Kohles G Christiaan Bezuidenhout,,,,,,,,,,,,,,,,,,,
3532,5203218770,idontluvdemhos,409,30,G Si Woo Kim G Russell Henley G Hideki Matsuyama G Jacob Bridgeman G Christiaan Bezuidenhout G John Parry,,,,,,,,,,,,,,,,,,,
3532,5200702179,emdidds24,407,30,G Cameron Young G J.J. Spaun G Ryan Gerard G Michael Brennan G Davis Thompson G Davis Chatfield,,,,,,,,,,,,,,,,,,,
3532,5202308854,Gtrain2011,407,30,G Cameron Young G Jake Knapp G Nicolai Højgaard G Davis Thompson G Johnny Keefer G Aldrich Potgieter,,,,,,,,,,,,,,,,,,,
3532,5201283988,DJ_Jazzy,406,30,G Cameron Young G Ben Griffin G Jake Knapp G Jacob Bridgeman G Emiliano Grillo G Austin Smotherman,,,,,,,,,,,,,,,,,,,
3532,5201965556,Brionspicks17,405,30,G Cameron Young G Chris Gotterup G Jake Knapp G Aldrich Potgieter G John Parry G Davis Chatfield,,,,,,,,,,,,,,,,,,,
3532,5202482645,dragonnet,401,30,G Chris Gotterup G Marco Penge G Mac Meissner G Jesper Svensson G Adrien Dumont De Chassart G Pontus Nyholm,,,,,,,,,,,,,,,,,,,
3532,5200771157,HelowSean,399,30,G Cameron Young G Chris Gotterup G Jake Knapp G Davis Thompson G Austin Smotherman G Brad Dalke,,,,,,,,,,,,,,,,,,,
3557,5200705087,grkdrafter939,420,29.5,G Ben Griffin G Jake Knapp G Michael Thorbjornsen G Marco Penge G Max Greyserman G Chris Kirk,,,,,,,,,,,,,,,,,,,
3557,5201415170,49ersfan1981,420,29.5,G Cameron Young G Jake Knapp G Harris English G Nicolai Højgaard G Sungjae Im G Chris Kirk,,,,,,,,,,,,,,,,,,,
3557,5201759179,bhill1015,420,29.5,G Cameron Young G Ben Griffin G Jake Knapp G Jackson Suber G Ben Kohles G Chris Kirk,,,,,,,,,,,,,,,,,,,
3557,5201805775,jddegs19,420,29.5,G Cameron Young G Ben Griffin G Jake Knapp G J.J. Spaun G Chris Kirk G Justin Lower,,,,,,,,,,,,,,,,,,,
3557,5201980665,primeau170,420,29.5,G Cameron Young G Hideki Matsuyama G Jake Knapp G Ben Kohles G Matthew McCarty G Chris Kirk,,,,,,,,,,,,,,,,,,,
3557,5202630026,kramah1969,420,29.5,G Cameron Young G Jake Knapp G Michael Thorbjornsen G Jackson Suber G Max Greyserman G Chris Kirk,,,,,,,,,,,,,,,,,,,
3557,5203085979,amp2272,420,29.5,G Patrick Cantlay G Ben Griffin G Jake Knapp G J.J. Spaun G Denny McCarthy G Chris Kirk,,,,,,,,,,,,,,,,,,,
3557,5203110986,mwachsman,420,29.5,G Cameron Young G Patrick Cantlay G J.J. Spaun G Corey Conners G Ben Kohles G Chris Kirk,,,,,,,,,,,,,,,,,,,
3557,5203198299,TTAm1994,420,29.5,G Cameron Young G Patrick Cantlay G Jake Knapp G Rasmus Neergaard-Petersen G Sungjae Im G Chris Kirk,,,,,,,,,,,,,,,,,,,
3557,5200570600,shanny033,413,29.5,G Cameron Young G Chris Gotterup G Jordan Spieth G Pierceson Coody G Max Greyserman G Ben Kohles,,,,,,,,,,,,,,,,,,,
3557,5201298880,jley24,413,29.5,G Cameron Young G Chris Gotterup G Jordan Spieth G Ryo Hisatsune G Pierceson Coody G Matthew McCarty,,,,,,,,,,,,,,,,,,,
3557,5200635475,jinxyD,412,29.5,G Si Woo Kim G Hideki Matsuyama G Ryan Gerard G Jacob Bridgeman G Rasmus Neergaard-Petersen G Ben Kohles,,,,,,,,,,,,,,,,,,,
3557,5200772077,heidinsmith12,412,29.5,G Si Woo Kim G Russell Henley G Patrick Cantlay G Corey Conners G Mac Meissner G Nick Taylor,,,,,,,,,,,,,,,,,,,
3557,5200795152,Williams9,412,29.5,G Cameron Young G Si Woo Kim G Jacob Bridgeman G Marco Penge G Nick Taylor G John Parry,,,,,,,,,,,,,,,,,,,
3557,5200806631,thelamonts,412,29.5,G Si Woo Kim G Hideki Matsuyama G Ryan Gerard G Jacob Bridgeman G Ryo Hisatsune G Ben Kohles,,,,,,,,,,,,,,,,,,,
3557,5200832805,navyhmcm,412,29.5,G Si Woo Kim G Jake Knapp G Ryan Gerard G Jackson Suber G Ben Kohles G Jordan L. Smith,,,,,,,,,,,,,,,,,,,
3557,5200947253,FBI0711,412,29.5,G Si Woo Kim G Hideki Matsuyama G Ryan Gerard G Jacob Bridgeman G Ryo Hisatsune G Ben Kohles,,,,,,,,,,,,,,,,,,,
3557,5200954228,55corey,412,29.5,G Si Woo Kim G Jake Knapp G Ryan Gerard G Michael Brennan G Ryo Hisatsune G Jackson Suber,,,,,,,,,,,,,,,,,,,
3557,5201028660,packerssuck,412,29.5,G Si Woo Kim G Hideki Matsuyama G Ryan Gerard G Jacob Bridgeman G Ryo Hisatsune G Ben Kohles,,,,,,,,,,,,,,,,,,,
3557,5201287305,Benlachap,412,29.5,G Si Woo Kim G Hideki Matsuyama G Ryan Gerard G Jacob Bridgeman G Ryo Hisatsune G Ben Kohles,,,,,,,,,,,,,,,,,,,
3557,5201361477,Schmittymj,412,29.5,G Cameron Young G Wyndham Clark G Jake Knapp G Pierceson Coody G Sungjae Im G Austin Eckroat,,,,,,,,,,,,,,,,,,,
3557,5201390280,DBroncs77,412,29.5,G Si Woo Kim G Russell Henley G Ryan Gerard G Ryo Hisatsune G Corey Conners G Ben Kohles,,,,,,,,,,,,,,,,,,,
3557,5201393627,jalnutt3,412,29.5,G Si Woo Kim G Jake Knapp G Ryan Gerard G Jacob Bridgeman G Ryo Hisatsune G Denny McCarthy,,,,,,,,,,,,,,,,,,,
3557,5201462142,Lipperco,412,29.5,G Si Woo Kim G Hideki Matsuyama G Ryan Gerard G Jacob Bridgeman G Corey Conners G Rasmus Neergaard-Petersen,,,,,,,,,,,,,,,,,,,
3557,5201622262,Teevols,412,29.5,G Si Woo Kim G Hideki Matsuyama G Ryan Gerard G Jacob Bridgeman G Ryo Hisatsune G Sungjae Im,,,,,,,,,,,,,,,,,,,
3557,5202103797,JRaab,412,29.5,G Cameron Young G Si Woo Kim G Russell Henley G Nick Taylor G Rasmus Højgaard G Andrew Putnam,,,,,,,,,,,,,,,,,,,
3557,5202208965,djz68,412,29.5,G Si Woo Kim G Russell Henley G Jake Knapp G Jacob Bridgeman G Ben Kohles G Nick Taylor,,,,,,,,,,,,,,,,,,,
3557,5202308334,dlwilde11,412,29.5,G Si Woo Kim G Jake Knapp G Ryan Gerard G Michael Thorbjornsen G Rasmus Neergaard-Petersen G Ben Kohles,,,,,,,,,,,,,,,,,,,
3557,5202381601,hockeyav,412,29.5,G Si Woo Kim G Jake Knapp G Ryan Gerard G Nicolai Højgaard G Rasmus Neergaard-Petersen G Max Greyserman,,,,,,,,,,,,,,,,,,,
3557,5202504663,jaydddddd,412,29.5,G Si Woo Kim G Hideki Matsuyama G Ryan Gerard G Jacob Bridgeman G Ryo Hisatsune G Ben Kohles,,,,,,,,,,,,,,,,,,,
3557,5202505146,keefe77,412,29.5,G Cameron Young G Si Woo Kim G Jake Knapp G Ryan Gerard G Brad Dalke G Webb Simpson,,,,,,,,,,,,,,,,,,,
3557,5202540034,ShamGizzy,412,29.5,G Wyndham Clark G Hideki Matsuyama G Ben Griffin G Michael Brennan G Denny McCarthy G Pierceson Coody,,,,,,,,,,,,,,,,,,,
3557,5202640218,Shelovesbreezy,412,29.5,G Si Woo Kim G Hideki Matsuyama G Ryan Gerard G Jacob Bridgeman G Ryo Hisatsune G Ben Kohles,,,,,,,,,,,,,,,,,,,
3557,5202640500,2wayyo,412,29.5,G Si Woo Kim G Hideki Matsuyama G Ryan Gerard G Jacob Bridgeman G Corey Conners G Rasmus Neergaard-Petersen,,,,,,,,,,,,,,,,,,,
3557,5202664172,hombre41,412,29.5,G Si Woo Kim G Hideki Matsuyama G Ryan Gerard G Michael Brennan G Corey Conners G Rasmus Neergaard-Petersen,,,,,,,,,,,,,,,,,,,
3557,5202664774,jhaller61,412,29.5,G Si Woo Kim G Hideki Matsuyama G Ryan Gerard G Nicolai Højgaard G Rasmus Neergaard-Petersen G Sungjae Im,,,,,,,,,,,,,,,,,,,
3557,5202669821,Chefmph,412,29.5,G Si Woo Kim G Hideki Matsuyama G Ryan Gerard G Jacob Bridgeman G Ryo Hisatsune G Ben Kohles,,,,,,,,,,,,,,,,,,,
3557,5202671146,unhwildcats1993,412,29.5,G Si Woo Kim G Hideki Matsuyama G Ryan Gerard G Jordan Spieth G Ryo Hisatsune G Jackson Suber,,,,,,,,,,,,,,,,,,,
3557,5202731302,Malles55,412,29.5,G Si Woo Kim G Hideki Matsuyama G Ryan Gerard G Jacob Bridgeman G Ryo Hisatsune G Ben Kohles,,,,,,,,,,,,,,,,,,,
3557,5202846948,pklink14,412,29.5,G Si Woo Kim G J.J. Spaun G Ryan Gerard G Jacob Bridgeman G Ryo Hisatsune G Denny McCarthy,,,,,,,,,,,,,,,,,,,
3557,5202945737,omes16,412,29.5,G Si Woo Kim G Hideki Matsuyama G Ryan Gerard G Ryo Hisatsune G Corey Conners G Ben Kohles,,,,,,,,,,,,,,,,,,,
3557,5202982144,Stoneman04,412,29.5,G Si Woo Kim G Russell Henley G Ben Griffin G Ryan Gerard G Matti Schmid G Kevin Roy,,,,,,,,,,,,,,,,,,,
3557,5202989020,standardbeat,412,29.5,G Si Woo Kim G Hideki Matsuyama G Ryan Gerard G Jacob Bridgeman G Ryo Hisatsune G Ben Kohles,,,,,,,,,,,,,,,,,,,
3557,5203014461,jsmcdn,412,29.5,G Si Woo Kim G Hideki Matsuyama G Jake Knapp G Jacob Bridgeman G Jackson Suber G Nick Taylor,,,,,,,,,,,,,,,,,,,
3557,5203059469,rippersback,412,29.5,G Si Woo Kim G J.J. Spaun G Ryan Gerard G Jacob Bridgeman G Ryo Hisatsune G Corey Conners,,,,,,,,,,,,,,,,,,,
3557,5203104149,happydaleb,412,29.5,G Si Woo Kim G Jake Knapp G J.J. Spaun G Jacob Bridgeman G Ryo Hisatsune G Nick Taylor,,,,,,,,,,,,,,,,,,,
3557,5203127313,JSo18,412,29.5,G Wyndham Clark G Hideki Matsuyama G Ben Griffin G Marco Penge G Ryo Hisatsune G Pierceson Coody,,,,,,,,,,,,,,,,,,,
3557,5203257830,kash817,412,29.5,G Si Woo Kim G Hideki Matsuyama G Ryan Gerard G Jacob Bridgeman G Ryo Hisatsune G Ben Kohles,,,,,,,,,,,,,,,,,,,
3557,5201097856,gzim11,410,29.5,G Xander Schauffele G Chris Gotterup G Hideki Matsuyama G Ryo Hisatsune G Kevin Roy G Patrick Rodgers,,,,,,,,,,,,,,,,,,,
3557,5202168497,r_howell21,410,29.5,G Xander Schauffele G Chris Gotterup G Jacob Bridgeman G Denny McCarthy G Corey Conners G Billy Horschel,,,,,,,,,,,,,,,,,,,
3557,5202433259,ricogarcia95,410,29.5,G Xander Schauffele G Chris Gotterup G J.J. Spaun G Ryo Hisatsune G Zachary Bauchou G Kevin Roy,,,,,,,,,,,,,,,,,,,
3557,5202728245,AlexOConnor33,410,29.5,G Xander Schauffele G Chris Gotterup G Jacob Bridgeman G Matt Wallace G Mac Meissner G Jordan L. Smith,,,,,,,,,,,,,,,,,,,
3557,5203022236,rockysmith23,410,29.5,G Xander Schauffele G Chris Gotterup G Jake Knapp G Michael Brennan G Sungjae Im G Brad Dalke,,,,,,,,,,,,,,,,,,,
3557,5200920779,rz4547,409,29.5,G Xander Schauffele G Wyndham Clark G Nicolai Højgaard G Jackson Suber G Corey Conners G Sudarshan Yellamaraju,,,,,,,,,,,,,,,,,,,
3557,5200935476,Tsham5,409,29.5,G Xander Schauffele G Wyndham Clark G Jacob Bridgeman G Ryo Hisatsune G Jackson Suber G Corey Conners,,,,,,,,,,,,,,,,,,,
3557,5201398075,HotShoes,407,29.5,G Cameron Young G Xander Schauffele G Hideki Matsuyama G Tom Hoge G Joel Dahmen G Chad Ramey,,,,,,,,,,,,,,,,,,,
3557,5202506067,km284,407,29.5,G Chris Gotterup G Harris English G Nicolai Højgaard G Ryo Hisatsune G Corey Conners G Seamus Power,,,,,,,,,,,,,,,,,,,
3557,5201524592,draftnew,406,29.5,G Cameron Young G Wyndham Clark G Ryo Hisatsune G Rasmus Neergaard-Petersen G Ben Kohles G Seamus Power,,,,,,,,,,,,,,,,,,,
3557,5201948193,bearcatnut,406,29.5,G Cameron Young G Jackson Koivun G Michael Thorbjornsen G Jackson Suber G Corey Conners G Zac Blair,,,,,,,,,,,,,,,,,,,
3557,5202228017,zspeer131,406,29.5,G Xander Schauffele G Jake Knapp G Michael Thorbjornsen G Davis Thompson G Corey Conners G Benjamin James,,,,,,,,,,,,,,,,,,,
3557,5202261039,jjaymorris1,406,29.5,G Cameron Young G Jackson Koivun G Jake Knapp G John Parry G Rico Hoey G Zac Blair,,,,,,,,,,,,,,,,,,,
3557,5202931075,car1car2,406,29.5,G Cameron Young G Jackson Koivun G Jake Knapp G Ryo Hisatsune G A.J. Ewart G Zac Blair,,,,,,,,,,,,,,,,,,,
3557,5202173958,Danbino,404,29.5,G Xander Schauffele G Si Woo Kim G Harris English G Jacob Bridgeman G Sungjae Im G Adrien Dumont De Chassart,,,,,,,,,,,,,,,,,,,
3557,5203226008,joeredsox68,403,29.5,G Cameron Young G Russell Henley G Jacob Bridgeman G Eric Cole G Benjamin James G Nicolas Echavarria,,,,,,,,,,,,,,,,,,,
3557,5201720009,donnybasbl,398,29.5,G Cameron Young G Si Woo Kim G Ben Griffin G Andrew Novak G Sudarshan Yellamaraju G Chandler Phillips,,,,,,,,,,,,,,,,,,,
3622,5202553399,abmguitarx,413,29,G Cameron Young G Si Woo Kim G Nicolai Højgaard G Max Greyserman G Harry Hall G Rico Hoey,,,,,,,,,,,,,,,,,,,
3622,5201526428,Patsfan688,411,29,G Cameron Young G Chris Gotterup G Akshay Bhatia G Ben Kohles G Billy Horschel G John Parry,,,,,,,,,,,,,,,,,,,
3622,5201830487,mikes6578,411,29,G Chris Gotterup G Ben Griffin G Akshay Bhatia G Nicolai Højgaard G Rasmus Neergaard-Petersen G Matti Schmid,,,,,,,,,,,,,,,,,,,
3622,5202074332,jc000000,411,29,G Chris Gotterup G Ben Griffin G Akshay Bhatia G Ryo Hisatsune G Corey Conners G Rasmus Neergaard-Petersen,,,,,,,,,,,,,,,,,,,
3622,5202443634,BalRyan,411,29,G Chris Gotterup G Jake Knapp G J.J. Spaun G Akshay Bhatia G Ryo Hisatsune G Patrick Rodgers,,,,,,,,,,,,,,,,,,,
3622,5202586220,SheilaMike,411,29,G Chris Gotterup G Jake Knapp G Akshay Bhatia G Michael Thorbjornsen G Jackson Suber G Ben Kohles,,,,,,,,,,,,,,,,,,,
3622,5202775507,superseven,411,29,G Chris Gotterup G Ben Griffin G Jake Knapp G Akshay Bhatia G Max Greyserman G Justin Lower,,,,,,,,,,,,,,,,,,,
3622,5202904842,highoctane87,411,29,G Chris Gotterup G Ben Griffin G Akshay Bhatia G Michael Brennan G Jacob Bridgeman G Sungjae Im,,,,,,,,,,,,,,,,,,,
3622,5203086790,Blockheads99,411,29,G Chris Gotterup G Hideki Matsuyama G Akshay Bhatia G Jacob Bridgeman G Jackson Suber G Ben Kohles,,,,,,,,,,,,,,,,,,,
3622,5203185477,pthomp21,411,29,G Chris Gotterup G Jake Knapp G Akshay Bhatia G Michael Thorbjornsen G Jordan Spieth G Sudarshan Yellamaraju,,,,,,,,,,,,,,,,,,,
3622,5203223020,breadmantom,411,29,G Chris Gotterup G Ben Griffin G Akshay Bhatia G Michael Brennan G Jacob Bridgeman G Sudarshan Yellamaraju,,,,,,,,,,,,,,,,,,,
3622,5200606421,Dmurr2121,410,29,G Wyndham Clark G Hideki Matsuyama G Akshay Bhatia G Michael Brennan G Jacob Bridgeman G Rasmus Neergaard-Petersen,,,,,,,,,,,,,,,,,,,
3622,5200927862,sonofjarrell,410,29,G Wyndham Clark G Ben Griffin G Jake Knapp G Akshay Bhatia G Ryo Hisatsune G Taylor Moore,,,,,,,,,,,,,,,,,,,
3622,5201359781,masterkev17,410,29,G Wyndham Clark G Russell Henley G Akshay Bhatia G Jacob Bridgeman G Ryo Hisatsune G Corey Conners,,,,,,,,,,,,,,,,,,,
3622,5201495389,deadeyedon11,410,29,G Wyndham Clark G Jake Knapp G Akshay Bhatia G Nicolai Højgaard G Jacob Bridgeman G Ben Kohles,,,,,,,,,,,,,,,,,,,
3622,5201507532,Amenrabuck,410,29,G Wyndham Clark G Ben Griffin G Harris English G Akshay Bhatia G Denny McCarthy G Matt Wallace,,,,,,,,,,,,,,,,,,,
3622,5201629484,Eagle888,410,29,G Wyndham Clark G Hideki Matsuyama G Jake Knapp G Akshay Bhatia G Jordan Spieth G Lee Hodges,,,,,,,,,,,,,,,,,,,
3622,5201922334,sonic999,410,29,G Wyndham Clark G Hideki Matsuyama G Akshay Bhatia G Michael Thorbjornsen G Jordan Spieth G Ben Kohles,,,,,,,,,,,,,,,,,,,
3622,5202266698,mconnolly88,410,29,G Wyndham Clark G Jake Knapp G Akshay Bhatia G Nicolai Højgaard G Michael Thorbjornsen G Billy Horschel,,,,,,,,,,,,,,,,,,,
3622,5202457831,blindeque,410,29,G Wyndham Clark G Russell Henley G Akshay Bhatia G Jacob Bridgeman G Marco Penge G Ben Kohles,,,,,,,,,,,,,,,,,,,
3622,5202850666,rb1smitty,410,29,G Wyndham Clark G J.J. Spaun G Akshay Bhatia G Michael Thorbjornsen G Michael Brennan G Jackson Suber,,,,,,,,,,,,,,,,,,,
3622,5203035152,hunterle,410,29,G Cameron Young G Wyndham Clark G Akshay Bhatia G Jackson Suber G Corey Conners G Kevin Roy,,,,,,,,,,,,,,,,,,,
3622,5203065948,versacedurrell2,410,29,G Wyndham Clark G Hideki Matsuyama G Akshay Bhatia G Jacob Bridgeman G Ryo Hisatsune G Corey Conners,,,,,,,,,,,,,,,,,,,
3622,5203156291,LoganWins,410,29,G Wyndham Clark G Ben Griffin G Akshay Bhatia G Jacob Bridgeman G Jackson Suber G Ben Kohles,,,,,,,,,,,,,,,,,,,
3622,5200963769,bsmallz12,408,29,G Xander Schauffele G Patrick Cantlay G J.J. Spaun G Jacob Bridgeman G Christiaan Bezuidenhout G Matti Schmid,,,,,,,,,,,,,,,,,,,
3622,5200972881,bcferris88,408,29,G Si Woo Kim G Russell Henley G Jake Knapp G Eric Cole G Corey Conners G Ben Kohles,,,,,,,,,,,,,,,,,,,
3622,5201445279,jonpearson29,408,29,G Si Woo Kim G Hideki Matsuyama G Jake Knapp G Eric Cole G Jackson Suber G Ben Kohles,,,,,,,,,,,,,,,,,,,
3622,5201668730,njkir,408,29,G Si Woo Kim G Russell Henley G Hideki Matsuyama G Eric Cole G Ben Kohles G Sudarshan Yellamaraju,,,,,,,,,,,,,,,,,,,
3622,5202183314,Andrufius,408,29,G Xander Schauffele G Jake Knapp G Michael Thorbjornsen G Jacob Bridgeman G Ryo Hisatsune G Christiaan Bezuidenhout,,,,,,,,,,,,,,,,,,,
3622,5202354703,mycuk,408,29,G Cameron Young G Si Woo Kim G Jacob Bridgeman G Eric Cole G Ben Kohles G Matthew McCarty,,,,,,,,,,,,,,,,,,,
3622,5202707341,thebodyspill,408,29,G Si Woo Kim G Ben Griffin G J.J. Spaun G Jacob Bridgeman G Eric Cole G Mac Meissner,,,,,,,,,,,,,,,,,,,
3622,5203035279,badnewzbears,408,29,G Si Woo Kim G Ben Griffin G Jake Knapp G Eric Cole G Jackson Suber G Mac Meissner,,,,,,,,,,,,,,,,,,,
3622,5203230997,Frenchy0721,408,29,G Si Woo Kim G Hideki Matsuyama G J.J. Spaun G Marco Penge G Eric Cole G Mac Meissner,,,,,,,,,,,,,,,,,,,
3622,5201247635,chomz14,407,29,G Cameron Young G Jake Knapp G Akshay Bhatia G Davis Thompson G Benjamin James G Jordan L. Smith,,,,,,,,,,,,,,,,,,,
3622,5200660425,GreenbayBuckeye1215,403,29,G Cameron Young G Chris Gotterup G Jake Knapp G Ben Kohles G Chandler Phillips G Davis Chatfield,,,,,,,,,,,,,,,,,,,
3622,5200905473,dalstarec01,403,29,G Cameron Young G Chris Gotterup G Hideki Matsuyama G Ben Kohles G Chandler Phillips G Davis Chatfield,,,,,,,,,,,,,,,,,,,
3622,5201871951,Heelskins,403,29,G Cameron Young G Chris Gotterup G Jake Knapp G Jackson Suber G Chandler Phillips G Davis Chatfield,,,,,,,,,,,,,,,,,,,
3622,5201305386,metzykid23,400,29,G Cameron Young G Chris Gotterup G J.J. Spaun G Ben Kohles G Nicolas Echavarria G Chandler Phillips,,,,,,,,,,,,,,,,,,,
3622,5201549991,Moffatty,336,29,G Cameron Young G Xander Schauffele G Brooks Koepka G Christiaan Bezuidenhout G Sudarshan Yellamaraju G Andrew Putnam,,,,,,,,,,,,,,,,,,,
3661,5201252420,SBUBONNIES,414,28.5,G Si Woo Kim G Russell Henley G Nicolai Højgaard G Jackson Suber G Rasmus Neergaard-Petersen G Sam Stevens,,,,,,,,,,,,,,,,,,,
3661,5201278307,hightopper,414,28.5,G Cameron Young G Ryan Gerard G Nicolai Højgaard G Michael Brennan G Pierceson Coody G Max Greyserman,,,,,,,,,,,,,,,,,,,
3661,5202218433,jstihl11,414,28.5,G Cameron Young G Si Woo Kim G Jackson Suber G Doug Ghim G Rasmus Neergaard-Petersen G Ben Kohles,,,,,,,,,,,,,,,,,,,
3661,5202750434,LarryA13,414,28.5,G Si Woo Kim G Hideki Matsuyama G Jake Knapp G Jacob Bridgeman G Jackson Suber G Sam Stevens,,,,,,,,,,,,,,,,,,,
3661,5203109475,Wags2020,414,28.5,G Si Woo Kim G Hideki Matsuyama G Harris English G Nicolai Højgaard G Rasmus Neergaard-Petersen G Sam Stevens,,,,,,,,,,,,,,,,,,,
3661,5203254367,jimlexxx,414,28.5,G Cameron Young G Si Woo Kim G Nicolai Højgaard G Doug Ghim G Jordan L. Smith G Sungjae Im,,,,,,,,,,,,,,,,,,,
3661,5200667873,sportzfan69,411,28.5,G Xander Schauffele G Patrick Cantlay G Ryan Gerard G Jackson Suber G Ben Kohles G Jordan L. Smith,,,,,,,,,,,,,,,,,,,
3661,5200750280,3idbuck,411,28.5,G Xander Schauffele G Ben Griffin G Ryan Gerard G Michael Thorbjornsen G Jackson Suber G Patrick Rodgers,,,,,,,,,,,,,,,,,,,
3661,5201262557,crand2ca,411,28.5,G Xander Schauffele G Patrick Cantlay G Ben Griffin G Ryo Hisatsune G Nick Taylor G Matthew McCarty,,,,,,,,,,,,,,,,,,,
3661,5201292758,THEH4WK,411,28.5,G Cameron Young G Xander Schauffele G Ryo Hisatsune G Jackson Suber G Nick Taylor G John Parry,,,,,,,,,,,,,,,,,,,
3661,5201293641,jb011364,411,28.5,G Xander Schauffele G Hideki Matsuyama G Jake Knapp G Marco Penge G Nick Taylor G Sungjae Im,,,,,,,,,,,,,,,,,,,
3661,5201323760,RyanCox421,411,28.5,G Xander Schauffele G Patrick Cantlay G Jake Knapp G Matt Wallace G Ben Kohles G Nick Taylor,,,,,,,,,,,,,,,,,,,
3661,5201605199,Vornberg14,411,28.5,G Xander Schauffele G Jake Knapp G Ryan Gerard G Corey Conners G Rasmus Neergaard-Petersen G Matt Wallace,,,,,,,,,,,,,,,,,,,
3661,5201820039,seminolefan23,411,28.5,G Xander Schauffele G Russell Henley G Harris English G Michael Brennan G Nick Taylor G Sungjae Im,,,,,,,,,,,,,,,,,,,
3661,5202524121,Hohmie,411,28.5,G Cameron Young G Xander Schauffele G Jacob Bridgeman G Ben Kohles G Nick Taylor G Matti Schmid,,,,,,,,,,,,,,,,,,,
3661,5202596271,dolechr,411,28.5,G Xander Schauffele G Ryan Gerard G Michael Thorbjornsen G Michael Brennan G Corey Conners G Rasmus Neergaard-Petersen,,,,,,,,,,,,,,,,,,,
3661,5202670550,moe_cheesy,411,28.5,G Xander Schauffele G Hideki Matsuyama G Ryan Gerard G Jacob Bridgeman G Corey Conners G Kevin Roy,,,,,,,,,,,,,,,,,,,
3661,5202731455,deezerback,411,28.5,G Xander Schauffele G Russell Henley G Ryan Gerard G Ryo Hisatsune G Rasmus Neergaard-Petersen G John Parry,,,,,,,,,,,,,,,,,,,
3661,5202981456,cmak11,411,28.5,G Xander Schauffele G Russell Henley G Ryan Gerard G Jackson Suber G Ben Kohles G Jordan L. Smith,,,,,,,,,,,,,,,,,,,
3661,5203055651,jdooley99,411,28.5,G Xander Schauffele G Ryan Gerard G Michael Thorbjornsen G Michael Brennan G Denny McCarthy G Corey Conners,,,,,,,,,,,,,,,,,,,
3661,5203083490,lklk88088,411,28.5,G Xander Schauffele G Patrick Cantlay G Ryan Gerard G Jacob Bridgeman G Jordan L. Smith G Sungjae Im,,,,,,,,,,,,,,,,,,,
3661,5203246616,Ricknye81,411,28.5,G Xander Schauffele G Ryan Gerard G Harris English G Jacob Bridgeman G Ryo Hisatsune G Jordan L. Smith,,,,,,,,,,,,,,,,,,,
3661,5203260694,mnmranch2011,411,28.5,G Xander Schauffele G Patrick Cantlay G Ryan Gerard G Jackson Suber G Ben Kohles G Jordan L. Smith,,,,,,,,,,,,,,,,,,,
3661,5201265635,xman253,409,28.5,G Russell Henley G Hideki Matsuyama G Ben Griffin G Akshay Bhatia G Christiaan Bezuidenhout G Billy Horschel,,,,,,,,,,,,,,,,,,,
3661,5202003124,nehlsj13,409,28.5,G Cameron Young G Ben Griffin G Akshay Bhatia G Denny McCarthy G Rasmus Neergaard-Petersen G Christiaan Bezuidenhout,,,,,,,,,,,,,,,,,,,
3661,5202622774,Dzorn81345,409,28.5,G Joel Dahmen G Cameron Davis G Patrick Rodgers G Karl Vilips G Chandler Blanchet G Garrick Higgo,,,,,,,,,,,,,,,,,,,
3661,5202842028,ClarkusR,409,28.5,G Cameron Young G Patrick Cantlay G Akshay Bhatia G Ryo Hisatsune G Christiaan Bezuidenhout G Zecheng Dou,,,,,,,,,,,,,,,,,,,
3661,5202947795,jawcg,409,28.5,G Cameron Young G Jake Knapp G Akshay Bhatia G Nicolai Højgaard G Christiaan Bezuidenhout G Andrew Putnam,,,,,,,,,,,,,,,,,,,
3661,5200706944,EdLover14,408,28.5,G Cameron Young G Jake Knapp G Ryan Gerard G Corey Conners G Seamus Power G Jordan L. Smith,,,,,,,,,,,,,,,,,,,
3661,5201428571,bri_guy,407,28.5,G Cameron Young G Ben Griffin G J.J. Spaun G Michael Thorbjornsen G William Mouw G Max McGreevy,,,,,,,,,,,,,,,,,,,
3661,5202616634,clochiatto,407,28.5,G Cameron Young G Hideki Matsuyama G J.J. Spaun G Jackson Suber G Emiliano Grillo G Lucas Glover,,,,,,,,,,,,,,,,,,,
3661,5200560702,Steelheads14,403,28.5,G Cameron Young G Chris Gotterup G Marco Penge G Jackson Suber G Benjamin James G Lucas Glover,,,,,,,,,,,,,,,,,,,
3661,5201583133,iambummer,400,28.5,G Si Woo Kim G Russell Henley G Akshay Bhatia G Nicolai Højgaard G Ryo Hisatsune G Lucas Glover,,,,,,,,,,,,,,,,,,,
3661,5203118798,KingDave78,400,28.5,G Cameron Young G Chris Gotterup G Davis Thompson G Ben Kohles G Billy Horschel G Lucas Glover,,,,,,,,,,,,,,,,,,,
3695,5200639603,Troymark,412,28,G Hideki Matsuyama G Ben Griffin G Ryan Gerard G Akshay Bhatia G Jackson Suber G Corey Conners,,,,,,,,,,,,,,,,,,,
3695,5200683255,amarlls,412,28,G Hideki Matsuyama G Jake Knapp G Ryan Gerard G Akshay Bhatia G Corey Conners G Ben Kohles,,,,,,,,,,,,,,,,,,,
3695,5200688120,Laddy22,412,28,G Hideki Matsuyama G Jake Knapp G Ryan Gerard G Akshay Bhatia G Nicolai Højgaard G Matti Schmid,,,,,,,,,,,,,,,,,,,
3695,5200834129,cluelessone,412,28,G Cameron Young G Ryan Gerard G Akshay Bhatia G Jordan Spieth G Jackson Suber G Ben Kohles,,,,,,,,,,,,,,,,,,,
3695,5201054252,dirkhnz,412,28,G Hideki Matsuyama G Jake Knapp G Ryan Gerard G Akshay Bhatia G Jacob Bridgeman G Ben Kohles,,,,,,,,,,,,,,,,,,,
3695,5201100360,mbro24,412,28,G Ben Griffin G Jake Knapp G Ryan Gerard G Akshay Bhatia G Jacob Bridgeman G Rasmus Neergaard-Petersen,,,,,,,,,,,,,,,,,,,
3695,5201131297,magoo123,412,28,G Jake Knapp G Ryan Gerard G Akshay Bhatia G Michael Thorbjornsen G Michael Brennan G Denny McCarthy,,,,,,,,,,,,,,,,,,,
3695,5201196761,Mullsky,412,28,G Jake Knapp G J.J. Spaun G Ryan Gerard G Akshay Bhatia G Ryo Hisatsune G Jackson Suber,,,,,,,,,,,,,,,,,,,
3695,5201436925,Baylor24,412,28,G Ryan Gerard G Harris English G Akshay Bhatia G Nicolai Højgaard G Michael Thorbjornsen G Taylor Moore,,,,,,,,,,,,,,,,,,,
3695,5201469278,jrnrlb3,412,28,G Hideki Matsuyama G Ryan Gerard G Akshay Bhatia G Nicolai Højgaard G Jacob Bridgeman G Jordan Spieth,,,,,,,,,,,,,,,,,,,
3695,5201637987,barthelb8587,412,28,G Cameron Young G Jake Knapp G Akshay Bhatia G Denny McCarthy G Corey Conners G Nick Taylor,,,,,,,,,,,,,,,,,,,
3695,5201838928,Roxy,412,28,G Russell Henley G Jake Knapp G Ryan Gerard G Akshay Bhatia G Jackson Suber G Denny McCarthy,,,,,,,,,,,,,,,,,,,
3695,5202030100,Votts,412,28,G Russell Henley G Jake Knapp G Ryan Gerard G Akshay Bhatia G Jacob Bridgeman G Matthew McCarty,,,,,,,,,,,,,,,,,,,
3695,5202164382,MonacoMarj,412,28,G Patrick Cantlay G Ben Griffin G Ryan Gerard G Harris English G Akshay Bhatia G Chad Ramey,,,,,,,,,,,,,,,,,,,
3695,5202328188,cliffordroberts,412,28,G Jake Knapp G J.J. Spaun G Ryan Gerard G Harris English G Akshay Bhatia G Sungjae Im,,,,,,,,,,,,,,,,,,,
3695,5202405330,jonsierak,412,28,G Russell Henley G Jake Knapp G Ryan Gerard G Akshay Bhatia G Ryo Hisatsune G Rasmus Neergaard-Petersen,,,,,,,,,,,,,,,,,,,
3695,5202924132,spbender17,412,28,G Russell Henley G Ryan Gerard G Akshay Bhatia G Michael Thorbjornsen G Marco Penge G Rasmus Neergaard-Petersen,,,,,,,,,,,,,,,,,,,
3695,5202999088,lynnpat34,412,28,G Russell Henley G Jake Knapp G Ryan Gerard G Akshay Bhatia G Ryo Hisatsune G Max Greyserman,,,,,,,,,,,,,,,,,,,
3695,5203024872,dmac37,412,28,G Cameron Young G Jake Knapp G Ryan Gerard G Akshay Bhatia G Matt Wallace G Brad Dalke,,,,,,,,,,,,,,,,,,,
3695,5203030891,cjacobs986,412,28,G Russell Henley G Ben Griffin G J.J. Spaun G Akshay Bhatia G Corey Conners G Nick Taylor,,,,,,,,,,,,,,,,,,,
3695,5203063995,Tankadelphia1,412,28,G Russell Henley G J.J. Spaun G Ryan Gerard G Akshay Bhatia G Ryo Hisatsune G Corey Conners,,,,,,,,,,,,,,,,,,,
3695,5203101391,mtwurth,412,28,G Cameron Young G Ryan Gerard G Akshay Bhatia G Ryo Hisatsune G Denny McCarthy G Ben Kohles,,,,,,,,,,,,,,,,,,,
3695,5203214407,Milobutt,412,28,G Hideki Matsuyama G Jake Knapp G Ryan Gerard G Akshay Bhatia G Jacob Bridgeman G Billy Horschel,,,,,,,,,,,,,,,,,,,
3695,5203245143,Gamblin-Gus18,412,28,G Cameron Young G Ryan Gerard G Akshay Bhatia G Jacob Bridgeman G Ryo Hisatsune G Zachary Bauchou,,,,,,,,,,,,,,,,,,,
3695,5201446102,Friedberg,408,28,G Jackson Koivun G Ben Griffin G J.J. Spaun G Michael Thorbjornsen G Rasmus Neergaard-Petersen G Andrew Novak,,,,,,,,,,,,,,,,,,,
3695,5200600861,Chuckwag0n,407,28,G Chris Gotterup G Russell Henley G Patrick Cantlay G Michael Thorbjornsen G Matti Schmid G Zac Blair,,,,,,,,,,,,,,,,,,,
3695,5201063627,jaydodo,407,28,G Chris Gotterup G Russell Henley G Hideki Matsuyama G Jacob Bridgeman G Ben Kohles G Zac Blair,,,,,,,,,,,,,,,,,,,
3695,5201199602,Heatround,407,28,G Xander Schauffele G Hideki Matsuyama G Jacob Bridgeman G Eric Cole G Ryo Hisatsune G Corey Conners,,,,,,,,,,,,,,,,,,,
3695,5201308630,mopman,407,28,G Cameron Young G Chris Gotterup G Hideki Matsuyama G Ryo Hisatsune G Brad Dalke G Zac Blair,,,,,,,,,,,,,,,,,,,
3695,5201320073,bryson1221,407,28,G Xander Schauffele G Ben Griffin G J.J. Spaun G Eric Cole G Matt Wallace G Sungjae Im,,,,,,,,,,,,,,,,,,,
3695,5201365199,pabloselch,407,28,G Cameron Young G Chris Gotterup G Russell Henley G Sungjae Im G Tom Hoge G Zac Blair,,,,,,,,,,,,,,,,,,,
3695,5201379699,gweb555,407,28,G Xander Schauffele G Ben Griffin G Jake Knapp G Eric Cole G Jackson Suber G Billy Horschel,,,,,,,,,,,,,,,,,,,
3695,5201442764,Human_Tripod,407,28,G Cameron Young G Chris Gotterup G Russell Henley G Zachary Bauchou G Kevin Roy G Zac Blair,,,,,,,,,,,,,,,,,,,
3695,5201450425,TIMBURKE21,407,28,G Xander Schauffele G J.J. Spaun G Michael Thorbjornsen G Jordan Spieth G Eric Cole G Ryo Hisatsune,,,,,,,,,,,,,,,,,,,
3695,5201533816,ttanakaeprox,407,28,G Cameron Young G Chris Gotterup G Jacob Bridgeman G Corey Conners G Rasmus Neergaard-Petersen G Zac Blair,,,,,,,,,,,,,,,,,,,
3695,5201664955,J-rod1810,407,28,G Chris Gotterup G Ben Griffin G Jake Knapp G Michael Brennan G Marco Penge G Zac Blair,,,,,,,,,,,,,,,,,,,
3695,5202152058,NaderHader,407,28,G Chris Gotterup G Hideki Matsuyama G Ben Griffin G Jacob Bridgeman G Ben Kohles G Zac Blair,,,,,,,,,,,,,,,,,,,
3695,5202227269,ryancarl,407,28,G Cameron Young G Chris Gotterup G Michael Brennan G Denny McCarthy G Rasmus Neergaard-Petersen G Zac Blair,,,,,,,,,,,,,,,,,,,
3695,5202284622,Tommyb114,407,28,G Cameron Young G Chris Gotterup G Hideki Matsuyama G Billy Horschel G Lee Hodges G Zac Blair,,,,,,,,,,,,,,,,,,,
3695,5202672073,smitty096,407,28,G Chris Gotterup G Hideki Matsuyama G Ben Griffin G Jacob Bridgeman G Ryo Hisatsune G Zac Blair,,,,,,,,,,,,,,,,,,,
3695,5202709165,VeNoM_DO,407,28,G Cameron Young G Chris Gotterup G Jake Knapp G Rasmus Neergaard-Petersen G Brad Dalke G Zac Blair,,,,,,,,,,,,,,,,,,,
3695,5202784391,choc4sale,407,28,G Cameron Young G Chris Gotterup G Michael Brennan G Ryo Hisatsune G Rasmus Neergaard-Petersen G Zac Blair,,,,,,,,,,,,,,,,,,,
3695,5202834684,mklinger08,407,28,G Cameron Young G Chris Gotterup G Jacob Bridgeman G Ryo Hisatsune G Ben Kohles G Zac Blair,,,,,,,,,,,,,,,,,,,
3695,5202997199,krush0088,407,28,G Chris Gotterup G Patrick Cantlay G Jake Knapp G Jacob Bridgeman G Ben Kohles G Zac Blair,,,,,,,,,,,,,,,,,,,
3695,5203253935,griff67,407,28,G Chris Gotterup G Hideki Matsuyama G Jake Knapp G Jacob Bridgeman G Ryo Hisatsune G Zac Blair,,,,,,,,,,,,,,,,,,,
3695,5201232766,zehman1972,406,28,G Wyndham Clark G Hideki Matsuyama G Jake Knapp G Michael Thorbjornsen G Michael Brennan G Zac Blair,,,,,,,,,,,,,,,,,,,
3695,5202282299,Znappy420,404,28,G Cameron Young G Hideki Matsuyama G Eric Cole G Ryo Hisatsune G Jackson Suber G Seamus Power,,,,,,,,,,,,,,,,,,,
3695,5203184441,Nutscave,403,28,G Cameron Young G J.J. Spaun G Akshay Bhatia G Davis Thompson G Rasmus Neergaard-Petersen G Aldrich Potgieter,,,,,,,,,,,,,,,,,,,
3743,5202445460,billthouse,416,27.5,G Si Woo Kim G Russell Henley G Jake Knapp G Jacob Bridgeman G Johnny Keefer G Taylor Moore,,,,,,,,,,,,,,,,,,,
3743,5202759432,mjwheeler3833,416,27.5,G Cameron Young G Si Woo Kim G Ryo Hisatsune G Corey Conners G Johnny Keefer G Jordan L. Smith,,,,,,,,,,,,,,,,,,,
3743,5203087387,loftusmc,416,27.5,G Cameron Young G Si Woo Kim G Nicolai Højgaard G Denny McCarthy G Johnny Keefer G Tom Hoge,,,,,,,,,,,,,,,,,,,
3743,5201754981,mrtracyc,413,27.5,G Xander Schauffele G Hideki Matsuyama G J.J. Spaun G Sam Stevens G Taylor Moore G John Parry,,,,,,,,,,,,,,,,,,,
3743,5202487740,youdacao,413,27.5,G Cameron Young G Xander Schauffele G Doug Ghim G Rasmus Neergaard-Petersen G Mac Meissner G Jordan L. Smith,,,,,,,,,,,,,,,,,,,
3743,5202561682,harper626,413,27.5,G Xander Schauffele G Russell Henley G Nicolai Højgaard G Ryo Hisatsune G Doug Ghim G Ben Kohles,,,,,,,,,,,,,,,,,,,
3743,5202875892,blallen,413,27.5,G Cameron Young G Xander Schauffele G Corey Conners G Doug Ghim G Mac Meissner G Sungjae Im,,,,,,,,,,,,,,,,,,,
3743,5202252948,jwoloszyn,410,27.5,G Jackson Koivun G Hideki Matsuyama G Ben Griffin G Jake Knapp G Rasmus Neergaard-Petersen G Stefano Mazzoli,,,,,,,,,,,,,,,,,,,
3743,5200557498,ley_low,408,27.5,G Jake Knapp G J.J. Spaun G Akshay Bhatia G Nicolai Højgaard G Michael Thorbjornsen G Eric Cole,,,,,,,,,,,,,,,,,,,
3743,5200658954,papaw5x,408,27.5,G Russell Henley G Hideki Matsuyama G J.J. Spaun G Akshay Bhatia G Eric Cole G Billy Horschel,,,,,,,,,,,,,,,,,,,
3743,5200811921,kanebelcher,408,27.5,G Patrick Cantlay G Hideki Matsuyama G Akshay Bhatia G Eric Cole G Denny McCarthy G Ben Kohles,,,,,,,,,,,,,,,,,,,
3743,5201868988,Danheff,408,27.5,G Hideki Matsuyama G J.J. Spaun G Akshay Bhatia G Nicolai Højgaard G Michael Brennan G Eric Cole,,,,,,,,,,,,,,,,,,,
3743,5203046926,tdquick,408,27.5,G Cameron Young G Hideki Matsuyama G Akshay Bhatia G Eric Cole G Jackson Suber G Sungjae Im,,,,,,,,,,,,,,,,,,,
3743,5201265434,hardhatman,405,27.5,G Cameron Young G Patrick Cantlay G Jake Knapp G Jackson Suber G Christiaan Bezuidenhout G Zac Blair,,,,,,,,,,,,,,,,,,,
3743,5202666992,BIGED1960,405,27.5,G Cameron Young G Hideki Matsuyama G Ben Griffin G Denny McCarthy G Christiaan Bezuidenhout G Zac Blair,,,,,,,,,,,,,,,,,,,
3743,5201965557,njhokie85,400,27.5,G Xander Schauffele G Hideki Matsuyama G Jake Knapp G Davis Thompson G Max Greyserman G Chandler Phillips,,,,,,,,,,,,,,,,,,,
3743,5203052101,mandrews93,400,27.5,G Xander Schauffele G Russell Henley G Patrick Cantlay G Davis Thompson G Billy Horschel G Chandler Phillips,,,,,,,,,,,,,,,,,,,
3743,5201959510,GordonBombayOBV,399,27.5,G Xander Schauffele G Hideki Matsuyama G Harris English G Akshay Bhatia G Lucas Glover G Zachary Bauchou,,,,,,,,,,,,,,,,,,,
3761,5200701725,golfkat2021,421,27,G Cameron Young G Hideki Matsuyama G Nicolai Højgaard G Jacob Bridgeman G Kevin Yu G Rasmus Højgaard,,,,,,,,,,,,,,,,,,,
3761,5201579071,Werhane11,421,27,G Russell Henley G Ben Griffin G Jake Knapp G J.J. Spaun G Kevin Yu G Billy Horschel,,,,,,,,,,,,,,,,,,,
3761,5202083647,Tron55,421,27,G Patrick Cantlay G Ben Griffin G Jake Knapp G Nicolai Højgaard G Rasmus Neergaard-Petersen G Kevin Yu,,,,,,,,,,,,,,,,,,,
3761,5203098796,benji_018,421,27,G Cameron Young G Russell Henley G J.J. Spaun G Ryo Hisatsune G Kevin Yu G A.J. Ewart,,,,,,,,,,,,,,,,,,,
3761,5203223060,tbf129,421,27,G Cameron Young G Hideki Matsuyama G Ben Griffin G Denny McCarthy G Kevin Yu G Rico Hoey,,,,,,,,,,,,,,,,,,,
3761,5200676822,mattfitzkcmo,414,27,G Jackson Koivun G Hideki Matsuyama G Jacob Bridgeman G Ryo Hisatsune G Corey Conners G Benjamin James,,,,,,,,,,,,,,,,,,,
3761,5200710949,jmsISGRIT,414,27,G Jackson Koivun G Patrick Cantlay G Hideki Matsuyama G Jordan Spieth G Denny McCarthy G Benjamin James,,,,,,,,,,,,,,,,,,,
3761,5200849942,Rambo62,414,27,G Cameron Young G Patrick Cantlay G Akshay Bhatia G Doug Ghim G Mac Meissner G Jordan L. Smith,,,,,,,,,,,,,,,,,,,
3761,5201073432,bartmeister,414,27,G Cameron Young G Jake Knapp G Akshay Bhatia G Corey Conners G Doug Ghim G Max Greyserman,,,,,,,,,,,,,,,,,,,
3761,5202618446,savjacket,414,27,G Hideki Matsuyama G Ben Griffin G Jake Knapp G Ryan Gerard G Michael Thorbjornsen G Vince Whaley,,,,,,,,,,,,,,,,,,,
3761,5203078358,justinthomaslarson,414,27,G Jackson Koivun G Ben Griffin G J.J. Spaun G Michael Thorbjornsen G Jackson Suber G Benjamin James,,,,,,,,,,,,,,,,,,,
3761,5203105018,Phinsfan83,414,27,G Russell Henley G Patrick Cantlay G J.J. Spaun G Akshay Bhatia G Rasmus Neergaard-Petersen G Sam Stevens,,,,,,,,,,,,,,,,,,,
3761,5200559395,Atsirk_Col,411,27,G Cameron Young G Jackson Koivun G Michael Brennan G Davis Thompson G Jackson Suber G Sungjae Im,,,,,,,,,,,,,,,,,,,
3761,5200677507,numbermunchers,411,27,G Jackson Koivun G Russell Henley G Jake Knapp G Davis Thompson G Ben Kohles G Billy Horschel,,,,,,,,,,,,,,,,,,,
3761,5200708903,JBOTTUM,411,27,G Jackson Koivun G Russell Henley G J.J. Spaun G Davis Thompson G Matt Wallace G Sungjae Im,,,,,,,,,,,,,,,,,,,
3761,5200804339,Tommyscanz,411,27,G Jackson Koivun G Hideki Matsuyama G Jake Knapp G Davis Thompson G Jackson Suber G Ben Kohles,,,,,,,,,,,,,,,,,,,
3761,5200958332,MinnesotaCow,411,27,G Cameron Young G Jackson Koivun G Davis Thompson G Denny McCarthy G Corey Conners G Rasmus Neergaard-Petersen,,,,,,,,,,,,,,,,,,,
3761,5201042285,RockettMan37,411,27,G Jackson Koivun G Hideki Matsuyama G Jake Knapp G Davis Thompson G Jackson Suber G Ben Kohles,,,,,,,,,,,,,,,,,,,
3761,5201269281,mika0015,411,27,G Jackson Koivun G Hideki Matsuyama G Michael Thorbjornsen G Michael Brennan G Marco Penge G Davis Thompson,,,,,,,,,,,,,,,,,,,
3761,5201842595,artelma18,411,27,G Jackson Koivun G Hideki Matsuyama G Nicolai Højgaard G Jacob Bridgeman G Davis Thompson G Jackson Suber,,,,,,,,,,,,,,,,,,,
3761,5201871081,m221mg,411,27,G Jackson Koivun G Russell Henley G Ben Griffin G Davis Thompson G Mac Meissner G Rasmus Højgaard,,,,,,,,,,,,,,,,,,,
3761,5202186835,gotowork,411,27,G Jackson Koivun G J.J. Spaun G Nicolai Højgaard G Michael Thorbjornsen G Davis Thompson G Jackson Suber,,,,,,,,,,,,,,,,,,,
3761,5202641384,newiejkhunt,411,27,G Jackson Koivun G Russell Henley G Jake Knapp G Davis Thompson G Denny McCarthy G Ben Kohles,,,,,,,,,,,,,,,,,,,
3761,5202883157,spamamoto,411,27,G Cameron Young G Jackson Koivun G Jake Knapp G Davis Thompson G Ben Kohles G Brad Dalke,,,,,,,,,,,,,,,,,,,
3761,5202983767,kevinreider4,411,27,G Jackson Koivun G Jake Knapp G J.J. Spaun G Michael Brennan G Davis Thompson G Denny McCarthy,,,,,,,,,,,,,,,,,,,
3761,5203108822,IxIDSOxI,411,27,G Cameron Young G Jackson Koivun G Michael Thorbjornsen G Michael Brennan G Davis Thompson G Brad Dalke,,,,,,,,,,,,,,,,,,,
3761,5203247345,PRozelle,411,27,G Cameron Young G Jackson Koivun G Davis Thompson G Ryo Hisatsune G Jackson Suber G Ben Kohles,,,,,,,,,,,,,,,,,,,
3761,5201302075,soonermama,408,27,G Cameron Young G Jake Knapp G Ryan Gerard G Jacob Bridgeman G Ben Kohles G Zac Blair,,,,,,,,,,,,,,,,,,,
3761,5201556617,goorlando1,408,27,G Cameron Young G Hideki Matsuyama G Ryan Gerard G Nicolai Højgaard G A.J. Ewart G Zac Blair,,,,,,,,,,,,,,,,,,,
3761,5201962827,carldebi,408,27,G Cameron Young G Jake Knapp G Ryan Gerard G Michael Brennan G Ben Kohles G Zac Blair,,,,,,,,,,,,,,,,,,,
3761,5202645350,bostonc13,408,27,G Hideki Matsuyama G Ben Griffin G Jake Knapp G Ryan Gerard G Michael Brennan G Zac Blair,,,,,,,,,,,,,,,,,,,
3761,5203058712,PistolPreet,408,27,G Cameron Young G Jake Knapp G Ryan Gerard G Jackson Suber G Corey Conners G Zac Blair,,,,,,,,,,,,,,,,,,,
3761,5203247588,Special-K2,408,27,G Russell Henley G Hideki Matsuyama G Ryan Gerard G Jacob Bridgeman G Ryo Hisatsune G Zac Blair,,,,,,,,,,,,,,,,,,,
3761,5203257367,Mightbewrong33,408,27,G Cameron Young G Hideki Matsuyama G Ryan Gerard G Ryo Hisatsune G Jackson Suber G Zac Blair,,,,,,,,,,,,,,,,,,,
3761,5202071535,LoganHamm,402,27,G Cameron Young G Jackson Koivun G J.J. Spaun G Jackson Suber G Jesper Svensson G Chandler Phillips,,,,,,,,,,,,,,,,,,,
3761,5202086592,vegaskid23,400,27,G Cameron Young G Chris Gotterup G Ben Griffin G Jackson Suber G Chandler Phillips G Aaron Wise,,,,,,,,,,,,,,,,,,,
3761,5201985753,brokenarrow124,397,27,G Cameron Young G Hideki Matsuyama G Nicolai Højgaard G Davis Thompson G Eric Cole G Lucas Glover,,,,,,,,,,,,,,,,,,,
3761,5202936795,abeekb,397,27,G Cameron Young G Ben Griffin G Michael Thorbjornsen G Davis Thompson G Eric Cole G Lucas Glover,,,,,,,,,,,,,,,,,,,
3799,5202732553,tdmoore27,420,26.5,G Cameron Young G Patrick Cantlay G Hideki Matsuyama G Jackson Suber G Tony Finau G Kevin Roy,,,,,,,,,,,,,,,,,,,
3799,5202790718,Bobbyg164,420,26.5,G Cameron Young G Jake Knapp G J.J. Spaun G Rasmus Neergaard-Petersen G Ben Kohles G Tony Finau,,,,,,,,,,,,,,,,,,,
3799,5202567895,patcaine11,418,26.5,G Cameron Young G Jake Knapp G Nicolai Højgaard G Jackson Suber G Pierceson Coody G Johnny Keefer,,,,,,,,,,,,,,,,,,,
3799,5202332196,mjamezrite,415,26.5,G Xander Schauffele G Jake Knapp G J.J. Spaun G Marco Penge G Johnny Keefer G Billy Horschel,,,,,,,,,,,,,,,,,,,
3799,5203087110,d.cunningham015,415,26.5,G Xander Schauffele G Jake Knapp G J.J. Spaun G Michael Brennan G Johnny Keefer G Billy Horschel,,,,,,,,,,,,,,,,,,,
3799,5200601868,savallone,409,26.5,G Cameron Young G Chris Gotterup G Nicolai Højgaard G Andrew Novak G Sungjae Im G Matti Schmid,,,,,,,,,,,,,,,,,,,
3799,5202478113,csurunnerccr,409,26.5,G Chris Gotterup G Hideki Matsuyama G Ben Griffin G Jacob Bridgeman G Mac Meissner G Andrew Novak,,,,,,,,,,,,,,,,,,,
3799,5201231448,Seabass1977,397,26.5,G Cameron Young G Chris Gotterup G Rasmus Neergaard-Petersen G Ben Kohles G Lucas Glover G Chandler Phillips,,,,,,,,,,,,,,,,,,,
3799,5203139374,seewhy14,396,26.5,G Cameron Young G Patrick Cantlay G Jake Knapp G Aldrich Potgieter G Seamus Power G Chandler Phillips,,,,,,,,,,,,,,,,,,,
3799,5201308632,sanfranmike,348,26.5,G Cameron Young G Hideki Matsuyama G Brooks Koepka G Jordan Spieth G Ryo Hisatsune G Tony Finau,,,,,,,,,,,,,,,,,,,
3809,5201482712,davidmains,416,26,G Russell Henley G Hideki Matsuyama G Jake Knapp G Akshay Bhatia G Johnny Keefer G Zachary Bauchou,,,,,,,,,,,,,,,,,,,
3809,5202666056,jjensen2378,416,26,G Cameron Young G Patrick Cantlay G Akshay Bhatia G Michael Brennan G Johnny Keefer G Tom Hoge,,,,,,,,,,,,,,,,,,,
3809,5202696901,byrnemichael21,416,26,G Cameron Young G Jake Knapp G Akshay Bhatia G Jackson Suber G Johnny Keefer G Rasmus Neergaard-Petersen,,,,,,,,,,,,,,,,,,,
3809,5202874437,bwill717,413,26,G Wyndham Clark G Russell Henley G Jake Knapp G J.J. Spaun G Billy Horschel G Keita Nakajima,,,,,,,,,,,,,,,,,,,
3809,5201249377,kschushy,411,26,G Xander Schauffele G Si Woo Kim G Michael Thorbjornsen G Jacob Bridgeman G Ryo Hisatsune G Brad Dalke,,,,,,,,,,,,,,,,,,,
3809,5201545738,Ricardo5346,411,26,G Xander Schauffele G Si Woo Kim G Jake Knapp G Corey Conners G Taylor Moore G A.J. Ewart,,,,,,,,,,,,,,,,,,,
3809,5202898796,alwzplyn4323,411,26,G Xander Schauffele G Si Woo Kim G Hideki Matsuyama G Jacob Bridgeman G Brad Dalke G William Jennings,,,,,,,,,,,,,,,,,,,
3809,5202918215,HITDOG17,411,26,G Xander Schauffele G Si Woo Kim G Harris English G Jacob Bridgeman G Zecheng Dou G Zachary Bauchou,,,,,,,,,,,,,,,,,,,
3809,5200735221,throatstomper,410,26,G Cameron Young G Jackson Koivun G Ryo Hisatsune G Corey Conners G Max Greyserman G Aldrich Potgieter,,,,,,,,,,,,,,,,,,,
3809,5201309335,lVlaxfield,410,26,G Cameron Young G Jackson Koivun G Russell Henley G Aldrich Potgieter G Taylor Pendrith G Andrew Putnam,,,,,,,,,,,,,,,,,,,
3809,5202338916,Lisar,410,26,G Jackson Koivun G Hideki Matsuyama G Jake Knapp G Michael Brennan G Ryo Hisatsune G Aldrich Potgieter,,,,,,,,,,,,,,,,,,,
3809,5203199954,Camtheman325,410,26,G Jackson Koivun G Hideki Matsuyama G Jake Knapp G Michael Brennan G Ben Kohles G Aldrich Potgieter,,,,,,,,,,,,,,,,,,,
3809,5202105536,kahyatt,409,26,G Jackson Koivun G Ben Griffin G Jake Knapp G Jacob Bridgeman G Jackson Suber G William Mouw,,,,,,,,,,,,,,,,,,,
3809,5202526300,MichaelScarn1,409,26,G Jackson Koivun G Russell Henley G Jake Knapp G Nicolai Højgaard G Jackson Suber G William Mouw,,,,,,,,,,,,,,,,,,,
3809,5202986984,zdolla16,409,26,G Jackson Koivun G Patrick Cantlay G Jake Knapp G Nicolai Højgaard G Jackson Suber G William Mouw,,,,,,,,,,,,,,,,,,,
3809,5203035774,ydoja2,409,26,G Cameron Young G Jackson Koivun G Harris English G Ryo Hisatsune G Zecheng Dou G William Mouw,,,,,,,,,,,,,,,,,,,
3809,5203212240,TylerShane,398,26,G Si Woo Kim G Russell Henley G J.J. Spaun G Michael Thorbjornsen G Andrew Novak G Lucas Glover,,,,,,,,,,,,,,,,,,,
3826,5200787954,ralstonite,419,25.5,G Cameron Young G J.J. Spaun G Nicolai Højgaard G Denny McCarthy G Emiliano Grillo G Sungjae Im,,,,,,,,,,,,,,,,,,,
3826,5200968026,09gracepj,419,25.5,G Cameron Young G Ben Griffin G Michael Thorbjornsen G Jordan Spieth G Corey Conners G Emiliano Grillo,,,,,,,,,,,,,,,,,,,
3826,5201780345,tonetouch12,419,25.5,G Cameron Young G Russell Henley G Hideki Matsuyama G Ryo Hisatsune G Emiliano Grillo G Brad Dalke,,,,,,,,,,,,,,,,,,,
3826,5201962488,skebba11,419,25.5,G Cameron Young G Russell Henley G Ben Griffin G Ryo Hisatsune G Emiliano Grillo G Andrew Putnam,,,,,,,,,,,,,,,,,,,
3826,5202020949,Brendan_Collier,419,25.5,G Cameron Young G Jake Knapp G J.J. Spaun G Jackson Suber G Ben Kohles G Emiliano Grillo,,,,,,,,,,,,,,,,,,,
3826,5202043983,sotopassias,419,25.5,G Cameron Young G Hideki Matsuyama G Ben Griffin G Emiliano Grillo G Taylor Moore G Cameron Davis,,,,,,,,,,,,,,,,,,,
3826,5202932050,Skates77,419,25.5,G Cameron Young G Hideki Matsuyama G Jake Knapp G Jacob Bridgeman G Emiliano Grillo G Andrew Putnam,,,,,,,,,,,,,,,,,,,
3826,5202932576,lkunze555,419,25.5,G Cameron Young G Hideki Matsuyama G Jake Knapp G Ben Kohles G Emiliano Grillo G John Parry,,,,,,,,,,,,,,,,,,,
3826,5201146102,cyclonestein,415,25.5,G Chris Gotterup G Hideki Matsuyama G Ben Griffin G Denny McCarthy G Benjamin James G Jordan L. Smith,,,,,,,,,,,,,,,,,,,
3826,5202071551,UntuckedJerseyKyrie,415,25.5,G Chris Gotterup G Ben Griffin G Jake Knapp G Jacob Bridgeman G Mac Meissner G Benjamin James,,,,,,,,,,,,,,,,,,,
3826,5202183068,pat_the_hat2,415,25.5,G Chris Gotterup G Ben Griffin G J.J. Spaun G Jacob Bridgeman G Rasmus Neergaard-Petersen G Benjamin James,,,,,,,,,,,,,,,,,,,
3826,5202261914,rharker,415,25.5,G Chris Gotterup G Ben Griffin G Jake Knapp G Michael Brennan G Ben Kohles G Benjamin James,,,,,,,,,,,,,,,,,,,
3826,5203136384,papadockwop,415,25.5,G Chris Gotterup G Hideki Matsuyama G Michael Thorbjornsen G Michael Brennan G Ryo Hisatsune G Benjamin James,,,,,,,,,,,,,,,,,,,
3826,5201349938,DrewLandrumCR,414,25.5,G Wyndham Clark G Jake Knapp G J.J. Spaun G Jackson Suber G Ben Kohles G Benjamin James,,,,,,,,,,,,,,,,,,,
3826,5201930125,riesjosr,414,25.5,G Cameron Young G Wyndham Clark G Jacob Bridgeman G Jackson Suber G Ben Kohles G Benjamin James,,,,,,,,,,,,,,,,,,,
3826,5202875061,chris2448,414,25.5,G Wyndham Clark G Jake Knapp G Michael Brennan G Jacob Bridgeman G Ryo Hisatsune G Benjamin James,,,,,,,,,,,,,,,,,,,
3826,5203086534,L053R666,414,25.5,G Cameron Young G Wyndham Clark G Jacob Bridgeman G Corey Conners G Mac Meissner G Benjamin James,,,,,,,,,,,,,,,,,,,
3826,5200596204,jakepierce3,412,25.5,G Chris Gotterup G Jake Knapp G Michael Thorbjornsen G Michael Brennan G Davis Thompson G Jackson Suber,,,,,,,,,,,,,,,,,,,
3826,5200611278,Velocityjon,412,25.5,G Si Woo Kim G Jake Knapp G Akshay Bhatia G Michael Thorbjornsen G Michael Brennan G Sungjae Im,,,,,,,,,,,,,,,,,,,
3826,5200679113,peteware,412,25.5,G Cameron Young G Chris Gotterup G Davis Thompson G Ryo Hisatsune G Matt Wallace G Matthew McCarty,,,,,,,,,,,,,,,,,,,
3826,5200974653,rburnett22,412,25.5,G Si Woo Kim G Hideki Matsuyama G Akshay Bhatia G Jacob Bridgeman G Ryo Hisatsune G Jackson Suber,,,,,,,,,,,,,,,,,,,
3826,5201168935,moklovin,412,25.5,G Chris Gotterup G Jake Knapp G Harris English G Davis Thompson G Jackson Suber G Taylor Pendrith,,,,,,,,,,,,,,,,,,,
3826,5201187532,pluralslinky,412,25.5,G Si Woo Kim G Hideki Matsuyama G Akshay Bhatia G Jacob Bridgeman G Ryo Hisatsune G Rasmus Neergaard-Petersen,,,,,,,,,,,,,,,,,,,
3826,5201213195,bomtje,412,25.5,G Si Woo Kim G Hideki Matsuyama G Akshay Bhatia G Jacob Bridgeman G Ryo Hisatsune G Ben Kohles,,,,,,,,,,,,,,,,,,,
3826,5201329693,Bac0n301,412,25.5,G Si Woo Kim G Hideki Matsuyama G Akshay Bhatia G Jacob Bridgeman G Denny McCarthy G Ben Kohles,,,,,,,,,,,,,,,,,,,
3826,5201414543,ifurst,412,25.5,G Si Woo Kim G Akshay Bhatia G Nicolai Højgaard G Michael Thorbjornsen G Jacob Bridgeman G Max Greyserman,,,,,,,,,,,,,,,,,,,
3826,5201447252,abragg3304,412,25.5,G Chris Gotterup G Ben Griffin G Jake Knapp G Davis Thompson G Jackson Suber G Ben Kohles,,,,,,,,,,,,,,,,,,,
3826,5201524147,Gizzo423,412,25.5,G Chris Gotterup G Russell Henley G Nicolai Højgaard G Davis Thompson G Jackson Suber G Rasmus Neergaard-Petersen,,,,,,,,,,,,,,,,,,,
3826,5201530975,mike11165,412,25.5,G Chris Gotterup G Hideki Matsuyama G Jake Knapp G Davis Thompson G Rasmus Neergaard-Petersen G Ben Kohles,,,,,,,,,,,,,,,,,,,
3826,5201556692,rdggolfer21,412,25.5,G Si Woo Kim G Hideki Matsuyama G Akshay Bhatia G Jacob Bridgeman G Ryo Hisatsune G Corey Conners,,,,,,,,,,,,,,,,,,,
3826,5201582375,gretzky99_99,412,25.5,G Chris Gotterup G Hideki Matsuyama G Nicolai Højgaard G Davis Thompson G Jackson Suber G Denny McCarthy,,,,,,,,,,,,,,,,,,,
3826,5201814529,wallyboa,412,25.5,G Si Woo Kim G Patrick Cantlay G Akshay Bhatia G Nicolai Højgaard G Ben Kohles G Jordan L. Smith,,,,,,,,,,,,,,,,,,,
3826,5201925905,abone11,412,25.5,G Chris Gotterup G Ben Griffin G Jake Knapp G Davis Thompson G Max Greyserman G Ben Kohles,,,,,,,,,,,,,,,,,,,
3826,5201948115,Dabigu,412,25.5,G Chris Gotterup G Hideki Matsuyama G Ben Griffin G Davis Thompson G Max Greyserman G Ben Kohles,,,,,,,,,,,,,,,,,,,
3826,5201977935,HAKS01,412,25.5,G Chris Gotterup G Jake Knapp G Michael Brennan G Marco Penge G Davis Thompson G Jackson Suber,,,,,,,,,,,,,,,,,,,
3826,5201989438,hammer2424,412,25.5,G Chris Gotterup G Jake Knapp G Michael Thorbjornsen G Michael Brennan G Davis Thompson G Jackson Suber,,,,,,,,,,,,,,,,,,,
3826,5202025881,EarlLeslie,412,25.5,G Si Woo Kim G Hideki Matsuyama G J.J. Spaun G Akshay Bhatia G Corey Conners G Matti Schmid,,,,,,,,,,,,,,,,,,,
3826,5202155355,GnomiesArmy,412,25.5,G Chris Gotterup G Hideki Matsuyama G Jake Knapp G Davis Thompson G Rasmus Neergaard-Petersen G Ben Kohles,,,,,,,,,,,,,,,,,,,
3826,5202230442,MojaveWolf,412,25.5,G Cameron Young G Chris Gotterup G Davis Thompson G Jackson Suber G Ben Kohles G Jordan L. Smith,,,,,,,,,,,,,,,,,,,
3826,5202254788,KLeh22,412,25.5,G Cameron Young G Chris Gotterup G Davis Thompson G Corey Conners G Mac Meissner G Jordan L. Smith,,,,,,,,,,,,,,,,,,,
3826,5202303829,dmigz103,412,25.5,G Si Woo Kim G Patrick Cantlay G Akshay Bhatia G Jacob Bridgeman G Ryo Hisatsune G Matt Wallace,,,,,,,,,,,,,,,,,,,
3826,5202489730,dws09482,412,25.5,G Si Woo Kim G Hideki Matsuyama G J.J. Spaun G Akshay Bhatia G Michael Thorbjornsen G William Jennings,,,,,,,,,,,,,,,,,,,
3826,5202508172,terpterman,412,25.5,G Cameron Young G Chris Gotterup G Davis Thompson G Jackson Suber G Rasmus Neergaard-Petersen G Sudarshan Yellamaraju,,,,,,,,,,,,,,,,,,,
3826,5202541262,TwineTickler,412,25.5,G Chris Gotterup G Jake Knapp G J.J. Spaun G Davis Thompson G Rasmus Neergaard-Petersen G Ben Kohles,,,,,,,,,,,,,,,,,,,
3826,5202551833,rosweet1,412,25.5,G Si Woo Kim G Ben Griffin G Akshay Bhatia G Michael Brennan G Ryo Hisatsune G Corey Conners,,,,,,,,,,,,,,,,,,,
3826,5202573575,apayne331,412,25.5,G Cameron Young G Chris Gotterup G Davis Thompson G Corey Conners G Mac Meissner G Jordan L. Smith,,,,,,,,,,,,,,,,,,,
3826,5202583558,brandyM04,412,25.5,G Chris Gotterup G Russell Henley G Michael Brennan G Jacob Bridgeman G Davis Thompson G Jackson Suber,,,,,,,,,,,,,,,,,,,
3826,5202589724,msveinson21,412,25.5,G Chris Gotterup G Jake Knapp G J.J. Spaun G Davis Thompson G Jackson Suber G Ben Kohles,,,,,,,,,,,,,,,,,,,
3826,5202607059,aperagallo,412,25.5,G Si Woo Kim G Hideki Matsuyama G Akshay Bhatia G Michael Thorbjornsen G Jackson Suber G Mac Meissner,,,,,,,,,,,,,,,,,,,
3826,5202865013,FreeDropBilly,412,25.5,G Chris Gotterup G J.J. Spaun G Nicolai Højgaard G Michael Brennan G Davis Thompson G Jackson Suber,,,,,,,,,,,,,,,,,,,
3826,5202871113,tbsports69,412,25.5,G Cameron Young G Chris Gotterup G Davis Thompson G Mac Meissner G Jordan L. Smith G Sungjae Im,,,,,,,,,,,,,,,,,,,
3826,5202881250,marwalk82,412,25.5,G Si Woo Kim G Akshay Bhatia G Nicolai Højgaard G Michael Thorbjornsen G Jacob Bridgeman G Ryo Hisatsune,,,,,,,,,,,,,,,,,,,
3826,5202891605,sidewinder44,412,25.5,G Chris Gotterup G Jake Knapp G Michael Thorbjornsen G Michael Brennan G Davis Thompson G Jordan L. Smith,,,,,,,,,,,,,,,,,,,
3826,5202909354,JudyBootyMuniz,412,25.5,G Si Woo Kim G Russell Henley G Hideki Matsuyama G Akshay Bhatia G John Parry G Kevin Roy,,,,,,,,,,,,,,,,,,,
3826,5202931063,klyon28,412,25.5,G Si Woo Kim G Ben Griffin G J.J. Spaun G Akshay Bhatia G Jacob Bridgeman G Brad Dalke,,,,,,,,,,,,,,,,,,,
3826,5202949987,rgb3,412,25.5,G Chris Gotterup G Hideki Matsuyama G Michael Thorbjornsen G Michael Brennan G Davis Thompson G Rasmus Neergaard-Petersen,,,,,,,,,,,,,,,,,,,
3826,5202965429,SatchmoW1ns,412,25.5,G Si Woo Kim G Jake Knapp G J.J. Spaun G Akshay Bhatia G Denny McCarthy G Sungjae Im,,,,,,,,,,,,,,,,,,,
3826,5202978399,Drewkp,412,25.5,G Chris Gotterup G Patrick Cantlay G Hideki Matsuyama G Davis Thompson G Ben Kohles G Austin Eckroat,,,,,,,,,,,,,,,,,,,
3826,5203003302,raingjo,412,25.5,G Chris Gotterup G Jake Knapp G Michael Thorbjornsen G Michael Brennan G Davis Thompson G Rasmus Neergaard-Petersen,,,,,,,,,,,,,,,,,,,
3826,5203074858,goingreen69,412,25.5,G Chris Gotterup G Russell Henley G Michael Thorbjornsen G Davis Thompson G Ryo Hisatsune G Corey Conners,,,,,,,,,,,,,,,,,,,
3826,5203213937,luckylyndon,412,25.5,G Chris Gotterup G Hideki Matsuyama G Nicolai Højgaard G Davis Thompson G Jordan Spieth G Denny McCarthy,,,,,,,,,,,,,,,,,,,
3826,5203247680,JGEMZzZ,412,25.5,G Si Woo Kim G Russell Henley G Akshay Bhatia G Jacob Bridgeman G Ryo Hisatsune G Ben Kohles,,,,,,,,,,,,,,,,,,,
3826,5200610698,cheesyleaf89,411,25.5,G Wyndham Clark G Hideki Matsuyama G Jake Knapp G Davis Thompson G Jackson Suber G Ben Kohles,,,,,,,,,,,,,,,,,,,
3826,5200632331,MakeJake19,411,25.5,G Cameron Young G Wyndham Clark G Michael Thorbjornsen G Michael Brennan G Davis Thompson G Brad Dalke,,,,,,,,,,,,,,,,,,,
3826,5201351301,dean7434,411,25.5,G Wyndham Clark G Russell Henley G Patrick Cantlay G Jacob Bridgeman G Davis Thompson G Kevin Roy,,,,,,,,,,,,,,,,,,,
3826,5201382214,4LeftsMakeItRight,411,25.5,G Wyndham Clark G Hideki Matsuyama G Jake Knapp G Michael Thorbjornsen G Davis Thompson G Sungjae Im,,,,,,,,,,,,,,,,,,,
3826,5201736859,Bsbenzel,411,25.5,G Wyndham Clark G Russell Henley G J.J. Spaun G Nicolai Højgaard G Davis Thompson G Cameron Davis,,,,,,,,,,,,,,,,,,,
3826,5201897001,XLRV,411,25.5,G Wyndham Clark G Patrick Cantlay G Nicolai Højgaard G Jacob Bridgeman G Davis Thompson G Jordan Spieth,,,,,,,,,,,,,,,,,,,
3826,5202401017,jackasses111,411,25.5,G Cameron Young G Wyndham Clark G Michael Thorbjornsen G Davis Thompson G Corey Conners G Kevin Roy,,,,,,,,,,,,,,,,,,,
3826,5202549164,SteelerCat1,411,25.5,G Wyndham Clark G Russell Henley G Ben Griffin G Davis Thompson G Mac Meissner G Zachary Bauchou,,,,,,,,,,,,,,,,,,,
3826,5202768225,laboni64,411,25.5,G Wyndham Clark G Russell Henley G Jake Knapp G Davis Thompson G Jackson Suber G Rasmus Neergaard-Petersen,,,,,,,,,,,,,,,,,,,
3826,5202913366,ballinrees82,411,25.5,G Wyndham Clark G Jake Knapp G J.J. Spaun G Michael Brennan G Davis Thompson G Rasmus Neergaard-Petersen,,,,,,,,,,,,,,,,,,,
3826,5203009196,dapeachinva,411,25.5,G Wyndham Clark G Jake Knapp G J.J. Spaun G Jacob Bridgeman G Davis Thompson G Jackson Suber,,,,,,,,,,,,,,,,,,,
3826,5203231295,bkilgore86,411,25.5,G Wyndham Clark G Jake Knapp G Nicolai Højgaard G Jacob Bridgeman G Davis Thompson G Jackson Suber,,,,,,,,,,,,,,,,,,,
3826,5203231446,Ianmcgil02,411,25.5,G Wyndham Clark G Hideki Matsuyama G Jacob Bridgeman G Davis Thompson G Corey Conners G Rasmus Neergaard-Petersen,,,,,,,,,,,,,,,,,,,
3826,5202399481,Lukeyg4,409,25.5,G Cameron Young G Jake Knapp G J.J. Spaun G Davis Thompson G Jackson Suber G Joel Dahmen,,,,,,,,,,,,,,,,,,,
3826,5202221159,rigo1515,401,25.5,G Si Woo Kim G Hideki Matsuyama G Jake Knapp G J.J. Spaun G Nicolas Echavarria G Chandler Phillips,,,,,,,,,,,,,,,,,,,
3826,5202704766,wehls,401,25.5,G Cameron Young G Si Woo Kim G Russell Henley G Nicolas Echavarria G Zachary Bauchou G Chandler Phillips,,,,,,,,,,,,,,,,,,,
3904,5200667169,therealscotyh,420,25,G Cameron Young G Russell Henley G Ben Griffin G Jordan Spieth G Ricky Castillo G Andrew Putnam,,,,,,,,,,,,,,,,,,,
3904,5201238581,pinkandbrown44,420,25,G Cameron Young G Hideki Matsuyama G Jacob Bridgeman G Ryo Hisatsune G Corey Conners G Ricky Castillo,,,,,,,,,,,,,,,,,,,
3904,5201360582,nachochopstix,420,25,G Cameron Young G Ben Griffin G Michael Thorbjornsen G Jacob Bridgeman G Rasmus Neergaard-Petersen G Ricky Castillo,,,,,,,,,,,,,,,,,,,
3904,5201391810,stick1016,420,25,G Cameron Young G Russell Henley G Hideki Matsuyama G Rasmus Neergaard-Petersen G Ricky Castillo G Kevin Roy,,,,,,,,,,,,,,,,,,,
3904,5201524469,Chiefray59,420,25,G Cameron Young G Russell Henley G Harris English G Jacob Bridgeman G Ricky Castillo G Tom Hoge,,,,,,,,,,,,,,,,,,,
3904,5201830772,DavisMcduff,420,25,G Cameron Young G Hideki Matsuyama G Nicolai Højgaard G Ryo Hisatsune G Corey Conners G Ricky Castillo,,,,,,,,,,,,,,,,,,,
3904,5202252999,Fyagirl24,420,25,G Russell Henley G Patrick Cantlay G Hideki Matsuyama G Jacob Bridgeman G Ryo Hisatsune G Ricky Castillo,,,,,,,,,,,,,,,,,,,
3904,5202627439,Miamilights,420,25,G Cameron Young G Russell Henley G Harris English G Jacob Bridgeman G Ricky Castillo G Andrew Putnam,,,,,,,,,,,,,,,,,,,
3904,5202945469,mrlayhee22,420,25,G Cameron Young G Hideki Matsuyama G Harris English G Jacob Bridgeman G Ricky Castillo G Patrick Rodgers,,,,,,,,,,,,,,,,,,,
3904,5202971882,dirtygreek3838,420,25,G Cameron Young G Russell Henley G Ben Griffin G Ryo Hisatsune G Ricky Castillo G Andrew Putnam,,,,,,,,,,,,,,,,,,,
3904,5203106338,Oxyfide,420,25,G Cameron Young G Russell Henley G Harris English G Ryo Hisatsune G Sudarshan Yellamaraju G Ricky Castillo,,,,,,,,,,,,,,,,,,,
3904,5201104742,makingains23,415,25,G Jake Knapp G J.J. Spaun G Ryan Gerard G Nicolai Højgaard G Michael Thorbjornsen G Keita Nakajima,,,,,,,,,,,,,,,,,,,
3904,5201249392,adamnfool13,413,25,G Cameron Young G Hideki Matsuyama G Jacob Bridgeman G Ryo Hisatsune G Benjamin James G Christiaan Bezuidenhout,,,,,,,,,,,,,,,,,,,
3904,5201259577,fpaullywod,413,25,G Cameron Young G Jake Knapp G Nicolai Højgaard G Ryo Hisatsune G Benjamin James G Christiaan Bezuidenhout,,,,,,,,,,,,,,,,,,,
3904,5202446324,tlozen23,413,25,G Si Woo Kim G Hideki Matsuyama G J.J. Spaun G Michael Brennan G Jacob Bridgeman G Karl Vilips,,,,,,,,,,,,,,,,,,,
3904,5202618486,SticksJenkins,413,25,G Xander Schauffele G Hideki Matsuyama G Jacob Bridgeman G Jordan Spieth G Ryo Hisatsune G Pierceson Coody,,,,,,,,,,,,,,,,,,,
3904,5202744377,Madb,413,25,G Cameron Young G Si Woo Kim G Ben Griffin G Ryo Hisatsune G Sungjae Im G Kevin Streelman,,,,,,,,,,,,,,,,,,,
3904,5202846682,Bryan3320,410,25,G Russell Henley G Hideki Matsuyama G Ben Griffin G Davis Thompson G Ryo Hisatsune G Christiaan Bezuidenhout,,,,,,,,,,,,,,,,,,,
3904,5202936169,JSB31,410,25,G Ben Griffin G Jake Knapp G J.J. Spaun G Nicolai Højgaard G Davis Thompson G Christiaan Bezuidenhout,,,,,,,,,,,,,,,,,,,
3904,5203057446,Rhombus87,410,25,G Cameron Young G J.J. Spaun G Nicolai Højgaard G Davis Thompson G Corey Conners G Christiaan Bezuidenhout,,,,,,,,,,,,,,,,,,,
3904,5200736768,Biggety,408,25,G Cameron Young G Jackson Koivun G Michael Brennan G Jacob Bridgeman G Ben Kohles G Chandler Phillips,,,,,,,,,,,,,,,,,,,
3904,5201192534,leftside01,408,25,G Cameron Young G Jackson Koivun G Hideki Matsuyama G Ben Kohles G Billy Horschel G Chandler Phillips,,,,,,,,,,,,,,,,,,,
3904,5201587368,Lamkin91,408,25,G Cameron Young G Jackson Koivun G Jake Knapp G Ben Kohles G Billy Horschel G Chandler Phillips,,,,,,,,,,,,,,,,,,,
3904,5201795533,Roto-Rooters,408,25,G Cameron Young G Jackson Koivun G Jake Knapp G Ben Kohles G Jordan L. Smith G Chandler Phillips,,,,,,,,,,,,,,,,,,,
3904,5202844961,88gmoney,408,25,G Cameron Young G Jackson Koivun G Michael Brennan G Jackson Suber G Ben Kohles G Chandler Phillips,,,,,,,,,,,,,,,,,,,
3904,5202389609,bscanes,407,25,G Cameron Young G Xander Schauffele G Jordan Spieth G Jackson Suber G Seamus Power G Matti Schmid,,,,,,,,,,,,,,,,,,,
3930,5201330911,fandk,416,24.5,G Cameron Young G Jake Knapp G Ryan Gerard G Jackson Suber G Ben Kohles G Benjamin James,,,,,,,,,,,,,,,,,,,
3930,5202002307,Neil_FantasyAssembly,416,24.5,G Cameron Young G Hideki Matsuyama G Ryan Gerard G Jackson Suber G Benjamin James G Zachary Bauchou,,,,,,,,,,,,,,,,,,,
3930,5202007139,mooremc,416,24.5,G Cameron Young G Jake Knapp G Ryan Gerard G Jacob Bridgeman G Benjamin James G Zachary Bauchou,,,,,,,,,,,,,,,,,,,
3930,5202707018,FatherGuido,416,24.5,G Hideki Matsuyama G Jake Knapp G Ryan Gerard G Jacob Bridgeman G Corey Conners G Benjamin James,,,,,,,,,,,,,,,,,,,
3930,5202880750,MyNameJeff426,416,24.5,G Cameron Young G Jake Knapp G Ryan Gerard G Ryo Hisatsune G Benjamin James G Jordan L. Smith,,,,,,,,,,,,,,,,,,,
3930,5202910082,afeld3160,416,24.5,G Cameron Young G Ryan Gerard G Michael Thorbjornsen G Jacob Bridgeman G Denny McCarthy G Benjamin James,,,,,,,,,,,,,,,,,,,
3930,5200611240,razorbackavery,413,24.5,G Hideki Matsuyama G Jake Knapp G Ryan Gerard G Michael Thorbjornsen G Davis Thompson G Jackson Suber,,,,,,,,,,,,,,,,,,,
3930,5200619542,jefflemoine7816,413,24.5,G Cameron Young G Jake Knapp G Ryan Gerard G Davis Thompson G Ben Kohles G Sungjae Im,,,,,,,,,,,,,,,,,,,
3930,5200685660,sportsfreak0013,413,24.5,G Ben Griffin G Jake Knapp G J.J. Spaun G Ryan Gerard G Davis Thompson G Ben Kohles,,,,,,,,,,,,,,,,,,,
3930,5201103017,dlg35,413,24.5,G Russell Henley G Jake Knapp G Ryan Gerard G Michael Thorbjornsen G Davis Thompson G Rasmus Neergaard-Petersen,,,,,,,,,,,,,,,,,,,
3930,5201311206,GmenFan50,413,24.5,G Russell Henley G Hideki Matsuyama G Ryan Gerard G Jacob Bridgeman G Davis Thompson G Ryo Hisatsune,,,,,,,,,,,,,,,,,,,
3930,5201940567,stefze65,413,24.5,G Patrick Cantlay G Ben Griffin G Ryan Gerard G Michael Thorbjornsen G Davis Thompson G Jackson Suber,,,,,,,,,,,,,,,,,,,
3930,5202262088,Sweat4Caymus,413,24.5,G Hideki Matsuyama G Ben Griffin G Jake Knapp G Ryan Gerard G Davis Thompson G Billy Horschel,,,,,,,,,,,,,,,,,,,
3930,5202505160,hburton1,413,24.5,G Hideki Matsuyama G Jake Knapp G Ryan Gerard G Nicolai Højgaard G Davis Thompson G Denny McCarthy,,,,,,,,,,,,,,,,,,,
3930,5202529492,Bgoebert,413,24.5,G Hideki Matsuyama G Jake Knapp G Ryan Gerard G Michael Thorbjornsen G Davis Thompson G Jackson Suber,,,,,,,,,,,,,,,,,,,
3930,5202548795,bhucks83,413,24.5,G Cameron Young G Patrick Cantlay G Ryan Gerard G Davis Thompson G Taylor Pendrith G Rasmus Højgaard,,,,,,,,,,,,,,,,,,,
3930,5202569241,Kabino,413,24.5,G Patrick Cantlay G Hideki Matsuyama G Ryan Gerard G Davis Thompson G Jackson Suber G Denny McCarthy,,,,,,,,,,,,,,,,,,,
3930,5202618728,Bushboys1350,413,24.5,G Hideki Matsuyama G Jake Knapp G Ryan Gerard G Nicolai Højgaard G Davis Thompson G Ryo Hisatsune,,,,,,,,,,,,,,,,,,,
3930,5202785231,tfleig9,413,24.5,G Cameron Young G Jake Knapp G Ryan Gerard G Davis Thompson G Jackson Suber G Matti Schmid,,,,,,,,,,,,,,,,,,,
3930,5202913022,from_Fresno,413,24.5,G Patrick Cantlay G Hideki Matsuyama G Ryan Gerard G Michael Brennan G Davis Thompson G Denny McCarthy,,,,,,,,,,,,,,,,,,,
3930,5202986582,markley88,413,24.5,G Cameron Young G Ben Griffin G Ryan Gerard G Davis Thompson G Jordan L. Smith G Sungjae Im,,,,,,,,,,,,,,,,,,,
3930,5203074558,jeffpasch,413,24.5,G Jake Knapp G J.J. Spaun G Ryan Gerard G Michael Thorbjornsen G Marco Penge G Davis Thompson,,,,,,,,,,,,,,,,,,,
3930,5203077231,Bum_Mahoney,413,24.5,G Cameron Young G J.J. Spaun G Ryan Gerard G Davis Thompson G Jackson Suber G Billy Horschel,,,,,,,,,,,,,,,,,,,
3930,5203088032,kleng12,413,24.5,G Cameron Young G Hideki Matsuyama G Michael Brennan G Davis Thompson G Ben Kohles G Nick Taylor,,,,,,,,,,,,,,,,,,,
3930,5203177267,mmarousi,413,24.5,G Patrick Cantlay G Ryan Gerard G Nicolai Højgaard G Michael Brennan G Davis Thompson G Ryo Hisatsune,,,,,,,,,,,,,,,,,,,
3930,5200627383,mattyd2326,411,24.5,G Cameron Young G Chris Gotterup G Michael Thorbjornsen G Aldrich Potgieter G Sudarshan Yellamaraju G Rasmus Højgaard,,,,,,,,,,,,,,,,,,,
3930,5200672795,eln195,411,24.5,G Xander Schauffele G Akshay Bhatia G Nicolai Højgaard G Michael Brennan G Ryo Hisatsune G Jackson Suber,,,,,,,,,,,,,,,,,,,
3930,5200996916,mereno,411,24.5,G Chris Gotterup G Hideki Matsuyama G Jake Knapp G Marco Penge G Ben Kohles G Aldrich Potgieter,,,,,,,,,,,,,,,,,,,
3930,5201271295,Minko7,411,24.5,G Cameron Young G Chris Gotterup G Michael Brennan G Ben Kohles G Aldrich Potgieter G Cameron Davis,,,,,,,,,,,,,,,,,,,
3930,5201272999,Pacifica,411,24.5,G Chris Gotterup G Hideki Matsuyama G Jake Knapp G Ryo Hisatsune G Ben Kohles G Aldrich Potgieter,,,,,,,,,,,,,,,,,,,
3930,5201959493,patmicmac,411,24.5,G Chris Gotterup G Patrick Cantlay G Jake Knapp G Michael Thorbjornsen G Aldrich Potgieter G Lee Hodges,,,,,,,,,,,,,,,,,,,
3930,5202670414,jydee11,411,24.5,G Cameron Young G Chris Gotterup G Michael Brennan G Jackson Suber G Aldrich Potgieter G John Parry,,,,,,,,,,,,,,,,,,,
3930,5202851414,bobbymull,411,24.5,G Cameron Young G Chris Gotterup G Jacob Bridgeman G Corey Conners G Aldrich Potgieter G Sungjae Im,,,,,,,,,,,,,,,,,,,
3930,5203176288,danichello,411,24.5,G Chris Gotterup G Jake Knapp G Nicolai Højgaard G Michael Brennan G Marco Penge G Aldrich Potgieter,,,,,,,,,,,,,,,,,,,
3930,5200566464,ebdog,410,24.5,G Chris Gotterup G Patrick Cantlay G Ben Griffin G Michael Thorbjornsen G Jordan L. Smith G William Mouw,,,,,,,,,,,,,,,,,,,
3930,5201233792,KillerKowalski,410,24.5,G Chris Gotterup G Russell Henley G J.J. Spaun G Nicolai Højgaard G Jordan L. Smith G William Mouw,,,,,,,,,,,,,,,,,,,
3930,5201533709,acorr22,410,24.5,G Cameron Young G Chris Gotterup G Jacob Bridgeman G Ryo Hisatsune G Rasmus Neergaard-Petersen G William Mouw,,,,,,,,,,,,,,,,,,,
3930,5201716133,nicklowe1,410,24.5,G Cameron Young G Wyndham Clark G Jake Knapp G Rasmus Neergaard-Petersen G Aldrich Potgieter G Erik Van Rooyen,,,,,,,,,,,,,,,,,,,
3930,5201822621,Cheezhead992000,410,24.5,G Cameron Young G Chris Gotterup G Ben Griffin G Sungjae Im G Steven Fisk G William Mouw,,,,,,,,,,,,,,,,,,,
3930,5202282866,NYGFan56,410,24.5,G Chris Gotterup G Hideki Matsuyama G J.J. Spaun G Michael Thorbjornsen G Jackson Suber G William Mouw,,,,,,,,,,,,,,,,,,,
3930,5202924587,EazyE84x,410,24.5,G Chris Gotterup G Hideki Matsuyama G Jake Knapp G Jacob Bridgeman G Rasmus Neergaard-Petersen G William Mouw,,,,,,,,,,,,,,,,,,,
3930,5201672626,bbeebe03,409,24.5,G Wyndham Clark G Ben Griffin G Jake Knapp G J.J. Spaun G Ben Kohles G William Mouw,,,,,,,,,,,,,,,,,,,
3930,5202493513,ChazzDaMan2020,409,24.5,G Cameron Young G Wyndham Clark G Nicolai Højgaard G Jacob Bridgeman G Billy Horschel G William Mouw,,,,,,,,,,,,,,,,,,,
3930,5202595797,jakej12,409,24.5,G Wyndham Clark G Patrick Cantlay G Jake Knapp G Nicolai Højgaard G Jackson Suber G William Mouw,,,,,,,,,,,,,,,,,,,
3930,5202624410,reimergreg0,409,24.5,G Wyndham Clark G Patrick Cantlay G Jake Knapp G J.J. Spaun G Ben Kohles G William Mouw,,,,,,,,,,,,,,,,,,,
3930,5202686883,spmetzger,409,24.5,G Wyndham Clark G Hideki Matsuyama G Jake Knapp G Michael Brennan G Jacob Bridgeman G William Mouw,,,,,,,,,,,,,,,,,,,
3930,5200726956,carnevam,408,24.5,G Si Woo Kim G Russell Henley G Hideki Matsuyama G Jake Knapp G Andrew Putnam G Zac Blair,,,,,,,,,,,,,,,,,,,
3930,5200857596,amclendo,408,24.5,G Cameron Young G Si Woo Kim G Hideki Matsuyama G Ryo Hisatsune G Chad Ramey G Zac Blair,,,,,,,,,,,,,,,,,,,
3930,5202178076,noahopz,408,24.5,G Cameron Young G Si Woo Kim G Jacob Bridgeman G Ryo Hisatsune G Corey Conners G Zac Blair,,,,,,,,,,,,,,,,,,,
3930,5202545028,benchpointdynasty,408,24.5,G Cameron Young G Si Woo Kim G Ben Griffin G Mac Meissner G Zachary Bauchou G Zac Blair,,,,,,,,,,,,,,,,,,,
3930,5202915099,vijes10,408,24.5,G Cameron Young G Si Woo Kim G Russell Henley G Mac Meissner G Andrew Putnam G Zac Blair,,,,,,,,,,,,,,,,,,,
3930,5203126793,Murdock03,408,24.5,G Si Woo Kim G Russell Henley G J.J. Spaun G Nicolai Højgaard G Ben Kohles G Zac Blair,,,,,,,,,,,,,,,,,,,
3930,5200945815,boxguy,406,24.5,G Cameron Young G Chris Gotterup G Ryo Hisatsune G Jackson Suber G Jesper Svensson G Nicolas Echavarria,,,,,,,,,,,,,,,,,,,
3983,5201131714,taylorfoster10,414,24,G Jackson Koivun G Hideki Matsuyama G Jake Knapp G Michael Thorbjornsen G Michael Brennan G Davis Chatfield,,,,,,,,,,,,,,,,,,,
3983,5202860318,tdubya29,414,24,G Jackson Koivun G Russell Henley G Ben Griffin G Jake Knapp G Brad Dalke G Ryan Ruffels,,,,,,,,,,,,,,,,,,,
3983,5203075124,gohawks_71,414,24,G Cameron Young G Jackson Koivun G Ben Griffin G Jake Knapp G Brad Dalke G Ryan Ruffels,,,,,,,,,,,,,,,,,,,
3983,5203221722,DJShorty76,414,24,G Jackson Koivun G Hideki Matsuyama G Ben Griffin G Jake Knapp G Ben Kohles G Davis Chatfield,,,,,,,,,,,,,,,,,,,
3983,5202255102,Varga1,411,24,G Cameron Young G Jackson Koivun G Nicolai Højgaard G Jacob Bridgeman G Nicolas Echavarria G Kevin Roy,,,,,,,,,,,,,,,,,,,
3983,5200593695,ghook,409,24,G Cameron Young G Russell Henley G Davis Thompson G Eric Cole G Corey Conners G Ben Kohles,,,,,,,,,,,,,,,,,,,
3983,5202401163,rlltyd1,409,24,G Cameron Young G Ben Griffin G Harris English G Davis Thompson G Eric Cole G Lee Hodges,,,,,,,,,,,,,,,,,,,
3983,5202417013,DRC176DRC176,409,24,G Cameron Young G Ben Griffin G Jacob Bridgeman G Davis Thompson G Eric Cole G Ben Kohles,,,,,,,,,,,,,,,,,,,
3983,5202576793,61lindenplace,409,24,G Cameron Young G Patrick Cantlay G Davis Thompson G Eric Cole G Jackson Suber G Corey Conners,,,,,,,,,,,,,,,,,,,
3983,5202994281,hutchdawg16,400,24,G Xander Schauffele G Russell Henley G J.J. Spaun G Davis Thompson G Ben Kohles G Lucas Glover,,,,,,,,,,,,,,,,,,,
3993,5201859315,Sports7696,418,23.5,G Cameron Young G Jake Knapp G Ryo Hisatsune G Ben Kohles G Benjamin James G Sam Stevens,,,,,,,,,,,,,,,,,,,
3993,5203022626,DLP4412,418,23.5,G Cameron Young G Patrick Cantlay G J.J. Spaun G Doug Ghim G Benjamin James G Zecheng Dou,,,,,,,,,,,,,,,,,,,
3993,5202361398,LiftingShadows,415,23.5,G Cameron Young G Jake Knapp G J.J. Spaun G Davis Thompson G Sam Stevens G Taylor Pendrith,,,,,,,,,,,,,,,,,,,
3993,5202815865,ryanscala,415,23.5,G Cameron Young G Ben Griffin G Davis Thompson G Denny McCarthy G Corey Conners G Sam Stevens,,,,,,,,,,,,,,,,,,,
3993,5202828560,charlesrayallday,415,23.5,G Patrick Cantlay G Jake Knapp G J.J. Spaun G Nicolai Højgaard G Davis Thompson G Doug Ghim,,,,,,,,,,,,,,,,,,,
3993,5200751917,OpenBet,412,23.5,G Russell Henley G Hideki Matsuyama G Ryan Gerard G Jacob Bridgeman G Ryo Hisatsune G Aldrich Potgieter,,,,,,,,,,,,,,,,,,,
3993,5202623251,macataca,412,23.5,G Hideki Matsuyama G J.J. Spaun G Ryan Gerard G Marco Penge G Jackson Suber G Aldrich Potgieter,,,,,,,,,,,,,,,,,,,
3993,5202940142,ncsuwhitebread,411,23.5,G Cameron Young G Ben Griffin G Ryan Gerard G Michael Brennan G Jordan L. Smith G William Mouw,,,,,,,,,,,,,,,,,,,
3993,5203073063,nvandey,411,23.5,G Cameron Young G Patrick Cantlay G Ryan Gerard G Michael Brennan G Sungjae Im G William Mouw,,,,,,,,,,,,,,,,,,,
3993,5200810490,woodford76,409,23.5,G Chris Gotterup G Hideki Matsuyama G Ben Griffin G Michael Thorbjornsen G Ben Kohles G Chandler Phillips,,,,,,,,,,,,,,,,,,,
3993,5200823718,AAtashian,409,23.5,G Cameron Young G Chris Gotterup G Jackson Suber G Rasmus Neergaard-Petersen G Ben Kohles G Chandler Phillips,,,,,,,,,,,,,,,,,,,
3993,5200880494,murn080711,409,23.5,G Cameron Young G Chris Gotterup G Jake Knapp G Ben Kohles G Chandler Phillips G A.J. Ewart,,,,,,,,,,,,,,,,,,,
3993,5201028976,buffaloloveswinning,409,23.5,G Chris Gotterup G Hideki Matsuyama G Ben Griffin G Jake Knapp G Chandler Phillips G Cameron Davis,,,,,,,,,,,,,,,,,,,
3993,5201102073,DomoFactor,409,23.5,G Cameron Young G Chris Gotterup G Jake Knapp G Ben Kohles G Chandler Phillips G Kevin Roy,,,,,,,,,,,,,,,,,,,
3993,5201991862,muttonbuster,409,23.5,G Chris Gotterup G Russell Henley G J.J. Spaun G Jacob Bridgeman G Jackson Suber G Chandler Phillips,,,,,,,,,,,,,,,,,,,
3993,5202057570,memphotiger,409,23.5,G Chris Gotterup G Hideki Matsuyama G Jake Knapp G Michael Thorbjornsen G Ben Kohles G Chandler Phillips,,,,,,,,,,,,,,,,,,,
3993,5202318452,slang925,409,23.5,G Cameron Young G Chris Gotterup G Jake Knapp G Ben Kohles G Chandler Phillips G Tom Hoge,,,,,,,,,,,,,,,,,,,
3993,5202360559,vonkeno,409,23.5,G Chris Gotterup G Ben Griffin G Jake Knapp G J.J. Spaun G Sungjae Im G Chandler Phillips,,,,,,,,,,,,,,,,,,,
3993,5202549995,EagleEye3434,409,23.5,G Chris Gotterup G Jake Knapp G Nicolai Højgaard G Michael Thorbjornsen G Jacob Bridgeman G Chandler Phillips,,,,,,,,,,,,,,,,,,,
3993,5202638454,Jordan1109,409,23.5,G Chris Gotterup G Russell Henley G Hideki Matsuyama G Denny McCarthy G Corey Conners G Chandler Phillips,,,,,,,,,,,,,,,,,,,
3993,5202816083,kong08,409,23.5,G Cameron Young G Chris Gotterup G Michael Thorbjornsen G Max Greyserman G Ben Kohles G Chandler Phillips,,,,,,,,,,,,,,,,,,,
3993,5202816618,MJPSevens7,409,23.5,G Chris Gotterup G Ben Griffin G Jake Knapp G Michael Thorbjornsen G Ben Kohles G Chandler Phillips,,,,,,,,,,,,,,,,,,,
3993,5202822300,cboggs310,409,23.5,G Chris Gotterup G Jake Knapp G J.J. Spaun G Michael Brennan G Jackson Suber G Chandler Phillips,,,,,,,,,,,,,,,,,,,
3993,5202931346,nkamstra15,409,23.5,G Cameron Young G Chris Gotterup G Jake Knapp G Jackson Suber G Chandler Phillips G Brad Dalke,,,,,,,,,,,,,,,,,,,
3993,5202964990,dennyerb,409,23.5,G Cameron Young G Chris Gotterup G Denny McCarthy G Ben Kohles G Taylor Moore G Chandler Phillips,,,,,,,,,,,,,,,,,,,
3993,5203001695,kjlecomte,409,23.5,G Cameron Young G Chris Gotterup G Jake Knapp G Jordan L. Smith G Lee Hodges G Chandler Phillips,,,,,,,,,,,,,,,,,,,
3993,5203057957,socal78,409,23.5,G Chris Gotterup G Ben Griffin G Jake Knapp G Michael Thorbjornsen G Jackson Suber G Chandler Phillips,,,,,,,,,,,,,,,,,,,
3993,5203109927,chri1673,409,23.5,G Cameron Young G Chris Gotterup G Marco Penge G Jackson Suber G Ben Kohles G Chandler Phillips,,,,,,,,,,,,,,,,,,,
3993,5203218667,osandbohs13,409,23.5,G Chris Gotterup G Patrick Cantlay G Jake Knapp G Michael Thorbjornsen G Ben Kohles G Chandler Phillips,,,,,,,,,,,,,,,,,,,
3993,5203228562,Pjg1979,409,23.5,G Chris Gotterup G Hideki Matsuyama G Jake Knapp G Jacob Bridgeman G Ryo Hisatsune G Chandler Phillips,,,,,,,,,,,,,,,,,,,
3993,5200711880,BigDukeDogg9269,408,23.5,G Cameron Young G Wyndham Clark G J.J. Spaun G Rasmus Neergaard-Petersen G Ben Kohles G Chandler Phillips,,,,,,,,,,,,,,,,,,,
3993,5201110097,shedalot,408,23.5,G Cameron Young G Wyndham Clark G Jake Knapp G Ben Kohles G Jordan L. Smith G Chandler Phillips,,,,,,,,,,,,,,,,,,,
3993,5201223222,Str8CashHomee,408,23.5,G Wyndham Clark G Russell Henley G Hideki Matsuyama G Nicolai Højgaard G Ben Kohles G Chandler Phillips,,,,,,,,,,,,,,,,,,,
3993,5201330250,arains512,408,23.5,G Wyndham Clark G Ben Griffin G Jake Knapp G Michael Thorbjornsen G Michael Brennan G Chandler Phillips,,,,,,,,,,,,,,,,,,,
3993,5201716101,Pappy1234,408,23.5,G Wyndham Clark G Russell Henley G Ben Griffin G Jake Knapp G John Parry G Chandler Phillips,,,,,,,,,,,,,,,,,,,
3993,5202391752,chip3532,408,23.5,G Wyndham Clark G Ben Griffin G Jake Knapp G J.J. Spaun G Ben Kohles G Chandler Phillips,,,,,,,,,,,,,,,,,,,
3993,5202511403,mavericks231,408,23.5,G Wyndham Clark G Russell Henley G Ben Griffin G Jake Knapp G Sungjae Im G Chandler Phillips,,,,,,,,,,,,,,,,,,,
3993,5203223940,artchichi1,408,23.5,G Wyndham Clark G Patrick Cantlay G Jake Knapp G J.J. Spaun G Ben Kohles G Chandler Phillips,,,,,,,,,,,,,,,,,,,
3993,5203228872,ThatHambone20,408,23.5,G Wyndham Clark G Russell Henley G Patrick Cantlay G Hideki Matsuyama G Chandler Phillips G Hayden Springer,,,,,,,,,,,,,,,,,,,
3993,5201127454,lsttexas,407,23.5,G Cameron Young G Xander Schauffele G Jake Knapp G Ben Kohles G Brad Dalke G Zac Blair,,,,,,,,,,,,,,,,,,,
3993,5201273415,rocksdaddy,407,23.5,G Xander Schauffele G Jake Knapp G J.J. Spaun G Michael Thorbjornsen G Ben Kohles G Zac Blair,,,,,,,,,,,,,,,,,,,
3993,5203154126,ddjames1,407,23.5,G Cameron Young G Xander Schauffele G Jake Knapp G John Parry G Andrew Putnam G Zac Blair,,,,,,,,,,,,,,,,,,,
3993,5200952039,kraftaraptor,402,23.5,G Cameron Young G Chris Gotterup G Hideki Matsuyama G Jesper Svensson G Lee Hodges G Austin Smotherman,,,,,,,,,,,,,,,,,,,
4036,5201113960,dbullsfan,410,23,G Si Woo Kim G Russell Henley G Patrick Cantlay G Matt Wallace G Jordan L. Smith G Andrew Novak,,,,,,,,,,,,,,,,,,,
4036,5201571434,bkottmann,408,23,G Cameron Young G Hideki Matsuyama G Akshay Bhatia G Michael Brennan G Ben Kohles G Zac Blair,,,,,,,,,,,,,,,,,,,
4036,5203137347,watershed1,407,23,G Jackson Koivun G Patrick Cantlay G Hideki Matsuyama G Jake Knapp G Billy Horschel G Austin Smotherman,,,,,,,,,,,,,,,,,,,
4036,5201711140,Antoinemilton,398,23,G Cameron Young G Si Woo Kim G Ben Griffin G Ben Kohles G Lucas Glover G Chandler Phillips,,,,,,,,,,,,,,,,,,,
4040,5202383322,cxt7,417,22.5,G Cameron Young G Nicolai Højgaard G Michael Thorbjornsen G Marco Penge G Davis Thompson G Johnny Keefer,,,,,,,,,,,,,,,,,,,
4040,5202948684,pkondrak,417,22.5,G Cameron Young G Jake Knapp G Michael Brennan G Davis Thompson G Johnny Keefer G Rasmus Neergaard-Petersen,,,,,,,,,,,,,,,,,,,
4040,5200771754,worm1259,415,22.5,G Cameron Young G Chris Gotterup G Jake Knapp G Michael Thorbjornsen G Brad Dalke G Ryan Ruffels,,,,,,,,,,,,,,,,,,,
4040,5202987641,SteelBowl7,415,22.5,G Cameron Young G Chris Gotterup G Hideki Matsuyama G Ben Kohles G Davis Chatfield G John VanDerLaan,,,,,,,,,,,,,,,,,,,
4040,5202015304,rocky23,414,22.5,G Cameron Young G Wyndham Clark G Hideki Matsuyama G Jake Knapp G Brad Dalke G Ryan Ruffels,,,,,,,,,,,,,,,,,,,
4040,5202301860,mdota128,412,22.5,G Chris Gotterup G Jake Knapp G J.J. Spaun G Michael Thorbjornsen G Max Greyserman G Nicolas Echavarria,,,,,,,,,,,,,,,,,,,
4040,5202309384,DAVIST30,412,22.5,G Cameron Young G Chris Gotterup G Jake Knapp G Taylor Pendrith G Nicolas Echavarria G Rico Hoey,,,,,,,,,,,,,,,,,,,
4040,5202740726,TheoTruthDFS,412,22.5,G Chris Gotterup G Ben Griffin G Jake Knapp G Michael Brennan G Jackson Suber G Nicolas Echavarria,,,,,,,,,,,,,,,,,,,
4040,5200763421,sooner2691,411,22.5,G Wyndham Clark G Ben Griffin G J.J. Spaun G Nicolai Højgaard G Jacob Bridgeman G Nicolas Echavarria,,,,,,,,,,,,,,,,,,,
4040,5200579315,Riley100,410,22.5,G Cameron Young G Russell Henley G Ryan Gerard G Jackson Suber G Ben Kohles G Chandler Phillips,,,,,,,,,,,,,,,,,,,
4040,5201252916,aness35,410,22.5,G Russell Henley G Hideki Matsuyama G Jake Knapp G Ryan Gerard G Ben Kohles G Chandler Phillips,,,,,,,,,,,,,,,,,,,
4040,5201302124,dsutts,410,22.5,G Cameron Young G Jake Knapp G Ryan Gerard G Jordan Spieth G Ryo Hisatsune G Chandler Phillips,,,,,,,,,,,,,,,,,,,
4040,5201670214,FEEnhiks,410,22.5,G Hideki Matsuyama G Jake Knapp G J.J. Spaun G Ryan Gerard G Jackson Suber G Chandler Phillips,,,,,,,,,,,,,,,,,,,
4040,5201945042,benny_boy03,410,22.5,G Cameron Young G Jake Knapp G Ryan Gerard G Michael Brennan G Ben Kohles G Chandler Phillips,,,,,,,,,,,,,,,,,,,
4040,5202346959,jlpaurus,410,22.5,G Patrick Cantlay G Hideki Matsuyama G J.J. Spaun G Ryan Gerard G Ben Kohles G Chandler Phillips,,,,,,,,,,,,,,,,,,,
4040,5202519440,MDieterle,410,22.5,G Patrick Cantlay G Hideki Matsuyama G Ben Griffin G Ryan Gerard G Jackson Suber G Chandler Phillips,,,,,,,,,,,,,,,,,,,
4040,5202634261,gtbuzz14,410,22.5,G Cameron Young G Jake Knapp G Ryan Gerard G Nicolai Højgaard G Chandler Phillips G Kevin Roy,,,,,,,,,,,,,,,,,,,
4040,5202705872,tjmoney1224,410,22.5,G Cameron Young G Jake Knapp G Ryan Gerard G Jacob Bridgeman G Ben Kohles G Chandler Phillips,,,,,,,,,,,,,,,,,,,
4040,5203065551,jleblanc1979,410,22.5,G Cameron Young G Jake Knapp G Ryan Gerard G Jacob Bridgeman G Ben Kohles G Chandler Phillips,,,,,,,,,,,,,,,,,,,
4040,5203067087,ukawuba,410,22.5,G Cameron Young G Hideki Matsuyama G Ryan Gerard G Jackson Suber G Ben Kohles G Chandler Phillips,,,,,,,,,,,,,,,,,,,
4040,5203197423,bgatlin5,410,22.5,G Ben Griffin G Jake Knapp G Ryan Gerard G Jackson Suber G Ben Kohles G Chandler Phillips,,,,,,,,,,,,,,,,,,,
4040,5202337520,tmc1126,403,22.5,G Cameron Young G Russell Henley G Jake Knapp G Benjamin James G William Mouw G Chandler Phillips,,,,,,,,,,,,,,,,,,,
4040,5201370425,rikj68,400,22.5,G Russell Henley G Hideki Matsuyama G Jake Knapp G Akshay Bhatia G Aldrich Potgieter G Lucas Glover,,,,,,,,,,,,,,,,,,,
4063,5201045774,jjs49ers,416,22,G Cameron Young G Si Woo Kim G Ben Griffin G Benjamin James G John Parry G Tom Hoge,,,,,,,,,,,,,,,,,,,
4063,5201877415,mtarzia,416,22,G Cameron Young G Si Woo Kim G Michael Brennan G Corey Conners G Benjamin James G Jordan L. Smith,,,,,,,,,,,,,,,,,,,
4063,5202527051,michaled93,416,22,G Si Woo Kim G Russell Henley G J.J. Spaun G Jacob Bridgeman G Max Greyserman G Benjamin James,,,,,,,,,,,,,,,,,,,
4063,5202833656,Doitforthemoney20,416,22,G Si Woo Kim G Hideki Matsuyama G Jake Knapp G Michael Brennan G Ben Kohles G Benjamin James,,,,,,,,,,,,,,,,,,,
4063,5202950919,jamminjerome,416,22,G Si Woo Kim G Russell Henley G Jake Knapp G Ryo Hisatsune G Corey Conners G Benjamin James,,,,,,,,,,,,,,,,,,,
4063,5203153190,z_money_333,416,22,G Si Woo Kim G Hideki Matsuyama G Jake Knapp G Ryo Hisatsune G Jackson Suber G Benjamin James,,,,,,,,,,,,,,,,,,,
4063,5200667870,ADAG,413,22,G Si Woo Kim G Hideki Matsuyama G Jake Knapp G Davis Thompson G Denny McCarthy G Ben Kohles,,,,,,,,,,,,,,,,,,,
4063,5200681076,prome,413,22,G Si Woo Kim G Hideki Matsuyama G Jacob Bridgeman G Davis Thompson G Ryo Hisatsune G Cameron Davis,,,,,,,,,,,,,,,,,,,
4063,5201969054,suhweetness,413,22,G Cameron Young G Jackson Koivun G Jake Knapp G Ryo Hisatsune G Rasmus Højgaard G Adrien Dumont De Chassart,,,,,,,,,,,,,,,,,,,
4063,5202180836,PiReZ,413,22,G Si Woo Kim G Russell Henley G J.J. Spaun G Davis Thompson G Denny McCarthy G Mac Meissner,,,,,,,,,,,,,,,,,,,
4063,5202222825,zachm5,413,22,G Cameron Young G Si Woo Kim G Davis Thompson G Jackson Suber G Ben Kohles G Mac Meissner,,,,,,,,,,,,,,,,,,,
4063,5202238990,rufusjonz,413,22,G Cameron Young G Si Woo Kim G Davis Thompson G Corey Conners G Matt Wallace G Jordan L. Smith,,,,,,,,,,,,,,,,,,,
4063,5202306502,Krog11,413,22,G Si Woo Kim G Hideki Matsuyama G Jake Knapp G Davis Thompson G Denny McCarthy G Ben Kohles,,,,,,,,,,,,,,,,,,,
4063,5202460339,Pojo5,413,22,G Si Woo Kim G Russell Henley G J.J. Spaun G Davis Thompson G Corey Conners G Ben Kohles,,,,,,,,,,,,,,,,,,,
4063,5202470002,phsyra,413,22,G Cameron Young G Si Woo Kim G Davis Thompson G Denny McCarthy G Rasmus Neergaard-Petersen G Ben Kohles,,,,,,,,,,,,,,,,,,,
4063,5202567911,cmrnfdz,413,22,G Si Woo Kim G Russell Henley G Jake Knapp G Davis Thompson G Ryo Hisatsune G Kevin Roy,,,,,,,,,,,,,,,,,,,
4063,5202724692,73pd2x,413,22,G Si Woo Kim G Hideki Matsuyama G Nicolai Højgaard G Jacob Bridgeman G Davis Thompson G Corey Conners,,,,,,,,,,,,,,,,,,,
4063,5203037738,totoroll33,413,22,G Cameron Young G Si Woo Kim G Davis Thompson G Corey Conners G Rasmus Neergaard-Petersen G Ben Kohles,,,,,,,,,,,,,,,,,,,
4063,5203067301,WoodenShoeWarrior,413,22,G Si Woo Kim G Hideki Matsuyama G Michael Thorbjornsen G Michael Brennan G Davis Thompson G Ben Kohles,,,,,,,,,,,,,,,,,,,
4063,5203086849,THEBMZ,413,22,G Si Woo Kim G Jake Knapp G Michael Thorbjornsen G Davis Thompson G Ryo Hisatsune G Jackson Suber,,,,,,,,,,,,,,,,,,,
4063,5203134100,LHoov,413,22,G Cameron Young G Si Woo Kim G Davis Thompson G Corey Conners G Ben Kohles G Jordan L. Smith,,,,,,,,,,,,,,,,,,,
4063,5203185655,madeinkenya,413,22,G Cameron Young G Si Woo Kim G Davis Thompson G Denny McCarthy G Matt Wallace G Ben Kohles,,,,,,,,,,,,,,,,,,,
4063,5202077209,hallofgordon,412,22,G Cameron Young G Patrick Cantlay G Ben Griffin G Pierceson Coody G Andrew Novak G Taylor Moore,,,,,,,,,,,,,,,,,,,
4063,5202087880,Rshark,411,22,G Jackson Koivun G Hideki Matsuyama G Ben Griffin G J.J. Spaun G Corey Conners G Aaron Wise,,,,,,,,,,,,,,,,,,,
4063,5201863562,mattyice3311221,410,22,G Cameron Young G Hideki Matsuyama G Jake Knapp G Jackson Suber G Christiaan Bezuidenhout G Nicolas Echavarria,,,,,,,,,,,,,,,,,,,
4063,5203191570,dnastyma,410,22,G Russell Henley G Patrick Cantlay G Jake Knapp G J.J. Spaun G Christiaan Bezuidenhout G Nicolas Echavarria,,,,,,,,,,,,,,,,,,,
4063,5202283177,Sengs10,406,22,G Patrick Cantlay G Hideki Matsuyama G Jake Knapp G J.J. Spaun G Eric Cole G Chandler Phillips,,,,,,,,,,,,,,,,,,,
4090,5201618941,derekn,416,21.5,G Cameron Young G Jake Knapp G Michael Thorbjornsen G Marco Penge G Johnny Keefer G Aldrich Potgieter,,,,,,,,,,,,,,,,,,,
4090,5202615058,Fantasy6,416,21.5,G Cameron Young G Jake Knapp G Michael Thorbjornsen G Marco Penge G Johnny Keefer G Aldrich Potgieter,,,,,,,,,,,,,,,,,,,
4090,5202869954,mcmeekim1,416,21.5,G Cameron Young G Jake Knapp G Michael Thorbjornsen G Marco Penge G Johnny Keefer G Aldrich Potgieter,,,,,,,,,,,,,,,,,,,
4090,5202936758,mntiny,416,21.5,G Russell Henley G Jake Knapp G J.J. Spaun G Nicolai Højgaard G Johnny Keefer G Aldrich Potgieter,,,,,,,,,,,,,,,,,,,
4090,5200612237,uclaye,413,21.5,G Cameron Young G Jake Knapp G Ryan Gerard G Nicolai Højgaard G Nicolas Echavarria G Rico Hoey,,,,,,,,,,,,,,,,,,,
4090,5202439904,rybutts13,410,21.5,G Cameron Young G Jake Knapp G Akshay Bhatia G Jacob Bridgeman G Mac Meissner G Andrew Novak,,,,,,,,,,,,,,,,,,,
4090,5202457263,spursup,408,21.5,G Cameron Young G Chris Gotterup G Jacob Bridgeman G Ryo Hisatsune G Corey Conners G Austin Smotherman,,,,,,,,,,,,,,,,,,,
4090,5202596998,docg,407,21.5,G Cameron Young G Wyndham Clark G Patrick Cantlay G Denny McCarthy G Kevin Roy G Austin Smotherman,,,,,,,,,,,,,,,,,,,
4090,5202865714,coachrocket77,407,21.5,G Cameron Young G Wyndham Clark G Patrick Cantlay G Jackson Suber G Kevin Roy G Austin Smotherman,,,,,,,,,,,,,,,,,,,
4090,5201184935,Thompsk84,336,21.5,G Chris Gotterup G Jake Knapp G J.J. Spaun G Brooks Koepka G Michael Brennan G Austin Smotherman,,,,,,,,,,,,,,,,,,,
4100,5202811390,Cdinebombers,415,21,G Hideki Matsuyama G Ben Griffin G Jake Knapp G Michael Thorbjornsen G Davis Thompson G Pierceson Coody,,,,,,,,,,,,,,,,,,,
4100,5203028476,royalworm5,415,21,G Xander Schauffele G Russell Henley G Jake Knapp G Matt Wallace G Benjamin James G Sungjae Im,,,,,,,,,,,,,,,,,,,
4100,5203153516,HopeHalcyon,415,21,G Xander Schauffele G Hideki Matsuyama G Ben Griffin G Ryo Hisatsune G Benjamin James G John Parry,,,,,,,,,,,,,,,,,,,
4100,5202731001,jefftc,414,21,G Chris Gotterup G Patrick Cantlay G Hideki Matsuyama G Jake Knapp G Sudarshan Yellamaraju G Christo Lamprecht,,,,,,,,,,,,,,,,,,,
4100,5201031668,dogboy3485,412,21,G Si Woo Kim G Hideki Matsuyama G Nicolai Højgaard G Jacob Bridgeman G Ryo Hisatsune G Aldrich Potgieter,,,,,,,,,,,,,,,,,,,
4100,5201231525,b-rad1969,412,21,G Xander Schauffele G Jake Knapp G Jacob Bridgeman G Davis Thompson G Jordan Spieth G Rasmus Neergaard-Petersen,,,,,,,,,,,,,,,,,,,
4100,5201282132,Lgood136,412,21,G Xander Schauffele G Jake Knapp G Michael Brennan G Jacob Bridgeman G Davis Thompson G Jackson Suber,,,,,,,,,,,,,,,,,,,
4100,5201445056,hpschram,412,21,G Xander Schauffele G Russell Henley G Hideki Matsuyama G Davis Thompson G Taylor Pendrith G Cameron Davis,,,,,,,,,,,,,,,,,,,
4100,5201644020,Antman_Cometh,412,21,G Xander Schauffele G Hideki Matsuyama G J.J. Spaun G Davis Thompson G Ben Kohles G Billy Horschel,,,,,,,,,,,,,,,,,,,
4100,5201671367,10Mets,412,21,G Si Woo Kim G Hideki Matsuyama G Jake Knapp G Nicolai Højgaard G Aldrich Potgieter G John Parry,,,,,,,,,,,,,,,,,,,
4100,5201921308,cages96,412,21,G Xander Schauffele G Jake Knapp G Michael Thorbjornsen G Davis Thompson G Jackson Suber G Denny McCarthy,,,,,,,,,,,,,,,,,,,
4100,5202146700,jakethesnake83,412,21,G Cameron Young G Si Woo Kim G Hideki Matsuyama G Aldrich Potgieter G Sungjae Im G Cameron Davis,,,,,,,,,,,,,,,,,,,
4100,5202244524,epadol,412,21,G Xander Schauffele G Jake Knapp G Michael Brennan G Marco Penge G Davis Thompson G Denny McCarthy,,,,,,,,,,,,,,,,,,,
4100,5202516473,Killer8888,412,21,G Si Woo Kim G Hideki Matsuyama G Nicolai Højgaard G Jacob Bridgeman G Ryo Hisatsune G Aldrich Potgieter,,,,,,,,,,,,,,,,,,,
4100,5202930363,coxy145,412,21,G Cameron Young G Xander Schauffele G Davis Thompson G Rasmus Neergaard-Petersen G Jordan L. Smith G Sungjae Im,,,,,,,,,,,,,,,,,,,
4100,5203129921,phillycheesecake,412,21,G Xander Schauffele G Patrick Cantlay G J.J. Spaun G Davis Thompson G Jackson Suber G Kevin Roy,,,,,,,,,,,,,,,,,,,
4100,5200676128,sampson24,411,21,G Si Woo Kim G Russell Henley G Hideki Matsuyama G Marco Penge G Ryo Hisatsune G William Mouw,,,,,,,,,,,,,,,,,,,
4100,5201074750,ryperry,411,21,G Cameron Young G Si Woo Kim G Russell Henley G Ben Kohles G William Mouw G Andrew Putnam,,,,,,,,,,,,,,,,,,,
4100,5201171643,bguangorena,411,21,G Cameron Young G Si Woo Kim G Jacob Bridgeman G Ryo Hisatsune G Jackson Suber G William Mouw,,,,,,,,,,,,,,,,,,,
4100,5202869662,PopFlyBoy,411,21,G Cameron Young G Si Woo Kim G Jake Knapp G Mac Meissner G Sungjae Im G William Mouw,,,,,,,,,,,,,,,,,,,
4120,5202494849,powderhoundz,416,20.5,G Patrick Cantlay G Hideki Matsuyama G Jake Knapp G Akshay Bhatia G Rasmus Neergaard-Petersen G Benjamin James,,,,,,,,,,,,,,,,,,,
4120,5200561848,mkirwin12,413,20.5,G Ben Griffin G Harris English G Akshay Bhatia G Nicolai Højgaard G Michael Thorbjornsen G Davis Thompson,,,,,,,,,,,,,,,,,,,
4120,5200598271,TA13,413,20.5,G Hideki Matsuyama G Ben Griffin G Akshay Bhatia G Michael Thorbjornsen G Davis Thompson G Denny McCarthy,,,,,,,,,,,,,,,,,,,
4120,5200622785,jwill31579,413,20.5,G Hideki Matsuyama G Ben Griffin G Akshay Bhatia G Michael Brennan G Marco Penge G Davis Thompson,,,,,,,,,,,,,,,,,,,
4120,5200869701,RossCrorysFriend,413,20.5,G Cameron Young G Akshay Bhatia G Michael Thorbjornsen G Davis Thompson G Ryo Hisatsune G Jackson Suber,,,,,,,,,,,,,,,,,,,
4120,5200877171,mikeob81,413,20.5,G Cameron Young G Hideki Matsuyama G Akshay Bhatia G Davis Thompson G Rasmus Neergaard-Petersen G Matthew McCarty,,,,,,,,,,,,,,,,,,,
4120,5200998634,scottj904,413,20.5,G Jake Knapp G J.J. Spaun G Akshay Bhatia G Nicolai Højgaard G Jacob Bridgeman G Davis Thompson,,,,,,,,,,,,,,,,,,,
4120,5201207726,Mjeezy1991,413,20.5,G Russell Henley G Patrick Cantlay G Jake Knapp G Akshay Bhatia G Davis Thompson G A.J. Ewart,,,,,,,,,,,,,,,,,,,
4120,5201560659,harpadiem,413,20.5,G Cameron Young G Akshay Bhatia G Michael Thorbjornsen G Jacob Bridgeman G Davis Thompson G Ben Kohles,,,,,,,,,,,,,,,,,,,
4120,5201808360,jvd22,413,20.5,G Jake Knapp G Akshay Bhatia G Nicolai Højgaard G Davis Thompson G Ryo Hisatsune G Corey Conners,,,,,,,,,,,,,,,,,,,
4120,5202745803,rsulzener,413,20.5,G Cameron Young G Patrick Cantlay G Akshay Bhatia G Davis Thompson G Mac Meissner G Sungjae Im,,,,,,,,,,,,,,,,,,,
4120,5202754836,jimhayer,413,20.5,G Russell Henley G Hideki Matsuyama G J.J. Spaun G Akshay Bhatia G Davis Thompson G Taylor Moore,,,,,,,,,,,,,,,,,,,
4120,5203025679,QB18000,413,20.5,G Hideki Matsuyama G Jake Knapp G Akshay Bhatia G Michael Thorbjornsen G Jacob Bridgeman G Davis Thompson,,,,,,,,,,,,,,,,,,,
4120,5203050567,Mvw91,413,20.5,G Ben Griffin G Jake Knapp G Akshay Bhatia G Michael Thorbjornsen G Michael Brennan G Davis Thompson,,,,,,,,,,,,,,,,,,,
4120,5203085720,JBona78,413,20.5,G Cameron Young G Patrick Cantlay G Akshay Bhatia G Davis Thompson G Mac Meissner G Sungjae Im,,,,,,,,,,,,,,,,,,,
4120,5203086817,smiley1969,413,20.5,G Cameron Young G Patrick Cantlay G Akshay Bhatia G Davis Thompson G Mac Meissner G Sungjae Im,,,,,,,,,,,,,,,,,,,
4120,5203131684,Chunkyblue,413,20.5,G Cameron Young G Patrick Cantlay G Akshay Bhatia G Davis Thompson G Mac Meissner G Sungjae Im,,,,,,,,,,,,,,,,,,,
4120,5203181034,Troha77,413,20.5,G Cameron Young G Patrick Cantlay G Akshay Bhatia G Davis Thompson G Mac Meissner G Sungjae Im,,,,,,,,,,,,,,,,,,,
4120,5203187758,LoganGrewe50,413,20.5,G Cameron Young G Patrick Cantlay G Akshay Bhatia G Davis Thompson G Mac Meissner G Sungjae Im,,,,,,,,,,,,,,,,,,,
4120,5203238418,Fn_Ralph,413,20.5,G Cameron Young G Patrick Cantlay G Akshay Bhatia G Davis Thompson G Mac Meissner G Sungjae Im,,,,,,,,,,,,,,,,,,,
4120,5202260840,alecmeisty,409,20.5,G Ben Griffin G Jake Knapp G J.J. Spaun G Ryan Gerard G Nicolai Højgaard G Austin Smotherman,,,,,,,,,,,,,,,,,,,
4141,5202559334,schoolboyzombie10,414,20,G Chris Gotterup G Russell Henley G Ben Griffin G Harris English G Corey Conners G Kensei Hirata,,,,,,,,,,,,,,,,,,,
4141,5202980080,anteup11,414,20,G Cameron Young G Xander Schauffele G Michael Thorbjornsen G Michael Brennan G Austin Eckroat G Pontus Nyholm,,,,,,,,,,,,,,,,,,,
4141,5202051558,nolanshapiro,411,20,G Cameron Young G Xander Schauffele G Jackson Suber G Ben Kohles G Aldrich Potgieter G Jordan L. Smith,,,,,,,,,,,,,,,,,,,
4141,5201302114,Drewgle,410,20,G Cameron Young G Xander Schauffele G Jordan L. Smith G Sungjae Im G Zecheng Dou G William Mouw,,,,,,,,,,,,,,,,,,,
4141,5201696420,sohopro,410,20,G Cameron Young G Si Woo Kim G Michael Thorbjornsen G Denny McCarthy G Ben Kohles G Chandler Phillips,,,,,,,,,,,,,,,,,,,
4141,5202136875,bobcatmike,410,20,G Si Woo Kim G Russell Henley G Jake Knapp G Michael Thorbjornsen G Matt Wallace G Chandler Phillips,,,,,,,,,,,,,,,,,,,
4141,5202227790,KatyHasBigTatas,410,20,G Si Woo Kim G Russell Henley G Jake Knapp G Jacob Bridgeman G Ryo Hisatsune G Chandler Phillips,,,,,,,,,,,,,,,,,,,
4141,5202878320,slickrick2209,410,20,G Si Woo Kim G Russell Henley G Jake Knapp G Nicolai Højgaard G Ben Kohles G Chandler Phillips,,,,,,,,,,,,,,,,,,,
4141,5203183681,raffio,410,20,G Cameron Young G Si Woo Kim G Russell Henley G Billy Horschel G Zecheng Dou G Chandler Phillips,,,,,,,,,,,,,,,,,,,
4141,5203079284,brevhuncho,409,20,G Chris Gotterup G Ben Griffin G J.J. Spaun G Michael Thorbjornsen G Jackson Suber G Lucas Glover,,,,,,,,,,,,,,,,,,,
4141,5201305733,wtp0410,408,20,G Wyndham Clark G Russell Henley G Hideki Matsuyama G Ben Griffin G Lucas Glover G Tom Hoge,,,,,,,,,,,,,,,,,,,
4141,5201476915,TheBeanerLeague,338,20,G Si Woo Kim G Patrick Cantlay G J.J. Spaun G Brooks Koepka G Lee Hodges G Chandler Phillips,,,,,,,,,,,,,,,,,,,
4153,5203129938,sms159,424,19.5,G Cameron Young G Hideki Matsuyama G Jacob Bridgeman G Ryo Hisatsune G Max Greyserman G Mackenzie Hughes,,,,,,,,,,,,,,,,,,,
4153,5202454053,Redrocklake,412,19.5,G Cameron Young G Hideki Matsuyama G Akshay Bhatia G Jordan Spieth G Aldrich Potgieter G Taylor Moore,,,,,,,,,,,,,,,,,,,
4153,5201100868,airrrick,411,19.5,G Patrick Cantlay G Hideki Matsuyama G Jake Knapp G Akshay Bhatia G Michael Brennan G William Mouw,,,,,,,,,,,,,,,,,,,
4156,5202447926,PapaStrauss,416,19,G Cameron Young G Si Woo Kim G Russell Henley G Nicolai Højgaard G Brad Dalke G Ryan Ruffels,,,,,,,,,,,,,,,,,,,
4156,5203016753,ggullotti1,416,19,G Si Woo Kim G Hideki Matsuyama G Ben Griffin G Jake Knapp G Ryo Hisatsune G Ryan Ruffels,,,,,,,,,,,,,,,,,,,
4156,5201833153,ACEdollar,415,19,G Chris Gotterup G Hideki Matsuyama G Jake Knapp G Ryo Hisatsune G Jackson Suber G Jesper Svensson,,,,,,,,,,,,,,,,,,,
4156,5202077203,MangoFloat,415,19,G Chris Gotterup G Hideki Matsuyama G Jake Knapp G Marco Penge G Denny McCarthy G Jesper Svensson,,,,,,,,,,,,,,,,,,,
4156,5202217483,bcq971,413,19,G Si Woo Kim G Russell Henley G Hideki Matsuyama G Corey Conners G Ben Kohles G Nicolas Echavarria,,,,,,,,,,,,,,,,,,,
4156,5202616034,buffywins,413,19,G Cameron Young G Si Woo Kim G Michael Thorbjornsen G Jackson Suber G Max Greyserman G Nicolas Echavarria,,,,,,,,,,,,,,,,,,,
4156,5203012348,jimmydunes126,413,19,G Cameron Young G Si Woo Kim G Michael Thorbjornsen G Jackson Suber G Max Greyserman G Nicolas Echavarria,,,,,,,,,,,,,,,,,,,
4156,5203131056,Tekkens,413,19,G Cameron Young G Si Woo Kim G Jake Knapp G Mac Meissner G Nicolas Echavarria G Rico Hoey,,,,,,,,,,,,,,,,,,,
4156,5200762385,myk001,412,19,G Cameron Young G Si Woo Kim G Patrick Cantlay G Jacob Bridgeman G Rico Hoey G Adam Schenk,,,,,,,,,,,,,,,,,,,
4156,5202681227,Sawyer77,410,19,G Cameron Young G Jake Knapp G Ryan Gerard G Jackson Suber G Rasmus Neergaard-Petersen G Lucas Glover,,,,,,,,,,,,,,,,,,,
4156,5203192144,kirkthagreat,410,19,G Russell Henley G Patrick Cantlay G Hideki Matsuyama G Ryan Gerard G Beau Hossler G Lucas Glover,,,,,,,,,,,,,,,,,,,
4156,5200660805,BigRayB,409,19,G Xander Schauffele G Russell Henley G Jake Knapp G Ben Kohles G Mac Meissner G Chandler Phillips,,,,,,,,,,,,,,,,,,,
4156,5202649806,crackshots,409,19,G Xander Schauffele G Hideki Matsuyama G J.J. Spaun G Michael Brennan G Ben Kohles G Chandler Phillips,,,,,,,,,,,,,,,,,,,
4156,5202900546,groderique,409,19,G Cameron Young G Russell Henley G Jake Knapp G Eric Cole G Denny McCarthy G Aaron Wise,,,,,,,,,,,,,,,,,,,
4156,5203039375,Ryanphoward,409,19,G Xander Schauffele G Patrick Cantlay G Ben Griffin G Denny McCarthy G Max Greyserman G Chandler Phillips,,,,,,,,,,,,,,,,,,,
4156,5203127179,Worth_A_Shot,406,19,G Russell Henley G Hideki Matsuyama G Ben Griffin G J.J. Spaun G Seamus Power G Chandler Phillips,,,,,,,,,,,,,,,,,,,
4172,5200586142,beardown58,420,18.5,G Cameron Young G Jackson Koivun G Jake Knapp G Max Greyserman G Ben Kohles G Cameron Davis,,,,,,,,,,,,,,,,,,,
4172,5200845628,eck2b,420,18.5,G Cameron Young G Jackson Koivun G Jacob Bridgeman G Denny McCarthy G Rasmus Neergaard-Petersen G Ben Kohles,,,,,,,,,,,,,,,,,,,
4172,5200903578,MambaMentality4Life,420,18.5,G Jackson Koivun G Jake Knapp G J.J. Spaun G Michael Thorbjornsen G Michael Brennan G Sungjae Im,,,,,,,,,,,,,,,,,,,
4172,5201133143,BrotherTerrance,420,18.5,G Cameron Young G Jackson Koivun G Hideki Matsuyama G Rasmus Neergaard-Petersen G Ben Kohles G Matthieu Pavon,,,,,,,,,,,,,,,,,,,
4172,5201230530,doutland30,420,18.5,G Jackson Koivun G Jake Knapp G J.J. Spaun G Michael Thorbjornsen G Michael Brennan G Sungjae Im,,,,,,,,,,,,,,,,,,,
4172,5201267013,charlie.smith83,420,18.5,G Cameron Young G Jackson Koivun G Ryo Hisatsune G Denny McCarthy G Corey Conners G Ben Kohles,,,,,,,,,,,,,,,,,,,
4172,5201331882,Chadbrakke33,420,18.5,G Cameron Young G Jackson Koivun G Jacob Bridgeman G Corey Conners G Matt Wallace G Ben Kohles,,,,,,,,,,,,,,,,,,,
4172,5201411232,thebigbubba,420,18.5,G Jackson Koivun G Russell Henley G Hideki Matsuyama G Jacob Bridgeman G Denny McCarthy G Billy Horschel,,,,,,,,,,,,,,,,,,,
4172,5201514246,mwally72,420,18.5,G Cameron Young G Jackson Koivun G Jake Knapp G Rasmus Neergaard-Petersen G Ben Kohles G Brad Dalke,,,,,,,,,,,,,,,,,,,
4172,5201618918,jaksplace,420,18.5,G Jackson Koivun G Hideki Matsuyama G Jake Knapp G Jacob Bridgeman G Ryo Hisatsune G Ben Kohles,,,,,,,,,,,,,,,,,,,
4172,5201630571,sneaksox,420,18.5,G Cameron Young G Jackson Koivun G Jacob Bridgeman G Corey Conners G Rasmus Neergaard-Petersen G Ben Kohles,,,,,,,,,,,,,,,,,,,
4172,5201686353,randypryor,420,18.5,G Cameron Young G Jackson Koivun G Jacob Bridgeman G Jackson Suber G Rasmus Neergaard-Petersen G Ben Kohles,,,,,,,,,,,,,,,,,,,
4172,5201766156,24-Seven,420,18.5,G Cameron Young G Jackson Koivun G Jacob Bridgeman G Jackson Suber G Rasmus Neergaard-Petersen G Ben Kohles,,,,,,,,,,,,,,,,,,,
4172,5202046254,cannonsmash,420,18.5,G Jackson Koivun G Russell Henley G Hideki Matsuyama G Ryo Hisatsune G Rasmus Neergaard-Petersen G Ben Kohles,,,,,,,,,,,,,,,,,,,
4172,5202196065,TIMSJONES,420,18.5,G Jackson Koivun G Hideki Matsuyama G Jake Knapp G Jacob Bridgeman G Ryo Hisatsune G Ben Kohles,,,,,,,,,,,,,,,,,,,
4172,5202216282,chisox33,420,18.5,G Jackson Koivun G Patrick Cantlay G Jake Knapp G Michael Brennan G Jackson Suber G Ben Kohles,,,,,,,,,,,,,,,,,,,
4172,5202257081,Mj0991,420,18.5,G Jackson Koivun G Hideki Matsuyama G Nicolai Højgaard G Jacob Bridgeman G Jordan Spieth G Ryo Hisatsune,,,,,,,,,,,,,,,,,,,
4172,5202385747,LocoKP,420,18.5,G Jackson Koivun G Ben Griffin G Jake Knapp G Michael Thorbjornsen G Rasmus Neergaard-Petersen G Ben Kohles,,,,,,,,,,,,,,,,,,,
4172,5202396764,moegags,420,18.5,G Cameron Young G Jackson Koivun G Michael Brennan G Jacob Bridgeman G Mac Meissner G John Parry,,,,,,,,,,,,,,,,,,,
4172,5202426224,kngof9ex,420,18.5,G Jackson Koivun G Russell Henley G Ben Griffin G Ryo Hisatsune G Corey Conners G Rasmus Neergaard-Petersen,,,,,,,,,,,,,,,,,,,
4172,5202479656,rforhan127,420,18.5,G Cameron Young G Jackson Koivun G Ryo Hisatsune G Jackson Suber G Corey Conners G Rasmus Neergaard-Petersen,,,,,,,,,,,,,,,,,,,
4172,5202482585,mikej52005,420,18.5,G Jackson Koivun G Russell Henley G J.J. Spaun G Jacob Bridgeman G Corey Conners G Ben Kohles,,,,,,,,,,,,,,,,,,,
4172,5202576460,bck4gators,420,18.5,G Jackson Koivun G Jake Knapp G J.J. Spaun G Nicolai Højgaard G Marco Penge G Billy Horschel,,,,,,,,,,,,,,,,,,,
4172,5202670436,romegator,420,18.5,G Jackson Koivun G Jake Knapp G J.J. Spaun G Michael Thorbjornsen G Corey Conners G Ben Kohles,,,,,,,,,,,,,,,,,,,
4172,5202730001,Krighton,420,18.5,G Jackson Koivun G Jake Knapp G J.J. Spaun G Michael Thorbjornsen G Michael Brennan G Lee Hodges,,,,,,,,,,,,,,,,,,,
4172,5202862886,zanaze,420,18.5,G Jackson Koivun G Russell Henley G Ben Griffin G Michael Thorbjornsen G Jordan L. Smith G Sudarshan Yellamaraju,,,,,,,,,,,,,,,,,,,
4172,5202903509,prd84,420,18.5,G Cameron Young G Jackson Koivun G Jacob Bridgeman G Jackson Suber G Rasmus Neergaard-Petersen G Ben Kohles,,,,,,,,,,,,,,,,,,,
4172,5202935008,adman895,420,18.5,G Jackson Koivun G Jake Knapp G J.J. Spaun G Michael Thorbjornsen G Michael Brennan G Lee Hodges,,,,,,,,,,,,,,,,,,,
4172,5202945071,WinAtFantasyFootball,420,18.5,G Cameron Young G Jackson Koivun G Jacob Bridgeman G Corey Conners G Ben Kohles G Mac Meissner,,,,,,,,,,,,,,,,,,,
4172,5202971938,jabell10,420,18.5,G Jackson Koivun G Hideki Matsuyama G J.J. Spaun G Michael Thorbjornsen G Matt Wallace G Ben Kohles,,,,,,,,,,,,,,,,,,,
4172,5202978166,BigT44,420,18.5,G Jackson Koivun G Jake Knapp G J.J. Spaun G Nicolai Højgaard G Marco Penge G Billy Horschel,,,,,,,,,,,,,,,,,,,
4172,5203114242,Eric_Covers_21,420,18.5,G Jackson Koivun G Hideki Matsuyama G Jake Knapp G Marco Penge G Jackson Suber G Ben Kohles,,,,,,,,,,,,,,,,,,,
4172,5203117079,jsanders821,420,18.5,G Jackson Koivun G Hideki Matsuyama G J.J. Spaun G Nicolai Højgaard G Ryo Hisatsune G Rasmus Højgaard,,,,,,,,,,,,,,,,,,,
4172,5203261826,seanymacdaddy,420,18.5,G Jackson Koivun G Jake Knapp G J.J. Spaun G Michael Thorbjornsen G Jackson Suber G Ben Kohles,,,,,,,,,,,,,,,,,,,
4172,5201548916,Eenergy20,410,18.5,G Cameron Young G Russell Henley G Akshay Bhatia G Jacob Bridgeman G Lee Hodges G Chandler Phillips,,,,,,,,,,,,,,,,,,,
4172,5201962826,theking6108,410,18.5,G Cameron Young G Ben Griffin G Akshay Bhatia G Jacob Bridgeman G Jackson Suber G Chandler Phillips,,,,,,,,,,,,,,,,,,,
4172,5203006703,FootballLolz,410,18.5,G Cameron Young G Jake Knapp G Akshay Bhatia G Michael Thorbjornsen G Max Greyserman G Chandler Phillips,,,,,,,,,,,,,,,,,,,
4172,5201321820,bnorth323,348,18.5,G Jackson Koivun G Ben Griffin G Jake Knapp G Brooks Koepka G Jackson Suber G Max Greyserman,,,,,,,,,,,,,,,,,,,
4210,5200561070,huntsky,424,18,G Cameron Young G Hideki Matsuyama G Jake Knapp G Jacob Bridgeman G Jackson Suber G Adam Svensson,,,,,,,,,,,,,,,,,,,
4210,5202239557,dannyfirth,414,18,G Cameron Young G Patrick Cantlay G Hideki Matsuyama G Benjamin James G Andrew Novak G Sungjae Im,,,,,,,,,,,,,,,,,,,
4210,5203059296,servalzippers,414,18,G Cameron Young G Wyndham Clark G Jake Knapp G Jackson Suber G Mac Meissner G Keenan Huskey,,,,,,,,,,,,,,,,,,,
4210,5201643372,evan121110,409,18,G Si Woo Kim G Jake Knapp G J.J. Spaun G Nicolai Højgaard G Michael Brennan G Austin Smotherman,,,,,,,,,,,,,,,,,,,
4214,5203101532,bmacwins,413,17.5,G Cameron Young G J.J. Spaun G Akshay Bhatia G Jacob Bridgeman G Corey Conners G Nicolas Echavarria,,,,,,,,,,,,,,,,,,,
4215,5200565198,garvingann,421,17,G Chris Gotterup G Hideki Matsuyama G J.J. Spaun G Jacob Bridgeman G Ryo Hisatsune G John Parry,,,,,,,,,,,,,,,,,,,
4215,5200586241,bsbender,421,17,G Chris Gotterup G Ben Griffin G Jake Knapp G Jacob Bridgeman G Max Greyserman G Ben Kohles,,,,,,,,,,,,,,,,,,,
4215,5200610323,CoachFrye5,421,17,G Chris Gotterup G Jake Knapp G J.J. Spaun G Michael Brennan G Rasmus Neergaard-Petersen G Ben Kohles,,,,,,,,,,,,,,,,,,,
4215,5200646025,Mrtigerfur,421,17,G Chris Gotterup G Jake Knapp G Michael Thorbjornsen G Michael Brennan G Jackson Suber G Rasmus Neergaard-Petersen,,,,,,,,,,,,,,,,,,,
4215,5200665052,jacobhumphrey,421,17,G Chris Gotterup G Russell Henley G Jake Knapp G Ryo Hisatsune G Ben Kohles G Zecheng Dou,,,,,,,,,,,,,,,,,,,
4215,5200698711,triplet_daddy,421,17,G Chris Gotterup G Hideki Matsuyama G Michael Thorbjornsen G Jacob Bridgeman G Jackson Suber G Ben Kohles,,,,,,,,,,,,,,,,,,,
4215,5200758516,brypla86,421,17,G Chris Gotterup G Jake Knapp G Michael Thorbjornsen G Michael Brennan G Jackson Suber G Ben Kohles,,,,,,,,,,,,,,,,,,,
4215,5200811260,Krullexpress,421,17,G Chris Gotterup G Jake Knapp G Michael Thorbjornsen G Marco Penge G Jackson Suber G Ben Kohles,,,,,,,,,,,,,,,,,,,
4215,5200849570,therich2247,421,17,G Chris Gotterup G Jake Knapp G Nicolai Højgaard G Jacob Bridgeman G Ryo Hisatsune G Denny McCarthy,,,,,,,,,,,,,,,,,,,
4215,5200864274,golfnn,421,17,G Chris Gotterup G Hideki Matsuyama G Jake Knapp G Nicolai Højgaard G Jackson Suber G Andrew Putnam,,,,,,,,,,,,,,,,,,,
4215,5200915251,smartDFS,421,17,G Cameron Young G Chris Gotterup G Jake Knapp G Mac Meissner G Rasmus Højgaard G Thorbjørn Olesen,,,,,,,,,,,,,,,,,,,
4215,5200956607,Jmsutter5,421,17,G Chris Gotterup G Patrick Cantlay G Nicolai Højgaard G Jacob Bridgeman G Jackson Suber G Ben Kohles,,,,,,,,,,,,,,,,,,,
4215,5200989739,griffin6687,421,17,G Chris Gotterup G Jake Knapp G Michael Thorbjornsen G Michael Brennan G Marco Penge G Jackson Suber,,,,,,,,,,,,,,,,,,,
4215,5201078479,LesterNygaard,421,17,G Chris Gotterup G Patrick Cantlay G Harris English G Jacob Bridgeman G Rasmus Neergaard-Petersen G Jordan L. Smith,,,,,,,,,,,,,,,,,,,
4215,5201096477,DRaybon1,421,17,G Cameron Young G Chris Gotterup G Ryo Hisatsune G Jackson Suber G Ben Kohles G Mac Meissner,,,,,,,,,,,,,,,,,,,
4215,5201134975,doylenuts,421,17,G Cameron Young G Chris Gotterup G Michael Brennan G Corey Conners G Ben Kohles G Sungjae Im,,,,,,,,,,,,,,,,,,,
4215,5201167680,Bigdal28,421,17,G Chris Gotterup G Jake Knapp G Michael Thorbjornsen G Michael Brennan G Marco Penge G Jackson Suber,,,,,,,,,,,,,,,,,,,
4215,5201239082,KWit05,421,17,G Cameron Young G Chris Gotterup G Jacob Bridgeman G Jackson Suber G Ben Kohles G Lee Hodges,,,,,,,,,,,,,,,,,,,
4215,5201256018,morrisnick77,421,17,G Cameron Young G Chris Gotterup G Ryo Hisatsune G Rasmus Neergaard-Petersen G Matt Wallace G Ben Kohles,,,,,,,,,,,,,,,,,,,
4215,5201289638,CalledK3,421,17,G Chris Gotterup G Patrick Cantlay G Jake Knapp G Denny McCarthy G Rasmus Neergaard-Petersen G Max Greyserman,,,,,,,,,,,,,,,,,,,
4215,5201317284,Boozard,421,17,G Chris Gotterup G Russell Henley G Patrick Cantlay G Rasmus Neergaard-Petersen G Ben Kohles G Jordan L. Smith,,,,,,,,,,,,,,,,,,,
4215,5201377533,dedhed1959,421,17,G Chris Gotterup G Hideki Matsuyama G Jake Knapp G Michael Thorbjornsen G Max Greyserman G Andrew Putnam,,,,,,,,,,,,,,,,,,,
4215,5201425959,leesh1,421,17,G Chris Gotterup G Russell Henley G Patrick Cantlay G Matt Wallace G Mac Meissner G Sungjae Im,,,,,,,,,,,,,,,,,,,
4215,5201432994,js73268,421,17,G Chris Gotterup G Ben Griffin G Jake Knapp G Michael Brennan G Ryo Hisatsune G Steven Fisk,,,,,,,,,,,,,,,,,,,
4215,5201436757,dbpollock3,421,17,G Chris Gotterup G Hideki Matsuyama G J.J. Spaun G Jordan Spieth G Denny McCarthy G Max Greyserman,,,,,,,,,,,,,,,,,,,
4215,5201449574,ballushuski,421,17,G Cameron Young G Chris Gotterup G Jordan Spieth G Ryo Hisatsune G Rasmus Neergaard-Petersen G Zachary Bauchou,,,,,,,,,,,,,,,,,,,
4215,5201538260,cwel322,421,17,G Chris Gotterup G Hideki Matsuyama G Jacob Bridgeman G Corey Conners G Rasmus Neergaard-Petersen G Ben Kohles,,,,,,,,,,,,,,,,,,,
4215,5201613322,ntowey5,421,17,G Cameron Young G Chris Gotterup G Michael Thorbjornsen G Michael Brennan G Ben Kohles G Brad Dalke,,,,,,,,,,,,,,,,,,,
4215,5201638671,bpelch,421,17,G Chris Gotterup G Russell Henley G Jake Knapp G Jacob Bridgeman G Ben Kohles G Sungjae Im,,,,,,,,,,,,,,,,,,,
4215,5201654461,ThisGuy0718,421,17,G Chris Gotterup G Russell Henley G Nicolai Højgaard G Jacob Bridgeman G Corey Conners G Ben Kohles,,,,,,,,,,,,,,,,,,,
4215,5201838426,WACKDADDY,421,17,G Chris Gotterup G Hideki Matsuyama G Jake Knapp G Ryo Hisatsune G Corey Conners G Max Greyserman,,,,,,,,,,,,,,,,,,,
4215,5201924987,Durant888,421,17,G Cameron Young G Chris Gotterup G J.J. Spaun G Jacob Bridgeman G Thorbjørn Olesen G Matthieu Pavon,,,,,,,,,,,,,,,,,,,
4215,5201932451,narconomics45,421,17,G Chris Gotterup G Russell Henley G Nicolai Højgaard G Marco Penge G Jackson Suber G Rasmus Neergaard-Petersen,,,,,,,,,,,,,,,,,,,
4215,5201988619,Buckeyes0614,421,17,G Chris Gotterup G Patrick Cantlay G J.J. Spaun G Jacob Bridgeman G Corey Conners G Sungjae Im,,,,,,,,,,,,,,,,,,,
4215,5202046963,Batchisme,421,17,G Chris Gotterup G Ben Griffin G J.J. Spaun G Nicolai Højgaard G Ben Kohles G Taylor Pendrith,,,,,,,,,,,,,,,,,,,
4215,5202047900,ricardo28,421,17,G Chris Gotterup G Ben Griffin G Jake Knapp G J.J. Spaun G Taylor Moore G Lee Hodges,,,,,,,,,,,,,,,,,,,
4215,5202062987,jpintar23,421,17,G Chris Gotterup G Jake Knapp G J.J. Spaun G Michael Brennan G Denny McCarthy G Ben Kohles,,,,,,,,,,,,,,,,,,,
4215,5202063009,sydsbengals,421,17,G Chris Gotterup G Hideki Matsuyama G Michael Brennan G Jacob Bridgeman G Ryo Hisatsune G Corey Conners,,,,,,,,,,,,,,,,,,,
4215,5202106341,dmayer88,421,17,G Chris Gotterup G Patrick Cantlay G J.J. Spaun G Jacob Bridgeman G Corey Conners G Sungjae Im,,,,,,,,,,,,,,,,,,,
4215,5202153161,HairyBacks,421,17,G Chris Gotterup G Hideki Matsuyama G Jake Knapp G Corey Conners G Rasmus Neergaard-Petersen G Matt Wallace,,,,,,,,,,,,,,,,,,,
4215,5202169033,mikeselephants,421,17,G Chris Gotterup G Hideki Matsuyama G Jake Knapp G Michael Brennan G Ben Kohles G Billy Horschel,,,,,,,,,,,,,,,,,,,
4215,5202208355,spacityhog,421,17,G Chris Gotterup G Hideki Matsuyama G Jake Knapp G Jackson Suber G Rasmus Neergaard-Petersen G Ben Kohles,,,,,,,,,,,,,,,,,,,
4215,5202252918,prestondnwy,421,17,G Chris Gotterup G Hideki Matsuyama G Jacob Bridgeman G Marco Penge G Ryo Hisatsune G Jackson Suber,,,,,,,,,,,,,,,,,,,
4215,5202255577,FisterPotatohead,421,17,G Chris Gotterup G Hideki Matsuyama G Ben Griffin G Denny McCarthy G Rasmus Neergaard-Petersen G Ben Kohles,,,,,,,,,,,,,,,,,,,
4215,5202295856,bludvls07,421,17,G Cameron Young G Chris Gotterup G Jacob Bridgeman G Rasmus Neergaard-Petersen G Ben Kohles G Lee Hodges,,,,,,,,,,,,,,,,,,,
4215,5202316709,edeangelis410,421,17,G Cameron Young G Chris Gotterup G Nicolai Højgaard G Ben Kohles G Jordan L. Smith G Zecheng Dou,,,,,,,,,,,,,,,,,,,
4215,5202339544,kinzpga220,421,17,G Cameron Young G Chris Gotterup G Hideki Matsuyama G Corey Conners G Sungjae Im G Webb Simpson,,,,,,,,,,,,,,,,,,,
4215,5202341953,jkline_12,421,17,G Cameron Young G Chris Gotterup G Hideki Matsuyama G Ben Kohles G John Parry G John VanDerLaan,,,,,,,,,,,,,,,,,,,
4215,5202348982,kevsully,421,17,G Cameron Young G Chris Gotterup G Russell Henley G Sudarshan Yellamaraju G Andrew Putnam G Patrick Rodgers,,,,,,,,,,,,,,,,,,,
4215,5202409137,dugdug23,421,17,G Cameron Young G Chris Gotterup G Ryo Hisatsune G Corey Conners G Rasmus Neergaard-Petersen G Jordan L. Smith,,,,,,,,,,,,,,,,,,,
4215,5202417235,phsj26,421,17,G Chris Gotterup G Michael Brennan G Marco Penge G Jackson Suber G Beau Hossler G Sudarshan Yellamaraju,,,,,,,,,,,,,,,,,,,
4215,5202495943,Gundiman,421,17,G Chris Gotterup G Hideki Matsuyama G Jake Knapp G Ryo Hisatsune G Jackson Suber G Ben Kohles,,,,,,,,,,,,,,,,,,,
4215,5202542788,CMFELLNER,421,17,G Chris Gotterup G Russell Henley G Hideki Matsuyama G Ryo Hisatsune G Corey Conners G Matti Schmid,,,,,,,,,,,,,,,,,,,
4215,5202550016,vinceyoungsteakhouse,421,17,G Chris Gotterup G Jake Knapp G J.J. Spaun G Michael Brennan G Jackson Suber G Ben Kohles,,,,,,,,,,,,,,,,,,,
4215,5202562918,db730,421,17,G Chris Gotterup G Russell Henley G Jake Knapp G Jackson Suber G Rasmus Neergaard-Petersen G Jordan L. Smith,,,,,,,,,,,,,,,,,,,
4215,5202621726,SilverFox327,421,17,G Cameron Young G Chris Gotterup G Nicolai Højgaard G Jordan L. Smith G Sungjae Im G Steven Fisk,,,,,,,,,,,,,,,,,,,
4215,5202624733,pjkelley66,421,17,G Chris Gotterup G Hideki Matsuyama G J.J. Spaun G Jacob Bridgeman G Ryo Hisatsune G Sungjae Im,,,,,,,,,,,,,,,,,,,
4215,5202649012,lolchris1984,421,17,G Chris Gotterup G Jake Knapp G Nicolai Højgaard G Michael Thorbjornsen G Jackson Suber G Rasmus Neergaard-Petersen,,,,,,,,,,,,,,,,,,,
4215,5202683906,jaxonnc310,421,17,G Chris Gotterup G Jake Knapp G Michael Thorbjornsen G Michael Brennan G Marco Penge G Rasmus Neergaard-Petersen,,,,,,,,,,,,,,,,,,,
4215,5202709174,ipmoore,421,17,G Chris Gotterup G Hideki Matsuyama G Jake Knapp G Jacob Bridgeman G Corey Conners G Sungjae Im,,,,,,,,,,,,,,,,,,,
4215,5202720976,shmotime10,421,17,G Chris Gotterup G Patrick Cantlay G J.J. Spaun G Jacob Bridgeman G Jackson Suber G Sungjae Im,,,,,,,,,,,,,,,,,,,
4215,5202786176,Baileo,421,17,G Chris Gotterup G Hideki Matsuyama G Jake Knapp G Nicolai Højgaard G Jordan L. Smith G Rico Hoey,,,,,,,,,,,,,,,,,,,
4215,5202854849,wesleypr,421,17,G Chris Gotterup G J.J. Spaun G Nicolai Højgaard G Jacob Bridgeman G Jackson Suber G Ben Kohles,,,,,,,,,,,,,,,,,,,
4215,5202860324,plumber1946,421,17,G Chris Gotterup G Patrick Cantlay G J.J. Spaun G Jacob Bridgeman G Corey Conners G Sungjae Im,,,,,,,,,,,,,,,,,,,
4215,5203009016,SaintsClair,421,17,G Chris Gotterup G Patrick Cantlay G J.J. Spaun G Jacob Bridgeman G Corey Conners G Sungjae Im,,,,,,,,,,,,,,,,,,,
4215,5203047336,trucksenuf,421,17,G Chris Gotterup G Russell Henley G Jake Knapp G Corey Conners G Rasmus Neergaard-Petersen G Ben Kohles,,,,,,,,,,,,,,,,,,,
4215,5203084354,trackman74,421,17,G Chris Gotterup G Russell Henley G Hideki Matsuyama G Ryo Hisatsune G Rasmus Neergaard-Petersen G Sungjae Im,,,,,,,,,,,,,,,,,,,
4215,5203128506,Dan.M.WRguru,421,17,G Chris Gotterup G Russell Henley G Patrick Cantlay G Jacob Bridgeman G Jordan L. Smith G Kevin Roy,,,,,,,,,,,,,,,,,,,
4215,5203208675,Godfathershiz,421,17,G Chris Gotterup G Ben Griffin G Harris English G Michael Thorbjornsen G Corey Conners G Sudarshan Yellamaraju,,,,,,,,,,,,,,,,,,,
4215,5203212704,Csurams9,421,17,G Chris Gotterup G Jake Knapp G Nicolai Højgaard G Michael Brennan G Jacob Bridgeman G Ben Kohles,,,,,,,,,,,,,,,,,,,
4215,5200629014,loglions8121,420,17,G Wyndham Clark G Jake Knapp G J.J. Spaun G Michael Thorbjornsen G Jackson Suber G Matt Wallace,,,,,,,,,,,,,,,,,,,
4215,5200646417,Rodnilla,420,17,G Wyndham Clark G Russell Henley G Jake Knapp G Jacob Bridgeman G Jackson Suber G Ben Kohles,,,,,,,,,,,,,,,,,,,
4215,5200782778,juliog23,420,17,G Wyndham Clark G Patrick Cantlay G Jake Knapp G Michael Thorbjornsen G Denny McCarthy G Sungjae Im,,,,,,,,,,,,,,,,,,,
4215,5200798375,wingsrule48045,420,17,G Wyndham Clark G Russell Henley G Hideki Matsuyama G Ryo Hisatsune G Corey Conners G Rasmus Neergaard-Petersen,,,,,,,,,,,,,,,,,,,
4215,5200809053,DAL_POKER,420,17,G Wyndham Clark G Russell Henley G Hideki Matsuyama G Ryo Hisatsune G Corey Conners G Rasmus Neergaard-Petersen,,,,,,,,,,,,,,,,,,,
4215,5200829225,jaze33,420,17,G Wyndham Clark G Ben Griffin G Jake Knapp G J.J. Spaun G Jackson Suber G Cameron Davis,,,,,,,,,,,,,,,,,,,
4215,5200840422,20taylormade20,420,17,G Cameron Young G Wyndham Clark G Hideki Matsuyama G Corey Conners G Kris Ventura G A.J. Ewart,,,,,,,,,,,,,,,,,,,
4215,5200860998,BirdsofWar87,420,17,G Cameron Young G Wyndham Clark G Jacob Bridgeman G Denny McCarthy G Corey Conners G Ben Kohles,,,,,,,,,,,,,,,,,,,
4215,5200872757,robvaughan,420,17,G Cameron Young G Wyndham Clark G Michael Brennan G Jacob Bridgeman G Jackson Suber G Zachary Bauchou,,,,,,,,,,,,,,,,,,,
4215,5200876751,Tpick1964,420,17,G Wyndham Clark G Patrick Cantlay G Jake Knapp G Jacob Bridgeman G Corey Conners G Mac Meissner,,,,,,,,,,,,,,,,,,,
4215,5201085698,the304kid,420,17,G Cameron Young G Wyndham Clark G Jake Knapp G Ben Kohles G Billy Horschel G Steven Fisk,,,,,,,,,,,,,,,,,,,
4215,5201112826,BigJ816,420,17,G Cameron Young G Wyndham Clark G Michael Brennan G Ryo Hisatsune G Rasmus Neergaard-Petersen G Ben Kohles,,,,,,,,,,,,,,,,,,,
4215,5201136104,sjwolves,420,17,G Wyndham Clark G Patrick Cantlay G J.J. Spaun G Nicolai Højgaard G Marco Penge G Kevin Roy,,,,,,,,,,,,,,,,,,,
4215,5201161581,schulzybear,420,17,G Wyndham Clark G Hideki Matsuyama G Nicolai Højgaard G Michael Thorbjornsen G Ryo Hisatsune G Jackson Suber,,,,,,,,,,,,,,,,,,,
4215,5201298986,Homies2,420,17,G Cameron Young G Wyndham Clark G Jacob Bridgeman G Ryo Hisatsune G Ben Kohles G Mac Meissner,,,,,,,,,,,,,,,,,,,
4215,5201511382,NatiFlyingPigs,420,17,G Wyndham Clark G Ben Griffin G Jake Knapp G Jacob Bridgeman G Ryo Hisatsune G Jackson Suber,,,,,,,,,,,,,,,,,,,
4215,5201526597,jmason247,420,17,G Wyndham Clark G Ben Griffin G Jake Knapp G Jacob Bridgeman G Jackson Suber G Rasmus Neergaard-Petersen,,,,,,,,,,,,,,,,,,,
4215,5201606856,zjb76,420,17,G Cameron Young G Wyndham Clark G Jacob Bridgeman G Ryo Hisatsune G Rasmus Neergaard-Petersen G Ben Kohles,,,,,,,,,,,,,,,,,,,
4215,5201616110,gary4210,420,17,G Wyndham Clark G Patrick Cantlay G Jake Knapp G Ryo Hisatsune G Jackson Suber G Rasmus Neergaard-Petersen,,,,,,,,,,,,,,,,,,,
4215,5201904188,huntercost35,420,17,G Wyndham Clark G Russell Henley G J.J. Spaun G Jacob Bridgeman G Corey Conners G Ben Kohles,,,,,,,,,,,,,,,,,,,
4215,5202020980,smokehawk2215,420,17,G Wyndham Clark G Russell Henley G Ben Griffin G Nicolai Højgaard G Jordan L. Smith G Sudarshan Yellamaraju,,,,,,,,,,,,,,,,,,,
4215,5202281704,atcj13,420,17,G Wyndham Clark G Patrick Cantlay G Ben Griffin G Jacob Bridgeman G Jackson Suber G Ben Kohles,,,,,,,,,,,,,,,,,,,
4215,5202384522,bigorangebuffalo,420,17,G Wyndham Clark G Russell Henley G Ben Griffin G Ryo Hisatsune G Corey Conners G Rasmus Neergaard-Petersen,,,,,,,,,,,,,,,,,,,
4215,5202419266,johnmurphy22,420,17,G Wyndham Clark G Hideki Matsuyama G Jake Knapp G Denny McCarthy G Corey Conners G Rasmus Neergaard-Petersen,,,,,,,,,,,,,,,,,,,
4215,5202449728,crackers03,420,17,G Cameron Young G Wyndham Clark G Jacob Bridgeman G Corey Conners G Rasmus Neergaard-Petersen G Ben Kohles,,,,,,,,,,,,,,,,,,,
4215,5202519363,pboni22,420,17,G Wyndham Clark G Russell Henley G Ben Griffin G Ryo Hisatsune G Jackson Suber G Denny McCarthy,,,,,,,,,,,,,,,,,,,
4215,5202548514,jeffmorris007,420,17,G Wyndham Clark G Russell Henley G J.J. Spaun G Nicolai Højgaard G Mac Meissner G Jordan L. Smith,,,,,,,,,,,,,,,,,,,
4215,5202569279,smitdog333,420,17,G Wyndham Clark G Russell Henley G J.J. Spaun G Jacob Bridgeman G Denny McCarthy G Ben Kohles,,,,,,,,,,,,,,,,,,,
4215,5202591619,InaFlash,420,17,G Wyndham Clark G Jake Knapp G J.J. Spaun G Nicolai Højgaard G Marco Penge G Sungjae Im,,,,,,,,,,,,,,,,,,,
4215,5202594192,knicker111,420,17,G Cameron Young G Wyndham Clark G J.J. Spaun G Jackson Suber G Sungjae Im G Zachary Bauchou,,,,,,,,,,,,,,,,,,,
4215,5202632356,Mnemcik,420,17,G Wyndham Clark G Russell Henley G Patrick Cantlay G Ryo Hisatsune G Jackson Suber G Ben Kohles,,,,,,,,,,,,,,,,,,,
4215,5202657839,ram1502,420,17,G Wyndham Clark G Russell Henley G Nicolai Højgaard G Michael Thorbjornsen G Jackson Suber G Rasmus Neergaard-Petersen,,,,,,,,,,,,,,,,,,,
4215,5202679953,TyBart22,420,17,G Cameron Young G Wyndham Clark G Nicolai Højgaard G Jacob Bridgeman G Corey Conners G Chad Ramey,,,,,,,,,,,,,,,,,,,
4215,5202913402,hess505,420,17,G Cameron Young G Wyndham Clark G Jake Knapp G Rasmus Neergaard-Petersen G Matthew McCarty G Matti Schmid,,,,,,,,,,,,,,,,,,,
4215,5202923121,eronau,420,17,G Wyndham Clark G Ben Griffin G J.J. Spaun G Michael Thorbjornsen G Rasmus Neergaard-Petersen G Ben Kohles,,,,,,,,,,,,,,,,,,,
4215,5203006672,xrayvsn326,420,17,G Wyndham Clark G Russell Henley G Hideki Matsuyama G Ryo Hisatsune G Corey Conners G Rasmus Neergaard-Petersen,,,,,,,,,,,,,,,,,,,
4215,5203025690,nhughes4,420,17,G Wyndham Clark G Russell Henley G J.J. Spaun G Jacob Bridgeman G Corey Conners G Ben Kohles,,,,,,,,,,,,,,,,,,,
4215,5203199959,bobbywow1,420,17,G Wyndham Clark G Russell Henley G Hideki Matsuyama G Ryo Hisatsune G Corey Conners G Rasmus Neergaard-Petersen,,,,,,,,,,,,,,,,,,,
4215,5203216386,Fiorid,420,17,G Wyndham Clark G Hideki Matsuyama G Jake Knapp G Michael Brennan G Ryo Hisatsune G Ben Kohles,,,,,,,,,,,,,,,,,,,
4215,5202026241,pjleonidas,418,17,G Cameron Young G Ben Griffin G Jake Knapp G Jackson Suber G Denny McCarthy G Joel Dahmen,,,,,,,,,,,,,,,,,,,
4215,5202028196,IKeelU,418,17,G Cameron Young G Hideki Matsuyama G Jake Knapp G Marco Penge G Ben Kohles G Joel Dahmen,,,,,,,,,,,,,,,,,,,
4215,5202163185,bestone109,418,17,G Patrick Cantlay G Ben Griffin G Jake Knapp G J.J. Spaun G Jacob Bridgeman G Joel Dahmen,,,,,,,,,,,,,,,,,,,
4215,5202319638,DTRAIN85,418,17,G Cameron Young G Patrick Cantlay G Michael Thorbjornsen G Jacob Bridgeman G Ryo Hisatsune G Joel Dahmen,,,,,,,,,,,,,,,,,,,
4215,5201577511,Timmy_Mac,417,17,G Cameron Young G J.J. Spaun G Jacob Bridgeman G Davis Thompson G Ryo Hisatsune G Benjamin James,,,,,,,,,,,,,,,,,,,
4215,5202550368,LushyLeanPocket,417,17,G Cameron Young G Hideki Matsuyama G Michael Thorbjornsen G Davis Thompson G Ben Kohles G Benjamin James,,,,,,,,,,,,,,,,,,,
4215,5201571430,Militi-The-Greek,345,17,G Brooks Koepka G Davis Thompson G Jordan Spieth G Ryo Hisatsune G Benjamin James G Jordan L. Smith,,,,,,,,,,,,,,,,,,,
4331,5200660987,yoda581,419,16.5,G Cameron Young G Hideki Matsuyama G Michael Brennan G Jacob Bridgeman G Ben Kohles G Christiaan Bezuidenhout,,,,,,,,,,,,,,,,,,,
4331,5200842873,ImTrustAdonkey,419,16.5,G Hideki Matsuyama G J.J. Spaun G Harris English G Nicolai Højgaard G Michael Thorbjornsen G Christiaan Bezuidenhout,,,,,,,,,,,,,,,,,,,
4331,5200904223,kruzer01,419,16.5,G Cameron Young G Hideki Matsuyama G Nicolai Højgaard G Jacob Bridgeman G Christiaan Bezuidenhout G Rasmus Højgaard,,,,,,,,,,,,,,,,,,,
4331,5201296100,cfors24,419,16.5,G Cameron Young G Hideki Matsuyama G Jake Knapp G Rasmus Neergaard-Petersen G Christiaan Bezuidenhout G John Parry,,,,,,,,,,,,,,,,,,,
4331,5201577310,dougster1960,419,16.5,G Hideki Matsuyama G Jake Knapp G J.J. Spaun G Jacob Bridgeman G Ryo Hisatsune G Christiaan Bezuidenhout,,,,,,,,,,,,,,,,,,,
4331,5201872631,Piggott39,419,16.5,G Cameron Young G Hideki Matsuyama G Jacob Bridgeman G Ryo Hisatsune G Ben Kohles G Christiaan Bezuidenhout,,,,,,,,,,,,,,,,,,,
4331,5202321738,gators9324,419,16.5,G Cameron Young G Jake Knapp G J.J. Spaun G Max Greyserman G Ben Kohles G Christiaan Bezuidenhout,,,,,,,,,,,,,,,,,,,
4331,5202716447,YogaBoy,419,16.5,G Cameron Young G Hideki Matsuyama G Nicolai Højgaard G Corey Conners G Rasmus Neergaard-Petersen G Christiaan Bezuidenhout,,,,,,,,,,,,,,,,,,,
4331,5202872633,S.Qualmann,419,16.5,G Cameron Young G Hideki Matsuyama G Jacob Bridgeman G Ryo Hisatsune G Ben Kohles G Christiaan Bezuidenhout,,,,,,,,,,,,,,,,,,,
4331,5203009710,JDamien2442,410,16.5,G Cameron Young G Si Woo Kim G Ryo Hisatsune G Corey Conners G Ben Kohles G Lucas Glover,,,,,,,,,,,,,,,,,,,
4331,5203052341,porter24,410,16.5,G Cameron Young G Si Woo Kim G Jacob Bridgeman G Ryo Hisatsune G Corey Conners G Lucas Glover,,,,,,,,,,,,,,,,,,,
4331,5203126849,jdltx8,410,16.5,G Si Woo Kim G Russell Henley G Ben Griffin G J.J. Spaun G Lucas Glover G Tom Hoge,,,,,,,,,,,,,,,,,,,
4343,5200576700,piston90,422,16,G Cameron Young G Jake Knapp G Ryan Gerard G Ryo Hisatsune G Ben Kohles G Matthew McCarty,,,,,,,,,,,,,,,,,,,
4343,5200634830,72DBONES72,422,16,G Patrick Cantlay G Jake Knapp G Ryan Gerard G Michael Thorbjornsen G Jacob Bridgeman G Rasmus Neergaard-Petersen,,,,,,,,,,,,,,,,,,,
4343,5200654857,Precept24,422,16,G Patrick Cantlay G Jake Knapp G Ryan Gerard G Harris English G Michael Brennan G Sudarshan Yellamaraju,,,,,,,,,,,,,,,,,,,
4343,5200655409,mm0802,422,16,G Russell Henley G Hideki Matsuyama G Ryan Gerard G Nicolai Højgaard G Ryo Hisatsune G Ben Kohles,,,,,,,,,,,,,,,,,,,
4343,5200674763,bluesbro2,422,16,G Cameron Young G Jake Knapp G Ryan Gerard G Jackson Suber G Max Greyserman G Ben Kohles,,,,,,,,,,,,,,,,,,,
4343,5200761745,sobizzle21,422,16,G Cameron Young G Ben Griffin G Ryan Gerard G Ryo Hisatsune G Rasmus Neergaard-Petersen G Matthew McCarty,,,,,,,,,,,,,,,,,,,
4343,5200979834,tamleo,422,16,G Russell Henley G Jake Knapp G Ryan Gerard G Nicolai Højgaard G Ryo Hisatsune G Ben Kohles,,,,,,,,,,,,,,,,,,,
4343,5200992546,stods210,422,16,G Cameron Young G Ben Griffin G Ryan Gerard G Jackson Suber G Corey Conners G Sungjae Im,,,,,,,,,,,,,,,,,,,
4343,5201165423,hcarswell,422,16,G Hideki Matsuyama G Jake Knapp G Ryan Gerard G Harris English G Ryo Hisatsune G Jackson Suber,,,,,,,,,,,,,,,,,,,
4343,5201226872,Jordo300,422,16,G Ben Griffin G Jake Knapp G J.J. Spaun G Ryan Gerard G Ryo Hisatsune G Rasmus Neergaard-Petersen,,,,,,,,,,,,,,,,,,,
4343,5201241752,Jackie2424,422,16,G Ben Griffin G Jake Knapp G Ryan Gerard G Nicolai Højgaard G Michael Brennan G Jackson Suber,,,,,,,,,,,,,,,,,,,
4343,5201248084,CGlab69,422,16,G Hideki Matsuyama G Jake Knapp G J.J. Spaun G Ryan Gerard G Ryo Hisatsune G Ben Kohles,,,,,,,,,,,,,,,,,,,
4343,5201264754,KrunchySoft,422,16,G Russell Henley G Ben Griffin G Ryan Gerard G Nicolai Højgaard G Ryo Hisatsune G Jordan L. Smith,,,,,,,,,,,,,,,,,,,
4343,5201304984,wyz007,422,16,G Russell Henley G Hideki Matsuyama G Ryan Gerard G Jacob Bridgeman G Ryo Hisatsune G Ben Kohles,,,,,,,,,,,,,,,,,,,
4343,5201343724,ksheldrick,422,16,G Ben Griffin G Ryan Gerard G Harris English G Nicolai Højgaard G Michael Brennan G Jordan Spieth,,,,,,,,,,,,,,,,,,,
4343,5201449176,brussino,422,16,G Cameron Young G Hideki Matsuyama G Ryan Gerard G Denny McCarthy G Rasmus Neergaard-Petersen G Sungjae Im,,,,,,,,,,,,,,,,,,,
4343,5201475453,soonerbernie2002,422,16,G Ben Griffin G Jake Knapp G Ryan Gerard G Michael Thorbjornsen G Michael Brennan G Max Greyserman,,,,,,,,,,,,,,,,,,,
4343,5201524622,SatchedOut410,422,16,G Hideki Matsuyama G Ben Griffin G J.J. Spaun G Ryan Gerard G Jordan Spieth G Sungjae Im,,,,,,,,,,,,,,,,,,,
4343,5201575902,jbace1954,422,16,G Jake Knapp G Ryan Gerard G Nicolai Højgaard G Michael Thorbjornsen G Jacob Bridgeman G Ben Kohles,,,,,,,,,,,,,,,,,,,
4343,5201847418,kkominiak,422,16,G Cameron Young G J.J. Spaun G Ryan Gerard G Jackson Suber G Corey Conners G Jordan L. Smith,,,,,,,,,,,,,,,,,,,
4343,5201861580,JimStank19,422,16,G Russell Henley G Hideki Matsuyama G Ryan Gerard G Jacob Bridgeman G Ryo Hisatsune G Corey Conners,,,,,,,,,,,,,,,,,,,
4343,5201864971,usfmusician,422,16,G Jake Knapp G J.J. Spaun G Ryan Gerard G Michael Thorbjornsen G Jacob Bridgeman G Marco Penge,,,,,,,,,,,,,,,,,,,
4343,5201915612,PantherFan2418,422,16,G Patrick Cantlay G Ben Griffin G J.J. Spaun G Ryan Gerard G Jacob Bridgeman G Matti Schmid,,,,,,,,,,,,,,,,,,,
4343,5202164606,joelorr,422,16,G Cameron Young G Ryan Gerard G Michael Brennan G Jacob Bridgeman G Ryo Hisatsune G Corey Conners,,,,,,,,,,,,,,,,,,,
4343,5202167019,bdembo,422,16,G Cameron Young G Jake Knapp G Ryan Gerard G Marco Penge G Rasmus Neergaard-Petersen G Patrick Rodgers,,,,,,,,,,,,,,,,,,,
4343,5202168938,burrgg04,422,16,G Hideki Matsuyama G Ryan Gerard G Harris English G Jacob Bridgeman G Ryo Hisatsune G Corey Conners,,,,,,,,,,,,,,,,,,,
4343,5202190283,Hainer68,422,16,G Cameron Young G Ryan Gerard G Jacob Bridgeman G Ryo Hisatsune G Denny McCarthy G Corey Conners,,,,,,,,,,,,,,,,,,,
4343,5202229814,WaitTilNextYear,422,16,G Hideki Matsuyama G Ben Griffin G J.J. Spaun G Ryan Gerard G Jacob Bridgeman G Zachary Bauchou,,,,,,,,,,,,,,,,,,,
4343,5202245996,karingus1,422,16,G Cameron Young G Hideki Matsuyama G Ryan Gerard G Matt Wallace G Sungjae Im G Thorbjørn Olesen,,,,,,,,,,,,,,,,,,,
4343,5202299843,KColonel1969,422,16,G Ben Griffin G Jake Knapp G J.J. Spaun G Ryan Gerard G Jackson Suber G Ben Kohles,,,,,,,,,,,,,,,,,,,
4343,5202402763,dockatherine2431,422,16,G Cameron Young G Hideki Matsuyama G Jacob Bridgeman G Denny McCarthy G Nick Taylor G John Parry,,,,,,,,,,,,,,,,,,,
4343,5202486926,dknumber1,422,16,G Cameron Young G Hideki Matsuyama G Ryan Gerard G Ryo Hisatsune G Ben Kohles G John Parry,,,,,,,,,,,,,,,,,,,
4343,5202595412,yamburgler,422,16,G Cameron Young G Jake Knapp G Ryan Gerard G Nicolai Højgaard G Jackson Suber G Brad Dalke,,,,,,,,,,,,,,,,,,,
4343,5202636228,JohnsMainEvent,422,16,G Ben Griffin G Jake Knapp G Ryan Gerard G Nicolai Højgaard G Michael Thorbjornsen G Jordan L. Smith,,,,,,,,,,,,,,,,,,,
4343,5202713790,mbrowning24,422,16,G Patrick Cantlay G Ben Griffin G J.J. Spaun G Ryan Gerard G Corey Conners G Billy Horschel,,,,,,,,,,,,,,,,,,,
4343,5202770999,kodonohue,422,16,G Cameron Young G Ryan Gerard G Jacob Bridgeman G Jordan Spieth G Ryo Hisatsune G Corey Conners,,,,,,,,,,,,,,,,,,,
4343,5202787208,bennyredwings,422,16,G Cameron Young G Hideki Matsuyama G Jacob Bridgeman G Jordan Spieth G Ryo Hisatsune G Nick Taylor,,,,,,,,,,,,,,,,,,,
4343,5202966196,haxton24,422,16,G Cameron Young G Hideki Matsuyama G Ryan Gerard G Jordan Spieth G Corey Conners G Luke Clanton,,,,,,,,,,,,,,,,,,,
4343,5203008077,SlimTChance,422,16,G Cameron Young G Russell Henley G Nicolai Højgaard G Ryo Hisatsune G Nick Taylor G John Parry,,,,,,,,,,,,,,,,,,,
4343,5203039827,riles0409,422,16,G Russell Henley G Ben Griffin G Ryan Gerard G Michael Thorbjornsen G Corey Conners G Rasmus Neergaard-Petersen,,,,,,,,,,,,,,,,,,,
4343,5203042707,drlott,422,16,G Hideki Matsuyama G Jake Knapp G Ryan Gerard G Michael Brennan G Jackson Suber G Ben Kohles,,,,,,,,,,,,,,,,,,,
4343,5203092522,db1616,422,16,G Cameron Young G Jake Knapp G Ryan Gerard G Rasmus Neergaard-Petersen G Ben Kohles G Taylor Pendrith,,,,,,,,,,,,,,,,,,,
4343,5203100230,ColdBeverages,422,16,G Cameron Young G Ben Griffin G Ryan Gerard G Jacob Bridgeman G Ben Kohles G Lee Hodges,,,,,,,,,,,,,,,,,,,
4343,5203117190,aharrold323,422,16,G Cameron Young G Jake Knapp G Ryan Gerard G Michael Thorbjornsen G Sungjae Im G Zecheng Dou,,,,,,,,,,,,,,,,,,,
4343,5203157801,maxkaz,422,16,G Cameron Young G Jake Knapp G Ryan Gerard G Jackson Suber G Rasmus Neergaard-Petersen G Billy Horschel,,,,,,,,,,,,,,,,,,,
4343,5203169683,maxwellington10,422,16,G Hideki Matsuyama G Jake Knapp G Ryan Gerard G Michael Brennan G Jacob Bridgeman G Marco Penge,,,,,,,,,,,,,,,,,,,
4343,5203221296,mkdsslkrd1616,422,16,G Jake Knapp G Ryan Gerard G Harris English G Nicolai Højgaard G Michael Thorbjornsen G Jackson Suber,,,,,,,,,,,,,,,,,,,
4343,5203246550,CervezasNfireball64,422,16,G Cameron Young G Russell Henley G Ryan Gerard G Ryo Hisatsune G Jackson Suber G Patrick Rodgers,,,,,,,,,,,,,,,,,,,
4343,5202976323,voiceofmagictaco,415,16,G Cameron Young G Ben Griffin G Nicolai Højgaard G Michael Thorbjornsen G Benjamin James G William Mouw,,,,,,,,,,,,,,,,,,,
4343,5202473829,Piels25,413,16,G Cameron Young G Nicolai Højgaard G Michael Thorbjornsen G Davis Thompson G Jackson Suber G Aldrich Potgieter,,,,,,,,,,,,,,,,,,,
4343,5201536389,niners95,412,16,G Cameron Young G Patrick Cantlay G Nicolai Højgaard G Davis Thompson G Ryo Hisatsune G William Mouw,,,,,,,,,,,,,,,,,,,
4394,5201236098,dbsultan,423,15.5,G Patrick Cantlay G Ben Griffin G Jake Knapp G Nicolai Højgaard G Marco Penge G Harry Hall,,,,,,,,,,,,,,,,,,,
4394,5200610336,joiner52,418,15.5,G Cameron Young G J.J. Spaun G Nicolai Højgaard G Eric Cole G Denny McCarthy G Rasmus Neergaard-Petersen,,,,,,,,,,,,,,,,,,,
4394,5200731207,Cyoung14,418,15.5,G Cameron Young G Michael Thorbjornsen G Michael Brennan G Jacob Bridgeman G Jordan Spieth G Eric Cole,,,,,,,,,,,,,,,,,,,
4394,5200752309,buzzwerf,418,15.5,G Russell Henley G Hideki Matsuyama G Michael Thorbjornsen G Jacob Bridgeman G Eric Cole G Rasmus Neergaard-Petersen,,,,,,,,,,,,,,,,,,,
4394,5200839798,Kenmasters7,418,15.5,G Cameron Young G Ben Griffin G Michael Brennan G Jordan Spieth G Eric Cole G Matt Wallace,,,,,,,,,,,,,,,,,,,
4394,5200970839,kkenning82,418,15.5,G Russell Henley G Jake Knapp G J.J. Spaun G Michael Thorbjornsen G Eric Cole G Jackson Suber,,,,,,,,,,,,,,,,,,,
4394,5201164714,wildog,418,15.5,G Cameron Young G Russell Henley G Jacob Bridgeman G Eric Cole G Jackson Suber G Max Greyserman,,,,,,,,,,,,,,,,,,,
4394,5201376215,vanizzle,418,15.5,G Cameron Young G Russell Henley G Jake Knapp G Eric Cole G Ben Kohles G Brad Dalke,,,,,,,,,,,,,,,,,,,
4394,5201955193,whitewillie,418,15.5,G Cameron Young G Ben Griffin G J.J. Spaun G Eric Cole G Mac Meissner G Sungjae Im,,,,,,,,,,,,,,,,,,,
4394,5201961104,sinelson55,418,15.5,G Cameron Young G Jake Knapp G Jacob Bridgeman G Eric Cole G Ryo Hisatsune G Denny McCarthy,,,,,,,,,,,,,,,,,,,
4394,5202009585,highdiamond,418,15.5,G Russell Henley G Patrick Cantlay G Jake Knapp G Jacob Bridgeman G Eric Cole G Ben Kohles,,,,,,,,,,,,,,,,,,,
4394,5202012668,rdeal22,418,15.5,G Cameron Young G Jake Knapp G J.J. Spaun G Eric Cole G Ryo Hisatsune G Matti Schmid,,,,,,,,,,,,,,,,,,,
4394,5202182957,lkocik0818,418,15.5,G Russell Henley G Jake Knapp G Nicolai Højgaard G Michael Thorbjornsen G Eric Cole G Ryo Hisatsune,,,,,,,,,,,,,,,,,,,
4394,5202322231,Wallyb3,418,15.5,G Cameron Young G Hideki Matsuyama G Jordan Spieth G Eric Cole G Ryo Hisatsune G Jackson Suber,,,,,,,,,,,,,,,,,,,
4394,5202519375,BroncoForce,418,15.5,G Cameron Young G Patrick Cantlay G Jake Knapp G Eric Cole G Taylor Moore G Zecheng Dou,,,,,,,,,,,,,,,,,,,
4394,5202537802,marcino75,418,15.5,G Cameron Young G Hideki Matsuyama G Jacob Bridgeman G Eric Cole G Jackson Suber G Ben Kohles,,,,,,,,,,,,,,,,,,,
4394,5203082912,tommyslydog,418,15.5,G Patrick Cantlay G Hideki Matsuyama G Ben Griffin G Jacob Bridgeman G Eric Cole G Corey Conners,,,,,,,,,,,,,,,,,,,
4394,5203214549,Nayrb29,418,15.5,G Cameron Young G Russell Henley G Ben Griffin G Eric Cole G Sudarshan Yellamaraju G Andrew Putnam,,,,,,,,,,,,,,,,,,,
4394,5203257916,seabie123,418,15.5,G Cameron Young G Jake Knapp G Nicolai Højgaard G Eric Cole G Jackson Suber G Ben Kohles,,,,,,,,,,,,,,,,,,,
4413,5201010058,INDYICE,424,15,G Cameron Young G Jake Knapp G Nicolai Højgaard G Jackson Suber G Doug Ghim G Ben Kohles,,,,,,,,,,,,,,,,,,,
4413,5201492351,emaw85,424,15,G Cameron Young G Hideki Matsuyama G Nicolai Højgaard G Denny McCarthy G Corey Conners G Sam Stevens,,,,,,,,,,,,,,,,,,,
4413,5202179751,Fortyoz,424,15,G Cameron Young G Jake Knapp G J.J. Spaun G Doug Ghim G Ben Kohles G Mac Meissner,,,,,,,,,,,,,,,,,,,
4413,5202229835,Gacgac1,424,15,G Cameron Young G Hideki Matsuyama G J.J. Spaun G Ryo Hisatsune G Doug Ghim G Lee Hodges,,,,,,,,,,,,,,,,,,,
4413,5202709342,nipster541,424,15,G Cameron Young G Patrick Cantlay G Jake Knapp G Rasmus Neergaard-Petersen G Sam Stevens G Sungjae Im,,,,,,,,,,,,,,,,,,,
4413,5202716372,love245555,424,15,G Cameron Young G Patrick Cantlay G Ben Griffin G Doug Ghim G Sungjae Im G John Parry,,,,,,,,,,,,,,,,,,,
4413,5202918166,GoldenPigs,424,15,G Cameron Young G Ben Griffin G Nicolai Højgaard G Ryo Hisatsune G Corey Conners G Sam Stevens,,,,,,,,,,,,,,,,,,,
4413,5203001879,Slautterback222,424,15,G Cameron Young G Patrick Cantlay G Ben Griffin G Corey Conners G Sam Stevens G Lee Hodges,,,,,,,,,,,,,,,,,,,
4413,5202455656,Dr_Fu_Manchu,414,15,G Cameron Young G Hideki Matsuyama G J.J. Spaun G Benjamin James G Sudarshan Yellamaraju G Chandler Phillips,,,,,,,,,,,,,,,,,,,
4413,5202784064,erog30,414,15,G Cameron Young G Hideki Matsuyama G Jake Knapp G Ben Kohles G Benjamin James G Chandler Phillips,,,,,,,,,,,,,,,,,,,
4413,5203107993,Hootfish,414,15,G Cameron Young G Patrick Cantlay G Hideki Matsuyama G Ben Kohles G Benjamin James G Chandler Phillips,,,,,,,,,,,,,,,,,,,
4413,5200821443,JDS1959,411,15,G Cameron Young G Ben Griffin G Jake Knapp G Davis Thompson G Ben Kohles G Chandler Phillips,,,,,,,,,,,,,,,,,,,
4413,5201105495,nravin18,411,15,G Cameron Young G Jake Knapp G J.J. Spaun G Davis Thompson G Jackson Suber G Chandler Phillips,,,,,,,,,,,,,,,,,,,
4413,5201364805,blackhord,411,15,G Cameron Young G Ben Griffin G Jake Knapp G Davis Thompson G Ben Kohles G Chandler Phillips,,,,,,,,,,,,,,,,,,,
4413,5201467781,dylanstrick22,411,15,G Cameron Young G Jake Knapp G J.J. Spaun G Davis Thompson G Ben Kohles G Chandler Phillips,,,,,,,,,,,,,,,,,,,
4413,5201817230,WKRP,411,15,G Cameron Young G Hideki Matsuyama G J.J. Spaun G Davis Thompson G Ben Kohles G Chandler Phillips,,,,,,,,,,,,,,,,,,,
4413,5201825222,Jaecubed,411,15,G Cameron Young G Ben Griffin G J.J. Spaun G Davis Thompson G Rasmus Neergaard-Petersen G Chandler Phillips,,,,,,,,,,,,,,,,,,,
4413,5202294402,Stuckcee,411,15,G Cameron Young G Jake Knapp G Michael Thorbjornsen G Michael Brennan G Davis Thompson G Chandler Phillips,,,,,,,,,,,,,,,,,,,
4413,5202679787,ericlang0227,411,15,G Cameron Young G Jake Knapp G J.J. Spaun G Davis Thompson G Ben Kohles G Chandler Phillips,,,,,,,,,,,,,,,,,,,
4413,5200727871,Stevelambert,410,15,G Russell Henley G Patrick Cantlay G Jake Knapp G Akshay Bhatia G Ryo Hisatsune G Lucas Glover,,,,,,,,,,,,,,,,,,,
4413,5201330692,usfhawk,352,15,G Cameron Young G Hideki Matsuyama G Brooks Koepka G Jacob Bridgeman G Ben Kohles G Sam Stevens,,,,,,,,,,,,,,,,,,,
4434,5201124953,jaywalkin,415,14.5,G Xander Schauffele G Russell Henley G Jake Knapp G Rasmus Neergaard-Petersen G Max Greyserman G Jesper Svensson,,,,,,,,,,,,,,,,,,,
4435,5201091239,BlancoBob,426,14,G Cameron Young G Hideki Matsuyama G Michael Brennan G Marco Penge G Johnny Keefer G Ben Kohles,,,,,,,,,,,,,,,,,,,
4435,5201468879,techjynx,426,14,G Cameron Young G Hideki Matsuyama G Jake Knapp G Johnny Keefer G Ben Kohles G Sungjae Im,,,,,,,,,,,,,,,,,,,
4435,5202371009,I-HATE-PANTS,426,14,G Cameron Young G Ben Griffin G Michael Thorbjornsen G Ryo Hisatsune G Johnny Keefer G Mac Meissner,,,,,,,,,,,,,,,,,,,
4435,5202714500,beteater,426,14,G Cameron Young G Jake Knapp G Nicolai Højgaard G Jackson Suber G Johnny Keefer G Rasmus Neergaard-Petersen,,,,,,,,,,,,,,,,,,,
4435,5202822808,Grossman911,426,14,G Cameron Young G Hideki Matsuyama G Michael Brennan G Marco Penge G Johnny Keefer G Ben Kohles,,,,,,,,,,,,,,,,,,,
4435,5202937164,Doc_Holliday,426,14,G Cameron Young G Ben Griffin G Nicolai Højgaard G Jackson Suber G Johnny Keefer G John Parry,,,,,,,,,,,,,,,,,,,
4435,5202997242,Cliftondale,426,14,G Russell Henley G Jake Knapp G J.J. Spaun G Jacob Bridgeman G Denny McCarthy G Johnny Keefer,,,,,,,,,,,,,,,,,,,
4435,5203129911,bamamcc,426,14,G Hideki Matsuyama G Jake Knapp G J.J. Spaun G Nicolai Højgaard G Marco Penge G Johnny Keefer,,,,,,,,,,,,,,,,,,,
4435,5203143467,Billybabbitt,426,14,G Cameron Young G Jake Knapp G Nicolai Højgaard G Jackson Suber G Corey Conners G Johnny Keefer,,,,,,,,,,,,,,,,,,,
4435,5203191488,squirrelpatroldk,426,14,G Hideki Matsuyama G Jake Knapp G J.J. Spaun G Michael Thorbjornsen G Michael Brennan G Johnny Keefer,,,,,,,,,,,,,,,,,,,
4435,5203258559,TCoyne,426,14,G Russell Henley G Hideki Matsuyama G Jake Knapp G Jacob Bridgeman G Ryo Hisatsune G Johnny Keefer,,,,,,,,,,,,,,,,,,,
4435,5202603510,jippa69,416,14,G Cameron Young G J.J. Spaun G Akshay Bhatia G Ryo Hisatsune G Ben Kohles G Jesper Svensson,,,,,,,,,,,,,,,,,,,
4435,5202838965,jonnyparlay69,416,14,G Russell Henley G Ben Griffin G J.J. Spaun G Akshay Bhatia G Jesper Svensson G Taylor Pendrith,,,,,,,,,,,,,,,,,,,
4435,5202983528,DoubleDz,414,14,G Cameron Young G Russell Henley G Jacob Bridgeman G Davis Thompson G Ben Kohles G Nicolas Echavarria,,,,,,,,,,,,,,,,,,,
4435,5201614584,BreeBree55,410,14,G Cameron Young G Hideki Matsuyama G Jake Knapp G Ryo Hisatsune G Aldrich Potgieter G Chandler Phillips,,,,,,,,,,,,,,,,,,,
4450,5200587457,Rfox69,422,13.5,G Si Woo Kim G Hideki Matsuyama G Jacob Bridgeman G Ryo Hisatsune G Denny McCarthy G Corey Conners,,,,,,,,,,,,,,,,,,,
4450,5200655036,Handshannah,422,13.5,G Si Woo Kim G Hideki Matsuyama G Harris English G Michael Brennan G Ryo Hisatsune G Ben Kohles,,,,,,,,,,,,,,,,,,,
4450,5200662391,jalesik,422,13.5,G Si Woo Kim G Hideki Matsuyama G Jake Knapp G Marco Penge G Denny McCarthy G Max Greyserman,,,,,,,,,,,,,,,,,,,
4450,5200822910,kymike74,422,13.5,G Cameron Young G Si Woo Kim G Michael Brennan G Jacob Bridgeman G Denny McCarthy G Luke Clanton,,,,,,,,,,,,,,,,,,,
4450,5200829495,gbushey1,422,13.5,G Cameron Young G Si Woo Kim G Russell Henley G Sungjae Im G Rasmus Højgaard G Matti Schmid,,,,,,,,,,,,,,,,,,,
4450,5200829713,bobbastic,422,13.5,G Si Woo Kim G Hideki Matsuyama G Michael Thorbjornsen G Jacob Bridgeman G Jordan Spieth G Ryo Hisatsune,,,,,,,,,,,,,,,,,,,
4450,5201018757,cat657,422,13.5,G Si Woo Kim G Russell Henley G Hideki Matsuyama G Jacob Bridgeman G Ryo Hisatsune G Tom Hoge,,,,,,,,,,,,,,,,,,,
4450,5201089646,dashiznit187,422,13.5,G Si Woo Kim G Jake Knapp G Michael Thorbjornsen G Michael Brennan G Marco Penge G Max Greyserman,,,,,,,,,,,,,,,,,,,
4450,5201134621,mmcmann,422,13.5,G Si Woo Kim G Hideki Matsuyama G Nicolai Højgaard G Jacob Bridgeman G Ryo Hisatsune G Corey Conners,,,,,,,,,,,,,,,,,,,
4450,5201191802,Schoey17,422,13.5,G Si Woo Kim G Russell Henley G Michael Thorbjornsen G Jacob Bridgeman G Corey Conners G Mac Meissner,,,,,,,,,,,,,,,,,,,
4450,5201279853,plewis247,422,13.5,G Cameron Young G Si Woo Kim G Nicolai Højgaard G Rasmus Neergaard-Petersen G Jordan L. Smith G Sungjae Im,,,,,,,,,,,,,,,,,,,
4450,5201284873,TaySig,422,13.5,G Cameron Young G Si Woo Kim G Russell Henley G Sudarshan Yellamaraju G Zachary Bauchou G Andrew Putnam,,,,,,,,,,,,,,,,,,,
4450,5201325005,dorksquad,422,13.5,G Cameron Young G Si Woo Kim G Jacob Bridgeman G Jackson Suber G Ben Kohles G Sungjae Im,,,,,,,,,,,,,,,,,,,
4450,5201398093,miamifinatic,422,13.5,G Cameron Young G Si Woo Kim G Jacob Bridgeman G Rasmus Neergaard-Petersen G John Parry G Tom Hoge,,,,,,,,,,,,,,,,,,,
4450,5201671353,mvotto88,422,13.5,G Si Woo Kim G Hideki Matsuyama G Nicolai Højgaard G Jacob Bridgeman G Denny McCarthy G Corey Conners,,,,,,,,,,,,,,,,,,,
4450,5201709958,bamaboi1505,422,13.5,G Si Woo Kim G Hideki Matsuyama G Jake Knapp G Jacob Bridgeman G Ryo Hisatsune G Sungjae Im,,,,,,,,,,,,,,,,,,,
4450,5201825509,sk8jeff1,422,13.5,G Si Woo Kim G Hideki Matsuyama G Nicolai Højgaard G Jacob Bridgeman G Ryo Hisatsune G Corey Conners,,,,,,,,,,,,,,,,,,,
4450,5201878156,somiller15,422,13.5,G Si Woo Kim G Ben Griffin G J.J. Spaun G Ryo Hisatsune G Jackson Suber G Ben Kohles,,,,,,,,,,,,,,,,,,,
4450,5201904191,dsdaniels08,422,13.5,G Si Woo Kim G Jake Knapp G J.J. Spaun G Jacob Bridgeman G Jackson Suber G Ben Kohles,,,,,,,,,,,,,,,,,,,
4450,5201906943,Nikbernard21,422,13.5,G Si Woo Kim G Hideki Matsuyama G Jake Knapp G Jacob Bridgeman G Rasmus Neergaard-Petersen G Ben Kohles,,,,,,,,,,,,,,,,,,,
4450,5201914226,Intoanother,422,13.5,G Si Woo Kim G Jake Knapp G J.J. Spaun G Michael Brennan G Jackson Suber G Rasmus Neergaard-Petersen,,,,,,,,,,,,,,,,,,,
4450,5201939246,ChipMuck304,422,13.5,G Cameron Young G Si Woo Kim G Ryo Hisatsune G Corey Conners G Ben Kohles G Sudarshan Yellamaraju,,,,,,,,,,,,,,,,,,,
4450,5201944136,DayByDay,422,13.5,G Si Woo Kim G Patrick Cantlay G Jake Knapp G Nicolai Højgaard G Jordan L. Smith G Sungjae Im,,,,,,,,,,,,,,,,,,,
4450,5201989043,Racktracker13,422,13.5,G Si Woo Kim G Russell Henley G Nicolai Højgaard G Michael Thorbjornsen G Corey Conners G Jordan L. Smith,,,,,,,,,,,,,,,,,,,
4450,5202094615,gokullect,422,13.5,G Si Woo Kim G Jake Knapp G Nicolai Højgaard G Michael Thorbjornsen G Ryo Hisatsune G Rasmus Neergaard-Petersen,,,,,,,,,,,,,,,,,,,
4450,5202136822,goofybh207,422,13.5,G Cameron Young G Si Woo Kim G Russell Henley G Sudarshan Yellamaraju G Taylor Pendrith G Andrew Putnam,,,,,,,,,,,,,,,,,,,
4450,5202145177,zekedonbye,422,13.5,G Si Woo Kim G Hideki Matsuyama G Jake Knapp G Ryo Hisatsune G Denny McCarthy G Corey Conners,,,,,,,,,,,,,,,,,,,
4450,5202320307,Irish3131,422,13.5,G Si Woo Kim G Russell Henley G Nicolai Højgaard G Michael Thorbjornsen G Jordan Spieth G Rasmus Højgaard,,,,,,,,,,,,,,,,,,,
4450,5202336055,Like_A_Bous,422,13.5,G Si Woo Kim G Patrick Cantlay G Ben Griffin G Denny McCarthy G Corey Conners G Jordan L. Smith,,,,,,,,,,,,,,,,,,,
4450,5202371496,TConrad,422,13.5,G Si Woo Kim G Hideki Matsuyama G Jake Knapp G Ryo Hisatsune G Denny McCarthy G Corey Conners,,,,,,,,,,,,,,,,,,,
4450,5202460256,NTollette,422,13.5,G Si Woo Kim G Russell Henley G Jake Knapp G Jacob Bridgeman G Corey Conners G Sungjae Im,,,,,,,,,,,,,,,,,,,
4450,5202504887,rhowell3569,422,13.5,G Si Woo Kim G Russell Henley G Hideki Matsuyama G Corey Conners G Rasmus Neergaard-Petersen G Ben Kohles,,,,,,,,,,,,,,,,,,,
4450,5202618338,PamEwing12,422,13.5,G Si Woo Kim G Russell Henley G Hideki Matsuyama G Jacob Bridgeman G Ben Kohles G Rico Hoey,,,,,,,,,,,,,,,,,,,
4450,5202724968,base2711rr,422,13.5,G Si Woo Kim G Hideki Matsuyama G Michael Thorbjornsen G Jacob Bridgeman G Jordan Spieth G Ryo Hisatsune,,,,,,,,,,,,,,,,,,,
4450,5202818276,otoolebr,422,13.5,G Cameron Young G Si Woo Kim G Nicolai Højgaard G Rasmus Neergaard-Petersen G Jordan L. Smith G Sungjae Im,,,,,,,,,,,,,,,,,,,
4450,5202989079,antcliff210,422,13.5,G Si Woo Kim G Patrick Cantlay G Ben Griffin G Jackson Suber G Corey Conners G Ben Kohles,,,,,,,,,,,,,,,,,,,
4450,5203061673,jdjay,422,13.5,G Cameron Young G Si Woo Kim G Ryo Hisatsune G Jackson Suber G Corey Conners G Ben Kohles,,,,,,,,,,,,,,,,,,,
4450,5203090412,LOCNOTM,422,13.5,G Si Woo Kim G Ben Griffin G J.J. Spaun G Nicolai Højgaard G Corey Conners G Sungjae Im,,,,,,,,,,,,,,,,,,,
4450,5203161214,cole51pawich,422,13.5,G Si Woo Kim G Patrick Cantlay G Nicolai Højgaard G Jacob Bridgeman G Ryo Hisatsune G Corey Conners,,,,,,,,,,,,,,,,,,,
4450,5203192074,DrNickIsIn,422,13.5,G Si Woo Kim G Ben Griffin G J.J. Spaun G Michael Thorbjornsen G Corey Conners G Sungjae Im,,,,,,,,,,,,,,,,,,,
4450,5203194300,FoxyGrandpa252,422,13.5,G Cameron Young G Si Woo Kim G Max Greyserman G Sungjae Im G Zachary Bauchou G Lee Hodges,,,,,,,,,,,,,,,,,,,
4450,5203198666,rooskie09,422,13.5,G Si Woo Kim G Russell Henley G Jake Knapp G Jacob Bridgeman G Corey Conners G Zachary Bauchou,,,,,,,,,,,,,,,,,,,
4450,5203211655,LaxBucks,422,13.5,G Cameron Young G Si Woo Kim G Jacob Bridgeman G Ryo Hisatsune G Corey Conners G Tom Hoge,,,,,,,,,,,,,,,,,,,
4450,5203261376,aquafinatim,422,13.5,G Cameron Young G Si Woo Kim G J.J. Spaun G Jordan L. Smith G Sungjae Im G John Parry,,,,,,,,,,,,,,,,,,,
4494,5202566734,tfake14,424,12.5,G Russell Henley G Hideki Matsuyama G Ben Griffin G Jacob Bridgeman G Corey Conners G Pierceson Coody,,,,,,,,,,,,,,,,,,,
4494,5200839903,LegionofDoom28,421,12.5,G Xander Schauffele G Hideki Matsuyama G Jake Knapp G Marco Penge G Jordan L. Smith G Kevin Roy,,,,,,,,,,,,,,,,,,,
4494,5201035669,howard8938,421,12.5,G Xander Schauffele G Russell Henley G Ryo Hisatsune G Jackson Suber G Corey Conners G Ben Kohles,,,,,,,,,,,,,,,,,,,
4494,5201140018,Zsheep,421,12.5,G Cameron Young G Xander Schauffele G Nicolai Højgaard G Taylor Pendrith G Rasmus Højgaard G Matti Schmid,,,,,,,,,,,,,,,,,,,
4494,5201150414,josephje,421,12.5,G Xander Schauffele G J.J. Spaun G Michael Thorbjornsen G Jacob Bridgeman G Jordan L. Smith G Lee Hodges,,,,,,,,,,,,,,,,,,,
4494,5201571250,tsst,421,12.5,G Xander Schauffele G Hideki Matsuyama G Jake Knapp G Denny McCarthy G Corey Conners G John Parry,,,,,,,,,,,,,,,,,,,
4494,5201718247,reeb,421,12.5,G Xander Schauffele G Hideki Matsuyama G Jake Knapp G Rasmus Neergaard-Petersen G Ben Kohles G Jordan L. Smith,,,,,,,,,,,,,,,,,,,
4494,5201733237,Chewdog68,421,12.5,G Xander Schauffele G Russell Henley G Hideki Matsuyama G Ryo Hisatsune G Denny McCarthy G John VanDerLaan,,,,,,,,,,,,,,,,,,,
4494,5201745511,Ricech,421,12.5,G Xander Schauffele G Ben Griffin G Michael Thorbjornsen G Jacob Bridgeman G Jackson Suber G Max Greyserman,,,,,,,,,,,,,,,,,,,
4494,5201918862,PrinceMars,421,12.5,G Xander Schauffele G Hideki Matsuyama G Michael Brennan G Jacob Bridgeman G Ryo Hisatsune G Ben Kohles,,,,,,,,,,,,,,,,,,,
4494,5201990674,lmfriel,421,12.5,G Xander Schauffele G Hideki Matsuyama G Michael Thorbjornsen G Michael Brennan G Rasmus Neergaard-Petersen G Billy Horschel,,,,,,,,,,,,,,,,,,,
4494,5202148406,bigballa3232,421,12.5,G Xander Schauffele G Patrick Cantlay G J.J. Spaun G Corey Conners G Ben Kohles G Sungjae Im,,,,,,,,,,,,,,,,,,,
4494,5202290270,jcwolves12,421,12.5,G Xander Schauffele G Ben Griffin G Michael Thorbjornsen G Marco Penge G Corey Conners G Ben Kohles,,,,,,,,,,,,,,,,,,,
4494,5202409378,twjd,421,12.5,G Xander Schauffele G Patrick Cantlay G Hideki Matsuyama G Corey Conners G Jordan L. Smith G Sungjae Im,,,,,,,,,,,,,,,,,,,
4494,5202478673,Bsmitty21,421,12.5,G Xander Schauffele G Jake Knapp G J.J. Spaun G Michael Thorbjornsen G Jordan L. Smith G Kevin Roy,,,,,,,,,,,,,,,,,,,
4494,5202712867,loosetools,421,12.5,G Cameron Young G Xander Schauffele G Jackson Suber G Corey Conners G Mac Meissner G Sungjae Im,,,,,,,,,,,,,,,,,,,
4494,5202723664,tvand2514,421,12.5,G Xander Schauffele G Hideki Matsuyama G Michael Brennan G Jacob Bridgeman G Jackson Suber G Ben Kohles,,,,,,,,,,,,,,,,,,,
4494,5202830722,TheDude80,421,12.5,G Xander Schauffele G Jake Knapp G Nicolai Højgaard G Marco Penge G Jackson Suber G Max Greyserman,,,,,,,,,,,,,,,,,,,
4494,5202966513,n_shorestein,421,12.5,G Xander Schauffele G Russell Henley G J.J. Spaun G Corey Conners G Matt Wallace G Sungjae Im,,,,,,,,,,,,,,,,,,,
4494,5203067028,HedgeTho,421,12.5,G Xander Schauffele G Hideki Matsuyama G Jake Knapp G Michael Thorbjornsen G Marco Penge G Patrick Wilkes-Krier,,,,,,,,,,,,,,,,,,,
4494,5203090896,Manns44,421,12.5,G Xander Schauffele G Russell Henley G Nicolai Højgaard G Ryo Hisatsune G Rasmus Neergaard-Petersen G Ben Kohles,,,,,,,,,,,,,,,,,,,
4494,5203180982,philroffi,421,12.5,G Xander Schauffele G Jake Knapp G Michael Thorbjornsen G Marco Penge G Jackson Suber G Rasmus Neergaard-Petersen,,,,,,,,,,,,,,,,,,,
4494,5203212924,bwhshs,421,12.5,G Xander Schauffele G Jake Knapp G J.J. Spaun G Denny McCarthy G Max Greyserman G Ben Kohles,,,,,,,,,,,,,,,,,,,
4494,5203260121,JTFarley,421,12.5,G Xander Schauffele G Hideki Matsuyama G Michael Thorbjornsen G Jordan Spieth G Corey Conners G Max Greyserman,,,,,,,,,,,,,,,,,,,
4494,5203260977,thealphamale,421,12.5,G Xander Schauffele G Patrick Cantlay G Hideki Matsuyama G Jacob Bridgeman G Billy Horschel G Matti Schmid,,,,,,,,,,,,,,,,,,,
4494,5202768579,wangator,418,12.5,G Hideki Matsuyama G Jake Knapp G J.J. Spaun G Michael Brennan G Jacob Bridgeman G Seamus Power,,,,,,,,,,,,,,,,,,,
4520,5200592691,Bobsanity,422,12,G Cameron Young G Jake Knapp G Akshay Bhatia G Michael Brennan G Rasmus Neergaard-Petersen G Sungjae Im,,,,,,,,,,,,,,,,,,,
4520,5200773879,BFreeman,422,12,G Russell Henley G Jake Knapp G J.J. Spaun G Akshay Bhatia G Jackson Suber G Rasmus Neergaard-Petersen,,,,,,,,,,,,,,,,,,,
4520,5200857051,pash218,422,12,G Cameron Young G Akshay Bhatia G Nicolai Højgaard G Jacob Bridgeman G Corey Conners G Rasmus Neergaard-Petersen,,,,,,,,,,,,,,,,,,,
4520,5201076289,jbonzoso,422,12,G Cameron Young G Akshay Bhatia G Nicolai Højgaard G Jacob Bridgeman G Jackson Suber G Lee Hodges,,,,,,,,,,,,,,,,,,,
4520,5201310382,cstolty,422,12,G Russell Henley G Hideki Matsuyama G Akshay Bhatia G Nicolai Højgaard G Ryo Hisatsune G Denny McCarthy,,,,,,,,,,,,,,,,,,,
4520,5201363473,briancioffi,422,12,G Russell Henley G Jake Knapp G Akshay Bhatia G Michael Brennan G Jacob Bridgeman G Jordan Spieth,,,,,,,,,,,,,,,,,,,
4520,5201527197,Littlefonzie56,422,12,G Ben Griffin G Jake Knapp G Akshay Bhatia G Nicolai Højgaard G Michael Thorbjornsen G Rasmus Neergaard-Petersen,,,,,,,,,,,,,,,,,,,
4520,5201638873,TurnUpTodd,422,12,G Russell Henley G Jake Knapp G Akshay Bhatia G Michael Thorbjornsen G Michael Brennan G Jackson Suber,,,,,,,,,,,,,,,,,,,
4520,5201933463,futureoffantasy,422,12,G Patrick Cantlay G Jake Knapp G Harris English G Akshay Bhatia G Nicolai Højgaard G Zecheng Dou,,,,,,,,,,,,,,,,,,,
4520,5202230916,rypic13,422,12,G Cameron Young G Jake Knapp G Akshay Bhatia G Ryo Hisatsune G Rasmus Neergaard-Petersen G Ben Kohles,,,,,,,,,,,,,,,,,,,
4520,5202688692,dcashg,422,12,G Cameron Young G Patrick Cantlay G Akshay Bhatia G Jackson Suber G Mac Meissner G Jordan L. Smith,,,,,,,,,,,,,,,,,,,
4520,5202893684,rellgotem,422,12,G Cameron Young G Akshay Bhatia G Michael Brennan G Jacob Bridgeman G Ryo Hisatsune G Ben Kohles,,,,,,,,,,,,,,,,,,,
4520,5202957219,wwestry,422,12,G Cameron Young G Patrick Cantlay G Akshay Bhatia G Jackson Suber G Ben Kohles G Jordan L. Smith,,,,,,,,,,,,,,,,,,,
4520,5202963453,mattmoss12,422,12,G Patrick Cantlay G Ben Griffin G J.J. Spaun G Akshay Bhatia G Jacob Bridgeman G Matthew McCarty,,,,,,,,,,,,,,,,,,,
4520,5203076580,Ggartreyo,422,12,G Russell Henley G Hideki Matsuyama G J.J. Spaun G Akshay Bhatia G Rasmus Neergaard-Petersen G Ben Kohles,,,,,,,,,,,,,,,,,,,
4520,5203082641,luksza,422,12,G Patrick Cantlay G Hideki Matsuyama G Akshay Bhatia G Nicolai Højgaard G Jackson Suber G Corey Conners,,,,,,,,,,,,,,,,,,,
4520,5203114556,ggrock,422,12,G Hideki Matsuyama G Jake Knapp G J.J. Spaun G Akshay Bhatia G Ryo Hisatsune G Rasmus Neergaard-Petersen,,,,,,,,,,,,,,,,,,,
4520,5203169464,robkushray,422,12,G Russell Henley G Hideki Matsuyama G Ben Griffin G Akshay Bhatia G Ryo Hisatsune G A.J. Ewart,,,,,,,,,,,,,,,,,,,
4520,5203204037,DoughBoy_215,422,12,G Cameron Young G Patrick Cantlay G Akshay Bhatia G Jackson Suber G Ben Kohles G Jordan L. Smith,,,,,,,,,,,,,,,,,,,
4520,5203226302,Philuv,422,12,G Patrick Cantlay G Ben Griffin G Harris English G Akshay Bhatia G Michael Thorbjornsen G Zachary Bauchou,,,,,,,,,,,,,,,,,,,
4520,5203257999,ET813,422,12,G Russell Henley G Patrick Cantlay G Akshay Bhatia G Michael Brennan G Jacob Bridgeman G Jackson Suber,,,,,,,,,,,,,,,,,,,
4541,5201222957,walker909,418,11,G Cameron Young G Ben Griffin G J.J. Spaun G Ryo Hisatsune G Jackson Suber G Zac Blair,,,,,,,,,,,,,,,,,,,
4541,5201877128,rompdog,418,11,G Cameron Young G Hideki Matsuyama G Michael Thorbjornsen G Jacob Bridgeman G Corey Conners G Zac Blair,,,,,,,,,,,,,,,,,,,
4541,5202200170,guybirdd,418,11,G Cameron Young G Hideki Matsuyama G Jake Knapp G Michael Brennan G Billy Horschel G Zac Blair,,,,,,,,,,,,,,,,,,,
4541,5202965400,bradleywulf,418,11,G Cameron Young G Patrick Cantlay G Jake Knapp G Jackson Suber G Ben Kohles G Zac Blair,,,,,,,,,,,,,,,,,,,
4541,5203014171,KBACH76,418,11,G Russell Henley G Patrick Cantlay G Hideki Matsuyama G Jordan Spieth G Corey Conners G Zac Blair,,,,,,,,,,,,,,,,,,,
4541,5203037093,Hookman320,418,11,G Cameron Young G Russell Henley G Jake Knapp G Jackson Suber G Sudarshan Yellamaraju G Zac Blair,,,,,,,,,,,,,,,,,,,
4547,5201290457,GingerAttack,420,9.5,G Russell Henley G Patrick Cantlay G Ben Griffin G Denny McCarthy G Corey Conners G Andrew Novak,,,,,,,,,,,,,,,,,,,
4547,5202156175,az350z,420,9.5,G Cameron Young G Patrick Cantlay G J.J. Spaun G Max Greyserman G Jordan L. Smith G Andrew Novak,,,,,,,,,,,,,,,,,,,
4549,5201533640,wiscosown,426,8.5,G Patrick Cantlay G Hideki Matsuyama G Ben Griffin G Ryo Hisatsune G Benjamin James G John Parry,,,,,,,,,,,,,,,,,,,
4549,5201715388,mrapp1544,426,8.5,G Cameron Young G Hideki Matsuyama G Jake Knapp G Rasmus Neergaard-Petersen G Benjamin James G Zachary Bauchou,,,,,,,,,,,,,,,,,,,
4549,5201789257,ProfessorChaos80,426,8.5,G Cameron Young G Jake Knapp G Michael Brennan G Jacob Bridgeman G Jackson Suber G Benjamin James,,,,,,,,,,,,,,,,,,,
4549,5202163059,Crawf404,426,8.5,G Cameron Young G Jake Knapp G J.J. Spaun G Ben Kohles G Benjamin James G Andrew Putnam,,,,,,,,,,,,,,,,,,,
4549,5202553552,donutsinspace,426,8.5,G Cameron Young G Jake Knapp G Harris English G Jackson Suber G Ben Kohles G Benjamin James,,,,,,,,,,,,,,,,,,,
4549,5203075579,joeybats20,426,8.5,G Cameron Young G Jake Knapp G Michael Brennan G Marco Penge G Jordan Spieth G Benjamin James,,,,,,,,,,,,,,,,,,,
4549,5203120191,nlang003,426,8.5,G Patrick Cantlay G Hideki Matsuyama G Jake Knapp G Jacob Bridgeman G Ben Kohles G Benjamin James,,,,,,,,,,,,,,,,,,,
4549,5203223056,GordonGecko,426,8.5,G Patrick Cantlay G Hideki Matsuyama G Jake Knapp G Harris English G Ben Kohles G Benjamin James,,,,,,,,,,,,,,,,,,,
4549,5200605461,pruggerello,423,8.5,G Patrick Cantlay G Hideki Matsuyama G Jake Knapp G Jacob Bridgeman G Davis Thompson G Denny McCarthy,,,,,,,,,,,,,,,,,,,
4549,5200684441,deepfat,423,8.5,G Cameron Young G Ben Griffin G J.J. Spaun G Davis Thompson G Jordan L. Smith G Steven Fisk,,,,,,,,,,,,,,,,,,,
4549,5200847316,eortega0917,423,8.5,G Cameron Young G Ben Griffin G Michael Brennan G Davis Thompson G Jackson Suber G Denny McCarthy,,,,,,,,,,,,,,,,,,,
4549,5200885911,stambizzle,423,8.5,G Cameron Young G Ben Griffin G J.J. Spaun G Davis Thompson G Jordan L. Smith G Sungjae Im,,,,,,,,,,,,,,,,,,,
4549,5200919286,Ragis10,423,8.5,G Cameron Young G Jake Knapp G Davis Thompson G Jackson Suber G Ben Kohles G Kris Ventura,,,,,,,,,,,,,,,,,,,
4549,5200941070,Calvid-19,423,8.5,G Patrick Cantlay G Ben Griffin G Jake Knapp G Nicolai Højgaard G Davis Thompson G Jordan L. Smith,,,,,,,,,,,,,,,,,,,
4549,5200974905,kriznastee,423,8.5,G Cameron Young G Hideki Matsuyama G Michael Thorbjornsen G Marco Penge G Davis Thompson G Kevin Roy,,,,,,,,,,,,,,,,,,,
4549,5200981166,Captinmj,423,8.5,G Cameron Young G Ben Griffin G J.J. Spaun G Davis Thompson G Jordan L. Smith G Sungjae Im,,,,,,,,,,,,,,,,,,,
4549,5201043545,andnov,423,8.5,G Cameron Young G J.J. Spaun G Michael Thorbjornsen G Davis Thompson G Jackson Suber G Ben Kohles,,,,,,,,,,,,,,,,,,,
4549,5201139248,mbotting,423,8.5,G Cameron Young G Hideki Matsuyama G Jake Knapp G Davis Thompson G Ben Kohles G Cameron Davis,,,,,,,,,,,,,,,,,,,
4549,5201204167,Hoily,423,8.5,G Russell Henley G Jake Knapp G J.J. Spaun G Nicolai Højgaard G Davis Thompson G Ben Kohles,,,,,,,,,,,,,,,,,,,
4549,5201252277,slberg01,423,8.5,G Russell Henley G Patrick Cantlay G Hideki Matsuyama G Davis Thompson G Denny McCarthy G Ben Kohles,,,,,,,,,,,,,,,,,,,
4549,5201273384,T_revor,423,8.5,G Cameron Young G Ben Griffin G J.J. Spaun G Davis Thompson G Jordan L. Smith G Sungjae Im,,,,,,,,,,,,,,,,,,,
4549,5201364729,soonerkj,423,8.5,G Cameron Young G Ben Griffin G J.J. Spaun G Davis Thompson G Jordan L. Smith G Sungjae Im,,,,,,,,,,,,,,,,,,,
4549,5201477133,calebm555,423,8.5,G Cameron Young G Jake Knapp G Michael Thorbjornsen G Davis Thompson G Max Greyserman G Ben Kohles,,,,,,,,,,,,,,,,,,,
4549,5201513689,ncbock,423,8.5,G Cameron Young G Ben Griffin G J.J. Spaun G Davis Thompson G Jordan L. Smith G Sungjae Im,,,,,,,,,,,,,,,,,,,
4549,5201617447,DrewGareiss,423,8.5,G Cameron Young G Hideki Matsuyama G Jacob Bridgeman G Davis Thompson G Denny McCarthy G Ben Kohles,,,,,,,,,,,,,,,,,,,
4549,5201641040,Dnucf8,423,8.5,G Cameron Young G Hideki Matsuyama G Nicolai Højgaard G Jacob Bridgeman G Davis Thompson G Andrew Putnam,,,,,,,,,,,,,,,,,,,
4549,5201671199,mikeunc93,423,8.5,G Russell Henley G Hideki Matsuyama G Jake Knapp G Marco Penge G Davis Thompson G Jackson Suber,,,,,,,,,,,,,,,,,,,
4549,5201806903,craigie1961,423,8.5,G Cameron Young G Russell Henley G Nicolai Højgaard G Davis Thompson G Mac Meissner G Sungjae Im,,,,,,,,,,,,,,,,,,,
4549,5201922428,sboynton10,423,8.5,G Cameron Young G Jake Knapp G Michael Thorbjornsen G Davis Thompson G Corey Conners G Ben Kohles,,,,,,,,,,,,,,,,,,,
4549,5202150586,Paulo21613,423,8.5,G Cameron Young G Ben Griffin G Jacob Bridgeman G Davis Thompson G Ryo Hisatsune G Mac Meissner,,,,,,,,,,,,,,,,,,,
4549,5202164338,adamhoyer,423,8.5,G Hideki Matsuyama G Ben Griffin G Jake Knapp G Nicolai Højgaard G Davis Thompson G Lee Hodges,,,,,,,,,,,,,,,,,,,
4549,5202183426,darrent,423,8.5,G Russell Henley G Jake Knapp G J.J. Spaun G Davis Thompson G Ryo Hisatsune G Jackson Suber,,,,,,,,,,,,,,,,,,,
4549,5202270882,RMAR32,423,8.5,G Cameron Young G Jake Knapp G Michael Thorbjornsen G Davis Thompson G Jackson Suber G Max Greyserman,,,,,,,,,,,,,,,,,,,
4549,5202444176,dmoorehead79,423,8.5,G Russell Henley G Jake Knapp G J.J. Spaun G Nicolai Højgaard G Davis Thompson G Ben Kohles,,,,,,,,,,,,,,,,,,,
4549,5202513086,barrysg21,423,8.5,G Hideki Matsuyama G Jake Knapp G J.J. Spaun G Nicolai Højgaard G Davis Thompson G Jackson Suber,,,,,,,,,,,,,,,,,,,
4549,5202525947,Prparent,423,8.5,G Cameron Young G Russell Henley G Davis Thompson G Ryo Hisatsune G Rasmus Neergaard-Petersen G Ben Kohles,,,,,,,,,,,,,,,,,,,
4549,5202526718,klayups2016,423,8.5,G Patrick Cantlay G Ben Griffin G Jake Knapp G J.J. Spaun G Davis Thompson G Kevin Roy,,,,,,,,,,,,,,,,,,,
4549,5202529603,rjrella,423,8.5,G Cameron Young G Jake Knapp G Nicolai Højgaard G Davis Thompson G Rasmus Neergaard-Petersen G Billy Horschel,,,,,,,,,,,,,,,,,,,
4549,5202530733,dlw0601,423,8.5,G Cameron Young G Jake Knapp G Jacob Bridgeman G Davis Thompson G Jackson Suber G Ben Kohles,,,,,,,,,,,,,,,,,,,
4549,5202564795,jorcurtis,423,8.5,G Hideki Matsuyama G Jake Knapp G J.J. Spaun G Nicolai Højgaard G Davis Thompson G Jackson Suber,,,,,,,,,,,,,,,,,,,
4549,5202584645,StLaurentTom,423,8.5,G Cameron Young G Ben Griffin G J.J. Spaun G Davis Thompson G Jordan L. Smith G Sungjae Im,,,,,,,,,,,,,,,,,,,
4549,5202654584,dschryer,423,8.5,G Cameron Young G Ben Griffin G J.J. Spaun G Davis Thompson G Jordan L. Smith G Sungjae Im,,,,,,,,,,,,,,,,,,,
4549,5202684212,pphoye,423,8.5,G Cameron Young G Hideki Matsuyama G Ben Griffin G Davis Thompson G Zachary Bauchou G Kevin Roy,,,,,,,,,,,,,,,,,,,
4549,5202730695,RexGrossman,423,8.5,G Cameron Young G Patrick Cantlay G Michael Brennan G Davis Thompson G Corey Conners G Ben Kohles,,,,,,,,,,,,,,,,,,,
4549,5202749380,milehisooner,423,8.5,G Cameron Young G Ben Griffin G J.J. Spaun G Davis Thompson G Jordan L. Smith G Sungjae Im,,,,,,,,,,,,,,,,,,,
4549,5202845813,motorboat-jones,423,8.5,G Cameron Young G Jake Knapp G Michael Brennan G Davis Thompson G Ryo Hisatsune G Jackson Suber,,,,,,,,,,,,,,,,,,,
4549,5202882286,caudillasu,423,8.5,G Cameron Young G Hideki Matsuyama G Jacob Bridgeman G Davis Thompson G Jackson Suber G Max Greyserman,,,,,,,,,,,,,,,,,,,
4549,5203040757,Slamba,423,8.5,G Cameron Young G Jake Knapp G Michael Thorbjornsen G Davis Thompson G Jackson Suber G Ben Kohles,,,,,,,,,,,,,,,,,,,
4549,5203091516,bigdeal1978,423,8.5,G Patrick Cantlay G Hideki Matsuyama G J.J. Spaun G Michael Brennan G Davis Thompson G Ryo Hisatsune,,,,,,,,,,,,,,,,,,,
4549,5203159077,jmgdirect,423,8.5,G Patrick Cantlay G Ben Griffin G J.J. Spaun G Jacob Bridgeman G Davis Thompson G Ben Kohles,,,,,,,,,,,,,,,,,,,
4549,5203189227,fritzruby1,423,8.5,G Cameron Young G Ben Griffin G J.J. Spaun G Davis Thompson G Jordan L. Smith G Sungjae Im,,,,,,,,,,,,,,,,,,,
4600,5202635944,jmchambers16,422,7.5,G Cameron Young G Jake Knapp G Nicolai Højgaard G Michael Brennan G Aldrich Potgieter G Sudarshan Yellamaraju,,,,,,,,,,,,,,,,,,,
4600,5202738323,okydoke2015,422,7.5,G Russell Henley G Ben Griffin G Nicolai Højgaard G Jordan Spieth G Ryo Hisatsune G Aldrich Potgieter,,,,,,,,,,,,,,,,,,,
4600,5202746612,drz123z,422,7.5,G Cameron Young G Hideki Matsuyama G Nicolai Højgaard G Corey Conners G Matt Wallace G Aldrich Potgieter,,,,,,,,,,,,,,,,,,,
4600,5202808232,PrettiBird,422,7.5,G Cameron Young G Russell Henley G Michael Brennan G Marco Penge G Ben Kohles G Aldrich Potgieter,,,,,,,,,,,,,,,,,,,
4600,5203098318,robinette67,422,7.5,G Cameron Young G Jake Knapp G Michael Thorbjornsen G Jackson Suber G Max Greyserman G Aldrich Potgieter,,,,,,,,,,,,,,,,,,,
4600,5202194653,GOBLUE5473,421,7.5,G Cameron Young G Hideki Matsuyama G Jake Knapp G Jackson Suber G John Parry G William Mouw,,,,,,,,,,,,,,,,,,,
4600,5203046446,TyThomson3,421,7.5,G Cameron Young G Russell Henley G Michael Thorbjornsen G Jacob Bridgeman G Ben Kohles G William Mouw,,,,,,,,,,,,,,,,,,,
4607,5200705550,JFillify,420,6.5,G Cameron Young G Jake Knapp G J.J. Spaun G Marco Penge G Ben Kohles G Chandler Phillips,,,,,,,,,,,,,,,,,,,
4607,5201096157,PetePas,420,6.5,G Cameron Young G Hideki Matsuyama G Ben Griffin G Corey Conners G Ben Kohles G Chandler Phillips,,,,,,,,,,,,,,,,,,,
4607,5201300299,Gary1945,420,6.5,G Cameron Young G Jake Knapp G Harris English G Jacob Bridgeman G Jackson Suber G Chandler Phillips,,,,,,,,,,,,,,,,,,,
4607,5201398116,uncsucks,420,6.5,G Cameron Young G Ben Griffin G J.J. Spaun G Marco Penge G Ben Kohles G Chandler Phillips,,,,,,,,,,,,,,,,,,,
4607,5201409417,Dannyboy15,420,6.5,G Cameron Young G Jake Knapp G Michael Thorbjornsen G Jacob Bridgeman G Ben Kohles G Chandler Phillips,,,,,,,,,,,,,,,,,,,
4607,5201525350,Cubbiesftw23,420,6.5,G Russell Henley G Hideki Matsuyama G Ben Griffin G J.J. Spaun G Ben Kohles G Chandler Phillips,,,,,,,,,,,,,,,,,,,
4607,5201533214,jbgolfs,420,6.5,G Cameron Young G Russell Henley G J.J. Spaun G Corey Conners G Ben Kohles G Chandler Phillips,,,,,,,,,,,,,,,,,,,
4607,5201762509,Buddha101,420,6.5,G Cameron Young G Hideki Matsuyama G Jake Knapp G Jacob Bridgeman G John Parry G Chandler Phillips,,,,,,,,,,,,,,,,,,,
4607,5202545113,IDIZWUDIDIZ,420,6.5,G Russell Henley G Hideki Matsuyama G Ben Griffin G Jake Knapp G Ben Kohles G Chandler Phillips,,,,,,,,,,,,,,,,,,,
4607,5202934553,jbush11nc,420,6.5,G Cameron Young G Hideki Matsuyama G Jake Knapp G Rasmus Neergaard-Petersen G Ben Kohles G Chandler Phillips,,,,,,,,,,,,,,,,,,,
4607,5203028297,mreihel,420,6.5,G Cameron Young G Hideki Matsuyama G Jake Knapp G Rasmus Neergaard-Petersen G Ben Kohles G Chandler Phillips,,,,,,,,,,,,,,,,,,,
4607,5203127903,dmills2254,420,6.5,G Cameron Young G Jake Knapp G Michael Thorbjornsen G Jacob Bridgeman G Corey Conners G Chandler Phillips,,,,,,,,,,,,,,,,,,,
4607,5203144179,ballcouture,420,6.5,G Cameron Young G Hideki Matsuyama G Jake Knapp G Marco Penge G Chandler Phillips G Brad Dalke,,,,,,,,,,,,,,,,,,,
4607,5203214028,Wolfskiii77,420,6.5,G Cameron Young G Hideki Matsuyama G Jake Knapp G Ryo Hisatsune G Ben Kohles G Chandler Phillips,,,,,,,,,,,,,,,,,,,
4607,5203214497,siggyfootball,420,6.5,G Cameron Young G Hideki Matsuyama G Jake Knapp G Jackson Suber G Ben Kohles G Chandler Phillips,,,,,,,,,,,,,,,,,,,
4607,5203245911,Lazz00,420,6.5,G Cameron Young G Hideki Matsuyama G Harris English G Marco Penge G Ben Kohles G Chandler Phillips,,,,,,,,,,,,,,,,,,,
4623,5200876916,bucky11482,426,5.5,G Cameron Young G Jake Knapp G J.J. Spaun G Michael Brennan G Marco Penge G Ryan Ruffels,,,,,,,,,,,,,,,,,,,
4623,5201141668,Lukevall24,426,5.5,G Cameron Young G Hideki Matsuyama G Jake Knapp G Jordan Spieth G Rasmus Neergaard-Petersen G Davis Chatfield,,,,,,,,,,,,,,,,,,,
4623,5202522548,Kpw87,426,5.5,G Cameron Young G Patrick Cantlay G Ben Griffin G Jackson Suber G Rasmus Neergaard-Petersen G Davis Chatfield,,,,,,,,,,,,,,,,,,,
4623,5201282345,dysk,423,5.5,G Cameron Young G Hideki Matsuyama G J.J. Spaun G Jacob Bridgeman G John Parry G Nicolas Echavarria,,,,,,,,,,,,,,,,,,,
4623,5201482617,drknkboot,423,5.5,G Cameron Young G Russell Henley G Jake Knapp G Max Greyserman G Ben Kohles G Nicolas Echavarria,,,,,,,,,,,,,,,,,,,
4628,5202508217,scaviddot,419,4.5,G Cameron Young G Jake Knapp G Michael Thorbjornsen G Michael Brennan G Jacob Bridgeman G Austin Smotherman,,,,,,,,,,,,,,,,,,,
4628,5202537994,JWheel73,419,4.5,G Cameron Young G Patrick Cantlay G J.J. Spaun G Austin Smotherman G Cameron Davis G Luke Clanton,,,,,,,,,,,,,,,,,,,
4630,5202056492,alexyudelson,423,3.5,G Cameron Young G Patrick Cantlay G Jake Knapp G Michael Brennan G Ben Kohles G Aaron Wise,,,,,,,,,,,,,,,,,,,
4631,5201693374,jakepetro4,420,3,G Cameron Young G Hideki Matsuyama G Jake Knapp G Ryo Hisatsune G Billy Horschel G Lucas Glover,,,,,,,,,,,,,,,,,,,
4632,5201261028,rchoop,426,2,G Ben Griffin G Jake Knapp G J.J. Spaun G Nicolai Højgaard G Michael Brennan G Jesper Svensson,,,,,,,,,,,,,,,,,,,
4633,5200570719,rlarson5521,432,0,G Cameron Young G Jake Knapp G Nicolai Højgaard G Michael Thorbjornsen G Max Greyserman G Kevin Roy,,,,,,,,,,,,,,,,,,,
4633,5200588568,freddy2587,432,0,G Patrick Cantlay G Hideki Matsuyama G Ben Griffin G Michael Thorbjornsen G Corey Conners G Mac Meissner,,,,,,,,,,,,,,,,,,,
4633,5200607249,FlavorFlav,432,0,G Cameron Young G Nicolai Højgaard G Michael Thorbjornsen G Jacob Bridgeman G Ryo Hisatsune G Corey Conners,,,,,,,,,,,,,,,,,,,
4633,5200613755,cbrasko90,432,0,G Cameron Young G Patrick Cantlay G J.J. Spaun G Corey Conners G Jordan L. Smith G Sungjae Im,,,,,,,,,,,,,,,,,,,
4633,5200651109,Chetty,432,0,G Russell Henley G Hideki Matsuyama G Jake Knapp G J.J. Spaun G Ben Kohles G Matthew McCarty,,,,,,,,,,,,,,,,,,,
4633,5200679153,SMP1234,432,0,G Cameron Young G Patrick Cantlay G Nicolai Højgaard G Corey Conners G Rasmus Neergaard-Petersen G Sungjae Im,,,,,,,,,,,,,,,,,,,
4633,5200693669,moneill816,432,0,G Russell Henley G Hideki Matsuyama G Ben Griffin G Nicolai Højgaard G Ryo Hisatsune G Matthew McCarty,,,,,,,,,,,,,,,,,,,
4633,5200705225,JRucker504,432,0,G Cameron Young G Jake Knapp G J.J. Spaun G Ryo Hisatsune G Mac Meissner G Sungjae Im,,,,,,,,,,,,,,,,,,,
4633,5200756796,iamodie,432,0,G Cameron Young G Jake Knapp G Michael Brennan G Jacob Bridgeman G Jackson Suber G Ben Kohles,,,,,,,,,,,,,,,,,,,
4633,5200762433,bobbyblack0514,432,0,G Patrick Cantlay G Hideki Matsuyama G Ben Griffin G Nicolai Højgaard G Jacob Bridgeman G Matti Schmid,,,,,,,,,,,,,,,,,,,
4633,5200803289,Roma9763,432,0,G Cameron Young G Russell Henley G Patrick Cantlay G Mac Meissner G Sungjae Im G Zachary Bauchou,,,,,,,,,,,,,,,,,,,
4633,5200914089,rotomaven10,432,0,G Cameron Young G Hideki Matsuyama G Michael Brennan G Jackson Suber G Corey Conners G Rasmus Neergaard-Petersen,,,,,,,,,,,,,,,,,,,
4633,5200933407,scoop88,432,0,G Patrick Cantlay G Hideki Matsuyama G Ben Griffin G Jake Knapp G Jackson Suber G Cameron Davis,,,,,,,,,,,,,,,,,,,
4633,5200970435,1garddo1,432,0,G Russell Henley G Hideki Matsuyama G J.J. Spaun G Nicolai Højgaard G Corey Conners G Ben Kohles,,,,,,,,,,,,,,,,,,,
4633,5200990547,ac0521,432,0,G Cameron Young G Ben Griffin G Jake Knapp G Jacob Bridgeman G Ryo Hisatsune G Joe Highsmith,,,,,,,,,,,,,,,,,,,
4633,5200992579,mkspring6,432,0,G Russell Henley G Patrick Cantlay G Ben Griffin G J.J. Spaun G Jackson Suber G Andrew Putnam,,,,,,,,,,,,,,,,,,,
4633,5201056800,TROCCO19,432,0,G Russell Henley G Patrick Cantlay G Hideki Matsuyama G Jacob Bridgeman G Ryo Hisatsune G Sudarshan Yellamaraju,,,,,,,,,,,,,,,,,,,
4633,5201115883,mahaa507,432,0,G Cameron Young G Ben Griffin G J.J. Spaun G Jackson Suber G Corey Conners G Rico Hoey,,,,,,,,,,,,,,,,,,,
4633,5201145456,Geebir,432,0,G Cameron Young G Patrick Cantlay G J.J. Spaun G Corey Conners G Jordan L. Smith G Sungjae Im,,,,,,,,,,,,,,,,,,,
4633,5201147161,mcoron,432,0,G Cameron Young G Jake Knapp G Michael Brennan G Jacob Bridgeman G Rasmus Neergaard-Petersen G Ben Kohles,,,,,,,,,,,,,,,,,,,
4633,5201233717,impeccablycomingup,432,0,G Cameron Young G Russell Henley G Jake Knapp G Ryo Hisatsune G Sudarshan Yellamaraju G Lee Hodges,,,,,,,,,,,,,,,,,,,
4633,5201249607,Stonesalltheway,432,0,G Cameron Young G Patrick Cantlay G Harris English G Rasmus Neergaard-Petersen G Mac Meissner G Sudarshan Yellamaraju,,,,,,,,,,,,,,,,,,,
4633,5201264784,eracnrobert,432,0,G Russell Henley G Patrick Cantlay G Ben Griffin G Michael Brennan G Jackson Suber G Ben Kohles,,,,,,,,,,,,,,,,,,,
4633,5201342122,dicehawk,432,0,G Russell Henley G Hideki Matsuyama G Ben Griffin G J.J. Spaun G Beau Hossler G Matti Schmid,,,,,,,,,,,,,,,,,,,
4633,5201386104,dan02023,432,0,G Cameron Young G Hideki Matsuyama G Jacob Bridgeman G Ryo Hisatsune G Denny McCarthy G Corey Conners,,,,,,,,,,,,,,,,,,,
4633,5201388920,bertkaub,432,0,G Cameron Young G Hideki Matsuyama G Jacob Bridgeman G Ryo Hisatsune G Denny McCarthy G Corey Conners,,,,,,,,,,,,,,,,,,,
4633,5201432159,TOP50,432,0,G Cameron Young G Russell Henley G Nicolai Højgaard G Michael Thorbjornsen G Rasmus Højgaard G Kris Ventura,,,,,,,,,,,,,,,,,,,
4633,5201439357,thedeckler,432,0,G Cameron Young G Ben Griffin G J.J. Spaun G Corey Conners G Jordan L. Smith G Sungjae Im,,,,,,,,,,,,,,,,,,,
4633,5201505760,HERO32,432,0,G Cameron Young G Russell Henley G Hideki Matsuyama G Denny McCarthy G Corey Conners G Brad Dalke,,,,,,,,,,,,,,,,,,,
4633,5201538324,ahc72,432,0,G Cameron Young G Jake Knapp G Michael Brennan G Jacob Bridgeman G Jackson Suber G Ben Kohles,,,,,,,,,,,,,,,,,,,
4633,5201565527,dweber1212,432,0,G Russell Henley G Hideki Matsuyama G Ben Griffin G Jacob Bridgeman G Jackson Suber G Ben Kohles,,,,,,,,,,,,,,,,,,,
4633,5201584160,burialsession,432,0,G Russell Henley G Hideki Matsuyama G Jake Knapp G Jordan Spieth G Ryo Hisatsune G Denny McCarthy,,,,,,,,,,,,,,,,,,,
4633,5201615860,dec_a_dent,432,0,G Cameron Young G Hideki Matsuyama G Jacob Bridgeman G Denny McCarthy G Corey Conners G Rasmus Neergaard-Petersen,,,,,,,,,,,,,,,,,,,
4633,5201630190,Gliss090,432,0,G Cameron Young G Russell Henley G Patrick Cantlay G Mac Meissner G Sungjae Im G Zachary Bauchou,,,,,,,,,,,,,,,,,,,
4633,5201768116,Steelballs505,432,0,G Hideki Matsuyama G Ben Griffin G Jake Knapp G Michael Thorbjornsen G Jackson Suber G Ben Kohles,,,,,,,,,,,,,,,,,,,
4633,5201778816,adagoodw,432,0,G Russell Henley G Jake Knapp G Nicolai Højgaard G Michael Thorbjornsen G Jacob Bridgeman G Corey Conners,,,,,,,,,,,,,,,,,,,
4633,5201982292,LLARIMER7,432,0,G Hideki Matsuyama G J.J. Spaun G Nicolai Højgaard G Michael Thorbjornsen G Jacob Bridgeman G Ryo Hisatsune,,,,,,,,,,,,,,,,,,,
4633,5202030107,ttjensen90,432,0,G Cameron Young G J.J. Spaun G Nicolai Højgaard G Jacob Bridgeman G Ryo Hisatsune G Sungjae Im,,,,,,,,,,,,,,,,,,,
4633,5202052484,Ponta01,432,0,G Russell Henley G Patrick Cantlay G Jake Knapp G Marco Penge G Corey Conners G Matt Wallace,,,,,,,,,,,,,,,,,,,
4633,5202165783,TonyJett,432,0,G Russell Henley G Jake Knapp G J.J. Spaun G Michael Thorbjornsen G Ryo Hisatsune G Corey Conners,,,,,,,,,,,,,,,,,,,
4633,5202181996,jvartanian94,432,0,G Cameron Young G Patrick Cantlay G J.J. Spaun G Rasmus Neergaard-Petersen G Jordan L. Smith G Sungjae Im,,,,,,,,,,,,,,,,,,,
4633,5202197543,rwt2617,432,0,G Cameron Young G Jake Knapp G Michael Thorbjornsen G Ryo Hisatsune G Jackson Suber G Ben Kohles,,,,,,,,,,,,,,,,,,,
4633,5202272500,remy19,432,0,G Russell Henley G Jake Knapp G J.J. Spaun G Michael Thorbjornsen G Michael Brennan G Billy Horschel,,,,,,,,,,,,,,,,,,,
4633,5202315443,griffalicious24,432,0,G Cameron Young G Patrick Cantlay G J.J. Spaun G Corey Conners G Jordan L. Smith G Sungjae Im,,,,,,,,,,,,,,,,,,,
4633,5202340711,jenner150,432,0,G Cameron Young G Patrick Cantlay G J.J. Spaun G Corey Conners G Jordan L. Smith G Sungjae Im,,,,,,,,,,,,,,,,,,,
4633,5202424391,RPcaller,432,0,G Cameron Young G Patrick Cantlay G J.J. Spaun G Corey Conners G Jordan L. Smith G Sungjae Im,,,,,,,,,,,,,,,,,,,
4633,5202438546,johnmich11,432,0,G Russell Henley G Hideki Matsuyama G Ben Griffin G Jacob Bridgeman G Ryo Hisatsune G Mac Meissner,,,,,,,,,,,,,,,,,,,
4633,5202443011,raf10a,432,0,G Cameron Young G Ben Griffin G Nicolai Højgaard G Jacob Bridgeman G Matt Wallace G Sungjae Im,,,,,,,,,,,,,,,,,,,
4633,5202445662,raiderz81,432,0,G Russell Henley G Hideki Matsuyama G Jake Knapp G Jacob Bridgeman G Ryo Hisatsune G Corey Conners,,,,,,,,,,,,,,,,,,,
4633,5202466366,J--12,432,0,G Cameron Young G Ben Griffin G Jake Knapp G Jacob Bridgeman G Jackson Suber G John VanDerLaan,,,,,,,,,,,,,,,,,,,
4633,5202498178,lawdog10,432,0,G Cameron Young G Jake Knapp G Michael Brennan G Jackson Suber G Rasmus Neergaard-Petersen G Ben Kohles,,,,,,,,,,,,,,,,,,,
4633,5202527439,Wmgarvin09,432,0,G Cameron Young G Ben Griffin G Michael Brennan G Marco Penge G Ryo Hisatsune G Max Greyserman,,,,,,,,,,,,,,,,,,,
4633,5202574118,Cowboys19752000,432,0,G Russell Henley G Patrick Cantlay G J.J. Spaun G Jacob Bridgeman G Ryo Hisatsune G Denny McCarthy,,,,,,,,,,,,,,,,,,,
4633,5202587901,j_akerman,432,0,G Cameron Young G Hideki Matsuyama G Michael Thorbjornsen G Jackson Suber G Rasmus Neergaard-Petersen G Ben Kohles,,,,,,,,,,,,,,,,,,,
4633,5202593604,Lund8166,432,0,G Cameron Young G Russell Henley G Jordan Spieth G Ryo Hisatsune G Denny McCarthy G Corey Conners,,,,,,,,,,,,,,,,,,,
4633,5202617448,brockwilliams3,432,0,G Cameron Young G Russell Henley G Jake Knapp G Ryo Hisatsune G Sungjae Im G Rico Hoey,,,,,,,,,,,,,,,,,,,
4633,5202631116,fadeintobolivian,432,0,G Patrick Cantlay G Hideki Matsuyama G Ben Griffin G Jacob Bridgeman G Ryo Hisatsune G Denny McCarthy,,,,,,,,,,,,,,,,,,,
4633,5202639873,marlinredd,432,0,G Russell Henley G Patrick Cantlay G Hideki Matsuyama G Ryo Hisatsune G Jackson Suber G Ben Kohles,,,,,,,,,,,,,,,,,,,
4633,5202646152,Reboot78,432,0,G Russell Henley G Hideki Matsuyama G Jake Knapp G J.J. Spaun G Mac Meissner G Sungjae Im,,,,,,,,,,,,,,,,,,,
4633,5202651353,jon1303,432,0,G Hideki Matsuyama G Ben Griffin G J.J. Spaun G Nicolai Højgaard G Jackson Suber G Matt Wallace,,,,,,,,,,,,,,,,,,,
4633,5202735373,manglass,432,0,G Cameron Young G Nicolai Højgaard G Michael Thorbjornsen G Jacob Bridgeman G Ryo Hisatsune G Corey Conners,,,,,,,,,,,,,,,,,,,
4633,5202845206,Chalu986,432,0,G Cameron Young G Russell Henley G Hideki Matsuyama G Rasmus Neergaard-Petersen G Ben Kohles G Andrew Putnam,,,,,,,,,,,,,,,,,,,
4633,5202926599,thrown2184,432,0,G Cameron Young G Russell Henley G Patrick Cantlay G Mac Meissner G Sungjae Im G Zachary Bauchou,,,,,,,,,,,,,,,,,,,
4633,5202959970,eforbord,432,0,G Hideki Matsuyama G Ben Griffin G Jake Knapp G Michael Thorbjornsen G Ryo Hisatsune G Jackson Suber,,,,,,,,,,,,,,,,,,,
4633,5202997434,vostrain,432,0,G Cameron Young G Ben Griffin G J.J. Spaun G Corey Conners G Jordan L. Smith G Sungjae Im,,,,,,,,,,,,,,,,,,,
4633,5203002337,Mheiny,432,0,G Cameron Young G Russell Henley G Ryo Hisatsune G Jackson Suber G Corey Conners G Rasmus Neergaard-Petersen,,,,,,,,,,,,,,,,,,,
4633,5203042637,jsiegendorf,432,0,G Cameron Young G Ben Griffin G J.J. Spaun G Corey Conners G Rasmus Neergaard-Petersen G Sungjae Im,,,,,,,,,,,,,,,,,,,
4633,5203047444,Vanz5,432,0,G Patrick Cantlay G Jake Knapp G J.J. Spaun G Nicolai Højgaard G Jacob Bridgeman G Sungjae Im,,,,,,,,,,,,,,,,,,,
4633,5203047456,TIMBO1680,432,0,G Cameron Young G Russell Henley G Jacob Bridgeman G Ryo Hisatsune G Rasmus Neergaard-Petersen G Jordan L. Smith,,,,,,,,,,,,,,,,,,,
4633,5203072435,jerdresch,432,0,G Russell Henley G Ben Griffin G Jake Knapp G Jacob Bridgeman G Marco Penge G Billy Horschel,,,,,,,,,,,,,,,,,,,
4633,5203099247,sabas1995,432,0,G Patrick Cantlay G Ben Griffin G Jake Knapp G Michael Brennan G Jacob Bridgeman G Rasmus Neergaard-Petersen,,,,,,,,,,,,,,,,,,,
4633,5203108006,Superdale93,432,0,G Cameron Young G Russell Henley G Patrick Cantlay G Mac Meissner G Sungjae Im G Zachary Bauchou,,,,,,,,,,,,,,,,,,,
4633,5203111297,CBLRAL,432,0,G Patrick Cantlay G Ben Griffin G Jake Knapp G Jacob Bridgeman G Jordan Spieth G Jackson Suber,,,,,,,,,,,,,,,,,,,
4633,5203126779,Dynamike11,432,0,G Cameron Young G Jake Knapp G J.J. Spaun G Jacob Bridgeman G Jackson Suber G Hayden Springer,,,,,,,,,,,,,,,,,,,
4633,5203156250,DirtyO37,432,0,G Russell Henley G Patrick Cantlay G Hideki Matsuyama G Jacob Bridgeman G Jackson Suber G Ben Kohles,,,,,,,,,,,,,,,,,,,
4633,5203157719,dpospish,432,0,G Cameron Young G Patrick Cantlay G Jacob Bridgeman G Ryo Hisatsune G Jackson Suber G Ben Kohles,,,,,,,,,,,,,,,,,,,
4633,5203165369,tbaum2389,432,0,G Russell Henley G Patrick Cantlay G Jake Knapp G Jacob Bridgeman G Corey Conners G Ben Kohles,,,,,,,,,,,,,,,,,,,
4633,5203170616,Maestro34,432,0,G Cameron Young G Russell Henley G Jacob Bridgeman G Jackson Suber G Denny McCarthy G Ben Kohles,,,,,,,,,,,,,,,,,,,
4633,5203170955,JTP1610,432,0,G Cameron Young G Russell Henley G Jake Knapp G Jacob Bridgeman G Taylor Moore G Brad Dalke,,,,,,,,,,,,,,,,,,,
4633,5203180646,lasvegascc69,432,0,G Patrick Cantlay G Hideki Matsuyama G J.J. Spaun G Michael Brennan G Ryo Hisatsune G Jackson Suber,,,,,,,,,,,,,,,,,,,
4633,5203197367,the-astronut,432,0,G Russell Henley G Hideki Matsuyama G J.J. Spaun G Jacob Bridgeman G Ryo Hisatsune G Corey Conners,,,,,,,,,,,,,,,,,,,
4633,5203217435,Yankeeblue1315,432,0,G Cameron Young G Russell Henley G Ben Griffin G Jordan Spieth G Sudarshan Yellamaraju G Patrick Rodgers,,,,,,,,,,,,,,,,,,,
4633,5203236111,bmonty77,432,0,G Russell Henley G Patrick Cantlay G Hideki Matsuyama G Ryo Hisatsune G Denny McCarthy G Max Greyserman,,,,,,,,,,,,,,,,,,,
4633,5203244560,chizzlee,432,0,G Hideki Matsuyama G Ben Griffin G Jake Knapp G Michael Brennan G Jacob Bridgeman G Corey Conners,,,,,,,,,,,,,,,,,,,
4633,5203247309,Radar5150,432,0,G Cameron Young G Patrick Cantlay G J.J. Spaun G Corey Conners G Jordan L. Smith G Sungjae Im,,,,,,,,,,,,,,,,,,,
4633,5203250635,Milo1051,432,0,G Russell Henley G Hideki Matsuyama G Jake Knapp G Jacob Bridgeman G Ryo Hisatsune G Corey Conners,,,,,,,,,,,,,,,,,,,
4633,5203251591,kylerosso12,432,0,G Cameron Young G Jake Knapp G Nicolai Højgaard G Michael Thorbjornsen G Max Greyserman G Rasmus Højgaard,,,,,,,,,,,,,,,,,,,
4633,5203263786,Killswitch80,432,0,G Russell Henley G Patrick Cantlay G Ben Griffin G Jacob Bridgeman G Ryo Hisatsune G Ben Kohles,,,,,,,,,,,,,,,,,,,
4633,5200587971,rycullen1999,0,0,,,,,,,,,,,,,,,,,,,,
4633,5200588601,cmcammarota,0,0,,,,,,,,,,,,,,,,,,,,
4633,5200700135,dabucs72,0,0,,,,,,,,,,,,,,,,,,,,
4633,5200876258,B.McCochiner,0,0,,,,,,,,,,,,,,,,,,,,
4633,5201123503,CrabApple19,0,0,,,,,,,,,,,,,,,,,,,,
4633,5201550000,HGD1970,0,0,,,,,,,,,,,,,,,,,,,,
4633,5202033297,exspin,0,0,,,,,,,,,,,,,,,,,,,,
4633,5202154082,enieuwen,0,0,,,,,,,,,,,,,,,,,,,,
4633,5202165513,ZRytlewski,0,0,,,,,,,,,,,,,,,,,,,,
4633,5202210305,JakeSum84,0,0,,,,,,,,,,,,,,,,,,,,
4633,5202275585,FatManMagic,0,0,,,,,,,,,,,,,,,,,,,,
4633,5202276008,bstammen,0,0,,,,,,,,,,,,,,,,,,,,
4633,5202312159,gsmit32,0,0,,,,,,,,,,,,,,,,,,,,
4633,5202451643,PAPPERLIONS,0,0,,,,,,,,,,,,,,,,,,,,
4633,5202465163,tonymilanese13,0,0,,,,,,,,,,,,,,,,,,,,
4633,5202604112,patsfan09,0,0,,,,,,,,,,,,,,,,,,,,
4633,5202619482,IKnowIt,0,0,,,,,,,,,,,,,,,,,,,,
4633,5202679726,OussyMoosy,0,0,,,,,,,,,,,,,,,,,,,,
4633,5202680942,zjkeener15,0,0,,,,,,,,,,,,,,,,,,,,
4633,5202721320,Screwbird33,0,0,,,,,,,,,,,,,,,,,,,,
4633,5202884322,AlDon1912,0,0,,,,,,,,,,,,,,,,,,,,
4633,5202893160,supacoopa4,0,0,,,,,,,,,,,,,,,,,,,,
4633,5202932832,Branaman12,0,0,,,,,,,,,,,,,,,,,,,,
4633,5203003273,MTVJake,0,0,,,,,,,,,,,,,,,,,,,,
4633,5203025867,zklaiman,0,0,,,,,,,,,,,,,,,,,,,,
4633,5203047778,mayhem82,0,0,,,,,,,,,,,,,,,,,,,,
4633,5203075779,King061788,0,0,,,,,,,,,,,,,,,,,,,,
4633,5203087386,kingdomin8tor,0,0,,,,,,,,,,,,,,,,,,,,
4633,5203090863,gberinger,0,0,,,,,,,,,,,,,,,,,,,,
4633,5203093018,Eagles1000,0,0,,,,,,,,,,,,,,,,,,,,
4633,5203119089,EaglesFan_10,0,0,,,,,,,,,,,,,,,,,,,,
4633,5203123001,osomoney,0,0,,,,,,,,,,,,,,,,,,,,
4633,5203230992,Outlawtorn,0,0,,,,,,,,,,,,,,,,,,,,
4633,5203231042,Colintheshots96,0,0,,,,,,,,,,,,,,,,,,,,
4633,5203237747,CUBS2344,0,0,,,,,,,,,,,,,,,,,,,,
4633,5203261119,Landon1346,0,0,,,,,,,,,,,,,,,,,,,,