ID,PLAYER 1,PLAYER 2,BET,SPORTSBOOK,PLAYER 1 ODDS,PLAYER 2 ODDS,PLAYER 1 DECIMAL,PLAYER 2 DECIMAL,PLAYER 1 VEGAS ODDS,PLAYER 2 VEGAS ODDS,PLAYER 1 AVERAGE ODDS,PLAYER 2 AVERAGE,PLAYER 1 POINTS TO WIN (925),PLAYER 2 PINTS TO WIN (925),,PLAYER 1 WIN %,PLAYER 2 WIN %,PROJECTED EDGE,PLAYER 1 EDGE,PLAYER 2 EDGE,SPORTSBOOK TAG,EDGE CALC,AVERAGE SPORTSBOOK TAG,EDGE,DIF,NINETOFIVE TAG,CORRELATED BETS,PROJECTED EDGE,SPORTSBOOK EDGE,BET TYPE,NINETOFIVE BET TAG,NINETOFIVE BET
Brendon Todd - WINNER - Mackenzie Hughes,Brendon Todd,Mackenzie Hughes,Brendon Todd - VS - Mackenzie Hughes,BET365,600.00,140.00,7,2.4,0.5950413223,0.404958678,0.5843795624,0.4156204376,28.57833333,40.705,69.28333333,0.4124849651,0.5875150349,0.00%,-1.07%,1.07%,WINNER,-18.26%,WINNER,18.26%,-0.1750300698,WINNER,1,-18.26%,1.07%,TOURNAMENT,LOSER,Brendon Todd - LOSER - Mackenzie Hughes
Ben Martin - LOSER - Kevin Roy,Ben Martin,Kevin Roy,Ben Martin - VS - Kevin Roy,BET365,240.00,-105.00,3.4,1.952380952,0.5795053004,0.420494700,0.5832290363,0.4167709637,32.30333333,41.215,73.51833333,0.439391535,0.560608465,0.00%,0.37%,-0.37%,WINNER,-14.01%,LOSER,14.01%,-0.12121693,WINNER,1,-14.01%,-0.37%,TOURNAMENT,LOSER,Ben Martin - LOSER - Kevin Roy
Ben Silverman - WINNER - Tyler Duncan,Ben Silverman,Tyler Duncan,Ben Silverman - VS - Tyler Duncan,BET365,240.00,190.00,3.4,2.9,0.5186289121,0.481371088,0.5099741783,0.4900258217,33.35,33.35,66.7,0.5,0.5,0.0000%,-0.87%,0.87%,WINNER,-1.86%,WINNER,1.86%,0,WINNER,1,-1.86%,0.87%,TOURNAMENT,LOSER,Ben Silverman - LOSER - Tyler Duncan
Erik Van Rooyen - LOSER - Christiaan Bezuidenhout,Erik Van Rooyen,Christiaan Bezuidenhout,Erik Van Rooyen - VS - Christiaan Bezuidenhout,BET365,225.00,170.00,3.25,2.7,0.5237068966,0.476293103,0.5356271856,0.4643728144,34.14833333,41.08166667,75.23,0.4539190926,0.5460809074,0.00%,1.19%,-1.19%,WINNER,-6.98%,LOSER,6.98%,-0.09216181488,WINNER,1,-6.98%,-1.19%,TOURNAMENT,LOSER,Erik Van Rooyen - LOSER - Christiaan Bezuidenhout
Billy Horschel - LOSER - Chris Kirk,Billy Horschel,Chris Kirk,Billy Horschel - VS - Chris Kirk,BET365,137.00,140.00,2.37,2.4,0.497729337,0.502270663,0.5010523682,0.4989476318,41.305,42.29833333,83.60333333,0.494059248,0.505940752,0.00%,0.33%,-0.33%,LOSER,-0.37%,LOSER,,-0.01188150393,WINNER,0,-0.37%,-0.33%,TOURNAMENT,LOSER,Billy Horschel - LOSER - Chris Kirk
Nick Taylor - WINNER - Max Homa,Nick Taylor,Max Homa,Nick Taylor - VS - Max Homa,BET365,210.00,180.00,3.1,2.8,0.5130890052,0.486910995,0.5061390046,0.4938609954,41.82166667,42.85333333,84.675,0.4939080799,0.5060919201,0.00%,-0.70%,0.70%,WINNER,-1.92%,WINNER,1.92%,-0.01218384017,WINNER,1,-1.92%,0.70%,TOURNAMENT,LOSER,Nick Taylor - LOSER - Max Homa
Tony Finau - LOSER - Eric Cole,Tony Finau,Eric Cole,Tony Finau - VS - Eric Cole,BET365,200.00,125.00,3,2.25,0.5454545455,0.454545455,0.5469464402,0.4530535598,38.155,43.53333333,81.68833333,0.4670801624,0.5329198376,0.00%,0.15%,-0.15%,WINNER,-7.84%,LOSER,7.84%,-0.06583967519,WINNER,1,-7.84%,-0.15%,TOURNAMENT,LOSER,Tony Finau - LOSER - Eric Cole
Lucas Glover - WINNER - Kevin Streelman,Lucas Glover,Kevin Streelman,Lucas Glover - VS - Kevin Streelman,BET365,145.00,137.00,2.45,2.37,0.5058884145,0.494111585,0.4940543883,0.5059456117,36.30166667,33.49,69.79166667,0.5201432836,0.4798567164,0.00%,-1.18%,1.18%,WINNER,1.43%,WINNER,,0.04028656716,LOSER,0,1.43%,1.18%,TOURNAMENT,WINNER,Lucas Glover - WINNER - Kevin Streelman
Ben Kohles - LOSER - Lee Hodges,Ben Kohles,Lee Hodges,Ben Kohles - VS - Lee Hodges,BET365,130.00,162.00,2.3,2.62,0.4775659002,0.522434100,0.4777213385,0.5222786615,42.53166667,39.33666667,81.86833333,0.5195130392,0.4804869608,0.00%,0.02%,-0.02%,LOSER,4.19%,LOSER,4.19%,0.03902607846,LOSER,1,4.19%,-0.02%,TOURNAMENT,WINNER,Ben Kohles - WINNER - Lee Hodges
Emiliano Grillo - LOSER - Takumi Kanaya,Emiliano Grillo,Takumi Kanaya,Emiliano Grillo - VS - Takumi Kanaya,BET365,150.00,260.00,2.5,3.6,0.4537815126,0.546218487,0.4662054783,0.5337945217,40.33166667,35.14,75.47166667,0.534394806,0.465605194,0.00%,1.24%,-1.24%,LOSER,8.06%,LOSER,8.06%,0.068789612,LOSER,1,8.06%,-1.24%,TOURNAMENT,WINNER,Emiliano Grillo - WINNER - Takumi Kanaya
Brice Garnett - WINNER - Adam Svensson,Brice Garnett,Adam Svensson,Brice Garnett - VS - Adam Svensson,BET365,250.00,180.00,3.5,2.8,0.5263157895,0.473684211,0.5148923905,0.4851076095,31.62833333,32.4,64.02833333,0.4939740219,0.5060259781,0.00%,-1.14%,1.14%,WINNER,-3.23%,WINNER,3.23%,-0.01205195617,WINNER,1,-3.23%,1.14%,TOURNAMENT,LOSER,Brice Garnett - LOSER - Adam Svensson
Beau Hossler - WINNER - Justin Lower,Beau Hossler,Justin Lower,Beau Hossler - VS - Justin Lower,BET365,150.00,200.00,2.5,3,0.4736842105,0.526315789,0.4603361345,0.5396638655,43.22333333,35.285,78.50833333,0.5505572657,0.4494427343,0.00%,-1.33%,1.33%,LOSER,7.69%,WINNER,7.69%,0.1011145314,LOSER,1,7.69%,1.33%,TOURNAMENT,WINNER,Beau Hossler - WINNER - Justin Lower
David Lingmerth - WINNER - Marco Penge,David Lingmerth,Marco Penge,David Lingmerth - VS - Marco Penge,BET365,600.00,-152.00,7,1.657894737,0.5869565217,0.413043478,0.5844623201,0.4155376799,25.75333333,44.98333333,70.73666667,0.3640733236,0.6359266764,0.00%,-0.25%,0.25%,WINNER,-22.29%,WINNER,22.29%,-0.2718533528,WINNER,1,-22.29%,0.25%,TOURNAMENT,LOSER,David Lingmerth - LOSER - Marco Penge
Kristoffer Ventura - LOSER - A.J. Ewart,Kristoffer Ventura,A.J. Ewart,Kristoffer Ventura - VS - A.J. Ewart,BET365,-132.00,140.00,1.757575758,2.4,0.493765586,0.506234414,0.4929444967,0.5070555033,34.95666667,34.95666667,69.91333333,0.5,0.5,0.00%,-0.08%,0.08%,LOSER,0.62%,LOSER,,0,WINNER,0,0.62%,0.08%,TOURNAMENT,WINNER,Kristoffer Ventura - WINNER - A.J. Ewart
Davis Chatfield - LOSER - Tyson Shelley,Davis Chatfield,Tyson Shelley,Davis Chatfield - VS - Tyson Shelley,BET365,145.00,333.00,2.45,4.33,0.43488952,0.565110480,0.444131308,0.555868692,35.55833333,35.55833333,71.11666667,0.5,0.5,0.00%,0.92%,-0.92%,LOSER,6.51%,LOSER,,0,WINNER,0,6.51%,-0.92%,TOURNAMENT,WINNER,Davis Chatfield - WINNER - Tyson Shelley
Marcelo Rozo - LOSER - Hayden Springer,Marcelo Rozo,Hayden Springer,Marcelo Rozo - VS - Hayden Springer,BET365,300.00,-111.00,4,1.900900901,0.5877437326,0.412256267,0.5904051173,0.4095948827,28.805,37.68166667,66.48666667,0.4332447609,0.5667552391,0.00%,0.27%,-0.27%,WINNER,-15.45%,LOSER,15.45%,-0.1335104783,WINNER,1,-15.45%,-0.27%,TOURNAMENT,LOSER,Marcelo Rozo - LOSER - Hayden Springer
Christo Lamprecht - LOSER - Chandler Blanchet,Christo Lamprecht,Chandler Blanchet,Christo Lamprecht - VS - Chandler Blanchet,BET365,230.00,-120.00,3.3,1.833333333,0.5609756098,0.439024390,0.5609756098,0.4390243902,29.31,34.205,63.515,0.4614657955,0.5385342045,0.00%,0.00%,0.00%,WINNER,-9.95%,LOSER,9.95%,-0.07706840904,WINNER,1,-9.95%,0.00%,TOURNAMENT,LOSER,Christo Lamprecht - LOSER - Chandler Blanchet
Zecheng Dou - LOSER - Zach J. Johnson,Zecheng Dou,Zach J. Johnson,Zecheng Dou - VS - Zach J. Johnson,BET365,100.00,550.00,2,6.5,0.3714285714,0.628571429,0.3714285714,0.6285714286,39.76333333,28.20833333,67.97166667,0.5849986514,0.4150013486,0.00%,0.00%,0.00%,LOSER,21.36%,LOSER,21.36%,0.1699973028,LOSER,1,21.36%,0.00%,TOURNAMENT,WINNER,Zecheng Dou - WINNER - Zach J. Johnson
Patton Kizzire - LOSER - Dylan Wu,Patton Kizzire,Dylan Wu,Patton Kizzire - VS - Dylan Wu,BET365,280.00,260.00,3.8,3.6,0.50501002,0.494989980,0.5061703003,0.4938296997,30.06333333,31.53,61.59333333,0.4880939496,0.5119060504,0.00%,0.12%,-0.12%,WINNER,-1.69%,LOSER,1.69%,-0.02381210088,WINNER,1,-1.69%,-0.12%,TOURNAMENT,LOSER,Patton Kizzire - LOSER - Dylan Wu
Peter Malnati - LOSER - Doug Ghim,Peter Malnati,Doug Ghim,Peter Malnati - VS - Doug Ghim,BET365,320.00,-164.00,4.2,1.609756098,0.5508607199,0.449139280,0.5503523324,0.4496476676,30.115,45.57333333,75.68833333,0.3978816638,0.6021183362,0.00%,-0.05%,0.05%,WINNER,-15.30%,LOSER,15.30%,-0.2042366723,WINNER,1,-15.30%,0.05%,TOURNAMENT,LOSER,Peter Malnati - LOSER - Doug Ghim
Rafael Campos - LOSER - Patrick Rodgers,Rafael Campos,Patrick Rodgers,Rafael Campos - VS - Patrick Rodgers,BET365,250.00,150.00,3.5,2.5,0.5434782609,0.456521739,0.5429370565,0.4570629435,23.96333333,36.56666667,60.53,0.3958918443,0.6041081557,0.00%,-0.05%,0.05%,WINNER,-14.76%,LOSER,14.76%,-0.2082163115,WINNER,1,-14.76%,0.05%,TOURNAMENT,LOSER,Rafael Campos - LOSER - Patrick Rodgers
Tom Hoge - LOSER - Mac Meissner,Tom Hoge,Mac Meissner,Tom Hoge - VS - Mac Meissner,BET365,225.00,150.00,3.25,2.5,0.5357142857,0.464285714,0.5455852098,0.4544147902,35.16,41.38333333,76.54333333,0.4593476462,0.5406523538,0.00%,0.99%,-0.99%,WINNER,-7.64%,LOSER,7.64%,-0.08130470757,WINNER,1,-7.64%,-0.99%,TOURNAMENT,LOSER,Tom Hoge - LOSER - Mac Meissner
Max Greyserman - LOSER - Rasmus Hojgaard,Max Greyserman,Rasmus Hojgaard,Max Greyserman - VS - Rasmus Hojgaard,BET365,190.00,200.00,2.9,3,0.4956521739,0.504347826,0.4962138811,0.5037861189,40.47666667,41.64166667,82.11833333,0.4929065779,0.5070934221,0.00%,0.06%,-0.06%,LOSER,-0.27%,LOSER,,-0.01418684419,WINNER,0,-0.27%,-0.06%,TOURNAMENT,LOSER,Max Greyserman - LOSER - Rasmus Hojgaard
David Skinns - LOSER - David Lipsky,David Skinns,David Lipsky,David Skinns - VS - David Lipsky,BET365,180.00,170.00,2.8,2.7,0.5051975052,0.494802495,0.5078175338,0.4921824662,31.88333333,31.82,63.70333333,0.5004970959,0.4995029041,0.00%,0.26%,-0.26%,WINNER,-0.47%,LOSER,,0.0009941918267,LOSER,0,-0.47%,-0.26%,TOURNAMENT,LOSER,David Skinns - LOSER - David Lipsky
Michael Brennan - WINNER - Ben James,Michael Brennan,Ben James,Michael Brennan - VS - Ben James,BET365,175.00,175.00,2.75,2.75,0.5,0.500000000,0.4988702188,0.5011297812,44.11,44.11,88.22,0.5,0.5,0.00%,-0.11%,0.11%,LOSER,0.00%,WINNER,,0,WINNER,0,0.00%,0.11%,TOURNAMENT,LOSER,Michael Brennan - LOSER - Ben James
Kevin Yu - WINNER - Aaron Wise,Kevin Yu,Aaron Wise,Kevin Yu - VS - Aaron Wise,BET365,-111.00,320.00,1.900900901,4.2,0.4084457684,0.591554232,0.4010152284,0.5989847716,42.54166667,30.795,73.33666667,0.5800872688,0.4199127312,0.00%,-0.74%,0.74%,LOSER,17.16%,WINNER,17.16%,0.1601745375,LOSER,1,17.16%,0.74%,TOURNAMENT,WINNER,Kevin Yu - WINNER - Aaron Wise
Harry Hall - WINNER - Matt McCarty,Harry Hall,Matt McCarty,Harry Hall - VS - Matt McCarty,BET365,175.00,175.00,2.75,2.75,0.5,0.500000000,0.4915508348,0.5084491652,41.46333333,0,41.46333333,1,0,0.00%,-0.84%,0.84%,LOSER,,WINNER,,1,LOSER,1,50.00%,0.84%,TOURNAMENT,WINNER,Harry Hall - WINNER - Matt McCarty
Stephan Jaeger - LOSER - Davis Riley,Stephan Jaeger,Davis Riley,Stephan Jaeger - VS - Davis Riley,BET365,145.00,300.00,2.45,4,0.4410646388,0.558935361,0.4471474552,0.5528525448,40.02833333,30.30333333,70.33166667,0.5691367094,0.4308632906,0.00%,0.61%,-0.61%,LOSER,12.81%,LOSER,12.81%,0.1382734188,LOSER,1,12.81%,-0.61%,TOURNAMENT,WINNER,Stephan Jaeger - WINNER - Davis Riley
Zac Blair - WINNER - Max McGreevy,Zac Blair,Max McGreevy,Zac Blair - VS - Max McGreevy,BET365,137.00,130.00,2.37,2.3,0.5056161746,0.494383825,0.5038264285,0.4961735715,35.95833333,35.68666667,71.645,0.501895922,0.498104078,0.00%,-0.18%,0.18%,WINNER,-0.37%,WINNER,,0.003791844046,LOSER,0,-0.37%,0.18%,TOURNAMENT,LOSER,Zac Blair - LOSER - Max McGreevy
Steven Fisk - LOSER - Joe Highsmith,Steven Fisk,Joe Highsmith,Steven Fisk - VS - Joe Highsmith,BET365,125.00,300.00,2.25,4,0.4255319149,0.574468085,0.437615079,0.562384921,37.37166667,30.33,67.70166667,0.5520051205,0.4479948795,0.00%,1.21%,-1.21%,LOSER,12.65%,LOSER,12.65%,0.104010241,LOSER,1,12.65%,-1.21%,TOURNAMENT,WINNER,Steven Fisk - WINNER - Joe Highsmith
Joel Dahmen - LOSER - Andrew Putnam,Joel Dahmen,Andrew Putnam,Joel Dahmen - VS - Andrew Putnam,BET365,137.00,225.00,2.37,3.25,0.4550332141,0.544966786,0.4742924629,0.5257075371,34.33166667,34.53833333,68.87,0.4984995886,0.5015004114,0.00%,1.93%,-1.93%,LOSER,4.35%,LOSER,,-0.003000822806,WINNER,0,4.35%,-1.93%,TOURNAMENT,WINNER,Joel Dahmen - WINNER - Andrew Putnam
Seamus Power - LOSER - Matt Wallace,Seamus Power,Matt Wallace,Seamus Power - VS - Matt Wallace,BET365,240.00,140.00,3.4,2.4,0.5475285171,0.452471483,0.548621703,0.451378297,37.32,43.17,80.49,0.463660082,0.536339918,0.00%,0.11%,-0.11%,WINNER,-8.39%,LOSER,8.39%,-0.072679836,WINNER,1,-8.39%,-0.11%,TOURNAMENT,LOSER,Seamus Power - LOSER - Matt Wallace
Kensei Hirata - WINNER - Patrick Fishburn,Kensei Hirata,Patrick Fishburn,Kensei Hirata - VS - Patrick Fishburn,BET365,375.00,130.00,4.75,2.3,0.5827702703,0.417229730,0.5733496333,0.4266503667,25.44,35.695,61.135,0.4161282408,0.5838717592,0.00%,-0.94%,0.94%,WINNER,-16.66%,WINNER,16.66%,-0.1677435184,WINNER,1,-16.66%,0.94%,TOURNAMENT,LOSER,Kensei Hirata - LOSER - Patrick Fishburn
Michael Thompson - LOSER - Haotong Li,Michael Thompson,Haotong Li,Michael Thompson - VS - Haotong Li,BET365,350.00,-132.00,4.5,1.757575758,0.5775248933,0.422475107,0.5783261803,0.4216738197,27.39833333,27.39833333,54.79666667,0.5,0.5,0.00%,0.08%,-0.08%,WINNER,-7.75%,LOSER,7.75%,0,WINNER,1,-7.75%,-0.08%,TOURNAMENT,LOSER,Michael Thompson - LOSER - Haotong Li
Paul Peterson - LOSER - Adrien Dumont De Chassart,Paul Peterson,Adrien Dumont De Chassart,Paul Peterson - VS - Adrien Dumont De Chassart,BET365,120.00,105.00,2.2,2.05,0.5157232704,0.484276730,0.5157232704,0.4842767296,31.175,34.34,65.515,0.4758452263,0.5241547737,0.00%,0.00%,0.00%,WINNER,-3.99%,LOSER,3.99%,-0.04830954743,WINNER,1,-3.99%,0.00%,TOURNAMENT,LOSER,Paul Peterson - LOSER - Adrien Dumont De Chassart
Jimmy Stanger - WINNER - David Ford,Jimmy Stanger,David Ford,Jimmy Stanger - VS - David Ford,BET365,280.00,115.00,3.8,2.15,0.5794032724,0.420596728,0.5703427124,0.4296572876,29.33,36.44333333,65.77333333,0.4459254004,0.5540745996,0.00%,-0.91%,0.91%,WINNER,-13.35%,WINNER,13.35%,-0.1081491993,WINNER,1,-13.35%,0.91%,TOURNAMENT,LOSER,Jimmy Stanger - LOSER - David Ford
John VanDerLaan - LOSER - Pontus Nyholm,John VanDerLaan,Pontus Nyholm,John VanDerLaan - VS - Pontus Nyholm,BET365,105.00,130.00,2.05,2.3,0.4753937008,0.524606299,0.4753937008,0.5246062992,33.92166667,32.805,66.72666667,0.5083674693,0.4916325307,0.00%,0.00%,0.00%,LOSER,3.30%,LOSER,3.30%,0.01673493856,LOSER,1,3.30%,0.00%,TOURNAMENT,WINNER,John VanDerLaan - WINNER - Pontus Nyholm
Alejandro Tosti - LOSER - Jesper Svensson,Alejandro Tosti,Jesper Svensson,Alejandro Tosti - VS - Jesper Svensson,BET365,160.00,100.00,2.6,2,0.5517241379,0.448275862,0.5517241379,0.4482758621,29.63333333,35.69833333,65.33166667,0.4535829996,0.5464170004,0.00%,0.00%,0.00%,WINNER,-9.81%,LOSER,9.81%,-0.09283400087,WINNER,1,-9.81%,0.00%,TOURNAMENT,LOSER,Alejandro Tosti - LOSER - Jesper Svensson
Harry Higgs - LOSER - Hank Lebioda,Harry Higgs,Hank Lebioda,Harry Higgs - VS - Hank Lebioda,BET365,0.00,0.00,,,,,0.4979019023,0.5020980977,31.485,31.485,62.97,0.5,0.5,0.00%,,,WINNER,,LOSER,,0,WINNER,1,,0.00%,TOURNAMENT,WINNER,Harry Higgs - WINNER - Hank Lebioda
  - LOSER -  , , ,  - VS -  ,BET365,0.00,0.00,,,,,,,,,0,0,0,0.00%,,,WINNER,,LOSER,,0,WINNER,1,,0.00%,TOURNAMENT,WINNER,  - WINNER -  
  - LOSER -  , , ,  - VS -  ,BET365,0.00,0.00,,,,,,,,,0,0,0,0.00%,,,WINNER,,LOSER,,0,WINNER,1,,0.00%,TOURNAMENT,WINNER,  - WINNER -  
  - LOSER -  , , ,  - VS -  ,BET365,0.00,0.00,,,,,,,,,0,0,0,0.00%,,,WINNER,,LOSER,,0,WINNER,1,,0.00%,TOURNAMENT,WINNER,  - WINNER -  
  - LOSER -  , , ,  - VS -  ,BET365,0.00,0.00,,,,,,,,,0,0,0,0.00%,,,WINNER,,LOSER,,0,WINNER,1,,0.00%,TOURNAMENT,WINNER,  - WINNER -  
  - LOSER -  , , ,  - VS -  ,BET365,0.00,0.00,,,,,,,,,0,0,0,0.00%,,,WINNER,,LOSER,,0,WINNER,1,,0.00%,TOURNAMENT,WINNER,  - WINNER -  
  - LOSER -  , , ,  - VS -  ,BET365,0.00,0.00,,,,,,,,,0,0,0,0.00%,,,WINNER,,LOSER,,0,WINNER,1,,0.00%,TOURNAMENT,WINNER,  - WINNER -  
  - LOSER -  , , ,  - VS -  ,BET365,0.00,0.00,,,,,,,,,0,0,0,0.00%,,,WINNER,,LOSER,,0,WINNER,1,,0.00%,TOURNAMENT,WINNER,  - WINNER -  
  - LOSER -  , , ,  - VS -  ,BET365,0.00,0.00,,,,,,,,,0,0,0,0.00%,,,WINNER,,LOSER,,0,WINNER,1,,0.00%,TOURNAMENT,WINNER,  - WINNER -  
  - LOSER -  , , ,  - VS -  ,BET365,0.00,0.00,,,,,,,,,0,0,0,0.00%,,,WINNER,,LOSER,,0,WINNER,1,,0.00%,TOURNAMENT,WINNER,  - WINNER -  
  - LOSER -  , , ,  - VS -  ,BET365,0.00,0.00,,,,,,,,,0,0,0,0.00%,,,WINNER,,LOSER,,0,WINNER,1,,0.00%,TOURNAMENT,WINNER,  - WINNER -  
  - LOSER -  , , ,  - VS -  ,BET365,0.00,0.00,,,,,,,,,0,0,0,0.00%,,,WINNER,,LOSER,,0,WINNER,1,,0.00%,TOURNAMENT,WINNER,  - WINNER -  
  - LOSER -  , , ,  - VS -  ,BET365,0.00,0.00,,,,,,,,,0,0,0,0.00%,,,WINNER,,LOSER,,0,WINNER,1,,0.00%,TOURNAMENT,WINNER,  - WINNER -  
  - LOSER -  , , ,  - VS -  ,BET365,0.00,0.00,,,,,,,,,0,0,0,0.00%,,,WINNER,,LOSER,,0,WINNER,1,,0.00%,TOURNAMENT,WINNER,  - WINNER -  
  - LOSER -  , , ,  - VS -  ,BET365,0.00,0.00,,,,,,,,,0,0,0,0.00%,,,WINNER,,LOSER,,0,WINNER,1,,0.00%,TOURNAMENT,WINNER,  - WINNER -  
  - LOSER -  , , ,  - VS -  ,BET365,0.00,0.00,,,,,,,,,0,0,0,0.00%,,,WINNER,,LOSER,,0,WINNER,1,,0.00%,TOURNAMENT,WINNER,  - WINNER -  
  - LOSER -  , , ,  - VS -  ,BET365,0.00,0.00,,,,,,,,,0,0,0,0.00%,,,WINNER,,LOSER,,0,WINNER,1,,0.00%,TOURNAMENT,WINNER,  - WINNER -  
  - LOSER -  , , ,  - VS -  ,BET365,0.00,0.00,,,,,,,,,0,0,0,0.00%,,,WINNER,,LOSER,,0,WINNER,1,,0.00%,TOURNAMENT,WINNER,  - WINNER -  
  - LOSER -  , , ,  - VS -  ,BET365,0.00,0.00,,,,,,,,,0,0,0,0.00%,,,WINNER,,LOSER,,0,WINNER,1,,0.00%,TOURNAMENT,WINNER,  - WINNER -  
  - LOSER -  , , ,  - VS -  ,BET365,0.00,0.00,,,,,,,,,0,0,0,0.00%,,,WINNER,,LOSER,,0,WINNER,1,,0.00%,TOURNAMENT,WINNER,  - WINNER -  
  - LOSER -  , , ,  - VS -  ,BET365,0.00,0.00,,,,,,,,,0,0,0,0.00%,,,WINNER,,LOSER,,0,WINNER,1,,0.00%,TOURNAMENT,WINNER,  - WINNER -  
  - LOSER -  , , ,  - VS -  ,BET365,0.00,0.00,,,,,,,,,0,0,0,0.00%,,,WINNER,,LOSER,,0,WINNER,1,,0.00%,TOURNAMENT,WINNER,  - WINNER -  
  - LOSER -  , , ,  - VS -  ,BET365,0.00,0.00,,,,,,,,,0,0,0,0.00%,,,WINNER,,LOSER,,0,WINNER,1,,0.00%,TOURNAMENT,WINNER,  - WINNER -  
  - LOSER -  , , ,  - VS -  ,BET365,0.00,0.00,,,,,,,,,0,0,0,0.00%,,,WINNER,,LOSER,,0,WINNER,1,,0.00%,TOURNAMENT,WINNER,  - WINNER -  
  - LOSER -  , , ,  - VS -  ,BET365,0.00,0.00,,,,,,,,,0,0,0,0.00%,,,WINNER,,LOSER,,0,WINNER,1,,0.00%,TOURNAMENT,WINNER,  - WINNER -  
  - LOSER -  , , ,  - VS -  ,BET365,0.00,0.00,,,,,,,,,0,0,0,0.00%,,,WINNER,,LOSER,,0,WINNER,1,,0.00%,TOURNAMENT,WINNER,  - WINNER -  
  - LOSER -  , , ,  - VS -  ,BET365,0.00,0.00,,,,,,,,,0,0,0,0.00%,,,WINNER,,LOSER,,0,WINNER,1,,0.00%,TOURNAMENT,WINNER,  - WINNER -  
  - LOSER -  , , ,  - VS -  ,BET365,0.00,0.00,,,,,,,,,0,0,0,0.00%,,,WINNER,,LOSER,,0,WINNER,1,,0.00%,TOURNAMENT,WINNER,  - WINNER -  
  - LOSER -  , , ,  - VS -  ,BET365,0.00,0.00,,,,,,,,,0,0,0,0.00%,,,WINNER,,LOSER,,0,WINNER,1,,0.00%,TOURNAMENT,WINNER,  - WINNER -  
  - LOSER -  , , ,  - VS -  ,BET365,0.00,0.00,,,,,,,,,0,0,0,0.00%,,,WINNER,,LOSER,,0,WINNER,1,,0.00%,TOURNAMENT,WINNER,  - WINNER -  
  - LOSER -  , , ,  - VS -  ,BET365,0.00,0.00,,,,,,,,,0,0,0,0.00%,,,WINNER,,LOSER,,0,WINNER,1,,0.00%,TOURNAMENT,WINNER,  - WINNER -  
  - LOSER -  , , ,  - VS -  ,BET365,0.00,0.00,,,,,,,,,0,0,0,0.00%,,,WINNER,,LOSER,,0,WINNER,1,,0.00%,TOURNAMENT,WINNER,  - WINNER -  
  - LOSER -  , , ,  - VS -  ,BET365,0.00,0.00,,,,,,,,,0,0,0,0.00%,,,WINNER,,LOSER,,0,WINNER,1,,0.00%,TOURNAMENT,WINNER,  - WINNER -  
  - LOSER -  , , ,  - VS -  ,BET365,0.00,0.00,,,,,,,,,0,0,0,0.00%,,,WINNER,,LOSER,,0,WINNER,1,,0.00%,TOURNAMENT,WINNER,  - WINNER -  
  - LOSER -  , , ,  - VS -  ,BET365,0.00,0.00,,,,,,,,,0,0,0,0.00%,,,WINNER,,LOSER,,0,WINNER,1,,0.00%,TOURNAMENT,WINNER,  - WINNER -  
  - LOSER -  , , ,  - VS -  ,BET365,0.00,0.00,,,,,,,,,0,0,0,0.00%,,,WINNER,,LOSER,,0,WINNER,1,,0.00%,TOURNAMENT,WINNER,  - WINNER -  
  - LOSER -  , , ,  - VS -  ,BET365,0.00,0.00,,,,,,,,,0,0,0,0.00%,,,WINNER,,LOSER,,0,WINNER,1,,0.00%,TOURNAMENT,WINNER,  - WINNER -  
  - LOSER -  , , ,  - VS -  ,BET365,0.00,0.00,,,,,,,,,0,0,0,0.00%,,,WINNER,,LOSER,,0,WINNER,1,,0.00%,TOURNAMENT,WINNER,  - WINNER -  
  - LOSER -  , , ,  - VS -  ,BET365,0.00,0.00,,,,,,,,,0,0,0,0.00%,,,WINNER,,LOSER,,0,WINNER,1,,0.00%,TOURNAMENT,WINNER,  - WINNER -  
  - LOSER -  , , ,  - VS -  ,BET365,0.00,0.00,,,,,,,,,0,0,0,0.00%,,,WINNER,,LOSER,,0,WINNER,1,,0.00%,TOURNAMENT,WINNER,  - WINNER -  
  - LOSER -  , , ,  - VS -  ,BET365,0.00,0.00,,,,,,,,,0,0,0,0.00%,,,WINNER,,LOSER,,0,WINNER,1,,0.00%,TOURNAMENT,WINNER,  - WINNER -  
  - LOSER -  , , ,  - VS -  ,BET365,0.00,0.00,,,,,,,,,0,0,0,0.00%,,,WINNER,,LOSER,,0,WINNER,1,,0.00%,TOURNAMENT,WINNER,  - WINNER -  
  - LOSER -  , , ,  - VS -  ,BET365,0.00,0.00,,,,,,,,,0,0,0,0.00%,,,WINNER,,LOSER,,0,WINNER,1,,0.00%,TOURNAMENT,WINNER,  - WINNER -  
  - LOSER -  , , ,  - VS -  ,BET365,0.00,0.00,,,,,,,,,0,0,0,0.00%,,,WINNER,,LOSER,,0,WINNER,1,,0.00%,TOURNAMENT,WINNER,  - WINNER -  
  - LOSER -  , , ,  - VS -  ,BET365,0.00,0.00,,,,,,,,,0,0,0,0.00%,,,WINNER,,LOSER,,0,WINNER,1,,0.00%,TOURNAMENT,WINNER,  - WINNER -  
  - LOSER -  , , ,  - VS -  ,BET365,0.00,0.00,,,,,,,,,0,0,0,0.00%,,,WINNER,,LOSER,,0,WINNER,1,,0.00%,TOURNAMENT,WINNER,  - WINNER -  
  - LOSER -  , , ,  - VS -  ,BET365,0.00,0.00,,,,,,,,,0,0,0,0.00%,,,WINNER,,LOSER,,0,WINNER,1,,0.00%,TOURNAMENT,WINNER,  - WINNER -  
  - LOSER -  , , ,  - VS -  ,BET365,0.00,0.00,,,,,,,,,0,0,0,0.00%,,,WINNER,,LOSER,,0,WINNER,1,,0.00%,TOURNAMENT,WINNER,  - WINNER -  
  - LOSER -  , , ,  - VS -  ,BET365,0.00,0.00,,,,,,,,,0,0,0,0.00%,,,WINNER,,LOSER,,0,WINNER,1,,0.00%,TOURNAMENT,WINNER,  - WINNER -  
  - LOSER -  , , ,  - VS -  ,BET365,0.00,0.00,,,,,,,,,0,0,0,0.00%,,,WINNER,,LOSER,,0,WINNER,1,,0.00%,TOURNAMENT,WINNER,  - WINNER -  
  - LOSER -  , , ,  - VS -  ,BET365,0.00,0.00,,,,,,,,,0,0,0,0.00%,,,WINNER,,LOSER,,0,WINNER,1,,0.00%,TOURNAMENT,WINNER,  - WINNER -  
  - LOSER -  , , ,  - VS -  ,BET365,0.00,0.00,,,,,,,,,0,0,0,0.00%,,,WINNER,,LOSER,,0,WINNER,1,,0.00%,TOURNAMENT,WINNER,  - WINNER -  
  - LOSER -  , , ,  - VS -  ,BET365,0.00,0.00,,,,,,,,,0,0,0,0.00%,,,WINNER,,LOSER,,0,WINNER,1,,0.00%,TOURNAMENT,WINNER,  - WINNER -  
  - LOSER -  , , ,  - VS -  ,BET365,0.00,0.00,,,,,,,,,0,0,0,0.00%,,,WINNER,,LOSER,,0,WINNER,1,,0.00%,TOURNAMENT,WINNER,  - WINNER -  
  - LOSER -  , , ,  - VS -  ,BET365,0.00,0.00,,,,,,,,,0,0,0,0.00%,,,WINNER,,LOSER,,0,WINNER,1,,0.00%,TOURNAMENT,WINNER,  - WINNER -  
  - LOSER -  , , ,  - VS -  ,BET365,0.00,0.00,,,,,,,,,0,0,0,0.00%,,,WINNER,,LOSER,,0,WINNER,1,,0.00%,TOURNAMENT,WINNER,  - WINNER -  
  - LOSER -  , , ,  - VS -  ,BET365,0.00,0.00,,,,,,,,,0,0,0,0.00%,,,WINNER,,LOSER,,0,WINNER,1,,0.00%,TOURNAMENT,WINNER,  - WINNER -  
  - LOSER -  , , ,  - VS -  ,BET365,0.00,0.00,,,,,,,,,0,0,0,0.00%,,,WINNER,,LOSER,,0,WINNER,1,,0.00%,TOURNAMENT,WINNER,  - WINNER -  
  - LOSER -  , , ,  - VS -  ,BET365,0.00,0.00,,,,,,,,,0,0,0,0.00%,,,WINNER,,LOSER,,0,WINNER,1,,0.00%,TOURNAMENT,WINNER,  - WINNER -  
  - LOSER -  , , ,  - VS -  ,BET365,0.00,0.00,,,,,,,,,0,0,0,0.00%,,,WINNER,,LOSER,,0,WINNER,1,,0.00%,TOURNAMENT,WINNER,  - WINNER -  
  - LOSER -  , , ,  - VS -  ,BET365,0.00,0.00,,,,,,,,,0,0,0,0.00%,,,WINNER,,LOSER,,0,WINNER,1,,0.00%,TOURNAMENT,WINNER,  - WINNER -  
  - LOSER -  , , ,  - VS -  ,BET365,0.00,0.00,,,,,,,,,0,0,0,0.00%,,,WINNER,,LOSER,,0,WINNER,1,,0.00%,TOURNAMENT,WINNER,  - WINNER -  
  - LOSER -  , , ,  - VS -  ,BET365,0.00,0.00,,,,,,,,,0,0,0,0.00%,,,WINNER,,LOSER,,0,WINNER,1,,0.00%,TOURNAMENT,WINNER,  - WINNER -  
  - LOSER -  , , ,  - VS -  ,BET365,0.00,0.00,,,,,,,,,0,0,0,0.00%,,,WINNER,,LOSER,,0,WINNER,1,,0.00%,TOURNAMENT,WINNER,  - WINNER -  
  - LOSER -  , , ,  - VS -  ,BET365,0.00,0.00,,,,,,,,,0,0,0,0.00%,,,WINNER,,LOSER,,0,WINNER,1,,0.00%,TOURNAMENT,WINNER,  - WINNER -  
  - LOSER -  , , ,  - VS -  ,BET365,0.00,0.00,,,,,,,,,0,0,0,0.00%,,,WINNER,,LOSER,,0,WINNER,1,,0.00%,TOURNAMENT,WINNER,  - WINNER -  
  - LOSER -  , , ,  - VS -  ,BET365,0.00,0.00,,,,,,,,,0,0,0,0.00%,,,WINNER,,LOSER,,0,WINNER,1,,0.00%,TOURNAMENT,WINNER,  - WINNER -  
  - LOSER -  , , ,  - VS -  ,BET365,0.00,0.00,,,,,,,,,0,0,0,0.00%,,,WINNER,,LOSER,,0,WINNER,1,,0.00%,TOURNAMENT,WINNER,  - WINNER -  
  - LOSER -  , , ,  - VS -  ,BET365,0.00,0.00,,,,,,,,,0,0,0,0.00%,,,WINNER,,LOSER,,0,WINNER,1,,0.00%,TOURNAMENT,WINNER,  - WINNER -  
  - LOSER -  , , ,  - VS -  ,BET365,0.00,0.00,,,,,,,,,0,0,0,0.00%,,,WINNER,,LOSER,,0,WINNER,1,,0.00%,TOURNAMENT,WINNER,  - WINNER -  
  - LOSER -  , , ,  - VS -  ,BET365,0.00,0.00,,,,,,,,,0,0,0,0.00%,,,WINNER,,LOSER,,0,WINNER,1,,0.00%,TOURNAMENT,WINNER,  - WINNER -  
  - LOSER -  , , ,  - VS -  ,BET365,0.00,0.00,,,,,,,,,0,0,0,0.00%,,,WINNER,,LOSER,,0,WINNER,1,,0.00%,TOURNAMENT,WINNER,  - WINNER -  
  - LOSER -  , , ,  - VS -  ,BET365,0.00,0.00,,,,,,,,,0,0,0,0.00%,,,WINNER,,LOSER,,0,WINNER,1,,0.00%,TOURNAMENT,WINNER,  - WINNER -  
  - LOSER -  , , ,  - VS -  ,BET365,0.00,0.00,,,,,,,,,0,0,0,0.00%,,,WINNER,,LOSER,,0,WINNER,1,,0.00%,TOURNAMENT,WINNER,  - WINNER -  
  - LOSER -  , , ,  - VS -  ,BET365,0.00,0.00,,,,,,,,,0,0,0,0.00%,,,WINNER,,LOSER,,0,WINNER,1,,0.00%,TOURNAMENT,WINNER,  - WINNER -  
  - LOSER -  , , ,  - VS -  ,BET365,0.00,0.00,,,,,,,,,0,0,0,0.00%,,,WINNER,,LOSER,,0,WINNER,1,,0.00%,TOURNAMENT,WINNER,  - WINNER -  
  - LOSER -  , , ,  - VS -  ,BET365,0.00,0.00,,,,,,,,,0,0,0,0.00%,,,WINNER,,LOSER,,0,WINNER,1,,0.00%,TOURNAMENT,WINNER,  - WINNER -  
  - LOSER -  , , ,  - VS -  ,BET365,0.00,0.00,,,,,,,,,0,0,0,0.00%,,,WINNER,,LOSER,,0,WINNER,1,,0.00%,TOURNAMENT,WINNER,  - WINNER -  
  - LOSER -  , , ,  - VS -  ,BET365,0.00,0.00,,,,,,,,,0,0,0,0.00%,,,WINNER,,LOSER,,0,WINNER,1,,0.00%,TOURNAMENT,WINNER,  - WINNER -  
  - LOSER -  , , ,  - VS -  ,BET365,0.00,0.00,,,,,,,,,0,0,0,0.00%,,,WINNER,,LOSER,,0,WINNER,1,,0.00%,TOURNAMENT,WINNER,  - WINNER -  
  - LOSER -  , , ,  - VS -  ,BET365,0.00,0.00,,,,,,,,,0,0,0,0.00%,,,WINNER,,LOSER,,0,WINNER,1,,0.00%,TOURNAMENT,WINNER,  - WINNER -  
  - LOSER -  , , ,  - VS -  ,BET365,0.00,0.00,,,,,,,,,0,0,0,0.00%,,,WINNER,,LOSER,,0,WINNER,1,,0.00%,TOURNAMENT,WINNER,  - WINNER -  
  - LOSER -  , , ,  - VS -  ,BET365,0.00,0.00,,,,,,,,,0,0,0,0.00%,,,WINNER,,LOSER,,0,WINNER,1,,0.00%,TOURNAMENT,WINNER,  - WINNER -  
  - LOSER -  , , ,  - VS -  ,BET365,0.00,0.00,,,,,,,,,0,0,0,0.00%,,,WINNER,,LOSER,,0,WINNER,1,,0.00%,TOURNAMENT,WINNER,  - WINNER -  
  - LOSER -  , , ,  - VS -  ,BET365,0.00,0.00,,,,,,,,,0,0,0,0.00%,,,WINNER,,LOSER,,0,WINNER,1,,0.00%,TOURNAMENT,WINNER,  - WINNER -  
  - LOSER -  , , ,  - VS -  ,BET365,0.00,0.00,,,,,,,,,0,0,0,0.00%,,,WINNER,,LOSER,,0,WINNER,1,,0.00%,TOURNAMENT,WINNER,  - WINNER -  
  - LOSER -  , , ,  - VS -  ,BET365,0.00,0.00,,,,,,,,,0,0,0,0.00%,,,WINNER,,LOSER,,0,WINNER,1,,0.00%,TOURNAMENT,WINNER,  - WINNER -  
  - LOSER -  , , ,  - VS -  ,BET365,0.00,0.00,,,,,,,,,0,0,0,0.00%,,,WINNER,,LOSER,,0,WINNER,1,,0.00%,TOURNAMENT,WINNER,  - WINNER -  
  - LOSER -  , , ,  - VS -  ,BET365,0.00,0.00,,,,,,,,,0,0,0,0.00%,,,WINNER,,LOSER,,0,WINNER,1,,0.00%,TOURNAMENT,WINNER,  - WINNER -  
  - LOSER -  , , ,  - VS -  ,BET365,0.00,0.00,,,,,,,,,0,0,0,0.00%,,,WINNER,,LOSER,,0,WINNER,1,,0.00%,TOURNAMENT,WINNER,  - WINNER -  
  - LOSER -  , , ,  - VS -  ,BET365,0.00,0.00,,,,,,,,,0,0,0,0.00%,,,WINNER,,LOSER,,0,WINNER,1,,0.00%,TOURNAMENT,WINNER,  - WINNER -  
  - LOSER -  , , ,  - VS -  ,BET365,0.00,0.00,,,,,,,,,0,0,0,0.00%,,,WINNER,,LOSER,,0,WINNER,1,,0.00%,TOURNAMENT,WINNER,  - WINNER -  
  - LOSER -  , , ,  - VS -  ,BET365,0.00,0.00,,,,,,,,,0,0,0,0.00%,,,WINNER,,LOSER,,0,WINNER,1,,0.00%,TOURNAMENT,WINNER,  - WINNER -  
  - LOSER -  , , ,  - VS -  ,BET365,0.00,0.00,,,,,,,,,0,0,0,0.00%,,,WINNER,,LOSER,,0,WINNER,1,,0.00%,TOURNAMENT,WINNER,  - WINNER -  
  - LOSER -  , , ,  - VS -  ,BET365,0.00,0.00,,,,,,,,,0,0,0,0.00%,,,WINNER,,LOSER,,0,WINNER,1,,0.00%,TOURNAMENT,WINNER,  - WINNER -  
  - LOSER -  , , ,  - VS -  ,BET365,0.00,0.00,,,,,,,,,0,0,0,0.00%,,,WINNER,,LOSER,,0,WINNER,1,,0.00%,TOURNAMENT,WINNER,  - WINNER -  
  - LOSER -  , , ,  - VS -  ,BET365,0.00,0.00,,,,,,,,,0,0,0,0.00%,,,WINNER,,LOSER,,0,WINNER,1,,0.00%,TOURNAMENT,WINNER,  - WINNER -  
  - LOSER -  , , ,  - VS -  ,BET365,0.00,0.00,,,,,,,,,0,0,0,0.00%,,,WINNER,,LOSER,,0,WINNER,1,,0.00%,TOURNAMENT,WINNER,  - WINNER -  
  - LOSER -  , , ,  - VS -  ,BET365,0.00,0.00,,,,,,,,,0,0,0,0.00%,,,WINNER,,LOSER,,0,WINNER,1,,0.00%,TOURNAMENT,WINNER,  - WINNER -  
  - LOSER -  , , ,  - VS -  ,BET365,0.00,0.00,,,,,,,,,0,0,0,0.00%,,,WINNER,,LOSER,,0,WINNER,1,,0.00%,TOURNAMENT,WINNER,  - WINNER -  
  - LOSER -  , , ,  - VS -  ,BET365,0.00,0.00,,,,,,,,,0,0,0,0.00%,,,WINNER,,LOSER,,0,WINNER,1,,0.00%,TOURNAMENT,WINNER,  - WINNER -  
  - LOSER -  , , ,  - VS -  ,BET365,0.00,0.00,,,,,,,,,0,0,0,0.00%,,,WINNER,,LOSER,,0,WINNER,1,,0.00%,TOURNAMENT,WINNER,  - WINNER -  
  - LOSER -  , , ,  - VS -  ,BET365,0.00,0.00,,,,,,,,,0,0,0,0.00%,,,WINNER,,LOSER,,0,WINNER,1,,0.00%,TOURNAMENT,WINNER,  - WINNER -  
  - LOSER -  , , ,  - VS -  ,BET365,0.00,0.00,,,,,,,,,0,0,0,0.00%,,,WINNER,,LOSER,,0,WINNER,1,,0.00%,TOURNAMENT,WINNER,  - WINNER -  
  - LOSER -  , , ,  - VS -  ,BET365,0.00,0.00,,,,,,,,,0,0,0,0.00%,,,WINNER,,LOSER,,0,WINNER,1,,0.00%,TOURNAMENT,WINNER,  - WINNER -  
  - LOSER -  , , ,  - VS -  ,BET365,0.00,0.00,,,,,,,,,0,0,0,0.00%,,,WINNER,,LOSER,,0,WINNER,1,,0.00%,TOURNAMENT,WINNER,  - WINNER -  
  - LOSER -  , , ,  - VS -  ,BET365,0.00,0.00,,,,,,,,,0,0,0,0.00%,,,WINNER,,LOSER,,0,WINNER,1,,0.00%,TOURNAMENT,WINNER,  - WINNER -  
  - LOSER -  , , ,  - VS -  ,BET365,0.00,0.00,,,,,,,,,0,0,0,0.00%,,,WINNER,,LOSER,,0,WINNER,1,,0.00%,TOURNAMENT,WINNER,  - WINNER -  
  - LOSER -  , , ,  - VS -  ,BET365,0.00,0.00,,,,,,,,,0,0,0,0.00%,,,WINNER,,LOSER,,0,WINNER,1,,0.00%,TOURNAMENT,WINNER,  - WINNER -  
  - LOSER -  , , ,  - VS -  ,BET365,0.00,0.00,,,,,,,,,0,0,0,0.00%,,,WINNER,,LOSER,,0,WINNER,1,,0.00%,TOURNAMENT,WINNER,  - WINNER -  
Brendon Todd - WINNER - Mackenzie Hughes,Brendon Todd,Mackenzie Hughes,Brendon Todd - VS - Mackenzie Hughes,DRAFTKINGS,510.00,130.00,6.10,2.30,0.5966429298,0.403357070,0.5843795624,0.4156204376,28.57833333,40.705,69.28333333,0.4124849651,0.5875150349,0.00%,-1.23%,1.23%,WINNER,-18.42%,WINNER,18.42%,-0.1750300698,WINNER,1,-18.42%,1.23%,TOURNAMENT,LOSER,Brendon Todd - LOSER - Mackenzie Hughes
Ben Martin - LOSER - Kevin Roy,Ben Martin,Kevin Roy,Ben Martin - VS - Kevin Roy,DRAFTKINGS,220.00,116.00,3.20,2.16,0.561436673,0.438563327,0.5832290363,0.4167709637,32.30333333,41.215,73.51833333,0.439391535,0.560608465,0.00%,2.18%,-2.18%,WINNER,-12.20%,LOSER,12.20%,-0.12121693,WINNER,1,-12.20%,-2.18%,TOURNAMENT,LOSER,Ben Martin - LOSER - Kevin Roy
Ben Silverman - LOSER - Tyler Duncan,Ben Silverman,Tyler Duncan,Ben Silverman - VS - Tyler Duncan,DRAFTKINGS,194.00,192.00,2.94,2.92,0.5008842046,0.499115795,0.5099741783,0.4900258217,33.35,33.35,66.7,0.5,0.5,0.00%,0.91%,-0.91%,WINNER,-0.09%,LOSER,0.09%,0,WINNER,1,-0.09%,-0.91%,TOURNAMENT,LOSER,Ben Silverman - LOSER - Tyler Duncan
Erik Van Rooyen - WINNER - Christiaan Bezuidenhout,Erik Van Rooyen,Christiaan Bezuidenhout,Erik Van Rooyen - VS - Christiaan Bezuidenhout,DRAFTKINGS,240.00,154.00,3.40,2.54,0.5379456407,0.462054359,0.5356271856,0.4643728144,34.14833333,41.08166667,75.23,0.4539190926,0.5460809074,0.00%,-0.23%,0.23%,WINNER,-8.40%,WINNER,8.40%,-0.09216181488,WINNER,1,-8.40%,0.23%,TOURNAMENT,LOSER,Erik Van Rooyen - LOSER - Christiaan Bezuidenhout
Billy Horschel - WINNER - Chris Kirk,Billy Horschel,Chris Kirk,Billy Horschel - VS - Chris Kirk,DRAFTKINGS,152.00,132.00,2.52,2.32,0.5145925753,0.485407425,0.5010523682,0.4989476318,41.305,42.29833333,83.60333333,0.494059248,0.505940752,0.00%,-1.35%,1.35%,WINNER,-2.05%,WINNER,2.05%,-0.01188150393,WINNER,1,-2.05%,1.35%,TOURNAMENT,LOSER,Billy Horschel - LOSER - Chris Kirk
Nick Taylor - WINNER - Max Homa,Nick Taylor,Max Homa,Nick Taylor - VS - Max Homa,DRAFTKINGS,210.00,190.00,3.10,2.90,0.5083472454,0.491652755,0.5061390046,0.4938609954,41.82166667,42.85333333,84.675,0.4939080799,0.5060919201,0.00%,-0.22%,0.22%,WINNER,-1.44%,WINNER,1.44%,-0.01218384017,WINNER,1,-1.44%,0.22%,TOURNAMENT,LOSER,Nick Taylor - LOSER - Max Homa
Tony Finau - LOSER - Eric Cole,Tony Finau,Eric Cole,Tony Finau - VS - Eric Cole,DRAFTKINGS,205.00,142.00,3.05,2.42,0.5339001291,0.466099871,0.5469464402,0.4530535598,38.155,43.53333333,81.68833333,0.4670801624,0.5329198376,0.00%,1.30%,-1.30%,WINNER,-6.68%,LOSER,6.68%,-0.06583967519,WINNER,1,-6.68%,-1.30%,TOURNAMENT,LOSER,Tony Finau - LOSER - Eric Cole
Lucas Glover - LOSER - Kevin Streelman,Lucas Glover,Kevin Streelman,Lucas Glover - VS - Kevin Streelman,DRAFTKINGS,154.00,164.00,2.54,2.64,0.4939255516,0.506074448,0.4940543883,0.5059456117,36.30166667,33.49,69.79166667,0.5201432836,0.4798567164,0.00%,0.01%,-0.01%,LOSER,2.62%,LOSER,2.62%,0.04028656716,LOSER,1,2.62%,-0.01%,TOURNAMENT,WINNER,Lucas Glover - WINNER - Kevin Streelman
Ben Kohles - WINNER - Lee Hodges,Ben Kohles,Lee Hodges,Ben Kohles - VS - Lee Hodges,DRAFTKINGS,134.00,162.00,2.34,2.62,0.4808261203,0.519173880,0.4777213385,0.5222786615,42.53166667,39.33666667,81.86833333,0.5195130392,0.4804869608,0.00%,-0.31%,0.31%,LOSER,3.87%,WINNER,3.87%,0.03902607846,LOSER,1,3.87%,0.31%,TOURNAMENT,WINNER,Ben Kohles - WINNER - Lee Hodges
Emiliano Grillo - WINNER - Takumi Kanaya,Emiliano Grillo,Takumi Kanaya,Emiliano Grillo - VS - Takumi Kanaya,DRAFTKINGS,168.00,230.00,2.68,3.30,0.4735223779,0.526477622,0.4662054783,0.5337945217,40.33166667,35.14,75.47166667,0.534394806,0.465605194,0.00%,-0.73%,0.73%,LOSER,6.09%,WINNER,6.09%,0.068789612,LOSER,1,6.09%,0.73%,TOURNAMENT,WINNER,Emiliano Grillo - WINNER - Takumi Kanaya
Brice Garnett - LOSER - Adam Svensson,Brice Garnett,Adam Svensson,Brice Garnett - VS - Adam Svensson,DRAFTKINGS,205.00,215.00,3.05,3.15,0.4961582789,0.503841721,0.5148923905,0.4851076095,31.62833333,32.4,64.02833333,0.4939740219,0.5060259781,0.00%,1.87%,-1.87%,LOSER,-0.22%,LOSER,,-0.01205195617,WINNER,0,-0.22%,-1.87%,TOURNAMENT,LOSER,Brice Garnett - LOSER - Adam Svensson
Beau Hossler - LOSER - Justin Lower,Beau Hossler,Justin Lower,Beau Hossler - VS - Justin Lower,DRAFTKINGS,125.00,240.00,2.25,3.40,0.4404145078,0.559585492,0.4603361345,0.5396638655,43.22333333,35.285,78.50833333,0.5505572657,0.4494427343,0.00%,1.99%,-1.99%,LOSER,11.01%,LOSER,11.01%,0.1011145314,LOSER,1,11.01%,-1.99%,TOURNAMENT,WINNER,Beau Hossler - WINNER - Justin Lower
David Lingmerth - LOSER - Marco Penge,David Lingmerth,Marco Penge,David Lingmerth - VS - Marco Penge,DRAFTKINGS,0.00,0.00,,,,,0.5844623201,0.4155376799,25.75333333,44.98333333,70.73666667,0.3640733236,0.6359266764,0.00%,,,WINNER,,LOSER,,-0.2718533528,WINNER,1,,0.00%,TOURNAMENT,WINNER,David Lingmerth - WINNER - Marco Penge
Kristoffer Ventura - LOSER - A.J. Ewart,Kristoffer Ventura,A.J. Ewart,Kristoffer Ventura - VS - A.J. Ewart,DRAFTKINGS,0.00,0.00,,,,,0.4929444967,0.5070555033,34.95666667,34.95666667,69.91333333,0.5,0.5,0.00%,,,WINNER,,LOSER,,0,WINNER,1,,0.00%,TOURNAMENT,WINNER,Kristoffer Ventura - WINNER - A.J. Ewart
Davis Chatfield - LOSER - Tyson Shelley,Davis Chatfield,Tyson Shelley,Davis Chatfield - VS - Tyson Shelley,DRAFTKINGS,0.00,0.00,,,,,0.444131308,0.555868692,35.55833333,35.55833333,71.11666667,0.5,0.5,0.00%,,,WINNER,,LOSER,,0,WINNER,1,,0.00%,TOURNAMENT,WINNER,Davis Chatfield - WINNER - Tyson Shelley
Marcelo Rozo - LOSER - Hayden Springer,Marcelo Rozo,Hayden Springer,Marcelo Rozo - VS - Hayden Springer,DRAFTKINGS,0.00,0.00,,,,,0.5904051173,0.4095948827,28.805,37.68166667,66.48666667,0.4332447609,0.5667552391,0.00%,,,WINNER,,LOSER,,-0.1335104783,WINNER,1,,0.00%,TOURNAMENT,WINNER,Marcelo Rozo - WINNER - Hayden Springer
Christo Lamprecht - LOSER - Chandler Blanchet,Christo Lamprecht,Chandler Blanchet,Christo Lamprecht - VS - Chandler Blanchet,DRAFTKINGS,0.00,0.00,,,,,0.5609756098,0.4390243902,29.31,34.205,63.515,0.4614657955,0.5385342045,0.00%,,,WINNER,,LOSER,,-0.07706840904,WINNER,1,,0.00%,TOURNAMENT,WINNER,Christo Lamprecht - WINNER - Chandler Blanchet
Zecheng Dou - LOSER - Zach J. Johnson,Zecheng Dou,Zach J. Johnson,Zecheng Dou - VS - Zach J. Johnson,DRAFTKINGS,0.00,0.00,,,,,0.3714285714,0.6285714286,39.76333333,28.20833333,67.97166667,0.5849986514,0.4150013486,0.00%,,,WINNER,,LOSER,,0.1699973028,LOSER,0,,0.00%,TOURNAMENT,WINNER,Zecheng Dou - WINNER - Zach J. Johnson
Patton Kizzire - WINNER - Dylan Wu,Patton Kizzire,Dylan Wu,Patton Kizzire - VS - Dylan Wu,DRAFTKINGS,265.00,230.00,3.65,3.30,0.510210035,0.489789965,0.5061703003,0.4938296997,30.06333333,31.53,61.59333333,0.4880939496,0.5119060504,0.00%,-0.40%,0.40%,WINNER,-2.21%,WINNER,2.21%,-0.02381210088,WINNER,1,-2.21%,0.40%,TOURNAMENT,LOSER,Patton Kizzire - LOSER - Dylan Wu
Peter Malnati - WINNER - Doug Ghim,Peter Malnati,Doug Ghim,Peter Malnati - VS - Doug Ghim,DRAFTKINGS,280.00,-122.00,3.80,1.82,0.572797641,0.427202359,0.5503523324,0.4496476676,30.115,45.57333333,75.68833333,0.3978816638,0.6021183362,0.00%,-2.24%,2.24%,WINNER,-17.49%,WINNER,17.49%,-0.2042366723,WINNER,1,-17.49%,2.24%,TOURNAMENT,LOSER,Peter Malnati - LOSER - Doug Ghim
Rafael Campos - LOSER - Patrick Rodgers,Rafael Campos,Patrick Rodgers,Rafael Campos - VS - Patrick Rodgers,DRAFTKINGS,265.00,162.00,3.65,2.62,0.5400591164,0.459940884,0.5429370565,0.4570629435,23.96333333,36.56666667,60.53,0.3958918443,0.6041081557,0.00%,0.29%,-0.29%,WINNER,-14.42%,LOSER,14.42%,-0.2082163115,WINNER,1,-14.42%,-0.29%,TOURNAMENT,LOSER,Rafael Campos - LOSER - Patrick Rodgers
Tom Hoge - LOSER - Mac Meissner,Tom Hoge,Mac Meissner,Tom Hoge - VS - Mac Meissner,DRAFTKINGS,220.00,138.00,3.20,2.38,0.5424782429,0.457521757,0.5455852098,0.4544147902,35.16,41.38333333,76.54333333,0.4593476462,0.5406523538,0.00%,0.31%,-0.31%,WINNER,-8.31%,LOSER,8.31%,-0.08130470757,WINNER,1,-8.31%,-0.31%,TOURNAMENT,LOSER,Tom Hoge - LOSER - Mac Meissner
Max Greyserman - WINNER - Rasmus Hojgaard,Max Greyserman,Rasmus Hojgaard,Max Greyserman - VS - Rasmus Hojgaard,DRAFTKINGS,190.00,186.00,2.90,2.86,0.5018470632,0.498152937,0.4962138811,0.5037861189,40.47666667,41.64166667,82.11833333,0.4929065779,0.5070934221,0.00%,-0.56%,0.56%,WINNER,-0.89%,WINNER,0.89%,-0.01418684419,WINNER,1,-0.89%,0.56%,TOURNAMENT,LOSER,Max Greyserman - LOSER - Rasmus Hojgaard
David Skinns - LOSER - David Lipsky,David Skinns,David Lipsky,David Skinns - VS - David Lipsky,DRAFTKINGS,184.00,180.00,2.84,2.80,0.5019485581,0.498051442,0.5078175338,0.4921824662,31.88333333,31.82,63.70333333,0.5004970959,0.4995029041,0.00%,0.59%,-0.59%,WINNER,-0.15%,LOSER,,0.0009941918267,LOSER,0,-0.15%,-0.59%,TOURNAMENT,LOSER,David Skinns - LOSER - David Lipsky
Michael Brennan - LOSER - Ben James,Michael Brennan,Ben James,Michael Brennan - VS - Ben James,DRAFTKINGS,186.00,192.00,2.86,2.92,0.4972533509,0.502746649,0.4988702188,0.5011297812,44.11,44.11,88.22,0.5,0.5,0.00%,0.16%,-0.16%,LOSER,0.27%,LOSER,,0,WINNER,0,0.27%,-0.16%,TOURNAMENT,WINNER,Michael Brennan - WINNER - Ben James
Kevin Yu - WINNER - Aaron Wise,Kevin Yu,Aaron Wise,Kevin Yu - VS - Aaron Wise,DRAFTKINGS,110.00,260.00,2.10,3.60,0.4203821656,0.579617834,0.4010152284,0.5989847716,42.54166667,30.795,73.33666667,0.5800872688,0.4199127312,0.00%,-1.94%,1.94%,LOSER,15.97%,WINNER,15.97%,0.1601745375,LOSER,1,15.97%,1.94%,TOURNAMENT,WINNER,Kevin Yu - WINNER - Aaron Wise
Harry Hall - WINNER - Matt McCarty,Harry Hall,Matt McCarty,Harry Hall - VS - Matt McCarty,DRAFTKINGS,170.00,184.00,2.70,2.84,0.4928542262,0.507145774,0.4915508348,0.5084491652,41.46333333,0,41.46333333,1,0,0.00%,-0.13%,0.13%,LOSER,,WINNER,,1,LOSER,1,50.71%,0.13%,TOURNAMENT,WINNER,Harry Hall - WINNER - Matt McCarty
Stephan Jaeger - WINNER - Davis Riley,Stephan Jaeger,Davis Riley,Stephan Jaeger - VS - Davis Riley,DRAFTKINGS,152.00,280.00,2.52,3.80,0.4501246883,0.549875312,0.4471474552,0.5528525448,40.02833333,30.30333333,70.33166667,0.5691367094,0.4308632906,0.00%,-0.30%,0.30%,LOSER,11.90%,WINNER,11.90%,0.1382734188,LOSER,1,11.90%,0.30%,TOURNAMENT,WINNER,Stephan Jaeger - WINNER - Davis Riley
Zac Blair - LOSER - Max McGreevy,Zac Blair,Max McGreevy,Zac Blair - VS - Max McGreevy,DRAFTKINGS,156.00,152.00,2.56,2.52,0.5025567601,0.497443240,0.5038264285,0.4961735715,35.95833333,35.68666667,71.645,0.501895922,0.498104078,0.00%,0.13%,-0.13%,WINNER,-0.07%,LOSER,,0.003791844046,LOSER,0,-0.07%,-0.13%,TOURNAMENT,LOSER,Zac Blair - LOSER - Max McGreevy
Steven Fisk - WINNER - Joe Highsmith,Steven Fisk,Joe Highsmith,Steven Fisk - VS - Joe Highsmith,DRAFTKINGS,144.00,250.00,2.44,3.50,0.4524236984,0.547576302,0.437615079,0.562384921,37.37166667,30.33,67.70166667,0.5520051205,0.4479948795,0.00%,-1.48%,1.48%,LOSER,9.96%,WINNER,9.96%,0.104010241,LOSER,1,9.96%,1.48%,TOURNAMENT,WINNER,Steven Fisk - WINNER - Joe Highsmith
Joel Dahmen - WINNER - Andrew Putnam,Joel Dahmen,Andrew Putnam,Joel Dahmen - VS - Andrew Putnam,DRAFTKINGS,174.00,205.00,2.74,3.05,0.4858110582,0.514188942,0.4742924629,0.5257075371,34.33166667,34.53833333,68.87,0.4984995886,0.5015004114,0.00%,-1.15%,1.15%,LOSER,1.27%,WINNER,,-0.003000822806,WINNER,0,1.27%,1.15%,TOURNAMENT,WINNER,Joel Dahmen - WINNER - Andrew Putnam
Seamus Power - LOSER - Matt Wallace,Seamus Power,Matt Wallace,Seamus Power - VS - Matt Wallace,DRAFTKINGS,225.00,136.00,3.25,2.36,0.5457348407,0.454265159,0.548621703,0.451378297,37.32,43.17,80.49,0.463660082,0.536339918,0.00%,0.29%,-0.29%,WINNER,-8.21%,LOSER,8.21%,-0.072679836,WINNER,1,-8.21%,-0.29%,TOURNAMENT,LOSER,Seamus Power - LOSER - Matt Wallace
Kensei Hirata - LOSER - Patrick Fishburn,Kensei Hirata,Patrick Fishburn,Kensei Hirata - VS - Patrick Fishburn,DRAFTKINGS,315.00,138.00,4.15,2.38,0.566923775,0.433076225,0.5733496333,0.4266503667,25.44,35.695,61.135,0.4161282408,0.5838717592,0.00%,0.64%,-0.64%,WINNER,-15.08%,LOSER,15.08%,-0.1677435184,WINNER,1,-15.08%,-0.64%,TOURNAMENT,LOSER,Kensei Hirata - LOSER - Patrick Fishburn
Michael Thompson - LOSER - Haotong Li,Michael Thompson,Haotong Li,Michael Thompson - VS - Haotong Li,DRAFTKINGS,0.00,0.00,,,,,0.5783261803,0.4216738197,27.39833333,27.39833333,54.79666667,0.5,0.5,0.00%,,,WINNER,,LOSER,,0,WINNER,1,,0.00%,TOURNAMENT,WINNER,Michael Thompson - WINNER - Haotong Li
Paul Peterson - LOSER - Adrien Dumont De Chassart,Paul Peterson,Adrien Dumont De Chassart,Paul Peterson - VS - Adrien Dumont De Chassart,DRAFTKINGS,0.00,0.00,,,,,0.5157232704,0.4842767296,31.175,34.34,65.515,0.4758452263,0.5241547737,0.00%,,,WINNER,,LOSER,,-0.04830954743,WINNER,1,,0.00%,TOURNAMENT,WINNER,Paul Peterson - WINNER - Adrien Dumont De Chassart
Jimmy Stanger - LOSER - David Ford,Jimmy Stanger,David Ford,Jimmy Stanger - VS - David Ford,DRAFTKINGS,220.00,128.00,3.20,2.28,0.5504828797,0.449517120,0.5703427124,0.4296572876,29.33,36.44333333,65.77333333,0.4459254004,0.5540745996,0.00%,1.99%,-1.99%,WINNER,-10.46%,LOSER,10.46%,-0.1081491993,WINNER,1,-10.46%,-1.99%,TOURNAMENT,LOSER,Jimmy Stanger - LOSER - David Ford
John VanDerLaan - LOSER - Pontus Nyholm,John VanDerLaan,Pontus Nyholm,John VanDerLaan - VS - Pontus Nyholm,DRAFTKINGS,0.00,0.00,,,,,0.4753937008,0.5246062992,33.92166667,32.805,66.72666667,0.5083674693,0.4916325307,0.00%,,,WINNER,,LOSER,,0.01673493856,LOSER,0,,0.00%,TOURNAMENT,WINNER,John VanDerLaan - WINNER - Pontus Nyholm
Alejandro Tosti - LOSER - Jesper Svensson,Alejandro Tosti,Jesper Svensson,Alejandro Tosti - VS - Jesper Svensson,DRAFTKINGS,0.00,0.00,,,,,0.5517241379,0.4482758621,29.63333333,35.69833333,65.33166667,0.4535829996,0.5464170004,0.00%,,,WINNER,,LOSER,,-0.09283400087,WINNER,1,,0.00%,TOURNAMENT,WINNER,Alejandro Tosti - WINNER - Jesper Svensson
Harry Higgs - WINNER - Hank Lebioda,Harry Higgs,Hank Lebioda,Harry Higgs - VS - Hank Lebioda,DRAFTKINGS,205.00,200.00,3.05,3.00,0.5020408163,0.497959184,0.4979019023,0.5020980977,31.485,31.485,62.97,0.5,0.5,0.00%,-0.41%,0.41%,WINNER,-0.20%,WINNER,0.20%,0,WINNER,1,-0.20%,0.41%,TOURNAMENT,LOSER,Harry Higgs - LOSER - Hank Lebioda
  - LOSER -  , , ,  - VS -  ,DRAFTKINGS,0.00,0.00,,,,,,,,,0,0,0,0.00%,,,WINNER,,LOSER,,0,WINNER,1,,0.00%,TOURNAMENT,WINNER,  - WINNER -  
  - LOSER -  , , ,  - VS -  ,DRAFTKINGS,0.00,0.00,,,,,,,,,0,0,0,0.00%,,,WINNER,,LOSER,,0,WINNER,1,,0.00%,TOURNAMENT,WINNER,  - WINNER -  
  - LOSER -  , , ,  - VS -  ,DRAFTKINGS,0.00,0.00,,,,,,,,,0,0,0,0.00%,,,WINNER,,LOSER,,0,WINNER,1,,0.00%,TOURNAMENT,WINNER,  - WINNER -  
  - LOSER -  , , ,  - VS -  ,DRAFTKINGS,0.00,0.00,,,,,,,,,0,0,0,0.00%,,,WINNER,,LOSER,,0,WINNER,1,,0.00%,TOURNAMENT,WINNER,  - WINNER -  
  - LOSER -  , , ,  - VS -  ,DRAFTKINGS,0.00,0.00,,,,,,,,,0,0,0,0.00%,,,WINNER,,LOSER,,0,WINNER,1,,0.00%,TOURNAMENT,WINNER,  - WINNER -  
  - LOSER -  , , ,  - VS -  ,DRAFTKINGS,0.00,0.00,,,,,,,,,0,0,0,0.00%,,,WINNER,,LOSER,,0,WINNER,1,,0.00%,TOURNAMENT,WINNER,  - WINNER -  
  - LOSER -  , , ,  - VS -  ,DRAFTKINGS,0.00,0.00,,,,,,,,,0,0,0,0.00%,,,WINNER,,LOSER,,0,WINNER,1,,0.00%,TOURNAMENT,WINNER,  - WINNER -  
  - LOSER -  , , ,  - VS -  ,DRAFTKINGS,0.00,0.00,,,,,,,,,0,0,0,0.00%,,,WINNER,,LOSER,,0,WINNER,1,,0.00%,TOURNAMENT,WINNER,  - WINNER -  
  - LOSER -  , , ,  - VS -  ,DRAFTKINGS,0.00,0.00,,,,,,,,,0,0,0,0.00%,,,WINNER,,LOSER,,0,WINNER,1,,0.00%,TOURNAMENT,WINNER,  - WINNER -  
  - LOSER -  , , ,  - VS -  ,DRAFTKINGS,0.00,0.00,,,,,,,,,0,0,0,0.00%,,,WINNER,,LOSER,,0,WINNER,1,,0.00%,TOURNAMENT,WINNER,  - WINNER -  
  - LOSER -  , , ,  - VS -  ,DRAFTKINGS,0.00,0.00,,,,,,,,,0,0,0,0.00%,,,WINNER,,LOSER,,0,WINNER,1,,0.00%,TOURNAMENT,WINNER,  - WINNER -  
  - LOSER -  , , ,  - VS -  ,DRAFTKINGS,0.00,0.00,,,,,,,,,0,0,0,0.00%,,,WINNER,,LOSER,,0,WINNER,1,,0.00%,TOURNAMENT,WINNER,  - WINNER -  
  - LOSER -  , , ,  - VS -  ,DRAFTKINGS,0.00,0.00,,,,,,,,,0,0,0,0.00%,,,WINNER,,LOSER,,0,WINNER,1,,0.00%,TOURNAMENT,WINNER,  - WINNER -  
  - LOSER -  , , ,  - VS -  ,DRAFTKINGS,0.00,0.00,,,,,,,,,0,0,0,0.00%,,,WINNER,,LOSER,,0,WINNER,1,,0.00%,TOURNAMENT,WINNER,  - WINNER -  
  - LOSER -  , , ,  - VS -  ,DRAFTKINGS,0.00,0.00,,,,,,,,,0,0,0,0.00%,,,WINNER,,LOSER,,0,WINNER,1,,0.00%,TOURNAMENT,WINNER,  - WINNER -  
  - LOSER -  , , ,  - VS -  ,DRAFTKINGS,0.00,0.00,,,,,,,,,0,0,0,0.00%,,,WINNER,,LOSER,,0,WINNER,1,,0.00%,TOURNAMENT,WINNER,  - WINNER -  
  - LOSER -  , , ,  - VS -  ,DRAFTKINGS,0.00,0.00,,,,,,,,,0,0,0,0.00%,,,WINNER,,LOSER,,0,WINNER,1,,0.00%,TOURNAMENT,WINNER,  - WINNER -  
  - LOSER -  , , ,  - VS -  ,DRAFTKINGS,0.00,0.00,,,,,,,,,0,0,0,0.00%,,,WINNER,,LOSER,,0,WINNER,1,,0.00%,TOURNAMENT,WINNER,  - WINNER -  
  - LOSER -  , , ,  - VS -  ,DRAFTKINGS,0.00,0.00,,,,,,,,,0,0,0,0.00%,,,WINNER,,LOSER,,0,WINNER,1,,0.00%,TOURNAMENT,WINNER,  - WINNER -  
  - LOSER -  , , ,  - VS -  ,DRAFTKINGS,0.00,0.00,,,,,,,,,0,0,0,0.00%,,,WINNER,,LOSER,,0,WINNER,1,,0.00%,TOURNAMENT,WINNER,  - WINNER -  
  - LOSER -  , , ,  - VS -  ,DRAFTKINGS,0.00,0.00,,,,,,,,,0,0,0,0.00%,,,WINNER,,LOSER,,0,WINNER,1,,0.00%,TOURNAMENT,WINNER,  - WINNER -  
  - LOSER -  , , ,  - VS -  ,DRAFTKINGS,0.00,0.00,,,,,,,,,0,0,0,0.00%,,,WINNER,,LOSER,,0,WINNER,1,,0.00%,TOURNAMENT,WINNER,  - WINNER -  
  - LOSER -  , , ,  - VS -  ,DRAFTKINGS,0.00,0.00,,,,,,,,,0,0,0,0.00%,,,WINNER,,LOSER,,0,WINNER,1,,0.00%,TOURNAMENT,WINNER,  - WINNER -  
  - LOSER -  , , ,  - VS -  ,DRAFTKINGS,0.00,0.00,,,,,,,,,0,0,0,0.00%,,,WINNER,,LOSER,,0,WINNER,1,,0.00%,TOURNAMENT,WINNER,  - WINNER -  
  - LOSER -  , , ,  - VS -  ,DRAFTKINGS,0.00,0.00,,,,,,,,,0,0,0,0.00%,,,WINNER,,LOSER,,0,WINNER,1,,0.00%,TOURNAMENT,WINNER,  - WINNER -  
  - LOSER -  , , ,  - VS -  ,DRAFTKINGS,0.00,0.00,,,,,,,,,0,0,0,0.00%,,,WINNER,,LOSER,,0,WINNER,1,,0.00%,TOURNAMENT,WINNER,  - WINNER -  
  - LOSER -  , , ,  - VS -  ,DRAFTKINGS,0.00,0.00,,,,,,,,,0,0,0,0.00%,,,WINNER,,LOSER,,0,WINNER,1,,0.00%,TOURNAMENT,WINNER,  - WINNER -  
  - LOSER -  , , ,  - VS -  ,DRAFTKINGS,0.00,0.00,,,,,,,,,0,0,0,0.00%,,,WINNER,,LOSER,,0,WINNER,1,,0.00%,TOURNAMENT,WINNER,  - WINNER -  
  - LOSER -  , , ,  - VS -  ,DRAFTKINGS,0.00,0.00,,,,,,,,,0,0,0,0.00%,,,WINNER,,LOSER,,0,WINNER,1,,0.00%,TOURNAMENT,WINNER,  - WINNER -  
  - LOSER -  , , ,  - VS -  ,DRAFTKINGS,0.00,0.00,,,,,,,,,0,0,0,0.00%,,,WINNER,,LOSER,,0,WINNER,1,,0.00%,TOURNAMENT,WINNER,  - WINNER -  
  - LOSER -  , , ,  - VS -  ,DRAFTKINGS,0.00,0.00,,,,,,,,,0,0,0,0.00%,,,WINNER,,LOSER,,0,WINNER,1,,0.00%,TOURNAMENT,WINNER,  - WINNER -  
  - LOSER -  , , ,  - VS -  ,DRAFTKINGS,0.00,0.00,,,,,,,,,0,0,0,0.00%,,,WINNER,,LOSER,,0,WINNER,1,,0.00%,TOURNAMENT,WINNER,  - WINNER -  
  - LOSER -  , , ,  - VS -  ,DRAFTKINGS,0.00,0.00,,,,,,,,,0,0,0,0.00%,,,WINNER,,LOSER,,0,WINNER,1,,0.00%,TOURNAMENT,WINNER,  - WINNER -  
  - LOSER -  , , ,  - VS -  ,DRAFTKINGS,0.00,0.00,,,,,,,,,0,0,0,0.00%,,,WINNER,,LOSER,,0,WINNER,1,,0.00%,TOURNAMENT,WINNER,  - WINNER -  
  - LOSER -  , , ,  - VS -  ,DRAFTKINGS,0.00,0.00,,,,,,,,,0,0,0,0.00%,,,WINNER,,LOSER,,0,WINNER,1,,0.00%,TOURNAMENT,WINNER,  - WINNER -  
  - LOSER -  , , ,  - VS -  ,DRAFTKINGS,0.00,0.00,,,,,,,,,0,0,0,0.00%,,,WINNER,,LOSER,,0,WINNER,1,,0.00%,TOURNAMENT,WINNER,  - WINNER -  
  - LOSER -  , , ,  - VS -  ,DRAFTKINGS,0.00,0.00,,,,,,,,,0,0,0,0.00%,,,WINNER,,LOSER,,0,WINNER,1,,0.00%,TOURNAMENT,WINNER,  - WINNER -  
  - LOSER -  , , ,  - VS -  ,DRAFTKINGS,0.00,0.00,,,,,,,,,0,0,0,0.00%,,,WINNER,,LOSER,,0,WINNER,1,,0.00%,TOURNAMENT,WINNER,  - WINNER -  
  - LOSER -  , , ,  - VS -  ,DRAFTKINGS,0.00,0.00,,,,,,,,,0,0,0,0.00%,,,WINNER,,LOSER,,0,WINNER,1,,0.00%,TOURNAMENT,WINNER,  - WINNER -  
  - LOSER -  , , ,  - VS -  ,DRAFTKINGS,0.00,0.00,,,,,,,,,0,0,0,0.00%,,,WINNER,,LOSER,,0,WINNER,1,,0.00%,TOURNAMENT,WINNER,  - WINNER -  
  - LOSER -  , , ,  - VS -  ,DRAFTKINGS,0.00,0.00,,,,,,,,,0,0,0,0.00%,,,WINNER,,LOSER,,0,WINNER,1,,0.00%,TOURNAMENT,WINNER,  - WINNER -  
  - LOSER -  , , ,  - VS -  ,DRAFTKINGS,0.00,0.00,,,,,,,,,0,0,0,0.00%,,,WINNER,,LOSER,,0,WINNER,1,,0.00%,TOURNAMENT,WINNER,  - WINNER -  
  - LOSER -  , , ,  - VS -  ,DRAFTKINGS,0.00,0.00,,,,,,,,,0,0,0,0.00%,,,WINNER,,LOSER,,0,WINNER,1,,0.00%,TOURNAMENT,WINNER,  - WINNER -  
  - LOSER -  , , ,  - VS -  ,DRAFTKINGS,0.00,0.00,,,,,,,,,0,0,0,0.00%,,,WINNER,,LOSER,,0,WINNER,1,,0.00%,TOURNAMENT,WINNER,  - WINNER -  
  - LOSER -  , , ,  - VS -  ,DRAFTKINGS,0.00,0.00,,,,,,,,,0,0,0,0.00%,,,WINNER,,LOSER,,0,WINNER,1,,0.00%,TOURNAMENT,WINNER,  - WINNER -  
  - LOSER -  , , ,  - VS -  ,DRAFTKINGS,0.00,0.00,,,,,,,,,0,0,0,0.00%,,,WINNER,,LOSER,,0,WINNER,1,,0.00%,TOURNAMENT,WINNER,  - WINNER -  
  - LOSER -  , , ,  - VS -  ,DRAFTKINGS,0.00,0.00,,,,,,,,,0,0,0,0.00%,,,WINNER,,LOSER,,0,WINNER,1,,0.00%,TOURNAMENT,WINNER,  - WINNER -  
  - LOSER -  , , ,  - VS -  ,DRAFTKINGS,0.00,0.00,,,,,,,,,0,0,0,0.00%,,,WINNER,,LOSER,,0,WINNER,1,,0.00%,TOURNAMENT,WINNER,  - WINNER -  
  - LOSER -  , , ,  - VS -  ,DRAFTKINGS,0.00,0.00,,,,,,,,,0,0,0,0.00%,,,WINNER,,LOSER,,0,WINNER,1,,0.00%,TOURNAMENT,WINNER,  - WINNER -  
  - LOSER -  , , ,  - VS -  ,DRAFTKINGS,0.00,0.00,,,,,,,,,0,0,0,0.00%,,,WINNER,,LOSER,,0,WINNER,1,,0.00%,TOURNAMENT,WINNER,  - WINNER -  
  - LOSER -  , , ,  - VS -  ,DRAFTKINGS,0.00,0.00,,,,,,,,,0,0,0,0.00%,,,WINNER,,LOSER,,0,WINNER,1,,0.00%,TOURNAMENT,WINNER,  - WINNER -  
  - LOSER -  , , ,  - VS -  ,DRAFTKINGS,0.00,0.00,,,,,,,,,0,0,0,0.00%,,,WINNER,,LOSER,,0,WINNER,1,,0.00%,TOURNAMENT,WINNER,  - WINNER -  
  - LOSER -  , , ,  - VS -  ,DRAFTKINGS,0.00,0.00,,,,,,,,,0,0,0,0.00%,,,WINNER,,LOSER,,0,WINNER,1,,0.00%,TOURNAMENT,WINNER,  - WINNER -  
  - LOSER -  , , ,  - VS -  ,DRAFTKINGS,0.00,0.00,,,,,,,,,0,0,0,0.00%,,,WINNER,,LOSER,,0,WINNER,1,,0.00%,TOURNAMENT,WINNER,  - WINNER -  
  - LOSER -  , , ,  - VS -  ,DRAFTKINGS,0.00,0.00,,,,,,,,,0,0,0,0.00%,,,WINNER,,LOSER,,0,WINNER,1,,0.00%,TOURNAMENT,WINNER,  - WINNER -  
  - LOSER -  , , ,  - VS -  ,DRAFTKINGS,0.00,0.00,,,,,,,,,0,0,0,0.00%,,,WINNER,,LOSER,,0,WINNER,1,,0.00%,TOURNAMENT,WINNER,  - WINNER -  
  - LOSER -  , , ,  - VS -  ,DRAFTKINGS,0.00,0.00,,,,,,,,,0,0,0,0.00%,,,WINNER,,LOSER,,0,WINNER,1,,0.00%,TOURNAMENT,WINNER,  - WINNER -  
  - LOSER -  , , ,  - VS -  ,DRAFTKINGS,0.00,0.00,,,,,,,,,0,0,0,0.00%,,,WINNER,,LOSER,,0,WINNER,1,,0.00%,TOURNAMENT,WINNER,  - WINNER -  
  - LOSER -  , , ,  - VS -  ,DRAFTKINGS,0.00,0.00,,,,,,,,,0,0,0,0.00%,,,WINNER,,LOSER,,0,WINNER,1,,0.00%,TOURNAMENT,WINNER,  - WINNER -  
  - LOSER -  , , ,  - VS -  ,DRAFTKINGS,0.00,0.00,,,,,,,,,0,0,0,0.00%,,,WINNER,,LOSER,,0,WINNER,1,,0.00%,TOURNAMENT,WINNER,  - WINNER -  
  - LOSER -  , , ,  - VS -  ,DRAFTKINGS,0.00,0.00,,,,,,,,,0,0,0,0.00%,,,WINNER,,LOSER,,0,WINNER,1,,0.00%,TOURNAMENT,WINNER,  - WINNER -  
  - LOSER -  , , ,  - VS -  ,DRAFTKINGS,0.00,0.00,,,,,,,,,0,0,0,0.00%,,,WINNER,,LOSER,,0,WINNER,1,,0.00%,TOURNAMENT,WINNER,  - WINNER -  
  - LOSER -  , , ,  - VS -  ,DRAFTKINGS,0.00,0.00,,,,,,,,,0,0,0,0.00%,,,WINNER,,LOSER,,0,WINNER,1,,0.00%,TOURNAMENT,WINNER,  - WINNER -  
  - LOSER -  , , ,  - VS -  ,DRAFTKINGS,0.00,0.00,,,,,,,,,0,0,0,0.00%,,,WINNER,,LOSER,,0,WINNER,1,,0.00%,TOURNAMENT,WINNER,  - WINNER -  
  - LOSER -  , , ,  - VS -  ,DRAFTKINGS,0.00,0.00,,,,,,,,,0,0,0,0.00%,,,WINNER,,LOSER,,0,WINNER,1,,0.00%,TOURNAMENT,WINNER,  - WINNER -  
  - LOSER -  , , ,  - VS -  ,DRAFTKINGS,0.00,0.00,,,,,,,,,0,0,0,0.00%,,,WINNER,,LOSER,,0,WINNER,1,,0.00%,TOURNAMENT,WINNER,  - WINNER -  
  - LOSER -  , , ,  - VS -  ,DRAFTKINGS,0.00,0.00,,,,,,,,,0,0,0,0.00%,,,WINNER,,LOSER,,0,WINNER,1,,0.00%,TOURNAMENT,WINNER,  - WINNER -  
  - LOSER -  , , ,  - VS -  ,DRAFTKINGS,0.00,0.00,,,,,,,,,0,0,0,0.00%,,,WINNER,,LOSER,,0,WINNER,1,,0.00%,TOURNAMENT,WINNER,  - WINNER -  
  - LOSER -  , , ,  - VS -  ,DRAFTKINGS,0.00,0.00,,,,,,,,,0,0,0,0.00%,,,WINNER,,LOSER,,0,WINNER,1,,0.00%,TOURNAMENT,WINNER,  - WINNER -  
  - LOSER -  , , ,  - VS -  ,DRAFTKINGS,0.00,0.00,,,,,,,,,0,0,0,0.00%,,,WINNER,,LOSER,,0,WINNER,1,,0.00%,TOURNAMENT,WINNER,  - WINNER -  
  - LOSER -  , , ,  - VS -  ,DRAFTKINGS,0.00,0.00,,,,,,,,,0,0,0,0.00%,,,WINNER,,LOSER,,0,WINNER,1,,0.00%,TOURNAMENT,WINNER,  - WINNER -  
  - LOSER -  , , ,  - VS -  ,DRAFTKINGS,0.00,0.00,,,,,,,,,0,0,0,0.00%,,,WINNER,,LOSER,,0,WINNER,1,,0.00%,TOURNAMENT,WINNER,  - WINNER -  
  - LOSER -  , , ,  - VS -  ,DRAFTKINGS,0.00,0.00,,,,,,,,,0,0,0,0.00%,,,WINNER,,LOSER,,0,WINNER,1,,0.00%,TOURNAMENT,WINNER,  - WINNER -  
  - LOSER -  , , ,  - VS -  ,DRAFTKINGS,0.00,0.00,,,,,,,,,0,0,0,0.00%,,,WINNER,,LOSER,,0,WINNER,1,,0.00%,TOURNAMENT,WINNER,  - WINNER -  
  - LOSER -  , , ,  - VS -  ,DRAFTKINGS,0.00,0.00,,,,,,,,,0,0,0,0.00%,,,WINNER,,LOSER,,0,WINNER,1,,0.00%,TOURNAMENT,WINNER,  - WINNER -  
  - LOSER -  , , ,  - VS -  ,DRAFTKINGS,0.00,0.00,,,,,,,,,0,0,0,0.00%,,,WINNER,,LOSER,,0,WINNER,1,,0.00%,TOURNAMENT,WINNER,  - WINNER -  
  - LOSER -  , , ,  - VS -  ,DRAFTKINGS,0.00,0.00,,,,,,,,,0,0,0,0.00%,,,WINNER,,LOSER,,0,WINNER,1,,0.00%,TOURNAMENT,WINNER,  - WINNER -  
  - LOSER -  , , ,  - VS -  ,DRAFTKINGS,0.00,0.00,,,,,,,,,0,0,0,0.00%,,,WINNER,,LOSER,,0,WINNER,1,,0.00%,TOURNAMENT,WINNER,  - WINNER -  
  - LOSER -  , , ,  - VS -  ,DRAFTKINGS,0.00,0.00,,,,,,,,,0,0,0,0.00%,,,WINNER,,LOSER,,0,WINNER,1,,0.00%,TOURNAMENT,WINNER,  - WINNER -  
  - LOSER -  , , ,  - VS -  ,DRAFTKINGS,0.00,0.00,,,,,,,,,0,0,0,0.00%,,,WINNER,,LOSER,,0,WINNER,1,,0.00%,TOURNAMENT,WINNER,  - WINNER -  
  - LOSER -  , , ,  - VS -  ,DRAFTKINGS,0.00,0.00,,,,,,,,,0,0,0,0.00%,,,WINNER,,LOSER,,0,WINNER,1,,0.00%,TOURNAMENT,WINNER,  - WINNER -  
  - LOSER -  , , ,  - VS -  ,DRAFTKINGS,0.00,0.00,,,,,,,,,0,0,0,0.00%,,,WINNER,,LOSER,,0,WINNER,1,,0.00%,TOURNAMENT,WINNER,  - WINNER -  
  - LOSER -  , , ,  - VS -  ,DRAFTKINGS,0.00,0.00,,,,,,,,,0,0,0,0.00%,,,WINNER,,LOSER,,0,WINNER,1,,0.00%,TOURNAMENT,WINNER,  - WINNER -  
  - LOSER -  , , ,  - VS -  ,DRAFTKINGS,0.00,0.00,,,,,,,,,0,0,0,0.00%,,,WINNER,,LOSER,,0,WINNER,1,,0.00%,TOURNAMENT,WINNER,  - WINNER -  
  - LOSER -  , , ,  - VS -  ,DRAFTKINGS,0.00,0.00,,,,,,,,,0,0,0,0.00%,,,WINNER,,LOSER,,0,WINNER,1,,0.00%,TOURNAMENT,WINNER,  - WINNER -  
  - LOSER -  , , ,  - VS -  ,DRAFTKINGS,0.00,0.00,,,,,,,,,0,0,0,0.00%,,,WINNER,,LOSER,,0,WINNER,1,,0.00%,TOURNAMENT,WINNER,  - WINNER -  
  - LOSER -  , , ,  - VS -  ,DRAFTKINGS,0.00,0.00,,,,,,,,,0,0,0,0.00%,,,WINNER,,LOSER,,0,WINNER,1,,0.00%,TOURNAMENT,WINNER,  - WINNER -  
  - LOSER -  , , ,  - VS -  ,DRAFTKINGS,0.00,0.00,,,,,,,,,0,0,0,0.00%,,,WINNER,,LOSER,,0,WINNER,1,,0.00%,TOURNAMENT,WINNER,  - WINNER -  
  - LOSER -  , , ,  - VS -  ,DRAFTKINGS,0.00,0.00,,,,,,,,,0,0,0,0.00%,,,WINNER,,LOSER,,0,WINNER,1,,0.00%,TOURNAMENT,WINNER,  - WINNER -  
  - LOSER -  , , ,  - VS -  ,DRAFTKINGS,0.00,0.00,,,,,,,,,0,0,0,0.00%,,,WINNER,,LOSER,,0,WINNER,1,,0.00%,TOURNAMENT,WINNER,  - WINNER -  
  - LOSER -  , , ,  - VS -  ,DRAFTKINGS,0.00,0.00,,,,,,,,,0,0,0,0.00%,,,WINNER,,LOSER,,0,WINNER,1,,0.00%,TOURNAMENT,WINNER,  - WINNER -  
  - LOSER -  , , ,  - VS -  ,DRAFTKINGS,0.00,0.00,,,,,,,,,0,0,0,0.00%,,,WINNER,,LOSER,,0,WINNER,1,,0.00%,TOURNAMENT,WINNER,  - WINNER -  
  - LOSER -  , , ,  - VS -  ,DRAFTKINGS,0.00,0.00,,,,,,,,,0,0,0,0.00%,,,WINNER,,LOSER,,0,WINNER,1,,0.00%,TOURNAMENT,WINNER,  - WINNER -  
  - LOSER -  , , ,  - VS -  ,DRAFTKINGS,0.00,0.00,,,,,,,,,0,0,0,0.00%,,,WINNER,,LOSER,,0,WINNER,1,,0.00%,TOURNAMENT,WINNER,  - WINNER -  
  - LOSER -  , , ,  - VS -  ,DRAFTKINGS,0.00,0.00,,,,,,,,,0,0,0,0.00%,,,WINNER,,LOSER,,0,WINNER,1,,0.00%,TOURNAMENT,WINNER,  - WINNER -  
  - LOSER -  , , ,  - VS -  ,DRAFTKINGS,0.00,0.00,,,,,,,,,0,0,0,0.00%,,,WINNER,,LOSER,,0,WINNER,1,,0.00%,TOURNAMENT,WINNER,  - WINNER -  
  - LOSER -  , , ,  - VS -  ,DRAFTKINGS,0.00,0.00,,,,,,,,,0,0,0,0.00%,,,WINNER,,LOSER,,0,WINNER,1,,0.00%,TOURNAMENT,WINNER,  - WINNER -  
  - LOSER -  , , ,  - VS -  ,DRAFTKINGS,0.00,0.00,,,,,,,,,0,0,0,0.00%,,,WINNER,,LOSER,,0,WINNER,1,,0.00%,TOURNAMENT,WINNER,  - WINNER -  
  - LOSER -  , , ,  - VS -  ,DRAFTKINGS,0.00,0.00,,,,,,,,,0,0,0,0.00%,,,WINNER,,LOSER,,0,WINNER,1,,0.00%,TOURNAMENT,WINNER,  - WINNER -  
  - LOSER -  , , ,  - VS -  ,DRAFTKINGS,0.00,0.00,,,,,,,,,0,0,0,0.00%,,,WINNER,,LOSER,,0,WINNER,1,,0.00%,TOURNAMENT,WINNER,  - WINNER -  
  - LOSER -  , , ,  - VS -  ,DRAFTKINGS,0.00,0.00,,,,,,,,,0,0,0,0.00%,,,WINNER,,LOSER,,0,WINNER,1,,0.00%,TOURNAMENT,WINNER,  - WINNER -  
  - LOSER -  , , ,  - VS -  ,DRAFTKINGS,0.00,0.00,,,,,,,,,0,0,0,0.00%,,,WINNER,,LOSER,,0,WINNER,1,,0.00%,TOURNAMENT,WINNER,  - WINNER -  
  - LOSER -  , , ,  - VS -  ,DRAFTKINGS,0.00,0.00,,,,,,,,,0,0,0,0.00%,,,WINNER,,LOSER,,0,WINNER,1,,0.00%,TOURNAMENT,WINNER,  - WINNER -  
  - LOSER -  , , ,  - VS -  ,DRAFTKINGS,0.00,0.00,,,,,,,,,0,0,0,0.00%,,,WINNER,,LOSER,,0,WINNER,1,,0.00%,TOURNAMENT,WINNER,  - WINNER -  
  - LOSER -  , , ,  - VS -  ,DRAFTKINGS,0.00,0.00,,,,,,,,,0,0,0,0.00%,,,WINNER,,LOSER,,0,WINNER,1,,0.00%,TOURNAMENT,WINNER,  - WINNER -  
  - LOSER -  , , ,  - VS -  ,DRAFTKINGS,0.00,0.00,,,,,,,,,0,0,0,0.00%,,,WINNER,,LOSER,,0,WINNER,1,,0.00%,TOURNAMENT,WINNER,  - WINNER -  
  - LOSER -  , , ,  - VS -  ,DRAFTKINGS,0.00,0.00,,,,,,,,,0,0,0,0.00%,,,WINNER,,LOSER,,0,WINNER,1,,0.00%,TOURNAMENT,WINNER,  - WINNER -  
  - LOSER -  , , ,  - VS -  ,DRAFTKINGS,0.00,0.00,,,,,,,,,0,0,0,0.00%,,,WINNER,,LOSER,,0,WINNER,1,,0.00%,TOURNAMENT,WINNER,  - WINNER -  
  - LOSER -  , , ,  - VS -  ,DRAFTKINGS,0.00,0.00,,,,,,,,,0,0,0,0.00%,,,WINNER,,LOSER,,0,WINNER,1,,0.00%,TOURNAMENT,WINNER,  - WINNER -  
  - LOSER -  , , ,  - VS -  ,DRAFTKINGS,0.00,0.00,,,,,,,,,0,0,0,0.00%,,,WINNER,,LOSER,,0,WINNER,1,,0.00%,TOURNAMENT,WINNER,  - WINNER -  
  - LOSER -  , , ,  - VS -  ,DRAFTKINGS,0.00,0.00,,,,,,,,,0,0,0,0.00%,,,WINNER,,LOSER,,0,WINNER,1,,0.00%,TOURNAMENT,WINNER,  - WINNER -  
Brendon Todd - WINNER - Mackenzie Hughes,Brendon Todd,Mackenzie Hughes,Brendon Todd - VS - Mackenzie Hughes,BETMGM,500.00,138.00,6,2.38,0.5896927651,0.410307235,0.5843795624,0.4156204376,28.57833333,40.705,69.28333333,0.4124849651,0.5875150349,0.00%,-0.53%,0.53%,WINNER,-17.72%,WINNER,17.72%,-0.1750300698,WINNER,1,-17.72%,0.53%,TOURNAMENT,LOSER,Brendon Todd - LOSER - Mackenzie Hughes
Ben Martin - LOSER - Kevin Roy,Ben Martin,Kevin Roy,Ben Martin - VS - Kevin Roy,BETMGM,0.00,0.00,,,,,0.5832290363,0.4167709637,32.30333333,41.215,73.51833333,0.439391535,0.560608465,0.00%,,,WINNER,,LOSER,,-0.12121693,WINNER,1,,0.00%,TOURNAMENT,WINNER,Ben Martin - WINNER - Kevin Roy
Ben Silverman - LOSER - Tyler Duncan,Ben Silverman,Tyler Duncan,Ben Silverman - VS - Tyler Duncan,BETMGM,200.00,200.00,3,3,0.5,0.500000000,0.5099741783,0.4900258217,33.35,33.35,66.7,0.5,0.5,0.00%,1.00%,-1.00%,LOSER,0.00%,LOSER,,0,WINNER,0,0.00%,-1.00%,TOURNAMENT,LOSER,Ben Silverman - LOSER - Tyler Duncan
Erik Van Rooyen - WINNER - Christiaan Bezuidenhout,Erik Van Rooyen,Christiaan Bezuidenhout,Erik Van Rooyen - VS - Christiaan Bezuidenhout,BETMGM,240.00,150.00,3.4,2.5,0.5405405405,0.459459459,0.5356271856,0.4643728144,34.14833333,41.08166667,75.23,0.4539190926,0.5460809074,0.00%,-0.49%,0.49%,WINNER,-8.66%,WINNER,8.66%,-0.09216181488,WINNER,1,-8.66%,0.49%,TOURNAMENT,LOSER,Erik Van Rooyen - LOSER - Christiaan Bezuidenhout
Billy Horschel - WINNER - Chris Kirk,Billy Horschel,Chris Kirk,Billy Horschel - VS - Chris Kirk,BETMGM,140.00,130.00,2.4,2.3,0.5078864353,0.492113565,0.5010523682,0.4989476318,41.305,42.29833333,83.60333333,0.494059248,0.505940752,0.00%,-0.68%,0.68%,WINNER,-1.38%,WINNER,1.38%,-0.01188150393,WINNER,1,-1.38%,0.68%,TOURNAMENT,LOSER,Billy Horschel - LOSER - Chris Kirk
Nick Taylor - LOSER - Max Homa,Nick Taylor,Max Homa,Nick Taylor - VS - Max Homa,BETMGM,210.00,200.00,3.1,3,0.504,0.496000000,0.5061390046,0.4938609954,41.82166667,42.85333333,84.675,0.4939080799,0.5060919201,0.00%,0.21%,-0.21%,WINNER,-1.01%,LOSER,1.01%,-0.01218384017,WINNER,1,-1.01%,-0.21%,TOURNAMENT,LOSER,Nick Taylor - LOSER - Max Homa
Tony Finau - LOSER - Eric Cole,Tony Finau,Eric Cole,Tony Finau - VS - Eric Cole,BETMGM,210.00,138.00,3.1,2.38,0.5388098318,0.461190168,0.5469464402,0.4530535598,38.155,43.53333333,81.68833333,0.4670801624,0.5329198376,0.00%,0.81%,-0.81%,WINNER,-7.17%,LOSER,7.17%,-0.06583967519,WINNER,1,-7.17%,-0.81%,TOURNAMENT,LOSER,Tony Finau - LOSER - Eric Cole
Lucas Glover - LOSER - Kevin Streelman,Lucas Glover,Kevin Streelman,Lucas Glover - VS - Kevin Streelman,BETMGM,138.00,170.00,2.38,2.7,0.4794132784,0.520586722,0.4940543883,0.5059456117,36.30166667,33.49,69.79166667,0.5201432836,0.4798567164,0.00%,1.46%,-1.46%,LOSER,4.07%,LOSER,4.07%,0.04028656716,LOSER,1,4.07%,-1.46%,TOURNAMENT,WINNER,Lucas Glover - WINNER - Kevin Streelman
Ben Kohles - WINNER - Lee Hodges,Ben Kohles,Lee Hodges,Ben Kohles - VS - Lee Hodges,BETMGM,130.00,160.00,2.3,2.6,0.4787535411,0.521246459,0.4777213385,0.5222786615,42.53166667,39.33666667,81.86833333,0.5195130392,0.4804869608,0.00%,-0.10%,0.10%,LOSER,4.08%,WINNER,4.08%,0.03902607846,LOSER,1,4.08%,0.10%,TOURNAMENT,WINNER,Ben Kohles - WINNER - Lee Hodges
Emiliano Grillo - WINNER - Takumi Kanaya,Emiliano Grillo,Takumi Kanaya,Emiliano Grillo - VS - Takumi Kanaya,BETMGM,170.00,220.00,2.7,3.2,0.4780316344,0.521968366,0.4662054783,0.5337945217,40.33166667,35.14,75.47166667,0.534394806,0.465605194,0.00%,-1.18%,1.18%,LOSER,5.64%,WINNER,5.64%,0.068789612,LOSER,1,5.64%,1.18%,TOURNAMENT,WINNER,Emiliano Grillo - WINNER - Takumi Kanaya
Brice Garnett - LOSER - Adam Svensson,Brice Garnett,Adam Svensson,Brice Garnett - VS - Adam Svensson,BETMGM,0.00,0.00,,,,,0.5148923905,0.4851076095,31.62833333,32.4,64.02833333,0.4939740219,0.5060259781,0.00%,,,WINNER,,LOSER,,-0.01205195617,WINNER,1,,0.00%,TOURNAMENT,WINNER,Brice Garnett - WINNER - Adam Svensson
Beau Hossler - LOSER - Justin Lower,Beau Hossler,Justin Lower,Beau Hossler - VS - Justin Lower,BETMGM,0.00,0.00,,,,,0.4603361345,0.5396638655,43.22333333,35.285,78.50833333,0.5505572657,0.4494427343,0.00%,,,WINNER,,LOSER,,0.1011145314,LOSER,0,,0.00%,TOURNAMENT,WINNER,Beau Hossler - WINNER - Justin Lower
David Lingmerth - LOSER - Marco Penge,David Lingmerth,Marco Penge,David Lingmerth - VS - Marco Penge,BETMGM,0.00,0.00,,,,,0.5844623201,0.4155376799,25.75333333,44.98333333,70.73666667,0.3640733236,0.6359266764,0.00%,,,WINNER,,LOSER,,-0.2718533528,WINNER,1,,0.00%,TOURNAMENT,WINNER,David Lingmerth - WINNER - Marco Penge
Kristoffer Ventura - LOSER - A.J. Ewart,Kristoffer Ventura,A.J. Ewart,Kristoffer Ventura - VS - A.J. Ewart,BETMGM,0.00,0.00,,,,,0.4929444967,0.5070555033,34.95666667,34.95666667,69.91333333,0.5,0.5,0.00%,,,WINNER,,LOSER,,0,WINNER,1,,0.00%,TOURNAMENT,WINNER,Kristoffer Ventura - WINNER - A.J. Ewart
Davis Chatfield - LOSER - Tyson Shelley,Davis Chatfield,Tyson Shelley,Davis Chatfield - VS - Tyson Shelley,BETMGM,0.00,0.00,,,,,0.444131308,0.555868692,35.55833333,35.55833333,71.11666667,0.5,0.5,0.00%,,,WINNER,,LOSER,,0,WINNER,1,,0.00%,TOURNAMENT,WINNER,Davis Chatfield - WINNER - Tyson Shelley
Marcelo Rozo - LOSER - Hayden Springer,Marcelo Rozo,Hayden Springer,Marcelo Rozo - VS - Hayden Springer,BETMGM,0.00,0.00,,,,,0.5904051173,0.4095948827,28.805,37.68166667,66.48666667,0.4332447609,0.5667552391,0.00%,,,WINNER,,LOSER,,-0.1335104783,WINNER,1,,0.00%,TOURNAMENT,WINNER,Marcelo Rozo - WINNER - Hayden Springer
Christo Lamprecht - LOSER - Chandler Blanchet,Christo Lamprecht,Chandler Blanchet,Christo Lamprecht - VS - Chandler Blanchet,BETMGM,0.00,0.00,,,,,0.5609756098,0.4390243902,29.31,34.205,63.515,0.4614657955,0.5385342045,0.00%,,,WINNER,,LOSER,,-0.07706840904,WINNER,1,,0.00%,TOURNAMENT,WINNER,Christo Lamprecht - WINNER - Chandler Blanchet
Zecheng Dou - LOSER - Zach J. Johnson,Zecheng Dou,Zach J. Johnson,Zecheng Dou - VS - Zach J. Johnson,BETMGM,0.00,0.00,,,,,0.3714285714,0.6285714286,39.76333333,28.20833333,67.97166667,0.5849986514,0.4150013486,0.00%,,,WINNER,,LOSER,,0.1699973028,LOSER,0,,0.00%,TOURNAMENT,WINNER,Zecheng Dou - WINNER - Zach J. Johnson
Patton Kizzire - LOSER - Dylan Wu,Patton Kizzire,Dylan Wu,Patton Kizzire - VS - Dylan Wu,BETMGM,0.00,0.00,,,,,0.5061703003,0.4938296997,30.06333333,31.53,61.59333333,0.4880939496,0.5119060504,0.00%,,,WINNER,,LOSER,,-0.02381210088,WINNER,1,,0.00%,TOURNAMENT,WINNER,Patton Kizzire - WINNER - Dylan Wu
Peter Malnati - LOSER - Doug Ghim,Peter Malnati,Doug Ghim,Peter Malnati - VS - Doug Ghim,BETMGM,0.00,0.00,,,,,0.5503523324,0.4496476676,30.115,45.57333333,75.68833333,0.3978816638,0.6021183362,0.00%,,,WINNER,,LOSER,,-0.2042366723,WINNER,1,,0.00%,TOURNAMENT,WINNER,Peter Malnati - WINNER - Doug Ghim
Rafael Campos - WINNER - Patrick Rodgers,Rafael Campos,Patrick Rodgers,Rafael Campos - VS - Patrick Rodgers,BETMGM,280.00,150.00,3.8,2.5,0.5511811024,0.448818898,0.5429370565,0.4570629435,23.96333333,36.56666667,60.53,0.3958918443,0.6041081557,0.00%,-0.82%,0.82%,WINNER,-15.53%,WINNER,15.53%,-0.2082163115,WINNER,1,-15.53%,0.82%,TOURNAMENT,LOSER,Rafael Campos - LOSER - Patrick Rodgers
Tom Hoge - WINNER - Mac Meissner,Tom Hoge,Mac Meissner,Tom Hoge - VS - Mac Meissner,BETMGM,230.00,130.00,3.3,2.3,0.5521920668,0.447807933,0.5455852098,0.4544147902,35.16,41.38333333,76.54333333,0.4593476462,0.5406523538,0.00%,-0.66%,0.66%,WINNER,-9.28%,WINNER,9.28%,-0.08130470757,WINNER,1,-9.28%,0.66%,TOURNAMENT,LOSER,Tom Hoge - LOSER - Mac Meissner
Max Greyserman - WINNER - Rasmus Hojgaard,Max Greyserman,Rasmus Hojgaard,Max Greyserman - VS - Rasmus Hojgaard,BETMGM,180.00,185.00,2.8,2.85,0.4975751697,0.502424830,0.4962138811,0.5037861189,40.47666667,41.64166667,82.11833333,0.4929065779,0.5070934221,0.00%,-0.14%,0.14%,LOSER,-0.47%,WINNER,,-0.01418684419,WINNER,0,-0.47%,0.14%,TOURNAMENT,LOSER,Max Greyserman - LOSER - Rasmus Hojgaard
David Skinns - LOSER - David Lipsky,David Skinns,David Lipsky,David Skinns - VS - David Lipsky,BETMGM,0.00,0.00,,,,,0.5078175338,0.4921824662,31.88333333,31.82,63.70333333,0.5004970959,0.4995029041,0.00%,,,WINNER,,LOSER,,0.0009941918267,LOSER,0,,0.00%,TOURNAMENT,WINNER,David Skinns - WINNER - David Lipsky
Michael Brennan - WINNER - Ben James,Michael Brennan,Ben James,Michael Brennan - VS - Ben James,BETMGM,188.00,188.00,2.88,2.88,0.5,0.500000000,0.4988702188,0.5011297812,44.11,44.11,88.22,0.5,0.5,0.00%,-0.11%,0.11%,LOSER,0.00%,WINNER,,0,WINNER,0,0.00%,0.11%,TOURNAMENT,LOSER,Michael Brennan - LOSER - Ben James
Kevin Yu - WINNER - Aaron Wise,Kevin Yu,Aaron Wise,Kevin Yu - VS - Aaron Wise,BETMGM,100.00,250.00,2,3.5,0.4117647059,0.588235294,0.4010152284,0.5989847716,42.54166667,30.795,73.33666667,0.5800872688,0.4199127312,0.00%,-1.07%,1.07%,LOSER,16.83%,WINNER,16.83%,0.1601745375,LOSER,1,16.83%,1.07%,TOURNAMENT,WINNER,Kevin Yu - WINNER - Aaron Wise
Harry Hall - LOSER - Matt McCarty,Harry Hall,Matt McCarty,Harry Hall - VS - Matt McCarty,BETMGM,165.00,180.00,2.65,2.8,0.4920127796,0.507987220,0.4915508348,0.5084491652,41.46333333,0,41.46333333,1,0,0.00%,-0.05%,0.05%,LOSER,,LOSER,,1,LOSER,1,50.80%,0.05%,TOURNAMENT,WINNER,Harry Hall - WINNER - Matt McCarty
Stephan Jaeger - WINNER - Davis Riley,Stephan Jaeger,Davis Riley,Stephan Jaeger - VS - Davis Riley,BETMGM,160.00,280.00,2.6,3.8,0.4550898204,0.544910180,0.4471474552,0.5528525448,40.02833333,30.30333333,70.33166667,0.5691367094,0.4308632906,0.00%,-0.79%,0.79%,LOSER,11.40%,WINNER,11.40%,0.1382734188,LOSER,1,11.40%,0.79%,TOURNAMENT,WINNER,Stephan Jaeger - WINNER - Davis Riley
Zac Blair - LOSER - Max McGreevy,Zac Blair,Max McGreevy,Zac Blair - VS - Max McGreevy,BETMGM,150.00,145.00,2.5,2.45,0.5034246575,0.496575342,0.5038264285,0.4961735715,35.95833333,35.68666667,71.645,0.501895922,0.498104078,0.00%,0.04%,-0.04%,WINNER,-0.15%,LOSER,,0.003791844046,LOSER,0,-0.15%,-0.04%,TOURNAMENT,LOSER,Zac Blair - LOSER - Max McGreevy
Steven Fisk - WINNER - Joe Highsmith,Steven Fisk,Joe Highsmith,Steven Fisk - VS - Joe Highsmith,BETMGM,150.00,240.00,2.5,3.4,0.4594594595,0.540540541,0.437615079,0.562384921,37.37166667,30.33,67.70166667,0.5520051205,0.4479948795,0.00%,-2.18%,2.18%,LOSER,9.25%,WINNER,9.25%,0.104010241,LOSER,1,9.25%,2.18%,TOURNAMENT,WINNER,Steven Fisk - WINNER - Joe Highsmith
Joel Dahmen - WINNER - Andrew Putnam,Joel Dahmen,Andrew Putnam,Joel Dahmen - VS - Andrew Putnam,BETMGM,180.00,200.00,2.8,3,0.4909090909,0.509090909,0.4742924629,0.5257075371,34.33166667,34.53833333,68.87,0.4984995886,0.5015004114,0.00%,-1.66%,1.66%,LOSER,0.76%,WINNER,,-0.003000822806,WINNER,0,0.76%,1.66%,TOURNAMENT,WINNER,Joel Dahmen - WINNER - Andrew Putnam
Seamus Power - WINNER - Matt Wallace,Seamus Power,Matt Wallace,Seamus Power - VS - Matt Wallace,BETMGM,230.00,130.00,3.3,2.3,0.5521920668,0.447807933,0.548621703,0.451378297,37.32,43.17,80.49,0.463660082,0.536339918,0.00%,-0.36%,0.36%,WINNER,-8.85%,WINNER,8.85%,-0.072679836,WINNER,1,-8.85%,0.36%,TOURNAMENT,LOSER,Seamus Power - LOSER - Matt Wallace
Kensei Hirata - LOSER - Patrick Fishburn,Kensei Hirata,Patrick Fishburn,Kensei Hirata - VS - Patrick Fishburn,BETMGM,0.00,0.00,,,,,0.5733496333,0.4266503667,25.44,35.695,61.135,0.4161282408,0.5838717592,0.00%,,,WINNER,,LOSER,,-0.1677435184,WINNER,1,,0.00%,TOURNAMENT,WINNER,Kensei Hirata - WINNER - Patrick Fishburn
Michael Thompson - LOSER - Haotong Li,Michael Thompson,Haotong Li,Michael Thompson - VS - Haotong Li,BETMGM,0.00,0.00,,,,,0.5783261803,0.4216738197,27.39833333,27.39833333,54.79666667,0.5,0.5,0.00%,,,WINNER,,LOSER,,0,WINNER,1,,0.00%,TOURNAMENT,WINNER,Michael Thompson - WINNER - Haotong Li
Paul Peterson - LOSER - Adrien Dumont De Chassart,Paul Peterson,Adrien Dumont De Chassart,Paul Peterson - VS - Adrien Dumont De Chassart,BETMGM,0.00,0.00,,,,,0.5157232704,0.4842767296,31.175,34.34,65.515,0.4758452263,0.5241547737,0.00%,,,WINNER,,LOSER,,-0.04830954743,WINNER,1,,0.00%,TOURNAMENT,WINNER,Paul Peterson - WINNER - Adrien Dumont De Chassart
Jimmy Stanger - LOSER - David Ford,Jimmy Stanger,David Ford,Jimmy Stanger - VS - David Ford,BETMGM,0.00,0.00,,,,,0.5703427124,0.4296572876,29.33,36.44333333,65.77333333,0.4459254004,0.5540745996,0.00%,,,WINNER,,LOSER,,-0.1081491993,WINNER,1,,0.00%,TOURNAMENT,WINNER,Jimmy Stanger - WINNER - David Ford
John VanDerLaan - LOSER - Pontus Nyholm,John VanDerLaan,Pontus Nyholm,John VanDerLaan - VS - Pontus Nyholm,BETMGM,0.00,0.00,,,,,0.4753937008,0.5246062992,33.92166667,32.805,66.72666667,0.5083674693,0.4916325307,0.00%,,,WINNER,,LOSER,,0.01673493856,LOSER,0,,0.00%,TOURNAMENT,WINNER,John VanDerLaan - WINNER - Pontus Nyholm
Alejandro Tosti - LOSER - Jesper Svensson,Alejandro Tosti,Jesper Svensson,Alejandro Tosti - VS - Jesper Svensson,BETMGM,0.00,0.00,,,,,0.5517241379,0.4482758621,29.63333333,35.69833333,65.33166667,0.4535829996,0.5464170004,0.00%,,,WINNER,,LOSER,,-0.09283400087,WINNER,1,,0.00%,TOURNAMENT,WINNER,Alejandro Tosti - WINNER - Jesper Svensson
Harry Higgs - LOSER - Hank Lebioda,Harry Higgs,Hank Lebioda,Harry Higgs - VS - Hank Lebioda,BETMGM,180.00,220.00,2.8,3.2,0.4832214765,0.516778523,0.4979019023,0.5020980977,31.485,31.485,62.97,0.5,0.5,0.00%,1.47%,-1.47%,LOSER,1.68%,LOSER,,0,WINNER,0,1.68%,-1.47%,TOURNAMENT,WINNER,Harry Higgs - WINNER - Hank Lebioda
  - LOSER -  , , ,  - VS -  ,BETMGM,0.00,0.00,,,,,,,,,0,0,0,0.00%,,,WINNER,,LOSER,,0,WINNER,1,,0.00%,TOURNAMENT,WINNER,  - WINNER -  
  - LOSER -  , , ,  - VS -  ,BETMGM,0.00,0.00,,,,,,,,,0,0,0,0.00%,,,WINNER,,LOSER,,0,WINNER,1,,0.00%,TOURNAMENT,WINNER,  - WINNER -  
  - LOSER -  , , ,  - VS -  ,BETMGM,0.00,0.00,,,,,,,,,0,0,0,0.00%,,,WINNER,,LOSER,,0,WINNER,1,,0.00%,TOURNAMENT,WINNER,  - WINNER -  
  - LOSER -  , , ,  - VS -  ,BETMGM,0.00,0.00,,,,,,,,,0,0,0,0.00%,,,WINNER,,LOSER,,0,WINNER,1,,0.00%,TOURNAMENT,WINNER,  - WINNER -  
  - LOSER -  , , ,  - VS -  ,BETMGM,0.00,0.00,,,,,,,,,0,0,0,0.00%,,,WINNER,,LOSER,,0,WINNER,1,,0.00%,TOURNAMENT,WINNER,  - WINNER -  
  - LOSER -  , , ,  - VS -  ,BETMGM,0.00,0.00,,,,,,,,,0,0,0,0.00%,,,WINNER,,LOSER,,0,WINNER,1,,0.00%,TOURNAMENT,WINNER,  - WINNER -  
  - LOSER -  , , ,  - VS -  ,BETMGM,0.00,0.00,,,,,,,,,0,0,0,0.00%,,,WINNER,,LOSER,,0,WINNER,1,,0.00%,TOURNAMENT,WINNER,  - WINNER -  
  - LOSER -  , , ,  - VS -  ,BETMGM,0.00,0.00,,,,,,,,,0,0,0,0.00%,,,WINNER,,LOSER,,0,WINNER,1,,0.00%,TOURNAMENT,WINNER,  - WINNER -  
  - LOSER -  , , ,  - VS -  ,BETMGM,0.00,0.00,,,,,,,,,0,0,0,0.00%,,,WINNER,,LOSER,,0,WINNER,1,,0.00%,TOURNAMENT,WINNER,  - WINNER -  
  - LOSER -  , , ,  - VS -  ,BETMGM,0.00,0.00,,,,,,,,,0,0,0,0.00%,,,WINNER,,LOSER,,0,WINNER,1,,0.00%,TOURNAMENT,WINNER,  - WINNER -  
  - LOSER -  , , ,  - VS -  ,BETMGM,0.00,0.00,,,,,,,,,0,0,0,0.00%,,,WINNER,,LOSER,,0,WINNER,1,,0.00%,TOURNAMENT,WINNER,  - WINNER -  
  - LOSER -  , , ,  - VS -  ,BETMGM,0.00,0.00,,,,,,,,,0,0,0,0.00%,,,WINNER,,LOSER,,0,WINNER,1,,0.00%,TOURNAMENT,WINNER,  - WINNER -  
  - LOSER -  , , ,  - VS -  ,BETMGM,0.00,0.00,,,,,,,,,0,0,0,0.00%,,,WINNER,,LOSER,,0,WINNER,1,,0.00%,TOURNAMENT,WINNER,  - WINNER -  
  - LOSER -  , , ,  - VS -  ,BETMGM,0.00,0.00,,,,,,,,,0,0,0,0.00%,,,WINNER,,LOSER,,0,WINNER,1,,0.00%,TOURNAMENT,WINNER,  - WINNER -  
  - LOSER -  , , ,  - VS -  ,BETMGM,0.00,0.00,,,,,,,,,0,0,0,0.00%,,,WINNER,,LOSER,,0,WINNER,1,,0.00%,TOURNAMENT,WINNER,  - WINNER -  
  - LOSER -  , , ,  - VS -  ,BETMGM,0.00,0.00,,,,,,,,,0,0,0,0.00%,,,WINNER,,LOSER,,0,WINNER,1,,0.00%,TOURNAMENT,WINNER,  - WINNER -  
  - LOSER -  , , ,  - VS -  ,BETMGM,0.00,0.00,,,,,,,,,0,0,0,0.00%,,,WINNER,,LOSER,,0,WINNER,1,,0.00%,TOURNAMENT,WINNER,  - WINNER -  
  - LOSER -  , , ,  - VS -  ,BETMGM,0.00,0.00,,,,,,,,,0,0,0,0.00%,,,WINNER,,LOSER,,0,WINNER,1,,0.00%,TOURNAMENT,WINNER,  - WINNER -  
  - LOSER -  , , ,  - VS -  ,BETMGM,0.00,0.00,,,,,,,,,0,0,0,0.00%,,,WINNER,,LOSER,,0,WINNER,1,,0.00%,TOURNAMENT,WINNER,  - WINNER -  
  - LOSER -  , , ,  - VS -  ,BETMGM,0.00,0.00,,,,,,,,,0,0,0,0.00%,,,WINNER,,LOSER,,0,WINNER,1,,0.00%,TOURNAMENT,WINNER,  - WINNER -  
  - LOSER -  , , ,  - VS -  ,BETMGM,0.00,0.00,,,,,,,,,0,0,0,0.00%,,,WINNER,,LOSER,,0,WINNER,1,,0.00%,TOURNAMENT,WINNER,  - WINNER -  
  - LOSER -  , , ,  - VS -  ,BETMGM,0.00,0.00,,,,,,,,,0,0,0,0.00%,,,WINNER,,LOSER,,0,WINNER,1,,0.00%,TOURNAMENT,WINNER,  - WINNER -  
  - LOSER -  , , ,  - VS -  ,BETMGM,0.00,0.00,,,,,,,,,0,0,0,0.00%,,,WINNER,,LOSER,,0,WINNER,1,,0.00%,TOURNAMENT,WINNER,  - WINNER -  
  - LOSER -  , , ,  - VS -  ,BETMGM,0.00,0.00,,,,,,,,,0,0,0,0.00%,,,WINNER,,LOSER,,0,WINNER,1,,0.00%,TOURNAMENT,WINNER,  - WINNER -  
  - LOSER -  , , ,  - VS -  ,BETMGM,0.00,0.00,,,,,,,,,0,0,0,0.00%,,,WINNER,,LOSER,,0,WINNER,1,,0.00%,TOURNAMENT,WINNER,  - WINNER -  
  - LOSER -  , , ,  - VS -  ,BETMGM,0.00,0.00,,,,,,,,,0,0,0,0.00%,,,WINNER,,LOSER,,0,WINNER,1,,0.00%,TOURNAMENT,WINNER,  - WINNER -  
  - LOSER -  , , ,  - VS -  ,BETMGM,0.00,0.00,,,,,,,,,0,0,0,0.00%,,,WINNER,,LOSER,,0,WINNER,1,,0.00%,TOURNAMENT,WINNER,  - WINNER -  
  - LOSER -  , , ,  - VS -  ,BETMGM,0.00,0.00,,,,,,,,,0,0,0,0.00%,,,WINNER,,LOSER,,0,WINNER,1,,0.00%,TOURNAMENT,WINNER,  - WINNER -  
  - LOSER -  , , ,  - VS -  ,BETMGM,0.00,0.00,,,,,,,,,0,0,0,0.00%,,,WINNER,,LOSER,,0,WINNER,1,,0.00%,TOURNAMENT,WINNER,  - WINNER -  
  - LOSER -  , , ,  - VS -  ,BETMGM,0.00,0.00,,,,,,,,,0,0,0,0.00%,,,WINNER,,LOSER,,0,WINNER,1,,0.00%,TOURNAMENT,WINNER,  - WINNER -  
  - LOSER -  , , ,  - VS -  ,BETMGM,0.00,0.00,,,,,,,,,0,0,0,0.00%,,,WINNER,,LOSER,,0,WINNER,1,,0.00%,TOURNAMENT,WINNER,  - WINNER -  
  - LOSER -  , , ,  - VS -  ,BETMGM,0.00,0.00,,,,,,,,,0,0,0,0.00%,,,WINNER,,LOSER,,0,WINNER,1,,0.00%,TOURNAMENT,WINNER,  - WINNER -  
  - LOSER -  , , ,  - VS -  ,BETMGM,0.00,0.00,,,,,,,,,0,0,0,0.00%,,,WINNER,,LOSER,,0,WINNER,1,,0.00%,TOURNAMENT,WINNER,  - WINNER -  
  - LOSER -  , , ,  - VS -  ,BETMGM,0.00,0.00,,,,,,,,,0,0,0,0.00%,,,WINNER,,LOSER,,0,WINNER,1,,0.00%,TOURNAMENT,WINNER,  - WINNER -  
  - LOSER -  , , ,  - VS -  ,BETMGM,0.00,0.00,,,,,,,,,0,0,0,0.00%,,,WINNER,,LOSER,,0,WINNER,1,,0.00%,TOURNAMENT,WINNER,  - WINNER -  
  - LOSER -  , , ,  - VS -  ,BETMGM,0.00,0.00,,,,,,,,,0,0,0,0.00%,,,WINNER,,LOSER,,0,WINNER,1,,0.00%,TOURNAMENT,WINNER,  - WINNER -  
  - LOSER -  , , ,  - VS -  ,BETMGM,0.00,0.00,,,,,,,,,0,0,0,0.00%,,,WINNER,,LOSER,,0,WINNER,1,,0.00%,TOURNAMENT,WINNER,  - WINNER -  
  - LOSER -  , , ,  - VS -  ,BETMGM,0.00,0.00,,,,,,,,,0,0,0,0.00%,,,WINNER,,LOSER,,0,WINNER,1,,0.00%,TOURNAMENT,WINNER,  - WINNER -  
  - LOSER -  , , ,  - VS -  ,BETMGM,0.00,0.00,,,,,,,,,0,0,0,0.00%,,,WINNER,,LOSER,,0,WINNER,1,,0.00%,TOURNAMENT,WINNER,  - WINNER -  
  - LOSER -  , , ,  - VS -  ,BETMGM,0.00,0.00,,,,,,,,,0,0,0,0.00%,,,WINNER,,LOSER,,0,WINNER,1,,0.00%,TOURNAMENT,WINNER,  - WINNER -  
  - LOSER -  , , ,  - VS -  ,BETMGM,0.00,0.00,,,,,,,,,0,0,0,0.00%,,,WINNER,,LOSER,,0,WINNER,1,,0.00%,TOURNAMENT,WINNER,  - WINNER -  
  - LOSER -  , , ,  - VS -  ,BETMGM,0.00,0.00,,,,,,,,,0,0,0,0.00%,,,WINNER,,LOSER,,0,WINNER,1,,0.00%,TOURNAMENT,WINNER,  - WINNER -  
  - LOSER -  , , ,  - VS -  ,BETMGM,0.00,0.00,,,,,,,,,0,0,0,0.00%,,,WINNER,,LOSER,,0,WINNER,1,,0.00%,TOURNAMENT,WINNER,  - WINNER -  
  - LOSER -  , , ,  - VS -  ,BETMGM,0.00,0.00,,,,,,,,,0,0,0,0.00%,,,WINNER,,LOSER,,0,WINNER,1,,0.00%,TOURNAMENT,WINNER,  - WINNER -  
  - LOSER -  , , ,  - VS -  ,BETMGM,0.00,0.00,,,,,,,,,0,0,0,0.00%,,,WINNER,,LOSER,,0,WINNER,1,,0.00%,TOURNAMENT,WINNER,  - WINNER -  
  - LOSER -  , , ,  - VS -  ,BETMGM,0.00,0.00,,,,,,,,,0,0,0,0.00%,,,WINNER,,LOSER,,0,WINNER,1,,0.00%,TOURNAMENT,WINNER,  - WINNER -  
  - LOSER -  , , ,  - VS -  ,BETMGM,0.00,0.00,,,,,,,,,0,0,0,0.00%,,,WINNER,,LOSER,,0,WINNER,1,,0.00%,TOURNAMENT,WINNER,  - WINNER -  
  - LOSER -  , , ,  - VS -  ,BETMGM,0.00,0.00,,,,,,,,,0,0,0,0.00%,,,WINNER,,LOSER,,0,WINNER,1,,0.00%,TOURNAMENT,WINNER,  - WINNER -  
  - LOSER -  , , ,  - VS -  ,BETMGM,0.00,0.00,,,,,,,,,0,0,0,0.00%,,,WINNER,,LOSER,,0,WINNER,1,,0.00%,TOURNAMENT,WINNER,  - WINNER -  
  - LOSER -  , , ,  - VS -  ,BETMGM,0.00,0.00,,,,,,,,,0,0,0,0.00%,,,WINNER,,LOSER,,0,WINNER,1,,0.00%,TOURNAMENT,WINNER,  - WINNER -  
  - LOSER -  , , ,  - VS -  ,BETMGM,0.00,0.00,,,,,,,,,0,0,0,0.00%,,,WINNER,,LOSER,,0,WINNER,1,,0.00%,TOURNAMENT,WINNER,  - WINNER -  
  - LOSER -  , , ,  - VS -  ,BETMGM,0.00,0.00,,,,,,,,,0,0,0,0.00%,,,WINNER,,LOSER,,0,WINNER,1,,0.00%,TOURNAMENT,WINNER,  - WINNER -  
  - LOSER -  , , ,  - VS -  ,BETMGM,0.00,0.00,,,,,,,,,0,0,0,0.00%,,,WINNER,,LOSER,,0,WINNER,1,,0.00%,TOURNAMENT,WINNER,  - WINNER -  
  - LOSER -  , , ,  - VS -  ,BETMGM,0.00,0.00,,,,,,,,,0,0,0,0.00%,,,WINNER,,LOSER,,0,WINNER,1,,0.00%,TOURNAMENT,WINNER,  - WINNER -  
  - LOSER -  , , ,  - VS -  ,BETMGM,0.00,0.00,,,,,,,,,0,0,0,0.00%,,,WINNER,,LOSER,,0,WINNER,1,,0.00%,TOURNAMENT,WINNER,  - WINNER -  
  - LOSER -  , , ,  - VS -  ,BETMGM,0.00,0.00,,,,,,,,,0,0,0,0.00%,,,WINNER,,LOSER,,0,WINNER,1,,0.00%,TOURNAMENT,WINNER,  - WINNER -  
  - LOSER -  , , ,  - VS -  ,BETMGM,0.00,0.00,,,,,,,,,0,0,0,0.00%,,,WINNER,,LOSER,,0,WINNER,1,,0.00%,TOURNAMENT,WINNER,  - WINNER -  
  - LOSER -  , , ,  - VS -  ,BETMGM,0.00,0.00,,,,,,,,,0,0,0,0.00%,,,WINNER,,LOSER,,0,WINNER,1,,0.00%,TOURNAMENT,WINNER,  - WINNER -  
  - LOSER -  , , ,  - VS -  ,BETMGM,0.00,0.00,,,,,,,,,0,0,0,0.00%,,,WINNER,,LOSER,,0,WINNER,1,,0.00%,TOURNAMENT,WINNER,  - WINNER -  
  - LOSER -  , , ,  - VS -  ,BETMGM,0.00,0.00,,,,,,,,,0,0,0,0.00%,,,WINNER,,LOSER,,0,WINNER,1,,0.00%,TOURNAMENT,WINNER,  - WINNER -  
  - LOSER -  , , ,  - VS -  ,BETMGM,0.00,0.00,,,,,,,,,0,0,0,0.00%,,,WINNER,,LOSER,,0,WINNER,1,,0.00%,TOURNAMENT,WINNER,  - WINNER -  
  - LOSER -  , , ,  - VS -  ,BETMGM,0.00,0.00,,,,,,,,,0,0,0,0.00%,,,WINNER,,LOSER,,0,WINNER,1,,0.00%,TOURNAMENT,WINNER,  - WINNER -  
  - LOSER -  , , ,  - VS -  ,BETMGM,0.00,0.00,,,,,,,,,0,0,0,0.00%,,,WINNER,,LOSER,,0,WINNER,1,,0.00%,TOURNAMENT,WINNER,  - WINNER -  
  - LOSER -  , , ,  - VS -  ,BETMGM,0.00,0.00,,,,,,,,,0,0,0,0.00%,,,WINNER,,LOSER,,0,WINNER,1,,0.00%,TOURNAMENT,WINNER,  - WINNER -  
  - LOSER -  , , ,  - VS -  ,BETMGM,0.00,0.00,,,,,,,,,0,0,0,0.00%,,,WINNER,,LOSER,,0,WINNER,1,,0.00%,TOURNAMENT,WINNER,  - WINNER -  
  - LOSER -  , , ,  - VS -  ,BETMGM,0.00,0.00,,,,,,,,,0,0,0,0.00%,,,WINNER,,LOSER,,0,WINNER,1,,0.00%,TOURNAMENT,WINNER,  - WINNER -  
  - LOSER -  , , ,  - VS -  ,BETMGM,0.00,0.00,,,,,,,,,0,0,0,0.00%,,,WINNER,,LOSER,,0,WINNER,1,,0.00%,TOURNAMENT,WINNER,  - WINNER -  
  - LOSER -  , , ,  - VS -  ,BETMGM,0.00,0.00,,,,,,,,,0,0,0,0.00%,,,WINNER,,LOSER,,0,WINNER,1,,0.00%,TOURNAMENT,WINNER,  - WINNER -  
  - LOSER -  , , ,  - VS -  ,BETMGM,0.00,0.00,,,,,,,,,0,0,0,0.00%,,,WINNER,,LOSER,,0,WINNER,1,,0.00%,TOURNAMENT,WINNER,  - WINNER -  
  - LOSER -  , , ,  - VS -  ,BETMGM,0.00,0.00,,,,,,,,,0,0,0,0.00%,,,WINNER,,LOSER,,0,WINNER,1,,0.00%,TOURNAMENT,WINNER,  - WINNER -  
  - LOSER -  , , ,  - VS -  ,BETMGM,0.00,0.00,,,,,,,,,0,0,0,0.00%,,,WINNER,,LOSER,,0,WINNER,1,,0.00%,TOURNAMENT,WINNER,  - WINNER -  
  - LOSER -  , , ,  - VS -  ,BETMGM,0.00,0.00,,,,,,,,,0,0,0,0.00%,,,WINNER,,LOSER,,0,WINNER,1,,0.00%,TOURNAMENT,WINNER,  - WINNER -  
  - LOSER -  , , ,  - VS -  ,BETMGM,0.00,0.00,,,,,,,,,0,0,0,0.00%,,,WINNER,,LOSER,,0,WINNER,1,,0.00%,TOURNAMENT,WINNER,  - WINNER -  
  - LOSER -  , , ,  - VS -  ,BETMGM,0.00,0.00,,,,,,,,,0,0,0,0.00%,,,WINNER,,LOSER,,0,WINNER,1,,0.00%,TOURNAMENT,WINNER,  - WINNER -  
  - LOSER -  , , ,  - VS -  ,BETMGM,0.00,0.00,,,,,,,,,0,0,0,0.00%,,,WINNER,,LOSER,,0,WINNER,1,,0.00%,TOURNAMENT,WINNER,  - WINNER -  
  - LOSER -  , , ,  - VS -  ,BETMGM,0.00,0.00,,,,,,,,,0,0,0,0.00%,,,WINNER,,LOSER,,0,WINNER,1,,0.00%,TOURNAMENT,WINNER,  - WINNER -  
  - LOSER -  , , ,  - VS -  ,BETMGM,0.00,0.00,,,,,,,,,0,0,0,0.00%,,,WINNER,,LOSER,,0,WINNER,1,,0.00%,TOURNAMENT,WINNER,  - WINNER -  
  - LOSER -  , , ,  - VS -  ,BETMGM,0.00,0.00,,,,,,,,,0,0,0,0.00%,,,WINNER,,LOSER,,0,WINNER,1,,0.00%,TOURNAMENT,WINNER,  - WINNER -  
  - LOSER -  , , ,  - VS -  ,BETMGM,0.00,0.00,,,,,,,,,0,0,0,0.00%,,,WINNER,,LOSER,,0,WINNER,1,,0.00%,TOURNAMENT,WINNER,  - WINNER -  
  - LOSER -  , , ,  - VS -  ,BETMGM,0.00,0.00,,,,,,,,,0,0,0,0.00%,,,WINNER,,LOSER,,0,WINNER,1,,0.00%,TOURNAMENT,WINNER,  - WINNER -  
  - LOSER -  , , ,  - VS -  ,BETMGM,0.00,0.00,,,,,,,,,0,0,0,0.00%,,,WINNER,,LOSER,,0,WINNER,1,,0.00%,TOURNAMENT,WINNER,  - WINNER -  
  - LOSER -  , , ,  - VS -  ,BETMGM,0.00,0.00,,,,,,,,,0,0,0,0.00%,,,WINNER,,LOSER,,0,WINNER,1,,0.00%,TOURNAMENT,WINNER,  - WINNER -  
  - LOSER -  , , ,  - VS -  ,BETMGM,0.00,0.00,,,,,,,,,0,0,0,0.00%,,,WINNER,,LOSER,,0,WINNER,1,,0.00%,TOURNAMENT,WINNER,  - WINNER -  
  - LOSER -  , , ,  - VS -  ,BETMGM,0.00,0.00,,,,,,,,,0,0,0,0.00%,,,WINNER,,LOSER,,0,WINNER,1,,0.00%,TOURNAMENT,WINNER,  - WINNER -  
  - LOSER -  , , ,  - VS -  ,BETMGM,0.00,0.00,,,,,,,,,0,0,0,0.00%,,,WINNER,,LOSER,,0,WINNER,1,,0.00%,TOURNAMENT,WINNER,  - WINNER -  
  - LOSER -  , , ,  - VS -  ,BETMGM,0.00,0.00,,,,,,,,,0,0,0,0.00%,,,WINNER,,LOSER,,0,WINNER,1,,0.00%,TOURNAMENT,WINNER,  - WINNER -  
  - LOSER -  , , ,  - VS -  ,BETMGM,0.00,0.00,,,,,,,,,0,0,0,0.00%,,,WINNER,,LOSER,,0,WINNER,1,,0.00%,TOURNAMENT,WINNER,  - WINNER -  
  - LOSER -  , , ,  - VS -  ,BETMGM,0.00,0.00,,,,,,,,,0,0,0,0.00%,,,WINNER,,LOSER,,0,WINNER,1,,0.00%,TOURNAMENT,WINNER,  - WINNER -  
  - LOSER -  , , ,  - VS -  ,BETMGM,0.00,0.00,,,,,,,,,0,0,0,0.00%,,,WINNER,,LOSER,,0,WINNER,1,,0.00%,TOURNAMENT,WINNER,  - WINNER -  
  - LOSER -  , , ,  - VS -  ,BETMGM,0.00,0.00,,,,,,,,,0,0,0,0.00%,,,WINNER,,LOSER,,0,WINNER,1,,0.00%,TOURNAMENT,WINNER,  - WINNER -  
  - LOSER -  , , ,  - VS -  ,BETMGM,0.00,0.00,,,,,,,,,0,0,0,0.00%,,,WINNER,,LOSER,,0,WINNER,1,,0.00%,TOURNAMENT,WINNER,  - WINNER -  
  - LOSER -  , , ,  - VS -  ,BETMGM,0.00,0.00,,,,,,,,,0,0,0,0.00%,,,WINNER,,LOSER,,0,WINNER,1,,0.00%,TOURNAMENT,WINNER,  - WINNER -  
  - LOSER -  , , ,  - VS -  ,BETMGM,0.00,0.00,,,,,,,,,0,0,0,0.00%,,,WINNER,,LOSER,,0,WINNER,1,,0.00%,TOURNAMENT,WINNER,  - WINNER -  
  - LOSER -  , , ,  - VS -  ,BETMGM,0.00,0.00,,,,,,,,,0,0,0,0.00%,,,WINNER,,LOSER,,0,WINNER,1,,0.00%,TOURNAMENT,WINNER,  - WINNER -  
  - LOSER -  , , ,  - VS -  ,BETMGM,0.00,0.00,,,,,,,,,0,0,0,0.00%,,,WINNER,,LOSER,,0,WINNER,1,,0.00%,TOURNAMENT,WINNER,  - WINNER -  
  - LOSER -  , , ,  - VS -  ,BETMGM,0.00,0.00,,,,,,,,,0,0,0,0.00%,,,WINNER,,LOSER,,0,WINNER,1,,0.00%,TOURNAMENT,WINNER,  - WINNER -  
  - LOSER -  , , ,  - VS -  ,BETMGM,0.00,0.00,,,,,,,,,0,0,0,0.00%,,,WINNER,,LOSER,,0,WINNER,1,,0.00%,TOURNAMENT,WINNER,  - WINNER -  
  - LOSER -  , , ,  - VS -  ,BETMGM,0.00,0.00,,,,,,,,,0,0,0,0.00%,,,WINNER,,LOSER,,0,WINNER,1,,0.00%,TOURNAMENT,WINNER,  - WINNER -  
  - LOSER -  , , ,  - VS -  ,BETMGM,0.00,0.00,,,,,,,,,0,0,0,0.00%,,,WINNER,,LOSER,,0,WINNER,1,,0.00%,TOURNAMENT,WINNER,  - WINNER -  
  - LOSER -  , , ,  - VS -  ,BETMGM,0.00,0.00,,,,,,,,,0,0,0,0.00%,,,WINNER,,LOSER,,0,WINNER,1,,0.00%,TOURNAMENT,WINNER,  - WINNER -  
  - LOSER -  , , ,  - VS -  ,BETMGM,0.00,0.00,,,,,,,,,0,0,0,0.00%,,,WINNER,,LOSER,,0,WINNER,1,,0.00%,TOURNAMENT,WINNER,  - WINNER -  
  - LOSER -  , , ,  - VS -  ,BETMGM,0.00,0.00,,,,,,,,,0,0,0,0.00%,,,WINNER,,LOSER,,0,WINNER,1,,0.00%,TOURNAMENT,WINNER,  - WINNER -  
  - LOSER -  , , ,  - VS -  ,BETMGM,0.00,0.00,,,,,,,,,0,0,0,0.00%,,,WINNER,,LOSER,,0,WINNER,1,,0.00%,TOURNAMENT,WINNER,  - WINNER -  
  - LOSER -  , , ,  - VS -  ,BETMGM,0.00,0.00,,,,,,,,,0,0,0,0.00%,,,WINNER,,LOSER,,0,WINNER,1,,0.00%,TOURNAMENT,WINNER,  - WINNER -  
  - LOSER -  , , ,  - VS -  ,BETMGM,0.00,0.00,,,,,,,,,0,0,0,0.00%,,,WINNER,,LOSER,,0,WINNER,1,,0.00%,TOURNAMENT,WINNER,  - WINNER -  
  - LOSER -  , , ,  - VS -  ,BETMGM,0.00,0.00,,,,,,,,,0,0,0,0.00%,,,WINNER,,LOSER,,0,WINNER,1,,0.00%,TOURNAMENT,WINNER,  - WINNER -  
  - LOSER -  , , ,  - VS -  ,BETMGM,0.00,0.00,,,,,,,,,0,0,0,0.00%,,,WINNER,,LOSER,,0,WINNER,1,,0.00%,TOURNAMENT,WINNER,  - WINNER -  
  - LOSER -  , , ,  - VS -  ,BETMGM,0.00,0.00,,,,,,,,,0,0,0,0.00%,,,WINNER,,LOSER,,0,WINNER,1,,0.00%,TOURNAMENT,WINNER,  - WINNER -  
  - LOSER -  , , ,  - VS -  ,BETMGM,0.00,0.00,,,,,,,,,0,0,0,0.00%,,,WINNER,,LOSER,,0,WINNER,1,,0.00%,TOURNAMENT,WINNER,  - WINNER -  
  - LOSER -  , , ,  - VS -  ,BETMGM,0.00,0.00,,,,,,,,,0,0,0,0.00%,,,WINNER,,LOSER,,0,WINNER,1,,0.00%,TOURNAMENT,WINNER,  - WINNER -  
  - LOSER -  , , ,  - VS -  ,BETMGM,0.00,0.00,,,,,,,,,0,0,0,0.00%,,,WINNER,,LOSER,,0,WINNER,1,,0.00%,TOURNAMENT,WINNER,  - WINNER -  
  - LOSER -  , , ,  - VS -  ,BETMGM,0.00,0.00,,,,,,,,,0,0,0,0.00%,,,WINNER,,LOSER,,0,WINNER,1,,0.00%,TOURNAMENT,WINNER,  - WINNER -  
Brendon Todd - LOSER - Mackenzie Hughes,Brendon Todd,Mackenzie Hughes,Brendon Todd - VS - Mackenzie Hughes,BOVADA,400.00,170.00,5,2.7,0.5595854922,0.440414508,0.5843795624,0.4156204376,28.57833333,40.705,69.28333333,0.4124849651,0.5875150349,0.00%,2.48%,-2.48%,WINNER,-14.71%,LOSER,14.71%,-0.1750300698,WINNER,1,-14.71%,-2.48%,TOURNAMENT,LOSER,Brendon Todd - LOSER - Mackenzie Hughes
Ben Martin - LOSER - Kevin Roy,Ben Martin,Kevin Roy,Ben Martin - VS - Kevin Roy,BOVADA,240.00,-105.00,3.4,1.952380952,0.5795053004,0.420494700,0.5832290363,0.4167709637,32.30333333,41.215,73.51833333,0.439391535,0.560608465,0.00%,0.37%,-0.37%,WINNER,-14.01%,LOSER,14.01%,-0.12121693,WINNER,1,-14.01%,-0.37%,TOURNAMENT,LOSER,Ben Martin - LOSER - Kevin Roy
Ben Silverman - WINNER - Tyler Duncan,Ben Silverman,Tyler Duncan,Ben Silverman - VS - Tyler Duncan,BOVADA,240.00,190.00,3.4,2.9,0.5186289121,0.481371088,0.5099741783,0.4900258217,33.35,33.35,66.7,0.5,0.5,0.00%,-0.87%,0.87%,WINNER,-1.86%,WINNER,1.86%,0,WINNER,1,-1.86%,0.87%,TOURNAMENT,LOSER,Ben Silverman - LOSER - Tyler Duncan
Erik Van Rooyen - LOSER - Christiaan Bezuidenhout,Erik Van Rooyen,Christiaan Bezuidenhout,Erik Van Rooyen - VS - Christiaan Bezuidenhout,BOVADA,225.00,170.00,3.25,2.7,0.5237068966,0.476293103,0.5356271856,0.4643728144,34.14833333,41.08166667,75.23,0.4539190926,0.5460809074,0.00%,1.19%,-1.19%,WINNER,-6.98%,LOSER,6.98%,-0.09216181488,WINNER,1,-6.98%,-1.19%,TOURNAMENT,LOSER,Erik Van Rooyen - LOSER - Christiaan Bezuidenhout
Billy Horschel - LOSER - Chris Kirk,Billy Horschel,Chris Kirk,Billy Horschel - VS - Chris Kirk,BOVADA,130.00,160.00,2.3,2.6,0.4787535411,0.521246459,0.5010523682,0.4989476318,41.305,42.29833333,83.60333333,0.494059248,0.505940752,0.00%,2.23%,-2.23%,LOSER,1.53%,LOSER,,-0.01188150393,WINNER,0,1.53%,-2.23%,TOURNAMENT,WINNER,Billy Horschel - WINNER - Chris Kirk
Nick Taylor - WINNER - Max Homa,Nick Taylor,Max Homa,Nick Taylor - VS - Max Homa,BOVADA,190.00,175.00,2.9,2.75,0.5072815534,0.492718447,0.5061390046,0.4938609954,41.82166667,42.85333333,84.675,0.4939080799,0.5060919201,0.00%,-0.11%,0.11%,WINNER,-1.34%,WINNER,1.34%,-0.01218384017,WINNER,1,-1.34%,0.11%,TOURNAMENT,LOSER,Nick Taylor - LOSER - Max Homa
Tony Finau - LOSER - Eric Cole,Tony Finau,Eric Cole,Tony Finau - VS - Eric Cole,BOVADA,200.00,125.00,3,2.25,0.5454545455,0.454545455,0.5469464402,0.4530535598,38.155,43.53333333,81.68833333,0.4670801624,0.5329198376,0.00%,0.15%,-0.15%,WINNER,-7.84%,LOSER,7.84%,-0.06583967519,WINNER,1,-7.84%,-0.15%,TOURNAMENT,LOSER,Tony Finau - LOSER - Eric Cole
Lucas Glover - WINNER - Kevin Streelman,Lucas Glover,Kevin Streelman,Lucas Glover - VS - Kevin Streelman,BOVADA,145.00,135.00,2.45,2.35,0.5074460164,0.492553984,0.4940543883,0.5059456117,36.30166667,33.49,69.79166667,0.5201432836,0.4798567164,0.00%,-1.34%,1.34%,WINNER,1.27%,WINNER,,0.04028656716,LOSER,0,1.27%,1.34%,TOURNAMENT,WINNER,Lucas Glover - WINNER - Kevin Streelman
Ben Kohles - LOSER - Lee Hodges,Ben Kohles,Lee Hodges,Ben Kohles - VS - Lee Hodges,BOVADA,125.00,180.00,2.25,2.8,0.4635761589,0.536423841,0.4777213385,0.5222786615,42.53166667,39.33666667,81.86833333,0.5195130392,0.4804869608,0.00%,1.41%,-1.41%,LOSER,5.59%,LOSER,5.59%,0.03902607846,LOSER,1,5.59%,-1.41%,TOURNAMENT,WINNER,Ben Kohles - WINNER - Lee Hodges
Emiliano Grillo - LOSER - Takumi Kanaya,Emiliano Grillo,Takumi Kanaya,Emiliano Grillo - VS - Takumi Kanaya,BOVADA,145.00,300.00,2.45,4,0.4410646388,0.558935361,0.4662054783,0.5337945217,40.33166667,35.14,75.47166667,0.534394806,0.465605194,0.00%,2.51%,-2.51%,LOSER,9.33%,LOSER,9.33%,0.068789612,LOSER,1,9.33%,-2.51%,TOURNAMENT,WINNER,Emiliano Grillo - WINNER - Takumi Kanaya
Brice Garnett - WINNER - Adam Svensson,Brice Garnett,Adam Svensson,Brice Garnett - VS - Adam Svensson,BOVADA,250.00,180.00,3.5,2.8,0.5263157895,0.473684211,0.5148923905,0.4851076095,31.62833333,32.4,64.02833333,0.4939740219,0.5060259781,0.00%,-1.14%,1.14%,WINNER,-3.23%,WINNER,3.23%,-0.01205195617,WINNER,1,-3.23%,1.14%,TOURNAMENT,LOSER,Brice Garnett - LOSER - Adam Svensson
Beau Hossler - WINNER - Justin Lower,Beau Hossler,Justin Lower,Beau Hossler - VS - Justin Lower,BOVADA,150.00,200.00,2.5,3,0.4736842105,0.526315789,0.4603361345,0.5396638655,43.22333333,35.285,78.50833333,0.5505572657,0.4494427343,0.00%,-1.33%,1.33%,LOSER,7.69%,WINNER,7.69%,0.1011145314,LOSER,1,7.69%,1.33%,TOURNAMENT,WINNER,Beau Hossler - WINNER - Justin Lower
David Lingmerth - LOSER - Marco Penge,David Lingmerth,Marco Penge,David Lingmerth - VS - Marco Penge,BOVADA,500.00,-150.00,6,1.666666667,0.5813953488,0.418604651,0.5844623201,0.4155376799,25.75333333,44.98333333,70.73666667,0.3640733236,0.6359266764,0.00%,0.31%,-0.31%,WINNER,-21.73%,LOSER,21.73%,-0.2718533528,WINNER,1,-21.73%,-0.31%,TOURNAMENT,LOSER,David Lingmerth - LOSER - Marco Penge
Kristoffer Ventura - LOSER - A.J. Ewart,Kristoffer Ventura,A.J. Ewart,Kristoffer Ventura - VS - A.J. Ewart,BOVADA,-130.00,140.00,1.769230769,2.4,0.4921135647,0.507886435,0.4929444967,0.5070555033,34.95666667,34.95666667,69.91333333,0.5,0.5,0.00%,0.08%,-0.08%,LOSER,0.79%,LOSER,,0,WINNER,0,0.79%,-0.08%,TOURNAMENT,WINNER,Kristoffer Ventura - WINNER - A.J. Ewart
Davis Chatfield - WINNER - Tyson Shelley,Davis Chatfield,Tyson Shelley,Davis Chatfield - VS - Tyson Shelley,BOVADA,170.00,320.00,2.7,4.2,0.4524714829,0.547528517,0.444131308,0.555868692,35.55833333,35.55833333,71.11666667,0.5,0.5,0.00%,-0.83%,0.83%,LOSER,4.75%,WINNER,,0,WINNER,0,4.75%,0.83%,TOURNAMENT,WINNER,Davis Chatfield - WINNER - Tyson Shelley
Marcelo Rozo - WINNER - Hayden Springer,Marcelo Rozo,Hayden Springer,Marcelo Rozo - VS - Hayden Springer,BOVADA,350.00,-115.00,4.5,1.869565217,0.592519685,0.407480315,0.5904051173,0.4095948827,28.805,37.68166667,66.48666667,0.4332447609,0.5667552391,0.00%,-0.21%,0.21%,WINNER,-15.93%,WINNER,15.93%,-0.1335104783,WINNER,1,-15.93%,0.21%,TOURNAMENT,LOSER,Marcelo Rozo - LOSER - Hayden Springer
Christo Lamprecht - LOSER - Chandler Blanchet,Christo Lamprecht,Chandler Blanchet,Christo Lamprecht - VS - Chandler Blanchet,BOVADA,230.00,-120.00,3.3,1.833333333,0.5609756098,0.439024390,0.5609756098,0.4390243902,29.31,34.205,63.515,0.4614657955,0.5385342045,0.00%,0.00%,0.00%,WINNER,-9.95%,LOSER,9.95%,-0.07706840904,WINNER,1,-9.95%,0.00%,TOURNAMENT,LOSER,Christo Lamprecht - LOSER - Chandler Blanchet
Zecheng Dou - LOSER - Zach J. Johnson,Zecheng Dou,Zach J. Johnson,Zecheng Dou - VS - Zach J. Johnson,BOVADA,0.00,0.00,,,,,0.3714285714,0.6285714286,39.76333333,28.20833333,67.97166667,0.5849986514,0.4150013486,0.00%,,,WINNER,,LOSER,,0.1699973028,LOSER,0,,0.00%,TOURNAMENT,WINNER,Zecheng Dou - WINNER - Zach J. Johnson
Patton Kizzire - LOSER - Dylan Wu,Patton Kizzire,Dylan Wu,Patton Kizzire - VS - Dylan Wu,BOVADA,280.00,260.00,3.8,3.6,0.50501002,0.494989980,0.5061703003,0.4938296997,30.06333333,31.53,61.59333333,0.4880939496,0.5119060504,0.00%,0.12%,-0.12%,WINNER,-1.69%,LOSER,1.69%,-0.02381210088,WINNER,1,-1.69%,-0.12%,TOURNAMENT,LOSER,Patton Kizzire - LOSER - Dylan Wu
Peter Malnati - LOSER - Doug Ghim,Peter Malnati,Doug Ghim,Peter Malnati - VS - Doug Ghim,BOVADA,320.00,-172.00,4.2,1.581395349,0.5464590658,0.453540934,0.5503523324,0.4496476676,30.115,45.57333333,75.68833333,0.3978816638,0.6021183362,0.00%,0.39%,-0.39%,WINNER,-14.86%,LOSER,14.86%,-0.2042366723,WINNER,1,-14.86%,-0.39%,TOURNAMENT,LOSER,Peter Malnati - LOSER - Doug Ghim
Rafael Campos - LOSER - Patrick Rodgers,Rafael Campos,Patrick Rodgers,Rafael Campos - VS - Patrick Rodgers,BOVADA,250.00,150.00,3.5,2.5,0.5434782609,0.456521739,0.5429370565,0.4570629435,23.96333333,36.56666667,60.53,0.3958918443,0.6041081557,0.00%,-0.05%,0.05%,WINNER,-14.76%,LOSER,14.76%,-0.2082163115,WINNER,1,-14.76%,0.05%,TOURNAMENT,LOSER,Rafael Campos - LOSER - Patrick Rodgers
Tom Hoge - LOSER - Mac Meissner,Tom Hoge,Mac Meissner,Tom Hoge - VS - Mac Meissner,BOVADA,225.00,150.00,3.25,2.5,0.5357142857,0.464285714,0.5455852098,0.4544147902,35.16,41.38333333,76.54333333,0.4593476462,0.5406523538,0.00%,0.99%,-0.99%,WINNER,-7.64%,LOSER,7.64%,-0.08130470757,WINNER,1,-7.64%,-0.99%,TOURNAMENT,LOSER,Tom Hoge - LOSER - Mac Meissner
Max Greyserman - LOSER - Rasmus Hojgaard,Max Greyserman,Rasmus Hojgaard,Max Greyserman - VS - Rasmus Hojgaard,BOVADA,200.00,220.00,3,3.2,0.4923076923,0.507692308,0.4962138811,0.5037861189,40.47666667,41.64166667,82.11833333,0.4929065779,0.5070934221,0.00%,0.39%,-0.39%,LOSER,0.06%,LOSER,,-0.01418684419,WINNER,0,0.06%,-0.39%,TOURNAMENT,LOSER,Max Greyserman - LOSER - Rasmus Hojgaard
David Skinns - LOSER - David Lipsky,David Skinns,David Lipsky,David Skinns - VS - David Lipsky,BOVADA,175.00,175.00,2.75,2.75,0.5,0.500000000,0.5078175338,0.4921824662,31.88333333,31.82,63.70333333,0.5004970959,0.4995029041,0.00%,0.78%,-0.78%,LOSER,0.05%,LOSER,0.05%,0.0009941918267,LOSER,1,0.05%,-0.78%,TOURNAMENT,LOSER,David Skinns - LOSER - David Lipsky
Michael Brennan - WINNER - Ben James,Michael Brennan,Ben James,Michael Brennan - VS - Ben James,BOVADA,175.00,175.00,2.75,2.75,0.5,0.500000000,0.4988702188,0.5011297812,44.11,44.11,88.22,0.5,0.5,0.00%,-0.11%,0.11%,LOSER,0.00%,WINNER,,0,WINNER,0,0.00%,0.11%,TOURNAMENT,LOSER,Michael Brennan - LOSER - Ben James
Kevin Yu - LOSER - Aaron Wise,Kevin Yu,Aaron Wise,Kevin Yu - VS - Aaron Wise,BOVADA,-110.00,400.00,1.909090909,5,0.3956834532,0.604316547,0.4010152284,0.5989847716,42.54166667,30.795,73.33666667,0.5800872688,0.4199127312,0.00%,0.53%,-0.53%,LOSER,18.44%,LOSER,18.44%,0.1601745375,LOSER,1,18.44%,-0.53%,TOURNAMENT,WINNER,Kevin Yu - WINNER - Aaron Wise
Harry Hall - WINNER - Matt McCarty,Harry Hall,Matt McCarty,Harry Hall - VS - Matt McCarty,BOVADA,175.00,175.00,2.75,2.75,0.5,0.500000000,0.4915508348,0.5084491652,41.46333333,0,41.46333333,1,0,0.00%,-0.84%,0.84%,LOSER,,WINNER,,1,LOSER,1,50.00%,0.84%,TOURNAMENT,WINNER,Harry Hall - WINNER - Matt McCarty
Stephan Jaeger - LOSER - Davis Riley,Stephan Jaeger,Davis Riley,Stephan Jaeger - VS - Davis Riley,BOVADA,145.00,300.00,2.45,4,0.4410646388,0.558935361,0.4471474552,0.5528525448,40.02833333,30.30333333,70.33166667,0.5691367094,0.4308632906,0.00%,0.61%,-0.61%,LOSER,12.81%,LOSER,12.81%,0.1382734188,LOSER,1,12.81%,-0.61%,TOURNAMENT,WINNER,Stephan Jaeger - WINNER - Davis Riley
Zac Blair - LOSER - Max McGreevy,Zac Blair,Max McGreevy,Zac Blair - VS - Max McGreevy,BOVADA,135.00,130.00,2.35,2.3,0.5040584416,0.495941558,0.5038264285,0.4961735715,35.95833333,35.68666667,71.645,0.501895922,0.498104078,0.00%,-0.02%,0.02%,WINNER,-0.22%,LOSER,,0.003791844046,LOSER,0,-0.22%,0.02%,TOURNAMENT,LOSER,Zac Blair - LOSER - Max McGreevy
Steven Fisk - LOSER - Joe Highsmith,Steven Fisk,Joe Highsmith,Steven Fisk - VS - Joe Highsmith,BOVADA,125.00,300.00,2.25,4,0.4255319149,0.574468085,0.437615079,0.562384921,37.37166667,30.33,67.70166667,0.5520051205,0.4479948795,0.00%,1.21%,-1.21%,LOSER,12.65%,LOSER,12.65%,0.104010241,LOSER,1,12.65%,-1.21%,TOURNAMENT,WINNER,Steven Fisk - WINNER - Joe Highsmith
Joel Dahmen - LOSER - Andrew Putnam,Joel Dahmen,Andrew Putnam,Joel Dahmen - VS - Andrew Putnam,BOVADA,135.00,225.00,2.35,3.25,0.4534883721,0.546511628,0.4742924629,0.5257075371,34.33166667,34.53833333,68.87,0.4984995886,0.5015004114,0.00%,2.08%,-2.08%,LOSER,4.50%,LOSER,,-0.003000822806,WINNER,0,4.50%,-2.08%,TOURNAMENT,WINNER,Joel Dahmen - WINNER - Andrew Putnam
Seamus Power - LOSER - Matt Wallace,Seamus Power,Matt Wallace,Seamus Power - VS - Matt Wallace,BOVADA,225.00,150.00,3.25,2.5,0.5357142857,0.464285714,0.548621703,0.451378297,37.32,43.17,80.49,0.463660082,0.536339918,0.00%,1.29%,-1.29%,WINNER,-7.21%,LOSER,7.21%,-0.072679836,WINNER,1,-7.21%,-1.29%,TOURNAMENT,LOSER,Seamus Power - LOSER - Matt Wallace
Kensei Hirata - WINNER - Patrick Fishburn,Kensei Hirata,Patrick Fishburn,Kensei Hirata - VS - Patrick Fishburn,BOVADA,375.00,130.00,4.75,2.3,0.5827702703,0.417229730,0.5733496333,0.4266503667,25.44,35.695,61.135,0.4161282408,0.5838717592,0.00%,-0.94%,0.94%,WINNER,-16.66%,WINNER,16.66%,-0.1677435184,WINNER,1,-16.66%,0.94%,TOURNAMENT,LOSER,Kensei Hirata - LOSER - Patrick Fishburn
Michael Thompson - LOSER - Haotong Li,Michael Thompson,Haotong Li,Michael Thompson - VS - Haotong Li,BOVADA,350.00,-130.00,4.5,1.769230769,0.5791366906,0.420863309,0.5783261803,0.4216738197,27.39833333,27.39833333,54.79666667,0.5,0.5,0.00%,-0.08%,0.08%,WINNER,-7.91%,LOSER,7.91%,0,WINNER,1,-7.91%,0.08%,TOURNAMENT,LOSER,Michael Thompson - LOSER - Haotong Li
Paul Peterson - LOSER - Adrien Dumont De Chassart,Paul Peterson,Adrien Dumont De Chassart,Paul Peterson - VS - Adrien Dumont De Chassart,BOVADA,120.00,105.00,2.2,2.05,0.5157232704,0.484276730,0.5157232704,0.4842767296,31.175,34.34,65.515,0.4758452263,0.5241547737,0.00%,0.00%,0.00%,WINNER,-3.99%,LOSER,3.99%,-0.04830954743,WINNER,1,-3.99%,0.00%,TOURNAMENT,LOSER,Paul Peterson - LOSER - Adrien Dumont De Chassart
Jimmy Stanger - WINNER - David Ford,Jimmy Stanger,David Ford,Jimmy Stanger - VS - David Ford,BOVADA,280.00,115.00,3.8,2.15,0.5794032724,0.420596728,0.5703427124,0.4296572876,29.33,36.44333333,65.77333333,0.4459254004,0.5540745996,0.00%,-0.91%,0.91%,WINNER,-13.35%,WINNER,13.35%,-0.1081491993,WINNER,1,-13.35%,0.91%,TOURNAMENT,LOSER,Jimmy Stanger - LOSER - David Ford
John VanDerLaan - LOSER - Pontus Nyholm,John VanDerLaan,Pontus Nyholm,John VanDerLaan - VS - Pontus Nyholm,BOVADA,105.00,130.00,2.05,2.3,0.4753937008,0.524606299,0.4753937008,0.5246062992,33.92166667,32.805,66.72666667,0.5083674693,0.4916325307,0.00%,0.00%,0.00%,LOSER,3.30%,LOSER,3.30%,0.01673493856,LOSER,1,3.30%,0.00%,TOURNAMENT,WINNER,John VanDerLaan - WINNER - Pontus Nyholm
Alejandro Tosti - LOSER - Jesper Svensson,Alejandro Tosti,Jesper Svensson,Alejandro Tosti - VS - Jesper Svensson,BOVADA,160.00,100.00,2.6,2,0.5517241379,0.448275862,0.5517241379,0.4482758621,29.63333333,35.69833333,65.33166667,0.4535829996,0.5464170004,0.00%,0.00%,0.00%,WINNER,-9.81%,LOSER,9.81%,-0.09283400087,WINNER,1,-9.81%,0.00%,TOURNAMENT,LOSER,Alejandro Tosti - LOSER - Jesper Svensson
Harry Higgs - LOSER - Hank Lebioda,Harry Higgs,Hank Lebioda,Harry Higgs - VS - Hank Lebioda,BOVADA,0.00,0.00,,,,,0.4979019023,0.5020980977,31.485,31.485,62.97,0.5,0.5,0.00%,,,WINNER,,LOSER,,0,WINNER,1,,0.00%,TOURNAMENT,WINNER,Harry Higgs - WINNER - Hank Lebioda
  - LOSER -  , , ,  - VS -  ,BOVADA,0.00,0.00,,,,,,,,,0,0,0,0.00%,,,WINNER,,LOSER,,0,WINNER,1,,0.00%,TOURNAMENT,WINNER,  - WINNER -  
  - LOSER -  , , ,  - VS -  ,BOVADA,0.00,0.00,,,,,,,,,0,0,0,0.00%,,,WINNER,,LOSER,,0,WINNER,1,,0.00%,TOURNAMENT,WINNER,  - WINNER -  
  - LOSER -  , , ,  - VS -  ,BOVADA,0.00,0.00,,,,,,,,,0,0,0,0.00%,,,WINNER,,LOSER,,0,WINNER,1,,0.00%,TOURNAMENT,WINNER,  - WINNER -  
  - LOSER -  , , ,  - VS -  ,BOVADA,0.00,0.00,,,,,,,,,0,0,0,0.00%,,,WINNER,,LOSER,,0,WINNER,1,,0.00%,TOURNAMENT,WINNER,  - WINNER -  
  - LOSER -  , , ,  - VS -  ,BOVADA,0.00,0.00,,,,,,,,,0,0,0,0.00%,,,WINNER,,LOSER,,0,WINNER,1,,0.00%,TOURNAMENT,WINNER,  - WINNER -  
  - LOSER -  , , ,  - VS -  ,BOVADA,0.00,0.00,,,,,,,,,0,0,0,0.00%,,,WINNER,,LOSER,,0,WINNER,1,,0.00%,TOURNAMENT,WINNER,  - WINNER -  
  - LOSER -  , , ,  - VS -  ,BOVADA,0.00,0.00,,,,,,,,,0,0,0,0.00%,,,WINNER,,LOSER,,0,WINNER,1,,0.00%,TOURNAMENT,WINNER,  - WINNER -  
  - LOSER -  , , ,  - VS -  ,BOVADA,0.00,0.00,,,,,,,,,0,0,0,0.00%,,,WINNER,,LOSER,,0,WINNER,1,,0.00%,TOURNAMENT,WINNER,  - WINNER -  
  - LOSER -  , , ,  - VS -  ,BOVADA,0.00,0.00,,,,,,,,,0,0,0,0.00%,,,WINNER,,LOSER,,0,WINNER,1,,0.00%,TOURNAMENT,WINNER,  - WINNER -  
  - LOSER -  , , ,  - VS -  ,BOVADA,0.00,0.00,,,,,,,,,0,0,0,0.00%,,,WINNER,,LOSER,,0,WINNER,1,,0.00%,TOURNAMENT,WINNER,  - WINNER -  
  - LOSER -  , , ,  - VS -  ,BOVADA,0.00,0.00,,,,,,,,,0,0,0,0.00%,,,WINNER,,LOSER,,0,WINNER,1,,0.00%,TOURNAMENT,WINNER,  - WINNER -  
  - LOSER -  , , ,  - VS -  ,BOVADA,0.00,0.00,,,,,,,,,0,0,0,0.00%,,,WINNER,,LOSER,,0,WINNER,1,,0.00%,TOURNAMENT,WINNER,  - WINNER -  
  - LOSER -  , , ,  - VS -  ,BOVADA,0.00,0.00,,,,,,,,,0,0,0,0.00%,,,WINNER,,LOSER,,0,WINNER,1,,0.00%,TOURNAMENT,WINNER,  - WINNER -  
  - LOSER -  , , ,  - VS -  ,BOVADA,0.00,0.00,,,,,,,,,0,0,0,0.00%,,,WINNER,,LOSER,,0,WINNER,1,,0.00%,TOURNAMENT,WINNER,  - WINNER -  
  - LOSER -  , , ,  - VS -  ,BOVADA,0.00,0.00,,,,,,,,,0,0,0,0.00%,,,WINNER,,LOSER,,0,WINNER,1,,0.00%,TOURNAMENT,WINNER,  - WINNER -  
  - LOSER -  , , ,  - VS -  ,BOVADA,0.00,0.00,,,,,,,,,0,0,0,0.00%,,,WINNER,,LOSER,,0,WINNER,1,,0.00%,TOURNAMENT,WINNER,  - WINNER -  
  - LOSER -  , , ,  - VS -  ,BOVADA,0.00,0.00,,,,,,,,,0,0,0,0.00%,,,WINNER,,LOSER,,0,WINNER,1,,0.00%,TOURNAMENT,WINNER,  - WINNER -  
  - LOSER -  , , ,  - VS -  ,BOVADA,0.00,0.00,,,,,,,,,0,0,0,0.00%,,,WINNER,,LOSER,,0,WINNER,1,,0.00%,TOURNAMENT,WINNER,  - WINNER -  
  - LOSER -  , , ,  - VS -  ,BOVADA,0.00,0.00,,,,,,,,,0,0,0,0.00%,,,WINNER,,LOSER,,0,WINNER,1,,0.00%,TOURNAMENT,WINNER,  - WINNER -  
  - LOSER -  , , ,  - VS -  ,BOVADA,0.00,0.00,,,,,,,,,0,0,0,0.00%,,,WINNER,,LOSER,,0,WINNER,1,,0.00%,TOURNAMENT,WINNER,  - WINNER -  
  - LOSER -  , , ,  - VS -  ,BOVADA,0.00,0.00,,,,,,,,,0,0,0,0.00%,,,WINNER,,LOSER,,0,WINNER,1,,0.00%,TOURNAMENT,WINNER,  - WINNER -  
  - LOSER -  , , ,  - VS -  ,BOVADA,0.00,0.00,,,,,,,,,0,0,0,0.00%,,,WINNER,,LOSER,,0,WINNER,1,,0.00%,TOURNAMENT,WINNER,  - WINNER -  
  - LOSER -  , , ,  - VS -  ,BOVADA,0.00,0.00,,,,,,,,,0,0,0,0.00%,,,WINNER,,LOSER,,0,WINNER,1,,0.00%,TOURNAMENT,WINNER,  - WINNER -  
  - LOSER -  , , ,  - VS -  ,BOVADA,0.00,0.00,,,,,,,,,0,0,0,0.00%,,,WINNER,,LOSER,,0,WINNER,1,,0.00%,TOURNAMENT,WINNER,  - WINNER -  
  - LOSER -  , , ,  - VS -  ,BOVADA,0.00,0.00,,,,,,,,,0,0,0,0.00%,,,WINNER,,LOSER,,0,WINNER,1,,0.00%,TOURNAMENT,WINNER,  - WINNER -  
  - LOSER -  , , ,  - VS -  ,BOVADA,0.00,0.00,,,,,,,,,0,0,0,0.00%,,,WINNER,,LOSER,,0,WINNER,1,,0.00%,TOURNAMENT,WINNER,  - WINNER -  
  - LOSER -  , , ,  - VS -  ,BOVADA,0.00,0.00,,,,,,,,,0,0,0,0.00%,,,WINNER,,LOSER,,0,WINNER,1,,0.00%,TOURNAMENT,WINNER,  - WINNER -  
  - LOSER -  , , ,  - VS -  ,BOVADA,0.00,0.00,,,,,,,,,0,0,0,0.00%,,,WINNER,,LOSER,,0,WINNER,1,,0.00%,TOURNAMENT,WINNER,  - WINNER -  
  - LOSER -  , , ,  - VS -  ,BOVADA,0.00,0.00,,,,,,,,,0,0,0,0.00%,,,WINNER,,LOSER,,0,WINNER,1,,0.00%,TOURNAMENT,WINNER,  - WINNER -  
  - LOSER -  , , ,  - VS -  ,BOVADA,0.00,0.00,,,,,,,,,0,0,0,0.00%,,,WINNER,,LOSER,,0,WINNER,1,,0.00%,TOURNAMENT,WINNER,  - WINNER -  
  - LOSER -  , , ,  - VS -  ,BOVADA,0.00,0.00,,,,,,,,,0,0,0,0.00%,,,WINNER,,LOSER,,0,WINNER,1,,0.00%,TOURNAMENT,WINNER,  - WINNER -  
  - LOSER -  , , ,  - VS -  ,BOVADA,0.00,0.00,,,,,,,,,0,0,0,0.00%,,,WINNER,,LOSER,,0,WINNER,1,,0.00%,TOURNAMENT,WINNER,  - WINNER -  
  - LOSER -  , , ,  - VS -  ,BOVADA,0.00,0.00,,,,,,,,,0,0,0,0.00%,,,WINNER,,LOSER,,0,WINNER,1,,0.00%,TOURNAMENT,WINNER,  - WINNER -  
  - LOSER -  , , ,  - VS -  ,BOVADA,0.00,0.00,,,,,,,,,0,0,0,0.00%,,,WINNER,,LOSER,,0,WINNER,1,,0.00%,TOURNAMENT,WINNER,  - WINNER -  
  - LOSER -  , , ,  - VS -  ,BOVADA,0.00,0.00,,,,,,,,,0,0,0,0.00%,,,WINNER,,LOSER,,0,WINNER,1,,0.00%,TOURNAMENT,WINNER,  - WINNER -  
  - LOSER -  , , ,  - VS -  ,BOVADA,0.00,0.00,,,,,,,,,0,0,0,0.00%,,,WINNER,,LOSER,,0,WINNER,1,,0.00%,TOURNAMENT,WINNER,  - WINNER -  
  - LOSER -  , , ,  - VS -  ,BOVADA,0.00,0.00,,,,,,,,,0,0,0,0.00%,,,WINNER,,LOSER,,0,WINNER,1,,0.00%,TOURNAMENT,WINNER,  - WINNER -  
  - LOSER -  , , ,  - VS -  ,BOVADA,0.00,0.00,,,,,,,,,0,0,0,0.00%,,,WINNER,,LOSER,,0,WINNER,1,,0.00%,TOURNAMENT,WINNER,  - WINNER -  
  - LOSER -  , , ,  - VS -  ,BOVADA,0.00,0.00,,,,,,,,,0,0,0,0.00%,,,WINNER,,LOSER,,0,WINNER,1,,0.00%,TOURNAMENT,WINNER,  - WINNER -  
  - LOSER -  , , ,  - VS -  ,BOVADA,0.00,0.00,,,,,,,,,0,0,0,0.00%,,,WINNER,,LOSER,,0,WINNER,1,,0.00%,TOURNAMENT,WINNER,  - WINNER -  
  - LOSER -  , , ,  - VS -  ,BOVADA,0.00,0.00,,,,,,,,,0,0,0,0.00%,,,WINNER,,LOSER,,0,WINNER,1,,0.00%,TOURNAMENT,WINNER,  - WINNER -  
  - LOSER -  , , ,  - VS -  ,BOVADA,0.00,0.00,,,,,,,,,0,0,0,0.00%,,,WINNER,,LOSER,,0,WINNER,1,,0.00%,TOURNAMENT,WINNER,  - WINNER -  
  - LOSER -  , , ,  - VS -  ,BOVADA,0.00,0.00,,,,,,,,,0,0,0,0.00%,,,WINNER,,LOSER,,0,WINNER,1,,0.00%,TOURNAMENT,WINNER,  - WINNER -  
  - LOSER -  , , ,  - VS -  ,BOVADA,0.00,0.00,,,,,,,,,0,0,0,0.00%,,,WINNER,,LOSER,,0,WINNER,1,,0.00%,TOURNAMENT,WINNER,  - WINNER -  
  - LOSER -  , , ,  - VS -  ,BOVADA,0.00,0.00,,,,,,,,,0,0,0,0.00%,,,WINNER,,LOSER,,0,WINNER,1,,0.00%,TOURNAMENT,WINNER,  - WINNER -  
  - LOSER -  , , ,  - VS -  ,BOVADA,0.00,0.00,,,,,,,,,0,0,0,0.00%,,,WINNER,,LOSER,,0,WINNER,1,,0.00%,TOURNAMENT,WINNER,  - WINNER -  
  - LOSER -  , , ,  - VS -  ,BOVADA,0.00,0.00,,,,,,,,,0,0,0,0.00%,,,WINNER,,LOSER,,0,WINNER,1,,0.00%,TOURNAMENT,WINNER,  - WINNER -  
  - LOSER -  , , ,  - VS -  ,BOVADA,0.00,0.00,,,,,,,,,0,0,0,0.00%,,,WINNER,,LOSER,,0,WINNER,1,,0.00%,TOURNAMENT,WINNER,  - WINNER -  
  - LOSER -  , , ,  - VS -  ,BOVADA,0.00,0.00,,,,,,,,,0,0,0,0.00%,,,WINNER,,LOSER,,0,WINNER,1,,0.00%,TOURNAMENT,WINNER,  - WINNER -  
  - LOSER -  , , ,  - VS -  ,BOVADA,0.00,0.00,,,,,,,,,0,0,0,0.00%,,,WINNER,,LOSER,,0,WINNER,1,,0.00%,TOURNAMENT,WINNER,  - WINNER -  
  - LOSER -  , , ,  - VS -  ,BOVADA,0.00,0.00,,,,,,,,,0,0,0,0.00%,,,WINNER,,LOSER,,0,WINNER,1,,0.00%,TOURNAMENT,WINNER,  - WINNER -  
  - LOSER -  , , ,  - VS -  ,BOVADA,0.00,0.00,,,,,,,,,0,0,0,0.00%,,,WINNER,,LOSER,,0,WINNER,1,,0.00%,TOURNAMENT,WINNER,  - WINNER -  
  - LOSER -  , , ,  - VS -  ,BOVADA,0.00,0.00,,,,,,,,,0,0,0,0.00%,,,WINNER,,LOSER,,0,WINNER,1,,0.00%,TOURNAMENT,WINNER,  - WINNER -  
  - LOSER -  , , ,  - VS -  ,BOVADA,0.00,0.00,,,,,,,,,0,0,0,0.00%,,,WINNER,,LOSER,,0,WINNER,1,,0.00%,TOURNAMENT,WINNER,  - WINNER -  
  - LOSER -  , , ,  - VS -  ,BOVADA,0.00,0.00,,,,,,,,,0,0,0,0.00%,,,WINNER,,LOSER,,0,WINNER,1,,0.00%,TOURNAMENT,WINNER,  - WINNER -  
  - LOSER -  , , ,  - VS -  ,BOVADA,0.00,0.00,,,,,,,,,0,0,0,0.00%,,,WINNER,,LOSER,,0,WINNER,1,,0.00%,TOURNAMENT,WINNER,  - WINNER -  
  - LOSER -  , , ,  - VS -  ,BOVADA,0.00,0.00,,,,,,,,,0,0,0,0.00%,,,WINNER,,LOSER,,0,WINNER,1,,0.00%,TOURNAMENT,WINNER,  - WINNER -  
  - LOSER -  , , ,  - VS -  ,BOVADA,0.00,0.00,,,,,,,,,0,0,0,0.00%,,,WINNER,,LOSER,,0,WINNER,1,,0.00%,TOURNAMENT,WINNER,  - WINNER -  
  - LOSER -  , , ,  - VS -  ,BOVADA,0.00,0.00,,,,,,,,,0,0,0,0.00%,,,WINNER,,LOSER,,0,WINNER,1,,0.00%,TOURNAMENT,WINNER,  - WINNER -  
  - LOSER -  , , ,  - VS -  ,BOVADA,0.00,0.00,,,,,,,,,0,0,0,0.00%,,,WINNER,,LOSER,,0,WINNER,1,,0.00%,TOURNAMENT,WINNER,  - WINNER -  
  - LOSER -  , , ,  - VS -  ,BOVADA,0.00,0.00,,,,,,,,,0,0,0,0.00%,,,WINNER,,LOSER,,0,WINNER,1,,0.00%,TOURNAMENT,WINNER,  - WINNER -  
  - LOSER -  , , ,  - VS -  ,BOVADA,0.00,0.00,,,,,,,,,0,0,0,0.00%,,,WINNER,,LOSER,,0,WINNER,1,,0.00%,TOURNAMENT,WINNER,  - WINNER -  
  - LOSER -  , , ,  - VS -  ,BOVADA,0.00,0.00,,,,,,,,,0,0,0,0.00%,,,WINNER,,LOSER,,0,WINNER,1,,0.00%,TOURNAMENT,WINNER,  - WINNER -  
  - LOSER -  , , ,  - VS -  ,BOVADA,0.00,0.00,,,,,,,,,0,0,0,0.00%,,,WINNER,,LOSER,,0,WINNER,1,,0.00%,TOURNAMENT,WINNER,  - WINNER -  
  - LOSER -  , , ,  - VS -  ,BOVADA,0.00,0.00,,,,,,,,,0,0,0,0.00%,,,WINNER,,LOSER,,0,WINNER,1,,0.00%,TOURNAMENT,WINNER,  - WINNER -  
  - LOSER -  , , ,  - VS -  ,BOVADA,0.00,0.00,,,,,,,,,0,0,0,0.00%,,,WINNER,,LOSER,,0,WINNER,1,,0.00%,TOURNAMENT,WINNER,  - WINNER -  
  - LOSER -  , , ,  - VS -  ,BOVADA,0.00,0.00,,,,,,,,,0,0,0,0.00%,,,WINNER,,LOSER,,0,WINNER,1,,0.00%,TOURNAMENT,WINNER,  - WINNER -  
  - LOSER -  , , ,  - VS -  ,BOVADA,0.00,0.00,,,,,,,,,0,0,0,0.00%,,,WINNER,,LOSER,,0,WINNER,1,,0.00%,TOURNAMENT,WINNER,  - WINNER -  
  - LOSER -  , , ,  - VS -  ,BOVADA,0.00,0.00,,,,,,,,,0,0,0,0.00%,,,WINNER,,LOSER,,0,WINNER,1,,0.00%,TOURNAMENT,WINNER,  - WINNER -  
  - LOSER -  , , ,  - VS -  ,BOVADA,0.00,0.00,,,,,,,,,0,0,0,0.00%,,,WINNER,,LOSER,,0,WINNER,1,,0.00%,TOURNAMENT,WINNER,  - WINNER -  
  - LOSER -  , , ,  - VS -  ,BOVADA,0.00,0.00,,,,,,,,,0,0,0,0.00%,,,WINNER,,LOSER,,0,WINNER,1,,0.00%,TOURNAMENT,WINNER,  - WINNER -  
  - LOSER -  , , ,  - VS -  ,BOVADA,0.00,0.00,,,,,,,,,0,0,0,0.00%,,,WINNER,,LOSER,,0,WINNER,1,,0.00%,TOURNAMENT,WINNER,  - WINNER -  
  - LOSER -  , , ,  - VS -  ,BOVADA,0.00,0.00,,,,,,,,,0,0,0,0.00%,,,WINNER,,LOSER,,0,WINNER,1,,0.00%,TOURNAMENT,WINNER,  - WINNER -  
  - LOSER -  , , ,  - VS -  ,BOVADA,0.00,0.00,,,,,,,,,0,0,0,0.00%,,,WINNER,,LOSER,,0,WINNER,1,,0.00%,TOURNAMENT,WINNER,  - WINNER -  
  - LOSER -  , , ,  - VS -  ,BOVADA,0.00,0.00,,,,,,,,,0,0,0,0.00%,,,WINNER,,LOSER,,0,WINNER,1,,0.00%,TOURNAMENT,WINNER,  - WINNER -  
  - LOSER -  , , ,  - VS -  ,BOVADA,0.00,0.00,,,,,,,,,0,0,0,0.00%,,,WINNER,,LOSER,,0,WINNER,1,,0.00%,TOURNAMENT,WINNER,  - WINNER -  
  - LOSER -  , , ,  - VS -  ,BOVADA,0.00,0.00,,,,,,,,,0,0,0,0.00%,,,WINNER,,LOSER,,0,WINNER,1,,0.00%,TOURNAMENT,WINNER,  - WINNER -  
  - LOSER -  , , ,  - VS -  ,BOVADA,0.00,0.00,,,,,,,,,0,0,0,0.00%,,,WINNER,,LOSER,,0,WINNER,1,,0.00%,TOURNAMENT,WINNER,  - WINNER -  
  - LOSER -  , , ,  - VS -  ,BOVADA,0.00,0.00,,,,,,,,,0,0,0,0.00%,,,WINNER,,LOSER,,0,WINNER,1,,0.00%,TOURNAMENT,WINNER,  - WINNER -  
  - LOSER -  , , ,  - VS -  ,BOVADA,0.00,0.00,,,,,,,,,0,0,0,0.00%,,,WINNER,,LOSER,,0,WINNER,1,,0.00%,TOURNAMENT,WINNER,  - WINNER -  
  - LOSER -  , , ,  - VS -  ,BOVADA,0.00,0.00,,,,,,,,,0,0,0,0.00%,,,WINNER,,LOSER,,0,WINNER,1,,0.00%,TOURNAMENT,WINNER,  - WINNER -  
  - LOSER -  , , ,  - VS -  ,BOVADA,0.00,0.00,,,,,,,,,0,0,0,0.00%,,,WINNER,,LOSER,,0,WINNER,1,,0.00%,TOURNAMENT,WINNER,  - WINNER -  
  - LOSER -  , , ,  - VS -  ,BOVADA,0.00,0.00,,,,,,,,,0,0,0,0.00%,,,WINNER,,LOSER,,0,WINNER,1,,0.00%,TOURNAMENT,WINNER,  - WINNER -  
  - LOSER -  , , ,  - VS -  ,BOVADA,0.00,0.00,,,,,,,,,0,0,0,0.00%,,,WINNER,,LOSER,,0,WINNER,1,,0.00%,TOURNAMENT,WINNER,  - WINNER -  
  - LOSER -  , , ,  - VS -  ,BOVADA,0.00,0.00,,,,,,,,,0,0,0,0.00%,,,WINNER,,LOSER,,0,WINNER,1,,0.00%,TOURNAMENT,WINNER,  - WINNER -  
  - LOSER -  , , ,  - VS -  ,BOVADA,0.00,0.00,,,,,,,,,0,0,0,0.00%,,,WINNER,,LOSER,,0,WINNER,1,,0.00%,TOURNAMENT,WINNER,  - WINNER -  
  - LOSER -  , , ,  - VS -  ,BOVADA,0.00,0.00,,,,,,,,,0,0,0,0.00%,,,WINNER,,LOSER,,0,WINNER,1,,0.00%,TOURNAMENT,WINNER,  - WINNER -  
  - LOSER -  , , ,  - VS -  ,BOVADA,0.00,0.00,,,,,,,,,0,0,0,0.00%,,,WINNER,,LOSER,,0,WINNER,1,,0.00%,TOURNAMENT,WINNER,  - WINNER -  
  - LOSER -  , , ,  - VS -  ,BOVADA,0.00,0.00,,,,,,,,,0,0,0,0.00%,,,WINNER,,LOSER,,0,WINNER,1,,0.00%,TOURNAMENT,WINNER,  - WINNER -  
  - LOSER -  , , ,  - VS -  ,BOVADA,0.00,0.00,,,,,,,,,0,0,0,0.00%,,,WINNER,,LOSER,,0,WINNER,1,,0.00%,TOURNAMENT,WINNER,  - WINNER -  
  - LOSER -  , , ,  - VS -  ,BOVADA,0.00,0.00,,,,,,,,,0,0,0,0.00%,,,WINNER,,LOSER,,0,WINNER,1,,0.00%,TOURNAMENT,WINNER,  - WINNER -  
  - LOSER -  , , ,  - VS -  ,BOVADA,0.00,0.00,,,,,,,,,0,0,0,0.00%,,,WINNER,,LOSER,,0,WINNER,1,,0.00%,TOURNAMENT,WINNER,  - WINNER -  
  - LOSER -  , , ,  - VS -  ,BOVADA,0.00,0.00,,,,,,,,,0,0,0,0.00%,,,WINNER,,LOSER,,0,WINNER,1,,0.00%,TOURNAMENT,WINNER,  - WINNER -  
  - LOSER -  , , ,  - VS -  ,BOVADA,0.00,0.00,,,,,,,,,0,0,0,0.00%,,,WINNER,,LOSER,,0,WINNER,1,,0.00%,TOURNAMENT,WINNER,  - WINNER -  
  - LOSER -  , , ,  - VS -  ,BOVADA,0.00,0.00,,,,,,,,,0,0,0,0.00%,,,WINNER,,LOSER,,0,WINNER,1,,0.00%,TOURNAMENT,WINNER,  - WINNER -  
  - LOSER -  , , ,  - VS -  ,BOVADA,0.00,0.00,,,,,,,,,0,0,0,0.00%,,,WINNER,,LOSER,,0,WINNER,1,,0.00%,TOURNAMENT,WINNER,  - WINNER -  
  - LOSER -  , , ,  - VS -  ,BOVADA,0.00,0.00,,,,,,,,,0,0,0,0.00%,,,WINNER,,LOSER,,0,WINNER,1,,0.00%,TOURNAMENT,WINNER,  - WINNER -  
  - LOSER -  , , ,  - VS -  ,BOVADA,0.00,0.00,,,,,,,,,0,0,0,0.00%,,,WINNER,,LOSER,,0,WINNER,1,,0.00%,TOURNAMENT,WINNER,  - WINNER -  
  - LOSER -  , , ,  - VS -  ,BOVADA,0.00,0.00,,,,,,,,,0,0,0,0.00%,,,WINNER,,LOSER,,0,WINNER,1,,0.00%,TOURNAMENT,WINNER,  - WINNER -  
  - LOSER -  , , ,  - VS -  ,BOVADA,0.00,0.00,,,,,,,,,0,0,0,0.00%,,,WINNER,,LOSER,,0,WINNER,1,,0.00%,TOURNAMENT,WINNER,  - WINNER -  
  - LOSER -  , , ,  - VS -  ,BOVADA,0.00,0.00,,,,,,,,,0,0,0,0.00%,,,WINNER,,LOSER,,0,WINNER,1,,0.00%,TOURNAMENT,WINNER,  - WINNER -  
  - LOSER -  , , ,  - VS -  ,BOVADA,0.00,0.00,,,,,,,,,0,0,0,0.00%,,,WINNER,,LOSER,,0,WINNER,1,,0.00%,TOURNAMENT,WINNER,  - WINNER -  
  - LOSER -  , , ,  - VS -  ,BOVADA,0.00,0.00,,,,,,,,,0,0,0,0.00%,,,WINNER,,LOSER,,0,WINNER,1,,0.00%,TOURNAMENT,WINNER,  - WINNER -  
  - LOSER -  , , ,  - VS -  ,BOVADA,0.00,0.00,,,,,,,,,0,0,0,0.00%,,,WINNER,,LOSER,,0,WINNER,1,,0.00%,TOURNAMENT,WINNER,  - WINNER -  
  - LOSER -  , , ,  - VS -  ,BOVADA,0.00,0.00,,,,,,,,,0,0,0,0.00%,,,WINNER,,LOSER,,0,WINNER,1,,0.00%,TOURNAMENT,WINNER,  - WINNER -  
  - LOSER -  , , ,  - VS -  ,BOVADA,0.00,0.00,,,,,,,,,0,0,0,0.00%,,,WINNER,,LOSER,,0,WINNER,1,,0.00%,TOURNAMENT,WINNER,  - WINNER -  
  - LOSER -  , , ,  - VS -  ,BOVADA,0.00,0.00,,,,,,,,,0,0,0,0.00%,,,WINNER,,LOSER,,0,WINNER,1,,0.00%,TOURNAMENT,WINNER,  - WINNER -  
  - LOSER -  , , ,  - VS -  ,BOVADA,0.00,0.00,,,,,,,,,0,0,0,0.00%,,,WINNER,,LOSER,,0,WINNER,1,,0.00%,TOURNAMENT,WINNER,  - WINNER -  
  - LOSER -  , , ,  - VS -  ,BOVADA,0.00,0.00,,,,,,,,,0,0,0,0.00%,,,WINNER,,LOSER,,0,WINNER,1,,0.00%,TOURNAMENT,WINNER,  - WINNER -  
  - LOSER -  , , ,  - VS -  ,BOVADA,0.00,0.00,,,,,,,,,0,0,0,0.00%,,,WINNER,,LOSER,,0,WINNER,1,,0.00%,TOURNAMENT,WINNER,  - WINNER -  
Brendon Todd - LOSER - Mackenzie Hughes,Brendon Todd,Mackenzie Hughes,Brendon Todd - VS - Mackenzie Hughes,CASESARS,0.00,0.00,,,,,0.5843795624,0.4156204376,28.57833333,40.705,69.28333333,0.4124849651,0.5875150349,0.00%,,,WINNER,,LOSER,,-0.1750300698,WINNER,1,,0.00%,TOURNAMENT,WINNER,Brendon Todd - WINNER - Mackenzie Hughes
Ben Martin - LOSER - Kevin Roy,Ben Martin,Kevin Roy,Ben Martin - VS - Kevin Roy,CASESARS,215.00,105.00,3.15,2.05,0.5712896954,0.428710305,0.5832290363,0.4167709637,32.30333333,41.215,73.51833333,0.439391535,0.560608465,0.00%,1.19%,-1.19%,WINNER,-13.19%,LOSER,13.19%,-0.12121693,WINNER,1,-13.19%,-1.19%,TOURNAMENT,LOSER,Ben Martin - LOSER - Kevin Roy
Ben Silverman - LOSER - Tyler Duncan,Ben Silverman,Tyler Duncan,Ben Silverman - VS - Tyler Duncan,CASESARS,200.00,180.00,3,2.8,0.5090909091,0.490909091,0.5099741783,0.4900258217,33.35,33.35,66.7,0.5,0.5,0.00%,0.09%,-0.09%,WINNER,-0.91%,LOSER,0.91%,0,WINNER,1,-0.91%,-0.09%,TOURNAMENT,LOSER,Ben Silverman - LOSER - Tyler Duncan
Erik Van Rooyen - WINNER - Christiaan Bezuidenhout,Erik Van Rooyen,Christiaan Bezuidenhout,Erik Van Rooyen - VS - Christiaan Bezuidenhout,CASESARS,235.00,150.00,3.35,2.5,0.5389908257,0.461009174,0.5356271856,0.4643728144,34.14833333,41.08166667,75.23,0.4539190926,0.5460809074,0.00%,-0.34%,0.34%,WINNER,-8.51%,WINNER,8.51%,-0.09216181488,WINNER,1,-8.51%,0.34%,TOURNAMENT,LOSER,Erik Van Rooyen - LOSER - Christiaan Bezuidenhout
Billy Horschel - WINNER - Chris Kirk,Billy Horschel,Chris Kirk,Billy Horschel - VS - Chris Kirk,CASESARS,140.00,130.00,2.4,2.3,0.5078864353,0.492113565,0.5010523682,0.4989476318,41.305,42.29833333,83.60333333,0.494059248,0.505940752,0.00%,-0.68%,0.68%,WINNER,-1.38%,WINNER,1.38%,-0.01188150393,WINNER,1,-1.38%,0.68%,TOURNAMENT,LOSER,Billy Horschel - LOSER - Chris Kirk
Nick Taylor - WINNER - Max Homa,Nick Taylor,Max Homa,Nick Taylor - VS - Max Homa,CASESARS,205.00,180.00,3.05,2.8,0.5111308994,0.488869101,0.5061390046,0.4938609954,41.82166667,42.85333333,84.675,0.4939080799,0.5060919201,0.00%,-0.50%,0.50%,WINNER,-1.72%,WINNER,1.72%,-0.01218384017,WINNER,1,-1.72%,0.50%,TOURNAMENT,LOSER,Nick Taylor - LOSER - Max Homa
Tony Finau - WINNER - Eric Cole,Tony Finau,Eric Cole,Tony Finau - VS - Eric Cole,CASESARS,220.00,130.00,3.2,2.3,0.5488069414,0.451193059,0.5469464402,0.4530535598,38.155,43.53333333,81.68833333,0.4670801624,0.5329198376,0.00%,-0.19%,0.19%,WINNER,-8.17%,WINNER,8.17%,-0.06583967519,WINNER,1,-8.17%,0.19%,TOURNAMENT,LOSER,Tony Finau - LOSER - Eric Cole
Lucas Glover - LOSER - Kevin Streelman,Lucas Glover,Kevin Streelman,Lucas Glover - VS - Kevin Streelman,CASESARS,140.00,160.00,2.4,2.6,0.486631016,0.513368984,0.4940543883,0.5059456117,36.30166667,33.49,69.79166667,0.5201432836,0.4798567164,0.00%,0.74%,-0.74%,LOSER,3.35%,LOSER,3.35%,0.04028656716,LOSER,1,3.35%,-0.74%,TOURNAMENT,WINNER,Lucas Glover - WINNER - Kevin Streelman
Ben Kohles - WINNER - Lee Hodges,Ben Kohles,Lee Hodges,Ben Kohles - VS - Lee Hodges,CASESARS,140.00,150.00,2.4,2.5,0.4929577465,0.507042254,0.4777213385,0.5222786615,42.53166667,39.33666667,81.86833333,0.5195130392,0.4804869608,0.00%,-1.52%,1.52%,LOSER,2.66%,WINNER,2.66%,0.03902607846,LOSER,1,2.66%,1.52%,TOURNAMENT,WINNER,Ben Kohles - WINNER - Lee Hodges
Emiliano Grillo - WINNER - Takumi Kanaya,Emiliano Grillo,Takumi Kanaya,Emiliano Grillo - VS - Takumi Kanaya,CASESARS,170.00,220.00,2.7,3.2,0.4780316344,0.521968366,0.4662054783,0.5337945217,40.33166667,35.14,75.47166667,0.534394806,0.465605194,0.00%,-1.18%,1.18%,LOSER,5.64%,WINNER,5.64%,0.068789612,LOSER,1,5.64%,1.18%,TOURNAMENT,WINNER,Emiliano Grillo - WINNER - Takumi Kanaya
Brice Garnett - LOSER - Adam Svensson,Brice Garnett,Adam Svensson,Brice Garnett - VS - Adam Svensson,CASESARS,215.00,190.00,3.15,2.9,0.5102291326,0.489770867,0.5148923905,0.4851076095,31.62833333,32.4,64.02833333,0.4939740219,0.5060259781,0.00%,0.47%,-0.47%,WINNER,-1.63%,LOSER,1.63%,-0.01205195617,WINNER,1,-1.63%,-0.47%,TOURNAMENT,LOSER,Brice Garnett - LOSER - Adam Svensson
Beau Hossler - LOSER - Justin Lower,Beau Hossler,Justin Lower,Beau Hossler - VS - Justin Lower,CASESARS,125.00,205.00,2.25,3.05,0.4525222552,0.547477745,0.4603361345,0.5396638655,43.22333333,35.285,78.50833333,0.5505572657,0.4494427343,0.00%,0.78%,-0.78%,LOSER,9.80%,LOSER,9.80%,0.1011145314,LOSER,1,9.80%,-0.78%,TOURNAMENT,WINNER,Beau Hossler - WINNER - Justin Lower
David Lingmerth - LOSER - Marco Penge,David Lingmerth,Marco Penge,David Lingmerth - VS - Marco Penge,CASESARS,0.00,0.00,,,,,0.5844623201,0.4155376799,25.75333333,44.98333333,70.73666667,0.3640733236,0.6359266764,0.00%,,,WINNER,,LOSER,,-0.2718533528,WINNER,1,,0.00%,TOURNAMENT,WINNER,David Lingmerth - WINNER - Marco Penge
Kristoffer Ventura - LOSER - A.J. Ewart,Kristoffer Ventura,A.J. Ewart,Kristoffer Ventura - VS - A.J. Ewart,CASESARS,0.00,0.00,,,,,0.4929444967,0.5070555033,34.95666667,34.95666667,69.91333333,0.5,0.5,0.00%,,,WINNER,,LOSER,,0,WINNER,1,,0.00%,TOURNAMENT,WINNER,Kristoffer Ventura - WINNER - A.J. Ewart
Davis Chatfield - LOSER - Tyson Shelley,Davis Chatfield,Tyson Shelley,Davis Chatfield - VS - Tyson Shelley,CASESARS,0.00,0.00,,,,,0.444131308,0.555868692,35.55833333,35.55833333,71.11666667,0.5,0.5,0.00%,,,WINNER,,LOSER,,0,WINNER,1,,0.00%,TOURNAMENT,WINNER,Davis Chatfield - WINNER - Tyson Shelley
Marcelo Rozo - LOSER - Hayden Springer,Marcelo Rozo,Hayden Springer,Marcelo Rozo - VS - Hayden Springer,CASESARS,0.00,0.00,,,,,0.5904051173,0.4095948827,28.805,37.68166667,66.48666667,0.4332447609,0.5667552391,0.00%,,,WINNER,,LOSER,,-0.1335104783,WINNER,1,,0.00%,TOURNAMENT,WINNER,Marcelo Rozo - WINNER - Hayden Springer
Christo Lamprecht - LOSER - Chandler Blanchet,Christo Lamprecht,Chandler Blanchet,Christo Lamprecht - VS - Chandler Blanchet,CASESARS,0.00,0.00,,,,,0.5609756098,0.4390243902,29.31,34.205,63.515,0.4614657955,0.5385342045,0.00%,,,WINNER,,LOSER,,-0.07706840904,WINNER,1,,0.00%,TOURNAMENT,WINNER,Christo Lamprecht - WINNER - Chandler Blanchet
Zecheng Dou - LOSER - Zach J. Johnson,Zecheng Dou,Zach J. Johnson,Zecheng Dou - VS - Zach J. Johnson,CASESARS,0.00,0.00,,,,,0.3714285714,0.6285714286,39.76333333,28.20833333,67.97166667,0.5849986514,0.4150013486,0.00%,,,WINNER,,LOSER,,0.1699973028,LOSER,0,,0.00%,TOURNAMENT,WINNER,Zecheng Dou - WINNER - Zach J. Johnson
Patton Kizzire - LOSER - Dylan Wu,Patton Kizzire,Dylan Wu,Patton Kizzire - VS - Dylan Wu,CASESARS,245.00,230.00,3.45,3.3,0.5046816479,0.495318352,0.5061703003,0.4938296997,30.06333333,31.53,61.59333333,0.4880939496,0.5119060504,0.00%,0.15%,-0.15%,WINNER,-1.66%,LOSER,1.66%,-0.02381210088,WINNER,1,-1.66%,-0.15%,TOURNAMENT,LOSER,Patton Kizzire - LOSER - Dylan Wu
Peter Malnati - LOSER - Doug Ghim,Peter Malnati,Doug Ghim,Peter Malnati - VS - Doug Ghim,CASESARS,320.00,-180.00,4.2,1.555555556,0.5423728814,0.457627119,0.5503523324,0.4496476676,30.115,45.57333333,75.68833333,0.3978816638,0.6021183362,0.00%,0.80%,-0.80%,WINNER,-14.45%,LOSER,14.45%,-0.2042366723,WINNER,1,-14.45%,-0.80%,TOURNAMENT,LOSER,Peter Malnati - LOSER - Doug Ghim
Rafael Campos - WINNER - Patrick Rodgers,Rafael Campos,Patrick Rodgers,Rafael Campos - VS - Patrick Rodgers,CASESARS,255.00,150.00,3.55,2.5,0.5448717949,0.455128205,0.5429370565,0.4570629435,23.96333333,36.56666667,60.53,0.3958918443,0.6041081557,0.00%,-0.19%,0.19%,WINNER,-14.90%,WINNER,14.90%,-0.2082163115,WINNER,1,-14.90%,0.19%,TOURNAMENT,LOSER,Rafael Campos - LOSER - Patrick Rodgers
Tom Hoge - LOSER - Mac Meissner,Tom Hoge,Mac Meissner,Tom Hoge - VS - Mac Meissner,CASESARS,220.00,140.00,3.2,2.4,0.5409836066,0.459016393,0.5455852098,0.4544147902,35.16,41.38333333,76.54333333,0.4593476462,0.5406523538,0.00%,0.46%,-0.46%,WINNER,-8.16%,LOSER,8.16%,-0.08130470757,WINNER,1,-8.16%,-0.46%,TOURNAMENT,LOSER,Tom Hoge - LOSER - Mac Meissner
Max Greyserman - WINNER - Rasmus Hojgaard,Max Greyserman,Rasmus Hojgaard,Max Greyserman - VS - Rasmus Hojgaard,CASESARS,180.00,180.00,2.8,2.8,0.5,0.500000000,0.4962138811,0.5037861189,40.47666667,41.64166667,82.11833333,0.4929065779,0.5070934221,0.00%,-0.38%,0.38%,LOSER,-0.71%,WINNER,,-0.01418684419,WINNER,0,-0.71%,0.38%,TOURNAMENT,LOSER,Max Greyserman - LOSER - Rasmus Hojgaard
David Skinns - WINNER - David Lipsky,David Skinns,David Lipsky,David Skinns - VS - David Lipsky,CASESARS,180.00,155.00,2.8,2.55,0.5139977604,0.486002240,0.5078175338,0.4921824662,31.88333333,31.82,63.70333333,0.5004970959,0.4995029041,0.00%,-0.62%,0.62%,WINNER,-1.35%,WINNER,,0.0009941918267,LOSER,0,-1.35%,0.62%,TOURNAMENT,LOSER,David Skinns - LOSER - David Lipsky
Michael Brennan - LOSER - Ben James,Michael Brennan,Ben James,Michael Brennan - VS - Ben James,CASESARS,0.00,0.00,,,,,0.4988702188,0.5011297812,44.11,44.11,88.22,0.5,0.5,0.00%,,,WINNER,,LOSER,,0,WINNER,1,,0.00%,TOURNAMENT,WINNER,Michael Brennan - WINNER - Ben James
Kevin Yu - WINNER - Aaron Wise,Kevin Yu,Aaron Wise,Kevin Yu - VS - Aaron Wise,CASESARS,100.00,245.00,2,3.45,0.4131736527,0.586826347,0.4010152284,0.5989847716,42.54166667,30.795,73.33666667,0.5800872688,0.4199127312,0.00%,-1.22%,1.22%,LOSER,16.69%,WINNER,16.69%,0.1601745375,LOSER,1,16.69%,1.22%,TOURNAMENT,WINNER,Kevin Yu - WINNER - Aaron Wise
Harry Hall - LOSER - Matt McCarty,Harry Hall,Matt McCarty,Harry Hall - VS - Matt McCarty,CASESARS,160.00,180.00,2.6,2.8,0.4890829694,0.510917031,0.4915508348,0.5084491652,41.46333333,0,41.46333333,1,0,0.00%,0.25%,-0.25%,LOSER,,LOSER,,1,LOSER,1,51.09%,-0.25%,TOURNAMENT,WINNER,Harry Hall - WINNER - Matt McCarty
Stephan Jaeger - LOSER - Davis Riley,Stephan Jaeger,Davis Riley,Stephan Jaeger - VS - Davis Riley,CASESARS,0.00,0.00,,,,,0.4471474552,0.5528525448,40.02833333,30.30333333,70.33166667,0.5691367094,0.4308632906,0.00%,,,WINNER,,LOSER,,0.1382734188,LOSER,0,,0.00%,TOURNAMENT,WINNER,Stephan Jaeger - WINNER - Davis Riley
Zac Blair - LOSER - Max McGreevy,Zac Blair,Max McGreevy,Zac Blair - VS - Max McGreevy,CASESARS,0.00,0.00,,,,,0.5038264285,0.4961735715,35.95833333,35.68666667,71.645,0.501895922,0.498104078,0.00%,,,WINNER,,LOSER,,0.003791844046,LOSER,0,,0.00%,TOURNAMENT,WINNER,Zac Blair - WINNER - Max McGreevy
Steven Fisk - LOSER - Joe Highsmith,Steven Fisk,Joe Highsmith,Steven Fisk - VS - Joe Highsmith,CASESARS,0.00,0.00,,,,,0.437615079,0.562384921,37.37166667,30.33,67.70166667,0.5520051205,0.4479948795,0.00%,,,WINNER,,LOSER,,0.104010241,LOSER,0,,0.00%,TOURNAMENT,WINNER,Steven Fisk - WINNER - Joe Highsmith
Joel Dahmen - LOSER - Andrew Putnam,Joel Dahmen,Andrew Putnam,Joel Dahmen - VS - Andrew Putnam,CASESARS,0.00,0.00,,,,,0.4742924629,0.5257075371,34.33166667,34.53833333,68.87,0.4984995886,0.5015004114,0.00%,,,WINNER,,LOSER,,-0.003000822806,WINNER,1,,0.00%,TOURNAMENT,WINNER,Joel Dahmen - WINNER - Andrew Putnam
Seamus Power - LOSER - Matt Wallace,Seamus Power,Matt Wallace,Seamus Power - VS - Matt Wallace,CASESARS,220.00,140.00,3.2,2.4,0.5409836066,0.459016393,0.548621703,0.451378297,37.32,43.17,80.49,0.463660082,0.536339918,0.00%,0.76%,-0.76%,WINNER,-7.73%,LOSER,7.73%,-0.072679836,WINNER,1,-7.73%,-0.76%,TOURNAMENT,LOSER,Seamus Power - LOSER - Matt Wallace
Kensei Hirata - LOSER - Patrick Fishburn,Kensei Hirata,Patrick Fishburn,Kensei Hirata - VS - Patrick Fishburn,CASESARS,280.00,140.00,3.8,2.4,0.5581395349,0.441860465,0.5733496333,0.4266503667,25.44,35.695,61.135,0.4161282408,0.5838717592,0.00%,1.52%,-1.52%,WINNER,-14.20%,LOSER,14.20%,-0.1677435184,WINNER,1,-14.20%,-1.52%,TOURNAMENT,LOSER,Kensei Hirata - LOSER - Patrick Fishburn
Michael Thompson - LOSER - Haotong Li,Michael Thompson,Haotong Li,Michael Thompson - VS - Haotong Li,CASESARS,0.00,0.00,,,,,0.5783261803,0.4216738197,27.39833333,27.39833333,54.79666667,0.5,0.5,0.00%,,,WINNER,,LOSER,,0,WINNER,1,,0.00%,TOURNAMENT,WINNER,Michael Thompson - WINNER - Haotong Li
Paul Peterson - LOSER - Adrien Dumont De Chassart,Paul Peterson,Adrien Dumont De Chassart,Paul Peterson - VS - Adrien Dumont De Chassart,CASESARS,0.00,0.00,,,,,0.5157232704,0.4842767296,31.175,34.34,65.515,0.4758452263,0.5241547737,0.00%,,,WINNER,,LOSER,,-0.04830954743,WINNER,1,,0.00%,TOURNAMENT,WINNER,Paul Peterson - WINNER - Adrien Dumont De Chassart
Jimmy Stanger - LOSER - David Ford,Jimmy Stanger,David Ford,Jimmy Stanger - VS - David Ford,CASESARS,0.00,0.00,,,,,0.5703427124,0.4296572876,29.33,36.44333333,65.77333333,0.4459254004,0.5540745996,0.00%,,,WINNER,,LOSER,,-0.1081491993,WINNER,1,,0.00%,TOURNAMENT,WINNER,Jimmy Stanger - WINNER - David Ford
John VanDerLaan - LOSER - Pontus Nyholm,John VanDerLaan,Pontus Nyholm,John VanDerLaan - VS - Pontus Nyholm,CASESARS,0.00,0.00,,,,,0.4753937008,0.5246062992,33.92166667,32.805,66.72666667,0.5083674693,0.4916325307,0.00%,,,WINNER,,LOSER,,0.01673493856,LOSER,0,,0.00%,TOURNAMENT,WINNER,John VanDerLaan - WINNER - Pontus Nyholm
Alejandro Tosti - LOSER - Jesper Svensson,Alejandro Tosti,Jesper Svensson,Alejandro Tosti - VS - Jesper Svensson,CASESARS,0.00,0.00,,,,,0.5517241379,0.4482758621,29.63333333,35.69833333,65.33166667,0.4535829996,0.5464170004,0.00%,,,WINNER,,LOSER,,-0.09283400087,WINNER,1,,0.00%,TOURNAMENT,WINNER,Alejandro Tosti - WINNER - Jesper Svensson
Harry Higgs - WINNER - Hank Lebioda,Harry Higgs,Hank Lebioda,Harry Higgs - VS - Hank Lebioda,CASESARS,205.00,185.00,3.05,2.85,0.5087070091,0.491292991,0.4979019023,0.5020980977,31.485,31.485,62.97,0.5,0.5,0.00%,-1.08%,1.08%,WINNER,-0.87%,WINNER,0.87%,0,WINNER,1,-0.87%,1.08%,TOURNAMENT,LOSER,Harry Higgs - LOSER - Hank Lebioda
  - LOSER -  , , ,  - VS -  ,CASESARS,0.00,0.00,,,,,,,,,0,0,0,0.00%,,,WINNER,,LOSER,,0,WINNER,1,,0.00%,TOURNAMENT,WINNER,  - WINNER -  
  - LOSER -  , , ,  - VS -  ,CASESARS,0.00,0.00,,,,,,,,,0,0,0,0.00%,,,WINNER,,LOSER,,0,WINNER,1,,0.00%,TOURNAMENT,WINNER,  - WINNER -  
  - LOSER -  , , ,  - VS -  ,CASESARS,0.00,0.00,,,,,,,,,0,0,0,0.00%,,,WINNER,,LOSER,,0,WINNER,1,,0.00%,TOURNAMENT,WINNER,  - WINNER -  
  - LOSER -  , , ,  - VS -  ,CASESARS,0.00,0.00,,,,,,,,,0,0,0,0.00%,,,WINNER,,LOSER,,0,WINNER,1,,0.00%,TOURNAMENT,WINNER,  - WINNER -  
  - LOSER -  , , ,  - VS -  ,CASESARS,0.00,0.00,,,,,,,,,0,0,0,0.00%,,,WINNER,,LOSER,,0,WINNER,1,,0.00%,TOURNAMENT,WINNER,  - WINNER -  
  - LOSER -  , , ,  - VS -  ,CASESARS,0.00,0.00,,,,,,,,,0,0,0,0.00%,,,WINNER,,LOSER,,0,WINNER,1,,0.00%,TOURNAMENT,WINNER,  - WINNER -  
  - LOSER -  , , ,  - VS -  ,CASESARS,0.00,0.00,,,,,,,,,0,0,0,0.00%,,,WINNER,,LOSER,,0,WINNER,1,,0.00%,TOURNAMENT,WINNER,  - WINNER -  
  - LOSER -  , , ,  - VS -  ,CASESARS,0.00,0.00,,,,,,,,,0,0,0,0.00%,,,WINNER,,LOSER,,0,WINNER,1,,0.00%,TOURNAMENT,WINNER,  - WINNER -  
  - LOSER -  , , ,  - VS -  ,CASESARS,0.00,0.00,,,,,,,,,0,0,0,0.00%,,,WINNER,,LOSER,,0,WINNER,1,,0.00%,TOURNAMENT,WINNER,  - WINNER -  
  - LOSER -  , , ,  - VS -  ,CASESARS,0.00,0.00,,,,,,,,,0,0,0,0.00%,,,WINNER,,LOSER,,0,WINNER,1,,0.00%,TOURNAMENT,WINNER,  - WINNER -  
  - LOSER -  , , ,  - VS -  ,CASESARS,0.00,0.00,,,,,,,,,0,0,0,0.00%,,,WINNER,,LOSER,,0,WINNER,1,,0.00%,TOURNAMENT,WINNER,  - WINNER -  
  - LOSER -  , , ,  - VS -  ,CASESARS,0.00,0.00,,,,,,,,,0,0,0,0.00%,,,WINNER,,LOSER,,0,WINNER,1,,0.00%,TOURNAMENT,WINNER,  - WINNER -  
  - LOSER -  , , ,  - VS -  ,CASESARS,0.00,0.00,,,,,,,,,0,0,0,0.00%,,,WINNER,,LOSER,,0,WINNER,1,,0.00%,TOURNAMENT,WINNER,  - WINNER -  
  - LOSER -  , , ,  - VS -  ,CASESARS,0.00,0.00,,,,,,,,,0,0,0,0.00%,,,WINNER,,LOSER,,0,WINNER,1,,0.00%,TOURNAMENT,WINNER,  - WINNER -  
  - LOSER -  , , ,  - VS -  ,CASESARS,0.00,0.00,,,,,,,,,0,0,0,0.00%,,,WINNER,,LOSER,,0,WINNER,1,,0.00%,TOURNAMENT,WINNER,  - WINNER -  
  - LOSER -  , , ,  - VS -  ,CASESARS,0.00,0.00,,,,,,,,,0,0,0,0.00%,,,WINNER,,LOSER,,0,WINNER,1,,0.00%,TOURNAMENT,WINNER,  - WINNER -  
  - LOSER -  , , ,  - VS -  ,CASESARS,0.00,0.00,,,,,,,,,0,0,0,0.00%,,,WINNER,,LOSER,,0,WINNER,1,,0.00%,TOURNAMENT,WINNER,  - WINNER -  
  - LOSER -  , , ,  - VS -  ,CASESARS,0.00,0.00,,,,,,,,,0,0,0,0.00%,,,WINNER,,LOSER,,0,WINNER,1,,0.00%,TOURNAMENT,WINNER,  - WINNER -  
  - LOSER -  , , ,  - VS -  ,CASESARS,0.00,0.00,,,,,,,,,0,0,0,0.00%,,,WINNER,,LOSER,,0,WINNER,1,,0.00%,TOURNAMENT,WINNER,  - WINNER -  
  - LOSER -  , , ,  - VS -  ,CASESARS,0.00,0.00,,,,,,,,,0,0,0,0.00%,,,WINNER,,LOSER,,0,WINNER,1,,0.00%,TOURNAMENT,WINNER,  - WINNER -  
  - LOSER -  , , ,  - VS -  ,CASESARS,0.00,0.00,,,,,,,,,0,0,0,0.00%,,,WINNER,,LOSER,,0,WINNER,1,,0.00%,TOURNAMENT,WINNER,  - WINNER -  
  - LOSER -  , , ,  - VS -  ,CASESARS,0.00,0.00,,,,,,,,,0,0,0,0.00%,,,WINNER,,LOSER,,0,WINNER,1,,0.00%,TOURNAMENT,WINNER,  - WINNER -  
  - LOSER -  , , ,  - VS -  ,CASESARS,0.00,0.00,,,,,,,,,0,0,0,0.00%,,,WINNER,,LOSER,,0,WINNER,1,,0.00%,TOURNAMENT,WINNER,  - WINNER -  
  - LOSER -  , , ,  - VS -  ,CASESARS,0.00,0.00,,,,,,,,,0,0,0,0.00%,,,WINNER,,LOSER,,0,WINNER,1,,0.00%,TOURNAMENT,WINNER,  - WINNER -  
  - LOSER -  , , ,  - VS -  ,CASESARS,0.00,0.00,,,,,,,,,0,0,0,0.00%,,,WINNER,,LOSER,,0,WINNER,1,,0.00%,TOURNAMENT,WINNER,  - WINNER -  
  - LOSER -  , , ,  - VS -  ,CASESARS,0.00,0.00,,,,,,,,,0,0,0,0.00%,,,WINNER,,LOSER,,0,WINNER,1,,0.00%,TOURNAMENT,WINNER,  - WINNER -  
  - LOSER -  , , ,  - VS -  ,CASESARS,0.00,0.00,,,,,,,,,0,0,0,0.00%,,,WINNER,,LOSER,,0,WINNER,1,,0.00%,TOURNAMENT,WINNER,  - WINNER -  
  - LOSER -  , , ,  - VS -  ,CASESARS,0.00,0.00,,,,,,,,,0,0,0,0.00%,,,WINNER,,LOSER,,0,WINNER,1,,0.00%,TOURNAMENT,WINNER,  - WINNER -  
  - LOSER -  , , ,  - VS -  ,CASESARS,0.00,0.00,,,,,,,,,0,0,0,0.00%,,,WINNER,,LOSER,,0,WINNER,1,,0.00%,TOURNAMENT,WINNER,  - WINNER -  
  - LOSER -  , , ,  - VS -  ,CASESARS,0.00,0.00,,,,,,,,,0,0,0,0.00%,,,WINNER,,LOSER,,0,WINNER,1,,0.00%,TOURNAMENT,WINNER,  - WINNER -  
  - LOSER -  , , ,  - VS -  ,CASESARS,0.00,0.00,,,,,,,,,0,0,0,0.00%,,,WINNER,,LOSER,,0,WINNER,1,,0.00%,TOURNAMENT,WINNER,  - WINNER -  
  - LOSER -  , , ,  - VS -  ,CASESARS,0.00,0.00,,,,,,,,,0,0,0,0.00%,,,WINNER,,LOSER,,0,WINNER,1,,0.00%,TOURNAMENT,WINNER,  - WINNER -  
  - LOSER -  , , ,  - VS -  ,CASESARS,0.00,0.00,,,,,,,,,0,0,0,0.00%,,,WINNER,,LOSER,,0,WINNER,1,,0.00%,TOURNAMENT,WINNER,  - WINNER -  
  - LOSER -  , , ,  - VS -  ,CASESARS,0.00,0.00,,,,,,,,,0,0,0,0.00%,,,WINNER,,LOSER,,0,WINNER,1,,0.00%,TOURNAMENT,WINNER,  - WINNER -  
  - LOSER -  , , ,  - VS -  ,CASESARS,0.00,0.00,,,,,,,,,0,0,0,0.00%,,,WINNER,,LOSER,,0,WINNER,1,,0.00%,TOURNAMENT,WINNER,  - WINNER -  
  - LOSER -  , , ,  - VS -  ,CASESARS,0.00,0.00,,,,,,,,,0,0,0,0.00%,,,WINNER,,LOSER,,0,WINNER,1,,0.00%,TOURNAMENT,WINNER,  - WINNER -  
  - LOSER -  , , ,  - VS -  ,CASESARS,0.00,0.00,,,,,,,,,0,0,0,0.00%,,,WINNER,,LOSER,,0,WINNER,1,,0.00%,TOURNAMENT,WINNER,  - WINNER -  
  - LOSER -  , , ,  - VS -  ,CASESARS,0.00,0.00,,,,,,,,,0,0,0,0.00%,,,WINNER,,LOSER,,0,WINNER,1,,0.00%,TOURNAMENT,WINNER,  - WINNER -  
  - LOSER -  , , ,  - VS -  ,CASESARS,0.00,0.00,,,,,,,,,0,0,0,0.00%,,,WINNER,,LOSER,,0,WINNER,1,,0.00%,TOURNAMENT,WINNER,  - WINNER -  
  - LOSER -  , , ,  - VS -  ,CASESARS,0.00,0.00,,,,,,,,,0,0,0,0.00%,,,WINNER,,LOSER,,0,WINNER,1,,0.00%,TOURNAMENT,WINNER,  - WINNER -  
  - LOSER -  , , ,  - VS -  ,CASESARS,0.00,0.00,,,,,,,,,0,0,0,0.00%,,,WINNER,,LOSER,,0,WINNER,1,,0.00%,TOURNAMENT,WINNER,  - WINNER -  
  - LOSER -  , , ,  - VS -  ,CASESARS,0.00,0.00,,,,,,,,,0,0,0,0.00%,,,WINNER,,LOSER,,0,WINNER,1,,0.00%,TOURNAMENT,WINNER,  - WINNER -  
  - LOSER -  , , ,  - VS -  ,CASESARS,0.00,0.00,,,,,,,,,0,0,0,0.00%,,,WINNER,,LOSER,,0,WINNER,1,,0.00%,TOURNAMENT,WINNER,  - WINNER -  
  - LOSER -  , , ,  - VS -  ,CASESARS,0.00,0.00,,,,,,,,,0,0,0,0.00%,,,WINNER,,LOSER,,0,WINNER,1,,0.00%,TOURNAMENT,WINNER,  - WINNER -  
  - LOSER -  , , ,  - VS -  ,CASESARS,0.00,0.00,,,,,,,,,0,0,0,0.00%,,,WINNER,,LOSER,,0,WINNER,1,,0.00%,TOURNAMENT,WINNER,  - WINNER -  
  - LOSER -  , , ,  - VS -  ,CASESARS,0.00,0.00,,,,,,,,,0,0,0,0.00%,,,WINNER,,LOSER,,0,WINNER,1,,0.00%,TOURNAMENT,WINNER,  - WINNER -  
  - LOSER -  , , ,  - VS -  ,CASESARS,0.00,0.00,,,,,,,,,0,0,0,0.00%,,,WINNER,,LOSER,,0,WINNER,1,,0.00%,TOURNAMENT,WINNER,  - WINNER -  
  - LOSER -  , , ,  - VS -  ,CASESARS,0.00,0.00,,,,,,,,,0,0,0,0.00%,,,WINNER,,LOSER,,0,WINNER,1,,0.00%,TOURNAMENT,WINNER,  - WINNER -  
  - LOSER -  , , ,  - VS -  ,CASESARS,0.00,0.00,,,,,,,,,0,0,0,0.00%,,,WINNER,,LOSER,,0,WINNER,1,,0.00%,TOURNAMENT,WINNER,  - WINNER -  
  - LOSER -  , , ,  - VS -  ,CASESARS,0.00,0.00,,,,,,,,,0,0,0,0.00%,,,WINNER,,LOSER,,0,WINNER,1,,0.00%,TOURNAMENT,WINNER,  - WINNER -  
  - LOSER -  , , ,  - VS -  ,CASESARS,0.00,0.00,,,,,,,,,0,0,0,0.00%,,,WINNER,,LOSER,,0,WINNER,1,,0.00%,TOURNAMENT,WINNER,  - WINNER -  
  - LOSER -  , , ,  - VS -  ,CASESARS,0.00,0.00,,,,,,,,,0,0,0,0.00%,,,WINNER,,LOSER,,0,WINNER,1,,0.00%,TOURNAMENT,WINNER,  - WINNER -  
  - LOSER -  , , ,  - VS -  ,CASESARS,0.00,0.00,,,,,,,,,0,0,0,0.00%,,,WINNER,,LOSER,,0,WINNER,1,,0.00%,TOURNAMENT,WINNER,  - WINNER -  
  - LOSER -  , , ,  - VS -  ,CASESARS,0.00,0.00,,,,,,,,,0,0,0,0.00%,,,WINNER,,LOSER,,0,WINNER,1,,0.00%,TOURNAMENT,WINNER,  - WINNER -  
  - LOSER -  , , ,  - VS -  ,CASESARS,0.00,0.00,,,,,,,,,0,0,0,0.00%,,,WINNER,,LOSER,,0,WINNER,1,,0.00%,TOURNAMENT,WINNER,  - WINNER -  
  - LOSER -  , , ,  - VS -  ,CASESARS,0.00,0.00,,,,,,,,,0,0,0,0.00%,,,WINNER,,LOSER,,0,WINNER,1,,0.00%,TOURNAMENT,WINNER,  - WINNER -  
  - LOSER -  , , ,  - VS -  ,CASESARS,0.00,0.00,,,,,,,,,0,0,0,0.00%,,,WINNER,,LOSER,,0,WINNER,1,,0.00%,TOURNAMENT,WINNER,  - WINNER -  
  - LOSER -  , , ,  - VS -  ,CASESARS,0.00,0.00,,,,,,,,,0,0,0,0.00%,,,WINNER,,LOSER,,0,WINNER,1,,0.00%,TOURNAMENT,WINNER,  - WINNER -  
  - LOSER -  , , ,  - VS -  ,CASESARS,0.00,0.00,,,,,,,,,0,0,0,0.00%,,,WINNER,,LOSER,,0,WINNER,1,,0.00%,TOURNAMENT,WINNER,  - WINNER -  
  - LOSER -  , , ,  - VS -  ,CASESARS,0.00,0.00,,,,,,,,,0,0,0,0.00%,,,WINNER,,LOSER,,0,WINNER,1,,0.00%,TOURNAMENT,WINNER,  - WINNER -  
  - LOSER -  , , ,  - VS -  ,CASESARS,0.00,0.00,,,,,,,,,0,0,0,0.00%,,,WINNER,,LOSER,,0,WINNER,1,,0.00%,TOURNAMENT,WINNER,  - WINNER -  
  - LOSER -  , , ,  - VS -  ,CASESARS,0.00,0.00,,,,,,,,,0,0,0,0.00%,,,WINNER,,LOSER,,0,WINNER,1,,0.00%,TOURNAMENT,WINNER,  - WINNER -  
  - LOSER -  , , ,  - VS -  ,CASESARS,0.00,0.00,,,,,,,,,0,0,0,0.00%,,,WINNER,,LOSER,,0,WINNER,1,,0.00%,TOURNAMENT,WINNER,  - WINNER -  
  - LOSER -  , , ,  - VS -  ,CASESARS,0.00,0.00,,,,,,,,,0,0,0,0.00%,,,WINNER,,LOSER,,0,WINNER,1,,0.00%,TOURNAMENT,WINNER,  - WINNER -  
  - LOSER -  , , ,  - VS -  ,CASESARS,0.00,0.00,,,,,,,,,0,0,0,0.00%,,,WINNER,,LOSER,,0,WINNER,1,,0.00%,TOURNAMENT,WINNER,  - WINNER -  
  - LOSER -  , , ,  - VS -  ,CASESARS,0.00,0.00,,,,,,,,,0,0,0,0.00%,,,WINNER,,LOSER,,0,WINNER,1,,0.00%,TOURNAMENT,WINNER,  - WINNER -  
  - LOSER -  , , ,  - VS -  ,CASESARS,0.00,0.00,,,,,,,,,0,0,0,0.00%,,,WINNER,,LOSER,,0,WINNER,1,,0.00%,TOURNAMENT,WINNER,  - WINNER -  
  - LOSER -  , , ,  - VS -  ,CASESARS,0.00,0.00,,,,,,,,,0,0,0,0.00%,,,WINNER,,LOSER,,0,WINNER,1,,0.00%,TOURNAMENT,WINNER,  - WINNER -  
  - LOSER -  , , ,  - VS -  ,CASESARS,0.00,0.00,,,,,,,,,0,0,0,0.00%,,,WINNER,,LOSER,,0,WINNER,1,,0.00%,TOURNAMENT,WINNER,  - WINNER -  
  - LOSER -  , , ,  - VS -  ,CASESARS,0.00,0.00,,,,,,,,,0,0,0,0.00%,,,WINNER,,LOSER,,0,WINNER,1,,0.00%,TOURNAMENT,WINNER,  - WINNER -  
  - LOSER -  , , ,  - VS -  ,CASESARS,0.00,0.00,,,,,,,,,0,0,0,0.00%,,,WINNER,,LOSER,,0,WINNER,1,,0.00%,TOURNAMENT,WINNER,  - WINNER -  
  - LOSER -  , , ,  - VS -  ,CASESARS,0.00,0.00,,,,,,,,,0,0,0,0.00%,,,WINNER,,LOSER,,0,WINNER,1,,0.00%,TOURNAMENT,WINNER,  - WINNER -  
  - LOSER -  , , ,  - VS -  ,CASESARS,0.00,0.00,,,,,,,,,0,0,0,0.00%,,,WINNER,,LOSER,,0,WINNER,1,,0.00%,TOURNAMENT,WINNER,  - WINNER -  
  - LOSER -  , , ,  - VS -  ,CASESARS,0.00,0.00,,,,,,,,,0,0,0,0.00%,,,WINNER,,LOSER,,0,WINNER,1,,0.00%,TOURNAMENT,WINNER,  - WINNER -  
  - LOSER -  , , ,  - VS -  ,CASESARS,0.00,0.00,,,,,,,,,0,0,0,0.00%,,,WINNER,,LOSER,,0,WINNER,1,,0.00%,TOURNAMENT,WINNER,  - WINNER -  
  - LOSER -  , , ,  - VS -  ,CASESARS,0.00,0.00,,,,,,,,,0,0,0,0.00%,,,WINNER,,LOSER,,0,WINNER,1,,0.00%,TOURNAMENT,WINNER,  - WINNER -  
  - LOSER -  , , ,  - VS -  ,CASESARS,0.00,0.00,,,,,,,,,0,0,0,0.00%,,,WINNER,,LOSER,,0,WINNER,1,,0.00%,TOURNAMENT,WINNER,  - WINNER -  
  - LOSER -  , , ,  - VS -  ,CASESARS,0.00,0.00,,,,,,,,,0,0,0,0.00%,,,WINNER,,LOSER,,0,WINNER,1,,0.00%,TOURNAMENT,WINNER,  - WINNER -  
  - LOSER -  , , ,  - VS -  ,CASESARS,0.00,0.00,,,,,,,,,0,0,0,0.00%,,,WINNER,,LOSER,,0,WINNER,1,,0.00%,TOURNAMENT,WINNER,  - WINNER -  
  - LOSER -  , , ,  - VS -  ,CASESARS,0.00,0.00,,,,,,,,,0,0,0,0.00%,,,WINNER,,LOSER,,0,WINNER,1,,0.00%,TOURNAMENT,WINNER,  - WINNER -  
  - LOSER -  , , ,  - VS -  ,CASESARS,0.00,0.00,,,,,,,,,0,0,0,0.00%,,,WINNER,,LOSER,,0,WINNER,1,,0.00%,TOURNAMENT,WINNER,  - WINNER -  
  - LOSER -  , , ,  - VS -  ,CASESARS,0.00,0.00,,,,,,,,,0,0,0,0.00%,,,WINNER,,LOSER,,0,WINNER,1,,0.00%,TOURNAMENT,WINNER,  - WINNER -  
  - LOSER -  , , ,  - VS -  ,CASESARS,0.00,0.00,,,,,,,,,0,0,0,0.00%,,,WINNER,,LOSER,,0,WINNER,1,,0.00%,TOURNAMENT,WINNER,  - WINNER -  
  - LOSER -  , , ,  - VS -  ,CASESARS,0.00,0.00,,,,,,,,,0,0,0,0.00%,,,WINNER,,LOSER,,0,WINNER,1,,0.00%,TOURNAMENT,WINNER,  - WINNER -  
  - LOSER -  , , ,  - VS -  ,CASESARS,0.00,0.00,,,,,,,,,0,0,0,0.00%,,,WINNER,,LOSER,,0,WINNER,1,,0.00%,TOURNAMENT,WINNER,  - WINNER -  
  - LOSER -  , , ,  - VS -  ,CASESARS,0.00,0.00,,,,,,,,,0,0,0,0.00%,,,WINNER,,LOSER,,0,WINNER,1,,0.00%,TOURNAMENT,WINNER,  - WINNER -  
  - LOSER -  , , ,  - VS -  ,CASESARS,0.00,0.00,,,,,,,,,0,0,0,0.00%,,,WINNER,,LOSER,,0,WINNER,1,,0.00%,TOURNAMENT,WINNER,  - WINNER -  
  - LOSER -  , , ,  - VS -  ,CASESARS,0.00,0.00,,,,,,,,,0,0,0,0.00%,,,WINNER,,LOSER,,0,WINNER,1,,0.00%,TOURNAMENT,WINNER,  - WINNER -  
  - LOSER -  , , ,  - VS -  ,CASESARS,0.00,0.00,,,,,,,,,0,0,0,0.00%,,,WINNER,,LOSER,,0,WINNER,1,,0.00%,TOURNAMENT,WINNER,  - WINNER -  
  - LOSER -  , , ,  - VS -  ,CASESARS,0.00,0.00,,,,,,,,,0,0,0,0.00%,,,WINNER,,LOSER,,0,WINNER,1,,0.00%,TOURNAMENT,WINNER,  - WINNER -  
  - LOSER -  , , ,  - VS -  ,CASESARS,0.00,0.00,,,,,,,,,0,0,0,0.00%,,,WINNER,,LOSER,,0,WINNER,1,,0.00%,TOURNAMENT,WINNER,  - WINNER -  
  - LOSER -  , , ,  - VS -  ,CASESARS,0.00,0.00,,,,,,,,,0,0,0,0.00%,,,WINNER,,LOSER,,0,WINNER,1,,0.00%,TOURNAMENT,WINNER,  - WINNER -  
  - LOSER -  , , ,  - VS -  ,CASESARS,0.00,0.00,,,,,,,,,0,0,0,0.00%,,,WINNER,,LOSER,,0,WINNER,1,,0.00%,TOURNAMENT,WINNER,  - WINNER -  
  - LOSER -  , , ,  - VS -  ,CASESARS,0.00,0.00,,,,,,,,,0,0,0,0.00%,,,WINNER,,LOSER,,0,WINNER,1,,0.00%,TOURNAMENT,WINNER,  - WINNER -  
  - LOSER -  , , ,  - VS -  ,CASESARS,0.00,0.00,,,,,,,,,0,0,0,0.00%,,,WINNER,,LOSER,,0,WINNER,1,,0.00%,TOURNAMENT,WINNER,  - WINNER -  
  - LOSER -  , , ,  - VS -  ,CASESARS,0.00,0.00,,,,,,,,,0,0,0,0.00%,,,WINNER,,LOSER,,0,WINNER,1,,0.00%,TOURNAMENT,WINNER,  - WINNER -  
  - LOSER -  , , ,  - VS -  ,CASESARS,0.00,0.00,,,,,,,,,0,0,0,0.00%,,,WINNER,,LOSER,,0,WINNER,1,,0.00%,TOURNAMENT,WINNER,  - WINNER -  
  - LOSER -  , , ,  - VS -  ,CASESARS,0.00,0.00,,,,,,,,,0,0,0,0.00%,,,WINNER,,LOSER,,0,WINNER,1,,0.00%,TOURNAMENT,WINNER,  - WINNER -  
  - LOSER -  , , ,  - VS -  ,CASESARS,0.00,0.00,,,,,,,,,0,0,0,0.00%,,,WINNER,,LOSER,,0,WINNER,1,,0.00%,TOURNAMENT,WINNER,  - WINNER -  
  - LOSER -  , , ,  - VS -  ,CASESARS,0.00,0.00,,,,,,,,,0,0,0,0.00%,,,WINNER,,LOSER,,0,WINNER,1,,0.00%,TOURNAMENT,WINNER,  - WINNER -  
  - LOSER -  , , ,  - VS -  ,CASESARS,0.00,0.00,,,,,,,,,0,0,0,0.00%,,,WINNER,,LOSER,,0,WINNER,1,,0.00%,TOURNAMENT,WINNER,  - WINNER -  
  - LOSER -  , , ,  - VS -  ,CASESARS,0.00,0.00,,,,,,,,,0,0,0,0.00%,,,WINNER,,LOSER,,0,WINNER,1,,0.00%,TOURNAMENT,WINNER,  - WINNER -  
  - LOSER -  , , ,  - VS -  ,CASESARS,0.00,0.00,,,,,,,,,0,0,0,0.00%,,,WINNER,,LOSER,,0,WINNER,1,,0.00%,TOURNAMENT,WINNER,  - WINNER -  
  - LOSER -  , , ,  - VS -  ,CASESARS,0.00,0.00,,,,,,,,,0,0,0,0.00%,,,WINNER,,LOSER,,0,WINNER,1,,0.00%,TOURNAMENT,WINNER,  - WINNER -  
  - LOSER -  , , ,  - VS -  ,CASESARS,0.00,0.00,,,,,,,,,0,0,0,0.00%,,,WINNER,,LOSER,,0,WINNER,1,,0.00%,TOURNAMENT,WINNER,  - WINNER -  
  - LOSER -  , , ,  - VS -  ,CASESARS,0.00,0.00,,,,,,,,,0,0,0,0.00%,,,WINNER,,LOSER,,0,WINNER,1,,0.00%,TOURNAMENT,WINNER,  - WINNER -  
  - LOSER -  , , ,  - VS -  ,CASESARS,0.00,0.00,,,,,,,,,0,0,0,0.00%,,,WINNER,,LOSER,,0,WINNER,1,,0.00%,TOURNAMENT,WINNER,  - WINNER -  
  - LOSER -  , , ,  - VS -  ,CASESARS,0.00,0.00,,,,,,,,,0,0,0,0.00%,,,WINNER,,LOSER,,0,WINNER,1,,0.00%,TOURNAMENT,WINNER,  - WINNER -  
  - LOSER -  , , ,  - VS -  ,CASESARS,0.00,0.00,,,,,,,,,0,0,0,0.00%,,,WINNER,,LOSER,,0,WINNER,1,,0.00%,TOURNAMENT,WINNER,  - WINNER -  
  - LOSER -  , , ,  - VS -  ,CASESARS,0.00,0.00,,,,,,,,,0,0,0,0.00%,,,WINNER,,LOSER,,0,WINNER,1,,0.00%,TOURNAMENT,WINNER,  - WINNER -  
  - LOSER -  , , ,  - VS -  ,CASESARS,0.00,0.00,,,,,,,,,0,0,0,0.00%,,,WINNER,,LOSER,,0,WINNER,1,,0.00%,TOURNAMENT,WINNER,  - WINNER -  
Brendon Todd - WINNER - Mackenzie Hughes,Brendon Todd,Mackenzie Hughes,Brendon Todd - VS - Mackenzie Hughes,BETONLINE,525.00,155.00,6.25,2.55,0.5801733478,0.419826652,,,28.57833333,40.705,69.28333333,0.4124849651,0.5875150349,0.00%,,,WINNER,-16.77%,WINNER,16.77%,-0.1750300698,WINNER,1,-16.77%,58.02%,TOURNAMENT,LOSER,Brendon Todd - LOSER - Mackenzie Hughes
Ben Martin - WINNER - Kevin Roy,Ben Martin,Kevin Roy,Ben Martin - VS - Kevin Roy,BETONLINE,250.00,100.00,3.5,2,0.5882352941,0.411764706,0.5843795624,0.4156204376,32.30333333,41.215,73.51833333,0.439391535,0.560608465,0.00%,-0.39%,0.39%,WINNER,-14.88%,WINNER,14.88%,-0.12121693,WINNER,1,-14.88%,0.39%,TOURNAMENT,LOSER,Ben Martin - LOSER - Kevin Roy
Ben Silverman - LOSER - Tyler Duncan,Ben Silverman,Tyler Duncan,Ben Silverman - VS - Tyler Duncan,BETONLINE,0.00,0.00,,,,,0.5832290363,0.4167709637,33.35,33.35,66.7,0.5,0.5,0.00%,,,WINNER,,LOSER,,0,WINNER,1,,0.00%,TOURNAMENT,WINNER,Ben Silverman - WINNER - Tyler Duncan
Erik Van Rooyen - WINNER - Christiaan Bezuidenhout,Erik Van Rooyen,Christiaan Bezuidenhout,Erik Van Rooyen - VS - Christiaan Bezuidenhout,BETONLINE,250.00,170.00,3.5,2.7,0.531496063,0.468503937,0.5099741783,0.4900258217,34.14833333,41.08166667,75.23,0.4539190926,0.5460809074,0.00%,-2.15%,2.15%,WINNER,-7.76%,WINNER,7.76%,-0.09216181488,WINNER,1,-7.76%,2.15%,TOURNAMENT,LOSER,Erik Van Rooyen - LOSER - Christiaan Bezuidenhout
Billy Horschel - LOSER - Chris Kirk,Billy Horschel,Chris Kirk,Billy Horschel - VS - Chris Kirk,BETONLINE,0.00,0.00,,,,,0.5356271856,0.4643728144,41.305,42.29833333,83.60333333,0.494059248,0.505940752,0.00%,,,WINNER,,LOSER,,-0.01188150393,WINNER,1,,0.00%,TOURNAMENT,WINNER,Billy Horschel - WINNER - Chris Kirk
Nick Taylor - WINNER - Max Homa,Nick Taylor,Max Homa,Nick Taylor - VS - Max Homa,BETONLINE,200.00,195.00,3,2.95,0.5021276596,0.497872340,0.5010523682,0.4989476318,41.82166667,42.85333333,84.675,0.4939080799,0.5060919201,0.00%,-0.11%,0.11%,WINNER,-0.82%,WINNER,0.82%,-0.01218384017,WINNER,1,-0.82%,0.11%,TOURNAMENT,LOSER,Nick Taylor - LOSER - Max Homa
Tony Finau - WINNER - Eric Cole,Tony Finau,Eric Cole,Tony Finau - VS - Eric Cole,BETONLINE,225.00,115.00,3.25,2.15,0.5641399417,0.435860058,0.5061390046,0.4938609954,38.155,43.53333333,81.68833333,0.4670801624,0.5329198376,0.00%,-5.80%,5.80%,WINNER,-9.71%,WINNER,9.71%,-0.06583967519,WINNER,1,-9.71%,5.80%,TOURNAMENT,LOSER,Tony Finau - LOSER - Eric Cole
Lucas Glover - LOSER - Kevin Streelman,Lucas Glover,Kevin Streelman,Lucas Glover - VS - Kevin Streelman,BETONLINE,0.00,0.00,,,,,0.5469464402,0.4530535598,36.30166667,33.49,69.79166667,0.5201432836,0.4798567164,0.00%,,,WINNER,,LOSER,,0.04028656716,LOSER,0,,0.00%,TOURNAMENT,WINNER,Lucas Glover - WINNER - Kevin Streelman
Ben Kohles - LOSER - Lee Hodges,Ben Kohles,Lee Hodges,Ben Kohles - VS - Lee Hodges,BETONLINE,0.00,0.00,,,,,0.4940543883,0.5059456117,42.53166667,39.33666667,81.86833333,0.5195130392,0.4804869608,0.00%,,,WINNER,,LOSER,,0.03902607846,LOSER,0,,0.00%,TOURNAMENT,WINNER,Ben Kohles - WINNER - Lee Hodges
Emiliano Grillo - LOSER - Takumi Kanaya,Emiliano Grillo,Takumi Kanaya,Emiliano Grillo - VS - Takumi Kanaya,BETONLINE,170.00,240.00,2.7,3.4,0.471451876,0.528548124,0.4777213385,0.5222786615,40.33166667,35.14,75.47166667,0.534394806,0.465605194,0.00%,0.63%,-0.63%,LOSER,6.29%,LOSER,6.29%,0.068789612,LOSER,1,6.29%,-0.63%,TOURNAMENT,WINNER,Emiliano Grillo - WINNER - Takumi Kanaya
Brice Garnett - LOSER - Adam Svensson,Brice Garnett,Adam Svensson,Brice Garnett - VS - Adam Svensson,BETONLINE,0.00,0.00,,,,,0.4662054783,0.5337945217,31.62833333,32.4,64.02833333,0.4939740219,0.5060259781,0.00%,,,WINNER,,LOSER,,-0.01205195617,WINNER,1,,0.00%,TOURNAMENT,WINNER,Brice Garnett - WINNER - Adam Svensson
Beau Hossler - LOSER - Justin Lower,Beau Hossler,Justin Lower,Beau Hossler - VS - Justin Lower,BETONLINE,0.00,0.00,,,,,0.5148923905,0.4851076095,43.22333333,35.285,78.50833333,0.5505572657,0.4494427343,0.00%,,,WINNER,,LOSER,,0.1011145314,LOSER,0,,0.00%,TOURNAMENT,WINNER,Beau Hossler - WINNER - Justin Lower
David Lingmerth - LOSER - Marco Penge,David Lingmerth,Marco Penge,David Lingmerth - VS - Marco Penge,BETONLINE,0.00,0.00,,,,,0.4603361345,0.5396638655,25.75333333,44.98333333,70.73666667,0.3640733236,0.6359266764,0.00%,,,WINNER,,LOSER,,-0.2718533528,WINNER,1,,0.00%,TOURNAMENT,WINNER,David Lingmerth - WINNER - Marco Penge
Kristoffer Ventura - LOSER - A.J. Ewart,Kristoffer Ventura,A.J. Ewart,Kristoffer Ventura - VS - A.J. Ewart,BETONLINE,0.00,0.00,,,,,0.5844623201,0.4155376799,34.95666667,34.95666667,69.91333333,0.5,0.5,0.00%,,,WINNER,,LOSER,,0,WINNER,1,,0.00%,TOURNAMENT,WINNER,Kristoffer Ventura - WINNER - A.J. Ewart
Davis Chatfield - LOSER - Tyson Shelley,Davis Chatfield,Tyson Shelley,Davis Chatfield - VS - Tyson Shelley,BETONLINE,0.00,0.00,,,,,0.4929444967,0.5070555033,35.55833333,35.55833333,71.11666667,0.5,0.5,0.00%,,,WINNER,,LOSER,,0,WINNER,1,,0.00%,TOURNAMENT,WINNER,Davis Chatfield - WINNER - Tyson Shelley
Marcelo Rozo - LOSER - Hayden Springer,Marcelo Rozo,Hayden Springer,Marcelo Rozo - VS - Hayden Springer,BETONLINE,0.00,0.00,,,,,0.444131308,0.555868692,28.805,37.68166667,66.48666667,0.4332447609,0.5667552391,0.00%,,,WINNER,,LOSER,,-0.1335104783,WINNER,1,,0.00%,TOURNAMENT,WINNER,Marcelo Rozo - WINNER - Hayden Springer
Christo Lamprecht - LOSER - Chandler Blanchet,Christo Lamprecht,Chandler Blanchet,Christo Lamprecht - VS - Chandler Blanchet,BETONLINE,0.00,0.00,,,,,0.5904051173,0.4095948827,29.31,34.205,63.515,0.4614657955,0.5385342045,0.00%,,,WINNER,,LOSER,,-0.07706840904,WINNER,1,,0.00%,TOURNAMENT,WINNER,Christo Lamprecht - WINNER - Chandler Blanchet
Zecheng Dou - LOSER - Zach J. Johnson,Zecheng Dou,Zach J. Johnson,Zecheng Dou - VS - Zach J. Johnson,BETONLINE,0.00,0.00,,,,,0.5609756098,0.4390243902,39.76333333,28.20833333,67.97166667,0.5849986514,0.4150013486,0.00%,,,WINNER,,LOSER,,0.1699973028,LOSER,0,,0.00%,TOURNAMENT,WINNER,Zecheng Dou - WINNER - Zach J. Johnson
Patton Kizzire - LOSER - Dylan Wu,Patton Kizzire,Dylan Wu,Patton Kizzire - VS - Dylan Wu,BETONLINE,0.00,0.00,,,,,0.3714285714,0.6285714286,30.06333333,31.53,61.59333333,0.4880939496,0.5119060504,0.00%,,,WINNER,,LOSER,,-0.02381210088,WINNER,1,,0.00%,TOURNAMENT,WINNER,Patton Kizzire - WINNER - Dylan Wu
Peter Malnati - LOSER - Doug Ghim,Peter Malnati,Doug Ghim,Peter Malnati - VS - Doug Ghim,BETONLINE,0.00,0.00,,,,,0.5061703003,0.4938296997,30.115,45.57333333,75.68833333,0.3978816638,0.6021183362,0.00%,,,WINNER,,LOSER,,-0.2042366723,WINNER,1,,0.00%,TOURNAMENT,WINNER,Peter Malnati - WINNER - Doug Ghim
Rafael Campos - LOSER - Patrick Rodgers,Rafael Campos,Patrick Rodgers,Rafael Campos - VS - Patrick Rodgers,BETONLINE,260.00,160.00,3.6,2.6,0.5399361022,0.460063898,0.5503523324,0.4496476676,23.96333333,36.56666667,60.53,0.3958918443,0.6041081557,0.00%,1.04%,-1.04%,WINNER,-14.40%,LOSER,14.40%,-0.2082163115,WINNER,1,-14.40%,-1.04%,TOURNAMENT,LOSER,Rafael Campos - LOSER - Patrick Rodgers
Tom Hoge - WINNER - Mac Meissner,Tom Hoge,Mac Meissner,Tom Hoge - VS - Mac Meissner,BETONLINE,250.00,135.00,3.5,2.35,0.554245283,0.445754717,0.5429370565,0.4570629435,35.16,41.38333333,76.54333333,0.4593476462,0.5406523538,0.00%,-1.13%,1.13%,WINNER,-9.49%,WINNER,9.49%,-0.08130470757,WINNER,1,-9.49%,1.13%,TOURNAMENT,LOSER,Tom Hoge - LOSER - Mac Meissner
Max Greyserman - LOSER - Rasmus Hojgaard,Max Greyserman,Rasmus Hojgaard,Max Greyserman - VS - Rasmus Hojgaard,BETONLINE,200.00,225.00,3,3.25,0.4905660377,0.509433962,0.5455852098,0.4544147902,40.47666667,41.64166667,82.11833333,0.4929065779,0.5070934221,0.00%,5.50%,-5.50%,LOSER,0.23%,LOSER,,-0.01418684419,WINNER,0,0.23%,-5.50%,TOURNAMENT,WINNER,Max Greyserman - WINNER - Rasmus Hojgaard
David Skinns - LOSER - David Lipsky,David Skinns,David Lipsky,David Skinns - VS - David Lipsky,BETONLINE,0.00,0.00,,,,,0.4962138811,0.5037861189,31.88333333,31.82,63.70333333,0.5004970959,0.4995029041,0.00%,,,WINNER,,LOSER,,0.0009941918267,LOSER,0,,0.00%,TOURNAMENT,WINNER,David Skinns - WINNER - David Lipsky
Michael Brennan - LOSER - Ben James,Michael Brennan,Ben James,Michael Brennan - VS - Ben James,BETONLINE,175.00,185.00,2.75,2.85,0.4950372208,0.504962779,0.5078175338,0.4921824662,44.11,44.11,88.22,0.5,0.5,0.00%,1.28%,-1.28%,LOSER,0.50%,LOSER,,0,WINNER,0,0.50%,-1.28%,TOURNAMENT,WINNER,Michael Brennan - WINNER - Ben James
Kevin Yu - LOSER - Aaron Wise,Kevin Yu,Aaron Wise,Kevin Yu - VS - Aaron Wise,BETONLINE,0.00,0.00,,,,,0.4988702188,0.5011297812,42.54166667,30.795,73.33666667,0.5800872688,0.4199127312,0.00%,,,WINNER,,LOSER,,0.1601745375,LOSER,0,,0.00%,TOURNAMENT,WINNER,Kevin Yu - WINNER - Aaron Wise
Harry Hall - WINNER - Matt McCarty,Harry Hall,Matt McCarty,Harry Hall - VS - Matt McCarty,BETONLINE,175.00,190.00,2.75,2.9,0.4927184466,0.507281553,0.4010152284,0.5989847716,41.46333333,0,41.46333333,1,0,0.00%,-9.17%,9.17%,LOSER,,WINNER,,1,LOSER,1,50.73%,9.17%,TOURNAMENT,WINNER,Harry Hall - WINNER - Matt McCarty
Stephan Jaeger - LOSER - Davis Riley,Stephan Jaeger,Davis Riley,Stephan Jaeger - VS - Davis Riley,BETONLINE,150.00,275.00,2.5,3.75,0.45,0.550000000,0.4915508348,0.5084491652,40.02833333,30.30333333,70.33166667,0.5691367094,0.4308632906,0.00%,4.16%,-4.16%,LOSER,11.91%,LOSER,11.91%,0.1382734188,LOSER,1,11.91%,-4.16%,TOURNAMENT,WINNER,Stephan Jaeger - WINNER - Davis Riley
Zac Blair - LOSER - Max McGreevy,Zac Blair,Max McGreevy,Zac Blair - VS - Max McGreevy,BETONLINE,0.00,0.00,,,,,0.4471474552,0.5528525448,35.95833333,35.68666667,71.645,0.501895922,0.498104078,0.00%,,,WINNER,,LOSER,,0.003791844046,LOSER,0,,0.00%,TOURNAMENT,WINNER,Zac Blair - WINNER - Max McGreevy
Steven Fisk - LOSER - Joe Highsmith,Steven Fisk,Joe Highsmith,Steven Fisk - VS - Joe Highsmith,BETONLINE,0.00,0.00,,,,,0.5038264285,0.4961735715,37.37166667,30.33,67.70166667,0.5520051205,0.4479948795,0.00%,,,WINNER,,LOSER,,0.104010241,LOSER,0,,0.00%,TOURNAMENT,WINNER,Steven Fisk - WINNER - Joe Highsmith
Joel Dahmen - LOSER - Andrew Putnam,Joel Dahmen,Andrew Putnam,Joel Dahmen - VS - Andrew Putnam,BETONLINE,0.00,0.00,,,,,0.437615079,0.562384921,34.33166667,34.53833333,68.87,0.4984995886,0.5015004114,0.00%,,,WINNER,,LOSER,,-0.003000822806,WINNER,1,,0.00%,TOURNAMENT,WINNER,Joel Dahmen - WINNER - Andrew Putnam
Seamus Power - LOSER - Matt Wallace,Seamus Power,Matt Wallace,Seamus Power - VS - Matt Wallace,BETONLINE,0.00,0.00,,,,,0.4742924629,0.5257075371,37.32,43.17,80.49,0.463660082,0.536339918,0.00%,,,WINNER,,LOSER,,-0.072679836,WINNER,1,,0.00%,TOURNAMENT,WINNER,Seamus Power - WINNER - Matt Wallace
Kensei Hirata - LOSER - Patrick Fishburn,Kensei Hirata,Patrick Fishburn,Kensei Hirata - VS - Patrick Fishburn,BETONLINE,0.00,0.00,,,,,0.548621703,0.451378297,25.44,35.695,61.135,0.4161282408,0.5838717592,0.00%,,,WINNER,,LOSER,,-0.1677435184,WINNER,1,,0.00%,TOURNAMENT,WINNER,Kensei Hirata - WINNER - Patrick Fishburn
Michael Thompson - LOSER - Haotong Li,Michael Thompson,Haotong Li,Michael Thompson - VS - Haotong Li,BETONLINE,0.00,0.00,,,,,0.5733496333,0.4266503667,27.39833333,27.39833333,54.79666667,0.5,0.5,0.00%,,,WINNER,,LOSER,,0,WINNER,1,,0.00%,TOURNAMENT,WINNER,Michael Thompson - WINNER - Haotong Li
Paul Peterson - LOSER - Adrien Dumont De Chassart,Paul Peterson,Adrien Dumont De Chassart,Paul Peterson - VS - Adrien Dumont De Chassart,BETONLINE,0.00,0.00,,,,,0.5783261803,0.4216738197,31.175,34.34,65.515,0.4758452263,0.5241547737,0.00%,,,WINNER,,LOSER,,-0.04830954743,WINNER,1,,0.00%,TOURNAMENT,WINNER,Paul Peterson - WINNER - Adrien Dumont De Chassart
Jimmy Stanger - LOSER - David Ford,Jimmy Stanger,David Ford,Jimmy Stanger - VS - David Ford,BETONLINE,0.00,0.00,,,,,0.5157232704,0.4842767296,29.33,36.44333333,65.77333333,0.4459254004,0.5540745996,0.00%,,,WINNER,,LOSER,,-0.1081491993,WINNER,1,,0.00%,TOURNAMENT,WINNER,Jimmy Stanger - WINNER - David Ford
John VanDerLaan - LOSER - Pontus Nyholm,John VanDerLaan,Pontus Nyholm,John VanDerLaan - VS - Pontus Nyholm,BETONLINE,0.00,0.00,,,,,0.5703427124,0.4296572876,33.92166667,32.805,66.72666667,0.5083674693,0.4916325307,0.00%,,,WINNER,,LOSER,,0.01673493856,LOSER,0,,0.00%,TOURNAMENT,WINNER,John VanDerLaan - WINNER - Pontus Nyholm
Alejandro Tosti - LOSER - Jesper Svensson,Alejandro Tosti,Jesper Svensson,Alejandro Tosti - VS - Jesper Svensson,BETONLINE,0.00,0.00,,,,,0.4753937008,0.5246062992,29.63333333,35.69833333,65.33166667,0.4535829996,0.5464170004,0.00%,,,WINNER,,LOSER,,-0.09283400087,WINNER,1,,0.00%,TOURNAMENT,WINNER,Alejandro Tosti - WINNER - Jesper Svensson
Harry Higgs - LOSER - Hank Lebioda,Harry Higgs,Hank Lebioda,Harry Higgs - VS - Hank Lebioda,BETONLINE,0.00,0.00,,,,,0.5517241379,0.4482758621,31.485,31.485,62.97,0.5,0.5,0.00%,,,WINNER,,LOSER,,0,WINNER,1,,0.00%,TOURNAMENT,WINNER,Harry Higgs - WINNER - Hank Lebioda
  - LOSER -  , , ,  - VS -  ,BETONLINE,0.00,0.00,,,,,0.4979019023,0.5020980977,,,0,0,0,0.00%,,,WINNER,,LOSER,,0,WINNER,1,,0.00%,TOURNAMENT,WINNER,  - WINNER -  
  - LOSER -  , , ,  - VS -  ,BETONLINE,0.00,0.00,,,,,,,,,0,0,0,0.00%,,,WINNER,,LOSER,,0,WINNER,1,,0.00%,TOURNAMENT,WINNER,  - WINNER -  
  - LOSER -  , , ,  - VS -  ,BETONLINE,0.00,0.00,,,,,,,,,0,0,0,0.00%,,,WINNER,,LOSER,,0,WINNER,1,,0.00%,TOURNAMENT,WINNER,  - WINNER -  
  - LOSER -  , , ,  - VS -  ,BETONLINE,0.00,0.00,,,,,,,,,0,0,0,0.00%,,,WINNER,,LOSER,,0,WINNER,1,,0.00%,TOURNAMENT,WINNER,  - WINNER -  
  - LOSER -  , , ,  - VS -  ,BETONLINE,0.00,0.00,,,,,,,,,0,0,0,0.00%,,,WINNER,,LOSER,,0,WINNER,1,,0.00%,TOURNAMENT,WINNER,  - WINNER -  
  - LOSER -  , , ,  - VS -  ,BETONLINE,0.00,0.00,,,,,,,,,0,0,0,0.00%,,,WINNER,,LOSER,,0,WINNER,1,,0.00%,TOURNAMENT,WINNER,  - WINNER -  
  - LOSER -  , , ,  - VS -  ,BETONLINE,0.00,0.00,,,,,,,,,0,0,0,0.00%,,,WINNER,,LOSER,,0,WINNER,1,,0.00%,TOURNAMENT,WINNER,  - WINNER -  
  - LOSER -  , , ,  - VS -  ,BETONLINE,0.00,0.00,,,,,,,,,0,0,0,0.00%,,,WINNER,,LOSER,,0,WINNER,1,,0.00%,TOURNAMENT,WINNER,  - WINNER -  
  - LOSER -  , , ,  - VS -  ,BETONLINE,0.00,0.00,,,,,,,,,0,0,0,0.00%,,,WINNER,,LOSER,,0,WINNER,1,,0.00%,TOURNAMENT,WINNER,  - WINNER -  
  - LOSER -  , , ,  - VS -  ,BETONLINE,0.00,0.00,,,,,,,,,0,0,0,0.00%,,,WINNER,,LOSER,,0,WINNER,1,,0.00%,TOURNAMENT,WINNER,  - WINNER -  
  - LOSER -  , , ,  - VS -  ,BETONLINE,0.00,0.00,,,,,,,,,0,0,0,0.00%,,,WINNER,,LOSER,,0,WINNER,1,,0.00%,TOURNAMENT,WINNER,  - WINNER -  
  - LOSER -  , , ,  - VS -  ,BETONLINE,0.00,0.00,,,,,,,,,0,0,0,0.00%,,,WINNER,,LOSER,,0,WINNER,1,,0.00%,TOURNAMENT,WINNER,  - WINNER -  
  - LOSER -  , , ,  - VS -  ,BETONLINE,0.00,0.00,,,,,,,,,0,0,0,0.00%,,,WINNER,,LOSER,,0,WINNER,1,,0.00%,TOURNAMENT,WINNER,  - WINNER -  
  - LOSER -  , , ,  - VS -  ,BETONLINE,0.00,0.00,,,,,,,,,0,0,0,0.00%,,,WINNER,,LOSER,,0,WINNER,1,,0.00%,TOURNAMENT,WINNER,  - WINNER -  
  - LOSER -  , , ,  - VS -  ,BETONLINE,0.00,0.00,,,,,,,,,0,0,0,0.00%,,,WINNER,,LOSER,,0,WINNER,1,,0.00%,TOURNAMENT,WINNER,  - WINNER -  
  - LOSER -  , , ,  - VS -  ,BETONLINE,0.00,0.00,,,,,,,,,0,0,0,0.00%,,,WINNER,,LOSER,,0,WINNER,1,,0.00%,TOURNAMENT,WINNER,  - WINNER -  
  - LOSER -  , , ,  - VS -  ,BETONLINE,0.00,0.00,,,,,,,,,0,0,0,0.00%,,,WINNER,,LOSER,,0,WINNER,1,,0.00%,TOURNAMENT,WINNER,  - WINNER -  
  - LOSER -  , , ,  - VS -  ,BETONLINE,0.00,0.00,,,,,,,,,0,0,0,0.00%,,,WINNER,,LOSER,,0,WINNER,1,,0.00%,TOURNAMENT,WINNER,  - WINNER -  
  - LOSER -  , , ,  - VS -  ,BETONLINE,0.00,0.00,,,,,,,,,0,0,0,0.00%,,,WINNER,,LOSER,,0,WINNER,1,,0.00%,TOURNAMENT,WINNER,  - WINNER -  
  - LOSER -  , , ,  - VS -  ,BETONLINE,0.00,0.00,,,,,,,,,0,0,0,0.00%,,,WINNER,,LOSER,,0,WINNER,1,,0.00%,TOURNAMENT,WINNER,  - WINNER -  
  - LOSER -  , , ,  - VS -  ,BETONLINE,0.00,0.00,,,,,,,,,0,0,0,0.00%,,,WINNER,,LOSER,,0,WINNER,1,,0.00%,TOURNAMENT,WINNER,  - WINNER -  
  - LOSER -  , , ,  - VS -  ,BETONLINE,0.00,0.00,,,,,,,,,0,0,0,0.00%,,,WINNER,,LOSER,,0,WINNER,1,,0.00%,TOURNAMENT,WINNER,  - WINNER -  
  - LOSER -  , , ,  - VS -  ,BETONLINE,0.00,0.00,,,,,,,,,0,0,0,0.00%,,,WINNER,,LOSER,,0,WINNER,1,,0.00%,TOURNAMENT,WINNER,  - WINNER -  
  - LOSER -  , , ,  - VS -  ,BETONLINE,0.00,0.00,,,,,,,,,0,0,0,0.00%,,,WINNER,,LOSER,,0,WINNER,1,,0.00%,TOURNAMENT,WINNER,  - WINNER -  
  - LOSER -  , , ,  - VS -  ,BETONLINE,0.00,0.00,,,,,,,,,0,0,0,0.00%,,,WINNER,,LOSER,,0,WINNER,1,,0.00%,TOURNAMENT,WINNER,  - WINNER -  
  - LOSER -  , , ,  - VS -  ,BETONLINE,0.00,0.00,,,,,,,,,0,0,0,0.00%,,,WINNER,,LOSER,,0,WINNER,1,,0.00%,TOURNAMENT,WINNER,  - WINNER -  
  - LOSER -  , , ,  - VS -  ,BETONLINE,0.00,0.00,,,,,,,,,0,0,0,0.00%,,,WINNER,,LOSER,,0,WINNER,1,,0.00%,TOURNAMENT,WINNER,  - WINNER -  
  - LOSER -  , , ,  - VS -  ,BETONLINE,0.00,0.00,,,,,,,,,0,0,0,0.00%,,,WINNER,,LOSER,,0,WINNER,1,,0.00%,TOURNAMENT,WINNER,  - WINNER -  
  - LOSER -  , , ,  - VS -  ,BETONLINE,0.00,0.00,,,,,,,,,0,0,0,0.00%,,,WINNER,,LOSER,,0,WINNER,1,,0.00%,TOURNAMENT,WINNER,  - WINNER -  
  - LOSER -  , , ,  - VS -  ,BETONLINE,0.00,0.00,,,,,,,,,0,0,0,0.00%,,,WINNER,,LOSER,,0,WINNER,1,,0.00%,TOURNAMENT,WINNER,  - WINNER -  
  - LOSER -  , , ,  - VS -  ,BETONLINE,0.00,0.00,,,,,,,,,0,0,0,0.00%,,,WINNER,,LOSER,,0,WINNER,1,,0.00%,TOURNAMENT,WINNER,  - WINNER -  
  - LOSER -  , , ,  - VS -  ,BETONLINE,0.00,0.00,,,,,,,,,0,0,0,0.00%,,,WINNER,,LOSER,,0,WINNER,1,,0.00%,TOURNAMENT,WINNER,  - WINNER -  
  - LOSER -  , , ,  - VS -  ,BETONLINE,0.00,0.00,,,,,,,,,0,0,0,0.00%,,,WINNER,,LOSER,,0,WINNER,1,,0.00%,TOURNAMENT,WINNER,  - WINNER -  
  - LOSER -  , , ,  - VS -  ,BETONLINE,0.00,0.00,,,,,,,,,0,0,0,0.00%,,,WINNER,,LOSER,,0,WINNER,1,,0.00%,TOURNAMENT,WINNER,  - WINNER -  
  - LOSER -  , , ,  - VS -  ,BETONLINE,0.00,0.00,,,,,,,,,0,0,0,0.00%,,,WINNER,,LOSER,,0,WINNER,1,,0.00%,TOURNAMENT,WINNER,  - WINNER -  
  - LOSER -  , , ,  - VS -  ,BETONLINE,0.00,0.00,,,,,,,,,0,0,0,0.00%,,,WINNER,,LOSER,,0,WINNER,1,,0.00%,TOURNAMENT,WINNER,  - WINNER -  
  - LOSER -  , , ,  - VS -  ,BETONLINE,0.00,0.00,,,,,,,,,0,0,0,0.00%,,,WINNER,,LOSER,,0,WINNER,1,,0.00%,TOURNAMENT,WINNER,  - WINNER -  
  - LOSER -  , , ,  - VS -  ,BETONLINE,0.00,0.00,,,,,,,,,0,0,0,0.00%,,,WINNER,,LOSER,,0,WINNER,1,,0.00%,TOURNAMENT,WINNER,  - WINNER -  
  - LOSER -  , , ,  - VS -  ,BETONLINE,0.00,0.00,,,,,,,,,0,0,0,0.00%,,,WINNER,,LOSER,,0,WINNER,1,,0.00%,TOURNAMENT,WINNER,  - WINNER -  
  - LOSER -  , , ,  - VS -  ,BETONLINE,0.00,0.00,,,,,,,,,0,0,0,0.00%,,,WINNER,,LOSER,,0,WINNER,1,,0.00%,TOURNAMENT,WINNER,  - WINNER -  
  - LOSER -  , , ,  - VS -  ,BETONLINE,0.00,0.00,,,,,,,,,0,0,0,0.00%,,,WINNER,,LOSER,,0,WINNER,1,,0.00%,TOURNAMENT,WINNER,  - WINNER -  
  - LOSER -  , , ,  - VS -  ,BETONLINE,0.00,0.00,,,,,,,,,0,0,0,0.00%,,,WINNER,,LOSER,,0,WINNER,1,,0.00%,TOURNAMENT,WINNER,  - WINNER -  
  - LOSER -  , , ,  - VS -  ,BETONLINE,0.00,0.00,,,,,,,,,0,0,0,0.00%,,,WINNER,,LOSER,,0,WINNER,1,,0.00%,TOURNAMENT,WINNER,  - WINNER -  
  - LOSER -  , , ,  - VS -  ,BETONLINE,0.00,0.00,,,,,,,,,0,0,0,0.00%,,,WINNER,,LOSER,,0,WINNER,1,,0.00%,TOURNAMENT,WINNER,  - WINNER -  
  - LOSER -  , , ,  - VS -  ,BETONLINE,0.00,0.00,,,,,,,,,0,0,0,0.00%,,,WINNER,,LOSER,,0,WINNER,1,,0.00%,TOURNAMENT,WINNER,  - WINNER -  
  - LOSER -  , , ,  - VS -  ,BETONLINE,0.00,0.00,,,,,,,,,0,0,0,0.00%,,,WINNER,,LOSER,,0,WINNER,1,,0.00%,TOURNAMENT,WINNER,  - WINNER -  
  - LOSER -  , , ,  - VS -  ,BETONLINE,0.00,0.00,,,,,,,,,0,0,0,0.00%,,,WINNER,,LOSER,,0,WINNER,1,,0.00%,TOURNAMENT,WINNER,  - WINNER -  
  - LOSER -  , , ,  - VS -  ,BETONLINE,0.00,0.00,,,,,,,,,0,0,0,0.00%,,,WINNER,,LOSER,,0,WINNER,1,,0.00%,TOURNAMENT,WINNER,  - WINNER -  
  - LOSER -  , , ,  - VS -  ,BETONLINE,0.00,0.00,,,,,,,,,0,0,0,0.00%,,,WINNER,,LOSER,,0,WINNER,1,,0.00%,TOURNAMENT,WINNER,  - WINNER -  
  - LOSER -  , , ,  - VS -  ,BETONLINE,0.00,0.00,,,,,,,,,0,0,0,0.00%,,,WINNER,,LOSER,,0,WINNER,1,,0.00%,TOURNAMENT,WINNER,  - WINNER -  
  - LOSER -  , , ,  - VS -  ,BETONLINE,0.00,0.00,,,,,,,,,0,0,0,0.00%,,,WINNER,,LOSER,,0,WINNER,1,,0.00%,TOURNAMENT,WINNER,  - WINNER -  
  - LOSER -  , , ,  - VS -  ,BETONLINE,0.00,0.00,,,,,,,,,0,0,0,0.00%,,,WINNER,,LOSER,,0,WINNER,1,,0.00%,TOURNAMENT,WINNER,  - WINNER -  
  - LOSER -  , , ,  - VS -  ,BETONLINE,0.00,0.00,,,,,,,,,0,0,0,0.00%,,,WINNER,,LOSER,,0,WINNER,1,,0.00%,TOURNAMENT,WINNER,  - WINNER -  
  - LOSER -  , , ,  - VS -  ,BETONLINE,0.00,0.00,,,,,,,,,0,0,0,0.00%,,,WINNER,,LOSER,,0,WINNER,1,,0.00%,TOURNAMENT,WINNER,  - WINNER -  
  - LOSER -  , , ,  - VS -  ,BETONLINE,0.00,0.00,,,,,,,,,0,0,0,0.00%,,,WINNER,,LOSER,,0,WINNER,1,,0.00%,TOURNAMENT,WINNER,  - WINNER -  
  - LOSER -  , , ,  - VS -  ,BETONLINE,0.00,0.00,,,,,,,,,0,0,0,0.00%,,,WINNER,,LOSER,,0,WINNER,1,,0.00%,TOURNAMENT,WINNER,  - WINNER -  
  - LOSER -  , , ,  - VS -  ,BETONLINE,0.00,0.00,,,,,,,,,0,0,0,0.00%,,,WINNER,,LOSER,,0,WINNER,1,,0.00%,TOURNAMENT,WINNER,  - WINNER -  
  - LOSER -  , , ,  - VS -  ,BETONLINE,0.00,0.00,,,,,,,,,0,0,0,0.00%,,,WINNER,,LOSER,,0,WINNER,1,,0.00%,TOURNAMENT,WINNER,  - WINNER -  
  - LOSER -  , , ,  - VS -  ,BETONLINE,0.00,0.00,,,,,,,,,0,0,0,0.00%,,,WINNER,,LOSER,,0,WINNER,1,,0.00%,TOURNAMENT,WINNER,  - WINNER -  
  - LOSER -  , , ,  - VS -  ,BETONLINE,0.00,0.00,,,,,,,,,0,0,0,0.00%,,,WINNER,,LOSER,,0,WINNER,1,,0.00%,TOURNAMENT,WINNER,  - WINNER -  
  - LOSER -  , , ,  - VS -  ,BETONLINE,0.00,0.00,,,,,,,,,0,0,0,0.00%,,,WINNER,,LOSER,,0,WINNER,1,,0.00%,TOURNAMENT,WINNER,  - WINNER -  
  - LOSER -  , , ,  - VS -  ,BETONLINE,0.00,0.00,,,,,,,,,0,0,0,0.00%,,,WINNER,,LOSER,,0,WINNER,1,,0.00%,TOURNAMENT,WINNER,  - WINNER -  
  - LOSER -  , , ,  - VS -  ,BETONLINE,0.00,0.00,,,,,,,,,0,0,0,0.00%,,,WINNER,,LOSER,,0,WINNER,1,,0.00%,TOURNAMENT,WINNER,  - WINNER -  
  - LOSER -  , , ,  - VS -  ,BETONLINE,0.00,0.00,,,,,,,,,0,0,0,0.00%,,,WINNER,,LOSER,,0,WINNER,1,,0.00%,TOURNAMENT,WINNER,  - WINNER -  
  - LOSER -  , , ,  - VS -  ,BETONLINE,0.00,0.00,,,,,,,,,0,0,0,0.00%,,,WINNER,,LOSER,,0,WINNER,1,,0.00%,TOURNAMENT,WINNER,  - WINNER -  
  - LOSER -  , , ,  - VS -  ,BETONLINE,0.00,0.00,,,,,,,,,0,0,0,0.00%,,,WINNER,,LOSER,,0,WINNER,1,,0.00%,TOURNAMENT,WINNER,  - WINNER -  
  - LOSER -  , , ,  - VS -  ,BETONLINE,0.00,0.00,,,,,,,,,0,0,0,0.00%,,,WINNER,,LOSER,,0,WINNER,1,,0.00%,TOURNAMENT,WINNER,  - WINNER -  
  - LOSER -  , , ,  - VS -  ,BETONLINE,0.00,0.00,,,,,,,,,0,0,0,0.00%,,,WINNER,,LOSER,,0,WINNER,1,,0.00%,TOURNAMENT,WINNER,  - WINNER -  
  - LOSER -  , , ,  - VS -  ,BETONLINE,0.00,0.00,,,,,,,,,0,0,0,0.00%,,,WINNER,,LOSER,,0,WINNER,1,,0.00%,TOURNAMENT,WINNER,  - WINNER -  
  - LOSER -  , , ,  - VS -  ,BETONLINE,0.00,0.00,,,,,,,,,0,0,0,0.00%,,,WINNER,,LOSER,,0,WINNER,1,,0.00%,TOURNAMENT,WINNER,  - WINNER -  
  - LOSER -  , , ,  - VS -  ,BETONLINE,0.00,0.00,,,,,,,,,0,0,0,0.00%,,,WINNER,,LOSER,,0,WINNER,1,,0.00%,TOURNAMENT,WINNER,  - WINNER -  
  - LOSER -  , , ,  - VS -  ,BETONLINE,0.00,0.00,,,,,,,,,0,0,0,0.00%,,,WINNER,,LOSER,,0,WINNER,1,,0.00%,TOURNAMENT,WINNER,  - WINNER -  
  - LOSER -  , , ,  - VS -  ,BETONLINE,0.00,0.00,,,,,,,,,0,0,0,0.00%,,,WINNER,,LOSER,,0,WINNER,1,,0.00%,TOURNAMENT,WINNER,  - WINNER -  
  - LOSER -  , , ,  - VS -  ,BETONLINE,0.00,0.00,,,,,,,,,0,0,0,0.00%,,,WINNER,,LOSER,,0,WINNER,1,,0.00%,TOURNAMENT,WINNER,  - WINNER -  
  - LOSER -  , , ,  - VS -  ,BETONLINE,0.00,0.00,,,,,,,,,0,0,0,0.00%,,,WINNER,,LOSER,,0,WINNER,1,,0.00%,TOURNAMENT,WINNER,  - WINNER -  
  - LOSER -  , , ,  - VS -  ,BETONLINE,0.00,0.00,,,,,,,,,0,0,0,0.00%,,,WINNER,,LOSER,,0,WINNER,1,,0.00%,TOURNAMENT,WINNER,  - WINNER -  
  - LOSER -  , , ,  - VS -  ,BETONLINE,0.00,0.00,,,,,,,,,0,0,0,0.00%,,,WINNER,,LOSER,,0,WINNER,1,,0.00%,TOURNAMENT,WINNER,  - WINNER -  
  - LOSER -  , , ,  - VS -  ,BETONLINE,0.00,0.00,,,,,,,,,0,0,0,0.00%,,,WINNER,,LOSER,,0,WINNER,1,,0.00%,TOURNAMENT,WINNER,  - WINNER -  
  - LOSER -  , , ,  - VS -  ,BETONLINE,0.00,0.00,,,,,,,,,0,0,0,0.00%,,,WINNER,,LOSER,,0,WINNER,1,,0.00%,TOURNAMENT,WINNER,  - WINNER -  
  - LOSER -  , , ,  - VS -  ,BETONLINE,0.00,0.00,,,,,,,,,0,0,0,0.00%,,,WINNER,,LOSER,,0,WINNER,1,,0.00%,TOURNAMENT,WINNER,  - WINNER -  
  - LOSER -  , , ,  - VS -  ,BETONLINE,0.00,0.00,,,,,,,,,0,0,0,0.00%,,,WINNER,,LOSER,,0,WINNER,1,,0.00%,TOURNAMENT,WINNER,  - WINNER -  
  - LOSER -  , , ,  - VS -  ,BETONLINE,0.00,0.00,,,,,,,,,0,0,0,0.00%,,,WINNER,,LOSER,,0,WINNER,1,,0.00%,TOURNAMENT,WINNER,  - WINNER -  
  - LOSER -  , , ,  - VS -  ,BETONLINE,0.00,0.00,,,,,,,,,0,0,0,0.00%,,,WINNER,,LOSER,,0,WINNER,1,,0.00%,TOURNAMENT,WINNER,  - WINNER -  
  - LOSER -  , , ,  - VS -  ,BETONLINE,0.00,0.00,,,,,,,,,0,0,0,0.00%,,,WINNER,,LOSER,,0,WINNER,1,,0.00%,TOURNAMENT,WINNER,  - WINNER -  
  - LOSER -  , , ,  - VS -  ,BETONLINE,0.00,0.00,,,,,,,,,0,0,0,0.00%,,,WINNER,,LOSER,,0,WINNER,1,,0.00%,TOURNAMENT,WINNER,  - WINNER -  
  - LOSER -  , , ,  - VS -  ,BETONLINE,0.00,0.00,,,,,,,,,0,0,0,0.00%,,,WINNER,,LOSER,,0,WINNER,1,,0.00%,TOURNAMENT,WINNER,  - WINNER -  
  - LOSER -  , , ,  - VS -  ,BETONLINE,0.00,0.00,,,,,,,,,0,0,0,0.00%,,,WINNER,,LOSER,,0,WINNER,1,,0.00%,TOURNAMENT,WINNER,  - WINNER -  
  - LOSER -  , , ,  - VS -  ,BETONLINE,0.00,0.00,,,,,,,,,0,0,0,0.00%,,,WINNER,,LOSER,,0,WINNER,1,,0.00%,TOURNAMENT,WINNER,  - WINNER -  
  - LOSER -  , , ,  - VS -  ,BETONLINE,0.00,0.00,,,,,,,,,0,0,0,0.00%,,,WINNER,,LOSER,,0,WINNER,1,,0.00%,TOURNAMENT,WINNER,  - WINNER -  
  - LOSER -  , , ,  - VS -  ,BETONLINE,0.00,0.00,,,,,,,,,0,0,0,0.00%,,,WINNER,,LOSER,,0,WINNER,1,,0.00%,TOURNAMENT,WINNER,  - WINNER -  
  - LOSER -  , , ,  - VS -  ,BETONLINE,0.00,0.00,,,,,,,,,0,0,0,0.00%,,,WINNER,,LOSER,,0,WINNER,1,,0.00%,TOURNAMENT,WINNER,  - WINNER -  
  - LOSER -  , , ,  - VS -  ,BETONLINE,0.00,0.00,,,,,,,,,0,0,0,0.00%,,,WINNER,,LOSER,,0,WINNER,1,,0.00%,TOURNAMENT,WINNER,  - WINNER -  
  - LOSER -  , , ,  - VS -  ,BETONLINE,0.00,0.00,,,,,,,,,0,0,0,0.00%,,,WINNER,,LOSER,,0,WINNER,1,,0.00%,TOURNAMENT,WINNER,  - WINNER -  
  - LOSER -  , , ,  - VS -  ,BETONLINE,0.00,0.00,,,,,,,,,0,0,0,0.00%,,,WINNER,,LOSER,,0,WINNER,1,,0.00%,TOURNAMENT,WINNER,  - WINNER -  
  - LOSER -  , , ,  - VS -  ,BETONLINE,0.00,0.00,,,,,,,,,0,0,0,0.00%,,,WINNER,,LOSER,,0,WINNER,1,,0.00%,TOURNAMENT,WINNER,  - WINNER -  
  - LOSER -  , , ,  - VS -  ,BETONLINE,0.00,0.00,,,,,,,,,0,0,0,0.00%,,,WINNER,,LOSER,,0,WINNER,1,,0.00%,TOURNAMENT,WINNER,  - WINNER -  
  - LOSER -  , , ,  - VS -  ,BETONLINE,0.00,0.00,,,,,,,,,0,0,0,0.00%,,,WINNER,,LOSER,,0,WINNER,1,,0.00%,TOURNAMENT,WINNER,  - WINNER -  
  - LOSER -  , , ,  - VS -  ,BETONLINE,0.00,0.00,,,,,,,,,0,0,0,0.00%,,,WINNER,,LOSER,,0,WINNER,1,,0.00%,TOURNAMENT,WINNER,  - WINNER -  
  - LOSER -  , , ,  - VS -  ,BETONLINE,0.00,0.00,,,,,,,,,0,0,0,0.00%,,,WINNER,,LOSER,,0,WINNER,1,,0.00%,TOURNAMENT,WINNER,  - WINNER -  
  - LOSER -  , , ,  - VS -  ,BETONLINE,0.00,0.00,,,,,,,,,0,0,0,0.00%,,,WINNER,,LOSER,,0,WINNER,1,,0.00%,TOURNAMENT,WINNER,  - WINNER -  
  - LOSER -  , , ,  - VS -  ,BETONLINE,0.00,0.00,,,,,,,,,0,0,0,0.00%,,,WINNER,,LOSER,,0,WINNER,1,,0.00%,TOURNAMENT,WINNER,  - WINNER -  
  - LOSER -  , , ,  - VS -  ,BETONLINE,0.00,0.00,,,,,,,,,0,0,0,0.00%,,,WINNER,,LOSER,,0,WINNER,1,,0.00%,TOURNAMENT,WINNER,  - WINNER -  
  - LOSER -  , , ,  - VS -  ,BETONLINE,0.00,0.00,,,,,,,,,0,0,0,0.00%,,,WINNER,,LOSER,,0,WINNER,1,,0.00%,TOURNAMENT,WINNER,  - WINNER -  
  - LOSER -  , , ,  - VS -  ,BETONLINE,0.00,0.00,,,,,,,,,0,0,0,0.00%,,,WINNER,,LOSER,,0,WINNER,1,,0.00%,TOURNAMENT,WINNER,  - WINNER -  
  - LOSER -  , , ,  - VS -  ,BETONLINE,0.00,0.00,,,,,,,,,0,0,0,0.00%,,,WINNER,,LOSER,,0,WINNER,1,,0.00%,TOURNAMENT,WINNER,  - WINNER -  
  - LOSER -  , , ,  - VS -  ,BETONLINE,0.00,0.00,,,,,,,,,0,0,0,0.00%,,,WINNER,,LOSER,,0,WINNER,1,,0.00%,TOURNAMENT,WINNER,  - WINNER -  
  - LOSER -  , , ,  - VS -  ,BETONLINE,0.00,0.00,,,,,,,,,0,0,0,0.00%,,,WINNER,,LOSER,,0,WINNER,1,,0.00%,TOURNAMENT,WINNER,  - WINNER -  
  - LOSER -  , , ,  - VS -  ,BETONLINE,0.00,0.00,,,,,,,,,0,0,0,0.00%,,,WINNER,,LOSER,,0,WINNER,1,,0.00%,TOURNAMENT,WINNER,  - WINNER -  
  - LOSER -  , , ,  - VS -  ,BETONLINE,0.00,0.00,,,,,,,,,0,0,0,0.00%,,,WINNER,,LOSER,,0,WINNER,1,,0.00%,TOURNAMENT,WINNER,  - WINNER -  
  - LOSER -  , , ,  - VS -  ,BETONLINE,0.00,0.00,,,,,,,,,0,0,0,0.00%,,,WINNER,,LOSER,,0,WINNER,1,,0.00%,TOURNAMENT,WINNER,  - WINNER -  
  - LOSER -  , , ,  - VS -  ,BETONLINE,0.00,0.00,,,,,,,,,0,0,0,0.00%,,,WINNER,,LOSER,,0,WINNER,1,,0.00%,TOURNAMENT,WINNER,  - WINNER -  
Brendon Todd - LOSER - Mackenzie Hughes,Brendon Todd,Mackenzie Hughes,Brendon Todd - VS - Mackenzie Hughes,PINNACLE,0.00,0.00,,,,,0.5843795624,0.4156204376,28.57833333,40.705,69.28333333,0.4124849651,0.5875150349,0.00%,,,WINNER,,LOSER,,-0.1750300698,WINNER,1,,0.00%,TOURNAMENT,WINNER,Brendon Todd - WINNER - Mackenzie Hughes
Ben Martin - LOSER - Kevin Roy,Ben Martin,Kevin Roy,Ben Martin - VS - Kevin Roy,PINNACLE,0.00,0.00,,,,,0.5832290363,0.4167709637,32.30333333,41.215,73.51833333,0.439391535,0.560608465,0.00%,,,WINNER,,LOSER,,-0.12121693,WINNER,1,,0.00%,TOURNAMENT,WINNER,Ben Martin - WINNER - Kevin Roy
Ben Silverman - LOSER - Tyler Duncan,Ben Silverman,Tyler Duncan,Ben Silverman - VS - Tyler Duncan,PINNACLE,0.00,0.00,,,,,0.5099741783,0.4900258217,33.35,33.35,66.7,0.5,0.5,0.00%,,,WINNER,,LOSER,,0,WINNER,1,,0.00%,TOURNAMENT,WINNER,Ben Silverman - WINNER - Tyler Duncan
Erik Van Rooyen - LOSER - Christiaan Bezuidenhout,Erik Van Rooyen,Christiaan Bezuidenhout,Erik Van Rooyen - VS - Christiaan Bezuidenhout,PINNACLE,0.00,0.00,,,,,0.5356271856,0.4643728144,34.14833333,41.08166667,75.23,0.4539190926,0.5460809074,0.00%,,,WINNER,,LOSER,,-0.09216181488,WINNER,1,,0.00%,TOURNAMENT,WINNER,Erik Van Rooyen - WINNER - Christiaan Bezuidenhout
Billy Horschel - LOSER - Chris Kirk,Billy Horschel,Chris Kirk,Billy Horschel - VS - Chris Kirk,PINNACLE,0.00,0.00,,,,,0.5010523682,0.4989476318,41.305,42.29833333,83.60333333,0.494059248,0.505940752,0.00%,,,WINNER,,LOSER,,-0.01188150393,WINNER,1,,0.00%,TOURNAMENT,WINNER,Billy Horschel - WINNER - Chris Kirk
Nick Taylor - LOSER - Max Homa,Nick Taylor,Max Homa,Nick Taylor - VS - Max Homa,PINNACLE,0.00,0.00,,,,,0.5061390046,0.4938609954,41.82166667,42.85333333,84.675,0.4939080799,0.5060919201,0.00%,,,WINNER,,LOSER,,-0.01218384017,WINNER,1,,0.00%,TOURNAMENT,WINNER,Nick Taylor - WINNER - Max Homa
Tony Finau - LOSER - Eric Cole,Tony Finau,Eric Cole,Tony Finau - VS - Eric Cole,PINNACLE,0.00,0.00,,,,,0.5469464402,0.4530535598,38.155,43.53333333,81.68833333,0.4670801624,0.5329198376,0.00%,,,WINNER,,LOSER,,-0.06583967519,WINNER,1,,0.00%,TOURNAMENT,WINNER,Tony Finau - WINNER - Eric Cole
Lucas Glover - LOSER - Kevin Streelman,Lucas Glover,Kevin Streelman,Lucas Glover - VS - Kevin Streelman,PINNACLE,0.00,0.00,,,,,0.4940543883,0.5059456117,36.30166667,33.49,69.79166667,0.5201432836,0.4798567164,0.00%,,,WINNER,,LOSER,,0.04028656716,LOSER,0,,0.00%,TOURNAMENT,WINNER,Lucas Glover - WINNER - Kevin Streelman
Ben Kohles - LOSER - Lee Hodges,Ben Kohles,Lee Hodges,Ben Kohles - VS - Lee Hodges,PINNACLE,0.00,0.00,,,,,0.4777213385,0.5222786615,42.53166667,39.33666667,81.86833333,0.5195130392,0.4804869608,0.00%,,,WINNER,,LOSER,,0.03902607846,LOSER,0,,0.00%,TOURNAMENT,WINNER,Ben Kohles - WINNER - Lee Hodges
Emiliano Grillo - LOSER - Takumi Kanaya,Emiliano Grillo,Takumi Kanaya,Emiliano Grillo - VS - Takumi Kanaya,PINNACLE,0.00,0.00,,,,,0.4662054783,0.5337945217,40.33166667,35.14,75.47166667,0.534394806,0.465605194,0.00%,,,WINNER,,LOSER,,0.068789612,LOSER,0,,0.00%,TOURNAMENT,WINNER,Emiliano Grillo - WINNER - Takumi Kanaya
Brice Garnett - LOSER - Adam Svensson,Brice Garnett,Adam Svensson,Brice Garnett - VS - Adam Svensson,PINNACLE,0.00,0.00,,,,,0.5148923905,0.4851076095,31.62833333,32.4,64.02833333,0.4939740219,0.5060259781,0.00%,,,WINNER,,LOSER,,-0.01205195617,WINNER,1,,0.00%,TOURNAMENT,WINNER,Brice Garnett - WINNER - Adam Svensson
Beau Hossler - LOSER - Justin Lower,Beau Hossler,Justin Lower,Beau Hossler - VS - Justin Lower,PINNACLE,0.00,0.00,,,,,0.4603361345,0.5396638655,43.22333333,35.285,78.50833333,0.5505572657,0.4494427343,0.00%,,,WINNER,,LOSER,,0.1011145314,LOSER,0,,0.00%,TOURNAMENT,WINNER,Beau Hossler - WINNER - Justin Lower
David Lingmerth - LOSER - Marco Penge,David Lingmerth,Marco Penge,David Lingmerth - VS - Marco Penge,PINNACLE,0.00,0.00,,,,,0.5844623201,0.4155376799,25.75333333,44.98333333,70.73666667,0.3640733236,0.6359266764,0.00%,,,WINNER,,LOSER,,-0.2718533528,WINNER,1,,0.00%,TOURNAMENT,WINNER,David Lingmerth - WINNER - Marco Penge
Kristoffer Ventura - LOSER - A.J. Ewart,Kristoffer Ventura,A.J. Ewart,Kristoffer Ventura - VS - A.J. Ewart,PINNACLE,0.00,0.00,,,,,0.4929444967,0.5070555033,34.95666667,34.95666667,69.91333333,0.5,0.5,0.00%,,,WINNER,,LOSER,,0,WINNER,1,,0.00%,TOURNAMENT,WINNER,Kristoffer Ventura - WINNER - A.J. Ewart
Davis Chatfield - LOSER - Tyson Shelley,Davis Chatfield,Tyson Shelley,Davis Chatfield - VS - Tyson Shelley,PINNACLE,0.00,0.00,,,,,0.444131308,0.555868692,35.55833333,35.55833333,71.11666667,0.5,0.5,0.00%,,,WINNER,,LOSER,,0,WINNER,1,,0.00%,TOURNAMENT,WINNER,Davis Chatfield - WINNER - Tyson Shelley
Marcelo Rozo - LOSER - Hayden Springer,Marcelo Rozo,Hayden Springer,Marcelo Rozo - VS - Hayden Springer,PINNACLE,0.00,0.00,,,,,0.5904051173,0.4095948827,28.805,37.68166667,66.48666667,0.4332447609,0.5667552391,0.00%,,,WINNER,,LOSER,,-0.1335104783,WINNER,1,,0.00%,TOURNAMENT,WINNER,Marcelo Rozo - WINNER - Hayden Springer
Christo Lamprecht - LOSER - Chandler Blanchet,Christo Lamprecht,Chandler Blanchet,Christo Lamprecht - VS - Chandler Blanchet,PINNACLE,0.00,0.00,,,,,0.5609756098,0.4390243902,29.31,34.205,63.515,0.4614657955,0.5385342045,0.00%,,,WINNER,,LOSER,,-0.07706840904,WINNER,1,,0.00%,TOURNAMENT,WINNER,Christo Lamprecht - WINNER - Chandler Blanchet
Zecheng Dou - LOSER - Zach J. Johnson,Zecheng Dou,Zach J. Johnson,Zecheng Dou - VS - Zach J. Johnson,PINNACLE,0.00,0.00,,,,,0.3714285714,0.6285714286,39.76333333,28.20833333,67.97166667,0.5849986514,0.4150013486,0.00%,,,WINNER,,LOSER,,0.1699973028,LOSER,0,,0.00%,TOURNAMENT,WINNER,Zecheng Dou - WINNER - Zach J. Johnson
Patton Kizzire - LOSER - Dylan Wu,Patton Kizzire,Dylan Wu,Patton Kizzire - VS - Dylan Wu,PINNACLE,0.00,0.00,,,,,0.5061703003,0.4938296997,30.06333333,31.53,61.59333333,0.4880939496,0.5119060504,0.00%,,,WINNER,,LOSER,,-0.02381210088,WINNER,1,,0.00%,TOURNAMENT,WINNER,Patton Kizzire - WINNER - Dylan Wu
Peter Malnati - LOSER - Doug Ghim,Peter Malnati,Doug Ghim,Peter Malnati - VS - Doug Ghim,PINNACLE,0.00,0.00,,,,,0.5503523324,0.4496476676,30.115,45.57333333,75.68833333,0.3978816638,0.6021183362,0.00%,,,WINNER,,LOSER,,-0.2042366723,WINNER,1,,0.00%,TOURNAMENT,WINNER,Peter Malnati - WINNER - Doug Ghim
Rafael Campos - LOSER - Patrick Rodgers,Rafael Campos,Patrick Rodgers,Rafael Campos - VS - Patrick Rodgers,PINNACLE,0.00,0.00,,,,,0.5429370565,0.4570629435,23.96333333,36.56666667,60.53,0.3958918443,0.6041081557,0.00%,,,WINNER,,LOSER,,-0.2082163115,WINNER,1,,0.00%,TOURNAMENT,WINNER,Rafael Campos - WINNER - Patrick Rodgers
Tom Hoge - LOSER - Mac Meissner,Tom Hoge,Mac Meissner,Tom Hoge - VS - Mac Meissner,PINNACLE,0.00,0.00,,,,,0.5455852098,0.4544147902,35.16,41.38333333,76.54333333,0.4593476462,0.5406523538,0.00%,,,WINNER,,LOSER,,-0.08130470757,WINNER,1,,0.00%,TOURNAMENT,WINNER,Tom Hoge - WINNER - Mac Meissner
Max Greyserman - LOSER - Rasmus Hojgaard,Max Greyserman,Rasmus Hojgaard,Max Greyserman - VS - Rasmus Hojgaard,PINNACLE,0.00,0.00,,,,,0.4962138811,0.5037861189,40.47666667,41.64166667,82.11833333,0.4929065779,0.5070934221,0.00%,,,WINNER,,LOSER,,-0.01418684419,WINNER,1,,0.00%,TOURNAMENT,WINNER,Max Greyserman - WINNER - Rasmus Hojgaard
David Skinns - LOSER - David Lipsky,David Skinns,David Lipsky,David Skinns - VS - David Lipsky,PINNACLE,0.00,0.00,,,,,0.5078175338,0.4921824662,31.88333333,31.82,63.70333333,0.5004970959,0.4995029041,0.00%,,,WINNER,,LOSER,,0.0009941918267,LOSER,0,,0.00%,TOURNAMENT,WINNER,David Skinns - WINNER - David Lipsky
Michael Brennan - LOSER - Ben James,Michael Brennan,Ben James,Michael Brennan - VS - Ben James,PINNACLE,0.00,0.00,,,,,0.4988702188,0.5011297812,44.11,44.11,88.22,0.5,0.5,0.00%,,,WINNER,,LOSER,,0,WINNER,1,,0.00%,TOURNAMENT,WINNER,Michael Brennan - WINNER - Ben James
Kevin Yu - LOSER - Aaron Wise,Kevin Yu,Aaron Wise,Kevin Yu - VS - Aaron Wise,PINNACLE,0.00,0.00,,,,,0.4010152284,0.5989847716,42.54166667,30.795,73.33666667,0.5800872688,0.4199127312,0.00%,,,WINNER,,LOSER,,0.1601745375,LOSER,0,,0.00%,TOURNAMENT,WINNER,Kevin Yu - WINNER - Aaron Wise
Harry Hall - LOSER - Matt McCarty,Harry Hall,Matt McCarty,Harry Hall - VS - Matt McCarty,PINNACLE,0.00,0.00,,,,,0.4915508348,0.5084491652,41.46333333,0,41.46333333,1,0,0.00%,,,WINNER,,LOSER,,1,LOSER,0,,0.00%,TOURNAMENT,WINNER,Harry Hall - WINNER - Matt McCarty
Stephan Jaeger - LOSER - Davis Riley,Stephan Jaeger,Davis Riley,Stephan Jaeger - VS - Davis Riley,PINNACLE,0.00,0.00,,,,,0.4471474552,0.5528525448,40.02833333,30.30333333,70.33166667,0.5691367094,0.4308632906,0.00%,,,WINNER,,LOSER,,0.1382734188,LOSER,0,,0.00%,TOURNAMENT,WINNER,Stephan Jaeger - WINNER - Davis Riley
Zac Blair - LOSER - Max McGreevy,Zac Blair,Max McGreevy,Zac Blair - VS - Max McGreevy,PINNACLE,0.00,0.00,,,,,0.5038264285,0.4961735715,35.95833333,35.68666667,71.645,0.501895922,0.498104078,0.00%,,,WINNER,,LOSER,,0.003791844046,LOSER,0,,0.00%,TOURNAMENT,WINNER,Zac Blair - WINNER - Max McGreevy
Steven Fisk - LOSER - Joe Highsmith,Steven Fisk,Joe Highsmith,Steven Fisk - VS - Joe Highsmith,PINNACLE,0.00,0.00,,,,,0.437615079,0.562384921,37.37166667,30.33,67.70166667,0.5520051205,0.4479948795,0.00%,,,WINNER,,LOSER,,0.104010241,LOSER,0,,0.00%,TOURNAMENT,WINNER,Steven Fisk - WINNER - Joe Highsmith
Joel Dahmen - LOSER - Andrew Putnam,Joel Dahmen,Andrew Putnam,Joel Dahmen - VS - Andrew Putnam,PINNACLE,0.00,0.00,,,,,0.4742924629,0.5257075371,34.33166667,34.53833333,68.87,0.4984995886,0.5015004114,0.00%,,,WINNER,,LOSER,,-0.003000822806,WINNER,1,,0.00%,TOURNAMENT,WINNER,Joel Dahmen - WINNER - Andrew Putnam
Seamus Power - LOSER - Matt Wallace,Seamus Power,Matt Wallace,Seamus Power - VS - Matt Wallace,PINNACLE,0.00,0.00,,,,,0.548621703,0.451378297,37.32,43.17,80.49,0.463660082,0.536339918,0.00%,,,WINNER,,LOSER,,-0.072679836,WINNER,1,,0.00%,TOURNAMENT,WINNER,Seamus Power - WINNER - Matt Wallace
Kensei Hirata - LOSER - Patrick Fishburn,Kensei Hirata,Patrick Fishburn,Kensei Hirata - VS - Patrick Fishburn,PINNACLE,0.00,0.00,,,,,0.5733496333,0.4266503667,25.44,35.695,61.135,0.4161282408,0.5838717592,0.00%,,,WINNER,,LOSER,,-0.1677435184,WINNER,1,,0.00%,TOURNAMENT,WINNER,Kensei Hirata - WINNER - Patrick Fishburn
Michael Thompson - LOSER - Haotong Li,Michael Thompson,Haotong Li,Michael Thompson - VS - Haotong Li,PINNACLE,0.00,0.00,,,,,0.5783261803,0.4216738197,27.39833333,27.39833333,54.79666667,0.5,0.5,0.00%,,,WINNER,,LOSER,,0,WINNER,1,,0.00%,TOURNAMENT,WINNER,Michael Thompson - WINNER - Haotong Li
Paul Peterson - LOSER - Adrien Dumont De Chassart,Paul Peterson,Adrien Dumont De Chassart,Paul Peterson - VS - Adrien Dumont De Chassart,PINNACLE,0.00,0.00,,,,,0.5157232704,0.4842767296,31.175,34.34,65.515,0.4758452263,0.5241547737,0.00%,,,WINNER,,LOSER,,-0.04830954743,WINNER,1,,0.00%,TOURNAMENT,WINNER,Paul Peterson - WINNER - Adrien Dumont De Chassart
Jimmy Stanger - LOSER - David Ford,Jimmy Stanger,David Ford,Jimmy Stanger - VS - David Ford,PINNACLE,0.00,0.00,,,,,0.5703427124,0.4296572876,29.33,36.44333333,65.77333333,0.4459254004,0.5540745996,0.00%,,,WINNER,,LOSER,,-0.1081491993,WINNER,1,,0.00%,TOURNAMENT,WINNER,Jimmy Stanger - WINNER - David Ford
John VanDerLaan - LOSER - Pontus Nyholm,John VanDerLaan,Pontus Nyholm,John VanDerLaan - VS - Pontus Nyholm,PINNACLE,0.00,0.00,,,,,0.4753937008,0.5246062992,33.92166667,32.805,66.72666667,0.5083674693,0.4916325307,0.00%,,,WINNER,,LOSER,,0.01673493856,LOSER,0,,0.00%,TOURNAMENT,WINNER,John VanDerLaan - WINNER - Pontus Nyholm
Alejandro Tosti - LOSER - Jesper Svensson,Alejandro Tosti,Jesper Svensson,Alejandro Tosti - VS - Jesper Svensson,PINNACLE,0.00,0.00,,,,,0.5517241379,0.4482758621,29.63333333,35.69833333,65.33166667,0.4535829996,0.5464170004,0.00%,,,WINNER,,LOSER,,-0.09283400087,WINNER,1,,0.00%,TOURNAMENT,WINNER,Alejandro Tosti - WINNER - Jesper Svensson
Harry Higgs - LOSER - Hank Lebioda,Harry Higgs,Hank Lebioda,Harry Higgs - VS - Hank Lebioda,PINNACLE,0.00,0.00,,,,,0.4979019023,0.5020980977,31.485,31.485,62.97,0.5,0.5,0.00%,,,WINNER,,LOSER,,0,WINNER,1,,0.00%,TOURNAMENT,WINNER,Harry Higgs - WINNER - Hank Lebioda
  - LOSER -  , , ,  - VS -  ,PINNACLE,0.00,0.00,,,,,,,,,0,0,0,0.00%,,,WINNER,,LOSER,,0,WINNER,1,,0.00%,TOURNAMENT,WINNER,  - WINNER -  
  - LOSER -  , , ,  - VS -  ,PINNACLE,0.00,0.00,,,,,,,,,0,0,0,0.00%,,,WINNER,,LOSER,,0,WINNER,1,,0.00%,TOURNAMENT,WINNER,  - WINNER -  
  - LOSER -  , , ,  - VS -  ,PINNACLE,0.00,0.00,,,,,,,,,0,0,0,0.00%,,,WINNER,,LOSER,,0,WINNER,1,,0.00%,TOURNAMENT,WINNER,  - WINNER -  
  - LOSER -  , , ,  - VS -  ,PINNACLE,0.00,0.00,,,,,,,,,0,0,0,0.00%,,,WINNER,,LOSER,,0,WINNER,1,,0.00%,TOURNAMENT,WINNER,  - WINNER -  
  - LOSER -  , , ,  - VS -  ,PINNACLE,0.00,0.00,,,,,,,,,0,0,0,0.00%,,,WINNER,,LOSER,,0,WINNER,1,,0.00%,TOURNAMENT,WINNER,  - WINNER -  
  - LOSER -  , , ,  - VS -  ,PINNACLE,0.00,0.00,,,,,,,,,0,0,0,0.00%,,,WINNER,,LOSER,,0,WINNER,1,,0.00%,TOURNAMENT,WINNER,  - WINNER -  
  - LOSER -  , , ,  - VS -  ,PINNACLE,0.00,0.00,,,,,,,,,0,0,0,0.00%,,,WINNER,,LOSER,,0,WINNER,1,,0.00%,TOURNAMENT,WINNER,  - WINNER -  
  - LOSER -  , , ,  - VS -  ,PINNACLE,0.00,0.00,,,,,,,,,0,0,0,0.00%,,,WINNER,,LOSER,,0,WINNER,1,,0.00%,TOURNAMENT,WINNER,  - WINNER -  
  - LOSER -  , , ,  - VS -  ,PINNACLE,0.00,0.00,,,,,,,,,0,0,0,0.00%,,,WINNER,,LOSER,,0,WINNER,1,,0.00%,TOURNAMENT,WINNER,  - WINNER -  
  - LOSER -  , , ,  - VS -  ,PINNACLE,0.00,0.00,,,,,,,,,0,0,0,0.00%,,,WINNER,,LOSER,,0,WINNER,1,,0.00%,TOURNAMENT,WINNER,  - WINNER -  
  - LOSER -  , , ,  - VS -  ,PINNACLE,0.00,0.00,,,,,,,,,0,0,0,0.00%,,,WINNER,,LOSER,,0,WINNER,1,,0.00%,TOURNAMENT,WINNER,  - WINNER -  
  - LOSER -  , , ,  - VS -  ,PINNACLE,0.00,0.00,,,,,,,,,0,0,0,0.00%,,,WINNER,,LOSER,,0,WINNER,1,,0.00%,TOURNAMENT,WINNER,  - WINNER -  
  - LOSER -  , , ,  - VS -  ,PINNACLE,0.00,0.00,,,,,,,,,0,0,0,0.00%,,,WINNER,,LOSER,,0,WINNER,1,,0.00%,TOURNAMENT,WINNER,  - WINNER -  
  - LOSER -  , , ,  - VS -  ,PINNACLE,0.00,0.00,,,,,,,,,0,0,0,0.00%,,,WINNER,,LOSER,,0,WINNER,1,,0.00%,TOURNAMENT,WINNER,  - WINNER -  
  - LOSER -  , , ,  - VS -  ,PINNACLE,0.00,0.00,,,,,,,,,0,0,0,0.00%,,,WINNER,,LOSER,,0,WINNER,1,,0.00%,TOURNAMENT,WINNER,  - WINNER -  
  - LOSER -  , , ,  - VS -  ,PINNACLE,0.00,0.00,,,,,,,,,0,0,0,0.00%,,,WINNER,,LOSER,,0,WINNER,1,,0.00%,TOURNAMENT,WINNER,  - WINNER -  
  - LOSER -  , , ,  - VS -  ,PINNACLE,0.00,0.00,,,,,,,,,0,0,0,0.00%,,,WINNER,,LOSER,,0,WINNER,1,,0.00%,TOURNAMENT,WINNER,  - WINNER -  
  - LOSER -  , , ,  - VS -  ,PINNACLE,0.00,0.00,,,,,,,,,0,0,0,0.00%,,,WINNER,,LOSER,,0,WINNER,1,,0.00%,TOURNAMENT,WINNER,  - WINNER -  
  - LOSER -  , , ,  - VS -  ,PINNACLE,0.00,0.00,,,,,,,,,0,0,0,0.00%,,,WINNER,,LOSER,,0,WINNER,1,,0.00%,TOURNAMENT,WINNER,  - WINNER -  
  - LOSER -  , , ,  - VS -  ,PINNACLE,0.00,0.00,,,,,,,,,0,0,0,0.00%,,,WINNER,,LOSER,,0,WINNER,1,,0.00%,TOURNAMENT,WINNER,  - WINNER -  
  - LOSER -  , , ,  - VS -  ,PINNACLE,0.00,0.00,,,,,,,,,0,0,0,0.00%,,,WINNER,,LOSER,,0,WINNER,1,,0.00%,TOURNAMENT,WINNER,  - WINNER -  
  - LOSER -  , , ,  - VS -  ,PINNACLE,0.00,0.00,,,,,,,,,0,0,0,0.00%,,,WINNER,,LOSER,,0,WINNER,1,,0.00%,TOURNAMENT,WINNER,  - WINNER -  
  - LOSER -  , , ,  - VS -  ,PINNACLE,0.00,0.00,,,,,,,,,0,0,0,0.00%,,,WINNER,,LOSER,,0,WINNER,1,,0.00%,TOURNAMENT,WINNER,  - WINNER -  
  - LOSER -  , , ,  - VS -  ,PINNACLE,0.00,0.00,,,,,,,,,0,0,0,0.00%,,,WINNER,,LOSER,,0,WINNER,1,,0.00%,TOURNAMENT,WINNER,  - WINNER -  
  - LOSER -  , , ,  - VS -  ,PINNACLE,0.00,0.00,,,,,,,,,0,0,0,0.00%,,,WINNER,,LOSER,,0,WINNER,1,,0.00%,TOURNAMENT,WINNER,  - WINNER -  
  - LOSER -  , , ,  - VS -  ,PINNACLE,0.00,0.00,,,,,,,,,0,0,0,0.00%,,,WINNER,,LOSER,,0,WINNER,1,,0.00%,TOURNAMENT,WINNER,  - WINNER -  
  - LOSER -  , , ,  - VS -  ,PINNACLE,0.00,0.00,,,,,,,,,0,0,0,0.00%,,,WINNER,,LOSER,,0,WINNER,1,,0.00%,TOURNAMENT,WINNER,  - WINNER -  
  - LOSER -  , , ,  - VS -  ,PINNACLE,0.00,0.00,,,,,,,,,0,0,0,0.00%,,,WINNER,,LOSER,,0,WINNER,1,,0.00%,TOURNAMENT,WINNER,  - WINNER -  
  - LOSER -  , , ,  - VS -  ,PINNACLE,0.00,0.00,,,,,,,,,0,0,0,0.00%,,,WINNER,,LOSER,,0,WINNER,1,,0.00%,TOURNAMENT,WINNER,  - WINNER -  
  - LOSER -  , , ,  - VS -  ,PINNACLE,0.00,0.00,,,,,,,,,0,0,0,0.00%,,,WINNER,,LOSER,,0,WINNER,1,,0.00%,TOURNAMENT,WINNER,  - WINNER -  
  - LOSER -  , , ,  - VS -  ,PINNACLE,0.00,0.00,,,,,,,,,0,0,0,0.00%,,,WINNER,,LOSER,,0,WINNER,1,,0.00%,TOURNAMENT,WINNER,  - WINNER -  
  - LOSER -  , , ,  - VS -  ,PINNACLE,0.00,0.00,,,,,,,,,0,0,0,0.00%,,,WINNER,,LOSER,,0,WINNER,1,,0.00%,TOURNAMENT,WINNER,  - WINNER -  
  - LOSER -  , , ,  - VS -  ,PINNACLE,0.00,0.00,,,,,,,,,0,0,0,0.00%,,,WINNER,,LOSER,,0,WINNER,1,,0.00%,TOURNAMENT,WINNER,  - WINNER -  
  - LOSER -  , , ,  - VS -  ,PINNACLE,0.00,0.00,,,,,,,,,0,0,0,0.00%,,,WINNER,,LOSER,,0,WINNER,1,,0.00%,TOURNAMENT,WINNER,  - WINNER -  
  - LOSER -  , , ,  - VS -  ,PINNACLE,0.00,0.00,,,,,,,,,0,0,0,0.00%,,,WINNER,,LOSER,,0,WINNER,1,,0.00%,TOURNAMENT,WINNER,  - WINNER -  
  - LOSER -  , , ,  - VS -  ,PINNACLE,0.00,0.00,,,,,,,,,0,0,0,0.00%,,,WINNER,,LOSER,,0,WINNER,1,,0.00%,TOURNAMENT,WINNER,  - WINNER -  
  - LOSER -  , , ,  - VS -  ,PINNACLE,0.00,0.00,,,,,,,,,0,0,0,0.00%,,,WINNER,,LOSER,,0,WINNER,1,,0.00%,TOURNAMENT,WINNER,  - WINNER -  
  - LOSER -  , , ,  - VS -  ,PINNACLE,0.00,0.00,,,,,,,,,0,0,0,0.00%,,,WINNER,,LOSER,,0,WINNER,1,,0.00%,TOURNAMENT,WINNER,  - WINNER -  
  - LOSER -  , , ,  - VS -  ,PINNACLE,0.00,0.00,,,,,,,,,0,0,0,0.00%,,,WINNER,,LOSER,,0,WINNER,1,,0.00%,TOURNAMENT,WINNER,  - WINNER -  
  - LOSER -  , , ,  - VS -  ,PINNACLE,0.00,0.00,,,,,,,,,0,0,0,0.00%,,,WINNER,,LOSER,,0,WINNER,1,,0.00%,TOURNAMENT,WINNER,  - WINNER -  
  - LOSER -  , , ,  - VS -  ,PINNACLE,0.00,0.00,,,,,,,,,0,0,0,0.00%,,,WINNER,,LOSER,,0,WINNER,1,,0.00%,TOURNAMENT,WINNER,  - WINNER -  
  - LOSER -  , , ,  - VS -  ,PINNACLE,0.00,0.00,,,,,,,,,0,0,0,0.00%,,,WINNER,,LOSER,,0,WINNER,1,,0.00%,TOURNAMENT,WINNER,  - WINNER -  
  - LOSER -  , , ,  - VS -  ,PINNACLE,0.00,0.00,,,,,,,,,0,0,0,0.00%,,,WINNER,,LOSER,,0,WINNER,1,,0.00%,TOURNAMENT,WINNER,  - WINNER -  
  - LOSER -  , , ,  - VS -  ,PINNACLE,0.00,0.00,,,,,,,,,0,0,0,0.00%,,,WINNER,,LOSER,,0,WINNER,1,,0.00%,TOURNAMENT,WINNER,  - WINNER -  
  - LOSER -  , , ,  - VS -  ,PINNACLE,0.00,0.00,,,,,,,,,0,0,0,0.00%,,,WINNER,,LOSER,,0,WINNER,1,,0.00%,TOURNAMENT,WINNER,  - WINNER -  
  - LOSER -  , , ,  - VS -  ,PINNACLE,0.00,0.00,,,,,,,,,0,0,0,0.00%,,,WINNER,,LOSER,,0,WINNER,1,,0.00%,TOURNAMENT,WINNER,  - WINNER -  
  - LOSER -  , , ,  - VS -  ,PINNACLE,0.00,0.00,,,,,,,,,0,0,0,0.00%,,,WINNER,,LOSER,,0,WINNER,1,,0.00%,TOURNAMENT,WINNER,  - WINNER -  
  - LOSER -  , , ,  - VS -  ,PINNACLE,0.00,0.00,,,,,,,,,0,0,0,0.00%,,,WINNER,,LOSER,,0,WINNER,1,,0.00%,TOURNAMENT,WINNER,  - WINNER -  
  - LOSER -  , , ,  - VS -  ,PINNACLE,0.00,0.00,,,,,,,,,0,0,0,0.00%,,,WINNER,,LOSER,,0,WINNER,1,,0.00%,TOURNAMENT,WINNER,  - WINNER -  
  - LOSER -  , , ,  - VS -  ,PINNACLE,0.00,0.00,,,,,,,,,0,0,0,0.00%,,,WINNER,,LOSER,,0,WINNER,1,,0.00%,TOURNAMENT,WINNER,  - WINNER -  
  - LOSER -  , , ,  - VS -  ,PINNACLE,0.00,0.00,,,,,,,,,0,0,0,0.00%,,,WINNER,,LOSER,,0,WINNER,1,,0.00%,TOURNAMENT,WINNER,  - WINNER -  
  - LOSER -  , , ,  - VS -  ,PINNACLE,0.00,0.00,,,,,,,,,0,0,0,0.00%,,,WINNER,,LOSER,,0,WINNER,1,,0.00%,TOURNAMENT,WINNER,  - WINNER -  
  - LOSER -  , , ,  - VS -  ,PINNACLE,0.00,0.00,,,,,,,,,0,0,0,0.00%,,,WINNER,,LOSER,,0,WINNER,1,,0.00%,TOURNAMENT,WINNER,  - WINNER -  
  - LOSER -  , , ,  - VS -  ,PINNACLE,0.00,0.00,,,,,,,,,0,0,0,0.00%,,,WINNER,,LOSER,,0,WINNER,1,,0.00%,TOURNAMENT,WINNER,  - WINNER -  
  - LOSER -  , , ,  - VS -  ,PINNACLE,0.00,0.00,,,,,,,,,0,0,0,0.00%,,,WINNER,,LOSER,,0,WINNER,1,,0.00%,TOURNAMENT,WINNER,  - WINNER -  
  - LOSER -  , , ,  - VS -  ,PINNACLE,0.00,0.00,,,,,,,,,0,0,0,0.00%,,,WINNER,,LOSER,,0,WINNER,1,,0.00%,TOURNAMENT,WINNER,  - WINNER -  
  - LOSER -  , , ,  - VS -  ,PINNACLE,0.00,0.00,,,,,,,,,0,0,0,0.00%,,,WINNER,,LOSER,,0,WINNER,1,,0.00%,TOURNAMENT,WINNER,  - WINNER -  
  - LOSER -  , , ,  - VS -  ,PINNACLE,0.00,0.00,,,,,,,,,0,0,0,0.00%,,,WINNER,,LOSER,,0,WINNER,1,,0.00%,TOURNAMENT,WINNER,  - WINNER -  
  - LOSER -  , , ,  - VS -  ,PINNACLE,0.00,0.00,,,,,,,,,0,0,0,0.00%,,,WINNER,,LOSER,,0,WINNER,1,,0.00%,TOURNAMENT,WINNER,  - WINNER -  
  - LOSER -  , , ,  - VS -  ,PINNACLE,0.00,0.00,,,,,,,,,0,0,0,0.00%,,,WINNER,,LOSER,,0,WINNER,1,,0.00%,TOURNAMENT,WINNER,  - WINNER -  
  - LOSER -  , , ,  - VS -  ,PINNACLE,0.00,0.00,,,,,,,,,0,0,0,0.00%,,,WINNER,,LOSER,,0,WINNER,1,,0.00%,TOURNAMENT,WINNER,  - WINNER -  
  - LOSER -  , , ,  - VS -  ,PINNACLE,0.00,0.00,,,,,,,,,0,0,0,0.00%,,,WINNER,,LOSER,,0,WINNER,1,,0.00%,TOURNAMENT,WINNER,  - WINNER -  
  - LOSER -  , , ,  - VS -  ,PINNACLE,0.00,0.00,,,,,,,,,0,0,0,0.00%,,,WINNER,,LOSER,,0,WINNER,1,,0.00%,TOURNAMENT,WINNER,  - WINNER -  
  - LOSER -  , , ,  - VS -  ,PINNACLE,0.00,0.00,,,,,,,,,0,0,0,0.00%,,,WINNER,,LOSER,,0,WINNER,1,,0.00%,TOURNAMENT,WINNER,  - WINNER -  
  - LOSER -  , , ,  - VS -  ,PINNACLE,0.00,0.00,,,,,,,,,0,0,0,0.00%,,,WINNER,,LOSER,,0,WINNER,1,,0.00%,TOURNAMENT,WINNER,  - WINNER -  
  - LOSER -  , , ,  - VS -  ,PINNACLE,0.00,0.00,,,,,,,,,0,0,0,0.00%,,,WINNER,,LOSER,,0,WINNER,1,,0.00%,TOURNAMENT,WINNER,  - WINNER -  
  - LOSER -  , , ,  - VS -  ,PINNACLE,0.00,0.00,,,,,,,,,0,0,0,0.00%,,,WINNER,,LOSER,,0,WINNER,1,,0.00%,TOURNAMENT,WINNER,  - WINNER -  
  - LOSER -  , , ,  - VS -  ,PINNACLE,0.00,0.00,,,,,,,,,0,0,0,0.00%,,,WINNER,,LOSER,,0,WINNER,1,,0.00%,TOURNAMENT,WINNER,  - WINNER -  
  - LOSER -  , , ,  - VS -  ,PINNACLE,0.00,0.00,,,,,,,,,0,0,0,0.00%,,,WINNER,,LOSER,,0,WINNER,1,,0.00%,TOURNAMENT,WINNER,  - WINNER -  
  - LOSER -  , , ,  - VS -  ,PINNACLE,0.00,0.00,,,,,,,,,0,0,0,0.00%,,,WINNER,,LOSER,,0,WINNER,1,,0.00%,TOURNAMENT,WINNER,  - WINNER -  
  - LOSER -  , , ,  - VS -  ,PINNACLE,0.00,0.00,,,,,,,,,0,0,0,0.00%,,,WINNER,,LOSER,,0,WINNER,1,,0.00%,TOURNAMENT,WINNER,  - WINNER -  
  - LOSER -  , , ,  - VS -  ,PINNACLE,0.00,0.00,,,,,,,,,0,0,0,0.00%,,,WINNER,,LOSER,,0,WINNER,1,,0.00%,TOURNAMENT,WINNER,  - WINNER -  
  - LOSER -  , , ,  - VS -  ,PINNACLE,0.00,0.00,,,,,,,,,0,0,0,0.00%,,,WINNER,,LOSER,,0,WINNER,1,,0.00%,TOURNAMENT,WINNER,  - WINNER -  
  - LOSER -  , , ,  - VS -  ,PINNACLE,0.00,0.00,,,,,,,,,0,0,0,0.00%,,,WINNER,,LOSER,,0,WINNER,1,,0.00%,TOURNAMENT,WINNER,  - WINNER -  
  - LOSER -  , , ,  - VS -  ,PINNACLE,0.00,0.00,,,,,,,,,0,0,0,0.00%,,,WINNER,,LOSER,,0,WINNER,1,,0.00%,TOURNAMENT,WINNER,  - WINNER -  
  - LOSER -  , , ,  - VS -  ,PINNACLE,0.00,0.00,,,,,,,,,0,0,0,0.00%,,,WINNER,,LOSER,,0,WINNER,1,,0.00%,TOURNAMENT,WINNER,  - WINNER -  
  - LOSER -  , , ,  - VS -  ,PINNACLE,0.00,0.00,,,,,,,,,0,0,0,0.00%,,,WINNER,,LOSER,,0,WINNER,1,,0.00%,TOURNAMENT,WINNER,  - WINNER -  
  - LOSER -  , , ,  - VS -  ,PINNACLE,0.00,0.00,,,,,,,,,0,0,0,0.00%,,,WINNER,,LOSER,,0,WINNER,1,,0.00%,TOURNAMENT,WINNER,  - WINNER -  
  - LOSER -  , , ,  - VS -  ,PINNACLE,0.00,0.00,,,,,,,,,0,0,0,0.00%,,,WINNER,,LOSER,,0,WINNER,1,,0.00%,TOURNAMENT,WINNER,  - WINNER -  
  - LOSER -  , , ,  - VS -  ,PINNACLE,0.00,0.00,,,,,,,,,0,0,0,0.00%,,,WINNER,,LOSER,,0,WINNER,1,,0.00%,TOURNAMENT,WINNER,  - WINNER -  
  - LOSER -  , , ,  - VS -  ,PINNACLE,0.00,0.00,,,,,,,,,0,0,0,0.00%,,,WINNER,,LOSER,,0,WINNER,1,,0.00%,TOURNAMENT,WINNER,  - WINNER -  
  - LOSER -  , , ,  - VS -  ,PINNACLE,0.00,0.00,,,,,,,,,0,0,0,0.00%,,,WINNER,,LOSER,,0,WINNER,1,,0.00%,TOURNAMENT,WINNER,  - WINNER -  
  - LOSER -  , , ,  - VS -  ,PINNACLE,0.00,0.00,,,,,,,,,0,0,0,0.00%,,,WINNER,,LOSER,,0,WINNER,1,,0.00%,TOURNAMENT,WINNER,  - WINNER -  
  - LOSER -  , , ,  - VS -  ,PINNACLE,0.00,0.00,,,,,,,,,0,0,0,0.00%,,,WINNER,,LOSER,,0,WINNER,1,,0.00%,TOURNAMENT,WINNER,  - WINNER -  
  - LOSER -  , , ,  - VS -  ,PINNACLE,0.00,0.00,,,,,,,,,0,0,0,0.00%,,,WINNER,,LOSER,,0,WINNER,1,,0.00%,TOURNAMENT,WINNER,  - WINNER -  
  - LOSER -  , , ,  - VS -  ,PINNACLE,0.00,0.00,,,,,,,,,0,0,0,0.00%,,,WINNER,,LOSER,,0,WINNER,1,,0.00%,TOURNAMENT,WINNER,  - WINNER -  
  - LOSER -  , , ,  - VS -  ,PINNACLE,0.00,0.00,,,,,,,,,0,0,0,0.00%,,,WINNER,,LOSER,,0,WINNER,1,,0.00%,TOURNAMENT,WINNER,  - WINNER -  
  - LOSER -  , , ,  - VS -  ,PINNACLE,0.00,0.00,,,,,,,,,0,0,0,0.00%,,,WINNER,,LOSER,,0,WINNER,1,,0.00%,TOURNAMENT,WINNER,  - WINNER -  
  - LOSER -  , , ,  - VS -  ,PINNACLE,0.00,0.00,,,,,,,,,0,0,0,0.00%,,,WINNER,,LOSER,,0,WINNER,1,,0.00%,TOURNAMENT,WINNER,  - WINNER -  
  - LOSER -  , , ,  - VS -  ,PINNACLE,0.00,0.00,,,,,,,,,0,0,0,0.00%,,,WINNER,,LOSER,,0,WINNER,1,,0.00%,TOURNAMENT,WINNER,  - WINNER -  
  - LOSER -  , , ,  - VS -  ,PINNACLE,0.00,0.00,,,,,,,,,0,0,0,0.00%,,,WINNER,,LOSER,,0,WINNER,1,,0.00%,TOURNAMENT,WINNER,  - WINNER -  
  - LOSER -  , , ,  - VS -  ,PINNACLE,0.00,0.00,,,,,,,,,0,0,0,0.00%,,,WINNER,,LOSER,,0,WINNER,1,,0.00%,TOURNAMENT,WINNER,  - WINNER -  
  - LOSER -  , , ,  - VS -  ,PINNACLE,0.00,0.00,,,,,,,,,0,0,0,0.00%,,,WINNER,,LOSER,,0,WINNER,1,,0.00%,TOURNAMENT,WINNER,  - WINNER -  
  - LOSER -  , , ,  - VS -  ,PINNACLE,0.00,0.00,,,,,,,,,0,0,0,0.00%,,,WINNER,,LOSER,,0,WINNER,1,,0.00%,TOURNAMENT,WINNER,  - WINNER -  
  - LOSER -  , , ,  - VS -  ,PINNACLE,0.00,0.00,,,,,,,,,0,0,0,0.00%,,,WINNER,,LOSER,,0,WINNER,1,,0.00%,TOURNAMENT,WINNER,  - WINNER -  
  - LOSER -  , , ,  - VS -  ,PINNACLE,0.00,0.00,,,,,,,,,0,0,0,0.00%,,,WINNER,,LOSER,,0,WINNER,1,,0.00%,TOURNAMENT,WINNER,  - WINNER -  
  - LOSER -  , , ,  - VS -  ,PINNACLE,0.00,0.00,,,,,,,,,0,0,0,0.00%,,,WINNER,,LOSER,,0,WINNER,1,,0.00%,TOURNAMENT,WINNER,  - WINNER -  
  - LOSER -  , , ,  - VS -  ,PINNACLE,0.00,0.00,,,,,,,,,0,0,0,0.00%,,,WINNER,,LOSER,,0,WINNER,1,,0.00%,TOURNAMENT,WINNER,  - WINNER -  
  - LOSER -  , , ,  - VS -  ,PINNACLE,0.00,0.00,,,,,,,,,0,0,0,0.00%,,,WINNER,,LOSER,,0,WINNER,1,,0.00%,TOURNAMENT,WINNER,  - WINNER -  
  - LOSER -  , , ,  - VS -  ,PINNACLE,0.00,0.00,,,,,,,,,0,0,0,0.00%,,,WINNER,,LOSER,,0,WINNER,1,,0.00%,TOURNAMENT,WINNER,  - WINNER -  
  - LOSER -  , , ,  - VS -  ,PINNACLE,0.00,0.00,,,,,,,,,0,0,0,0.00%,,,WINNER,,LOSER,,0,WINNER,1,,0.00%,TOURNAMENT,WINNER,  - WINNER -  
  - LOSER -  , , ,  - VS -  ,PINNACLE,0.00,0.00,,,,,,,,,0,0,0,0.00%,,,WINNER,,LOSER,,0,WINNER,1,,0.00%,TOURNAMENT,WINNER,  - WINNER -  
  - LOSER -  , , ,  - VS -  ,PINNACLE,0.00,0.00,,,,,,,,,0,0,0,0.00%,,,WINNER,,LOSER,,0,WINNER,1,,0.00%,TOURNAMENT,WINNER,  - WINNER -  
  - LOSER -  , , ,  - VS -  ,PINNACLE,0.00,0.00,,,,,,,,,0,0,0,0.00%,,,WINNER,,LOSER,,0,WINNER,1,,0.00%,TOURNAMENT,WINNER,  - WINNER -  
  - LOSER -  , , ,  - VS -  ,PINNACLE,0.00,0.00,,,,,,,,,0,0,0,0.00%,,,WINNER,,LOSER,,0,WINNER,1,,0.00%,TOURNAMENT,WINNER,  - WINNER -  
  - LOSER -  , , ,  - VS -  ,PINNACLE,0.00,0.00,,,,,,,,,0,0,0,0.00%,,,WINNER,,LOSER,,0,WINNER,1,,0.00%,TOURNAMENT,WINNER,  - WINNER -  
  - LOSER -  , , ,  - VS -  ,PINNACLE,0.00,0.00,,,,,,,,,0,0,0,0.00%,,,WINNER,,LOSER,,0,WINNER,1,,0.00%,TOURNAMENT,WINNER,  - WINNER -  
  - LOSER -  , , ,  - VS -  ,PINNACLE,0.00,0.00,,,,,,,,,0,0,0,0.00%,,,WINNER,,LOSER,,0,WINNER,1,,0.00%,TOURNAMENT,WINNER,  - WINNER -  
  - LOSER -  , , ,  - VS -  ,PINNACLE,0.00,0.00,,,,,,,,,0,0,0,0.00%,,,WINNER,,LOSER,,0,WINNER,1,,0.00%,TOURNAMENT,WINNER,  - WINNER -  
  - LOSER -  , , ,  - VS -  ,PINNACLE,0.00,0.00,,,,,,,,,0,0,0,0.00%,,,WINNER,,LOSER,,0,WINNER,1,,0.00%,TOURNAMENT,WINNER,  - WINNER -  
  - LOSER -  , , ,  - VS -  ,PINNACLE,0.00,0.00,,,,,,,,,0,0,0,0.00%,,,WINNER,,LOSER,,0,WINNER,1,,0.00%,TOURNAMENT,WINNER,  - WINNER -  
Brendon Todd - LOSER - Mackenzie Hughes,Brendon Todd,Mackenzie Hughes,Brendon Todd - VS - Mackenzie Hughes,UNIBET,550.00,150.00,6.5,2.5,0.585106383,0.414893617,0.5843795624,0.4156204376,28.57833333,40.705,69.28333333,0.4124849651,0.5875150349,0.00%,-0.07%,0.07%,WINNER,-17.26%,LOSER,17.26%,-0.1750300698,WINNER,1,-17.26%,0.07%,TOURNAMENT,LOSER,Brendon Todd - LOSER - Mackenzie Hughes
Ben Martin - LOSER - Kevin Roy,Ben Martin,Kevin Roy,Ben Martin - VS - Kevin Roy,UNIBET,0.00,0.00,,,,,0.5832290363,0.4167709637,32.30333333,41.215,73.51833333,0.439391535,0.560608465,0.00%,,,WINNER,,LOSER,,-0.12121693,WINNER,1,,0.00%,TOURNAMENT,WINNER,Ben Martin - WINNER - Kevin Roy
Ben Silverman - LOSER - Tyler Duncan,Ben Silverman,Tyler Duncan,Ben Silverman - VS - Tyler Duncan,UNIBET,0.00,0.00,,,,,0.5099741783,0.4900258217,33.35,33.35,66.7,0.5,0.5,0.00%,,,WINNER,,LOSER,,0,WINNER,1,,0.00%,TOURNAMENT,WINNER,Ben Silverman - WINNER - Tyler Duncan
Erik Van Rooyen - WINNER - Christiaan Bezuidenhout,Erik Van Rooyen,Christiaan Bezuidenhout,Erik Van Rooyen - VS - Christiaan Bezuidenhout,UNIBET,275.00,145.00,3.75,2.45,0.5533880903,0.446611910,0.5356271856,0.4643728144,34.14833333,41.08166667,75.23,0.4539190926,0.5460809074,0.00%,-1.78%,1.78%,WINNER,-9.95%,WINNER,9.95%,-0.09216181488,WINNER,1,-9.95%,1.78%,TOURNAMENT,LOSER,Erik Van Rooyen - LOSER - Christiaan Bezuidenhout
Billy Horschel - LOSER - Chris Kirk,Billy Horschel,Chris Kirk,Billy Horschel - VS - Chris Kirk,UNIBET,0.00,0.00,,,,,0.5010523682,0.4989476318,41.305,42.29833333,83.60333333,0.494059248,0.505940752,0.00%,,,WINNER,,LOSER,,-0.01188150393,WINNER,1,,0.00%,TOURNAMENT,WINNER,Billy Horschel - WINNER - Chris Kirk
Nick Taylor - LOSER - Max Homa,Nick Taylor,Max Homa,Nick Taylor - VS - Max Homa,UNIBET,200.00,205.00,3,3.05,0.4979591837,0.502040816,0.5061390046,0.4938609954,41.82166667,42.85333333,84.675,0.4939080799,0.5060919201,0.00%,0.82%,-0.82%,LOSER,-0.41%,LOSER,,-0.01218384017,WINNER,0,-0.41%,-0.82%,TOURNAMENT,LOSER,Nick Taylor - LOSER - Max Homa
Tony Finau - WINNER - Eric Cole,Tony Finau,Eric Cole,Tony Finau - VS - Eric Cole,UNIBET,210.00,120.00,3.1,2.2,0.5539568345,0.446043165,0.5469464402,0.4530535598,38.155,43.53333333,81.68833333,0.4670801624,0.5329198376,0.00%,-0.70%,0.70%,WINNER,-8.69%,WINNER,8.69%,-0.06583967519,WINNER,1,-8.69%,0.70%,TOURNAMENT,LOSER,Tony Finau - LOSER - Eric Cole
Lucas Glover - LOSER - Kevin Streelman,Lucas Glover,Kevin Streelman,Lucas Glover - VS - Kevin Streelman,UNIBET,0.00,0.00,,,,,0.4940543883,0.5059456117,36.30166667,33.49,69.79166667,0.5201432836,0.4798567164,0.00%,,,WINNER,,LOSER,,0.04028656716,LOSER,0,,0.00%,TOURNAMENT,WINNER,Lucas Glover - WINNER - Kevin Streelman
Ben Kohles - LOSER - Lee Hodges,Ben Kohles,Lee Hodges,Ben Kohles - VS - Lee Hodges,UNIBET,120.00,155.00,2.2,2.55,0.4729520866,0.527047913,0.4777213385,0.5222786615,42.53166667,39.33666667,81.86833333,0.5195130392,0.4804869608,0.00%,0.48%,-0.48%,LOSER,4.66%,LOSER,4.66%,0.03902607846,LOSER,1,4.66%,-0.48%,TOURNAMENT,WINNER,Ben Kohles - WINNER - Lee Hodges
Emiliano Grillo - WINNER - Takumi Kanaya,Emiliano Grillo,Takumi Kanaya,Emiliano Grillo - VS - Takumi Kanaya,UNIBET,160.00,225.00,2.6,3.25,0.4705882353,0.529411765,0.4662054783,0.5337945217,40.33166667,35.14,75.47166667,0.534394806,0.465605194,0.00%,-0.44%,0.44%,LOSER,6.38%,WINNER,6.38%,0.068789612,LOSER,1,6.38%,0.44%,TOURNAMENT,WINNER,Emiliano Grillo - WINNER - Takumi Kanaya
Brice Garnett - LOSER - Adam Svensson,Brice Garnett,Adam Svensson,Brice Garnett - VS - Adam Svensson,UNIBET,0.00,0.00,,,,,0.5148923905,0.4851076095,31.62833333,32.4,64.02833333,0.4939740219,0.5060259781,0.00%,,,WINNER,,LOSER,,-0.01205195617,WINNER,1,,0.00%,TOURNAMENT,WINNER,Brice Garnett - WINNER - Adam Svensson
Beau Hossler - LOSER - Justin Lower,Beau Hossler,Justin Lower,Beau Hossler - VS - Justin Lower,UNIBET,0.00,0.00,,,,,0.4603361345,0.5396638655,43.22333333,35.285,78.50833333,0.5505572657,0.4494427343,0.00%,,,WINNER,,LOSER,,0.1011145314,LOSER,0,,0.00%,TOURNAMENT,WINNER,Beau Hossler - WINNER - Justin Lower
David Lingmerth - LOSER - Marco Penge,David Lingmerth,Marco Penge,David Lingmerth - VS - Marco Penge,UNIBET,0.00,0.00,,,,,0.5844623201,0.4155376799,25.75333333,44.98333333,70.73666667,0.3640733236,0.6359266764,0.00%,,,WINNER,,LOSER,,-0.2718533528,WINNER,1,,0.00%,TOURNAMENT,WINNER,David Lingmerth - WINNER - Marco Penge
Kristoffer Ventura - LOSER - A.J. Ewart,Kristoffer Ventura,A.J. Ewart,Kristoffer Ventura - VS - A.J. Ewart,UNIBET,0.00,0.00,,,,,0.4929444967,0.5070555033,34.95666667,34.95666667,69.91333333,0.5,0.5,0.00%,,,WINNER,,LOSER,,0,WINNER,1,,0.00%,TOURNAMENT,WINNER,Kristoffer Ventura - WINNER - A.J. Ewart
Davis Chatfield - LOSER - Tyson Shelley,Davis Chatfield,Tyson Shelley,Davis Chatfield - VS - Tyson Shelley,UNIBET,0.00,0.00,,,,,0.444131308,0.555868692,35.55833333,35.55833333,71.11666667,0.5,0.5,0.00%,,,WINNER,,LOSER,,0,WINNER,1,,0.00%,TOURNAMENT,WINNER,Davis Chatfield - WINNER - Tyson Shelley
Marcelo Rozo - LOSER - Hayden Springer,Marcelo Rozo,Hayden Springer,Marcelo Rozo - VS - Hayden Springer,UNIBET,0.00,0.00,,,,,0.5904051173,0.4095948827,28.805,37.68166667,66.48666667,0.4332447609,0.5667552391,0.00%,,,WINNER,,LOSER,,-0.1335104783,WINNER,1,,0.00%,TOURNAMENT,WINNER,Marcelo Rozo - WINNER - Hayden Springer
Christo Lamprecht - LOSER - Chandler Blanchet,Christo Lamprecht,Chandler Blanchet,Christo Lamprecht - VS - Chandler Blanchet,UNIBET,0.00,0.00,,,,,0.5609756098,0.4390243902,29.31,34.205,63.515,0.4614657955,0.5385342045,0.00%,,,WINNER,,LOSER,,-0.07706840904,WINNER,1,,0.00%,TOURNAMENT,WINNER,Christo Lamprecht - WINNER - Chandler Blanchet
Zecheng Dou - LOSER - Zach J. Johnson,Zecheng Dou,Zach J. Johnson,Zecheng Dou - VS - Zach J. Johnson,UNIBET,0.00,0.00,,,,,0.3714285714,0.6285714286,39.76333333,28.20833333,67.97166667,0.5849986514,0.4150013486,0.00%,,,WINNER,,LOSER,,0.1699973028,LOSER,0,,0.00%,TOURNAMENT,WINNER,Zecheng Dou - WINNER - Zach J. Johnson
Patton Kizzire - LOSER - Dylan Wu,Patton Kizzire,Dylan Wu,Patton Kizzire - VS - Dylan Wu,UNIBET,0.00,0.00,,,,,0.5061703003,0.4938296997,30.06333333,31.53,61.59333333,0.4880939496,0.5119060504,0.00%,,,WINNER,,LOSER,,-0.02381210088,WINNER,1,,0.00%,TOURNAMENT,WINNER,Patton Kizzire - WINNER - Dylan Wu
Peter Malnati - LOSER - Doug Ghim,Peter Malnati,Doug Ghim,Peter Malnati - VS - Doug Ghim,UNIBET,325.00,-175.00,4.25,1.571428571,0.5458015267,0.454198473,0.5503523324,0.4496476676,30.115,45.57333333,75.68833333,0.3978816638,0.6021183362,0.00%,0.46%,-0.46%,WINNER,-14.79%,LOSER,14.79%,-0.2042366723,WINNER,1,-14.79%,-0.46%,TOURNAMENT,LOSER,Peter Malnati - LOSER - Doug Ghim
Rafael Campos - LOSER - Patrick Rodgers,Rafael Campos,Patrick Rodgers,Rafael Campos - VS - Patrick Rodgers,UNIBET,275.00,170.00,3.75,2.7,0.5380434783,0.461956522,0.5429370565,0.4570629435,23.96333333,36.56666667,60.53,0.3958918443,0.6041081557,0.00%,0.49%,-0.49%,WINNER,-14.22%,LOSER,14.22%,-0.2082163115,WINNER,1,-14.22%,-0.49%,TOURNAMENT,LOSER,Rafael Campos - LOSER - Patrick Rodgers
Tom Hoge - WINNER - Mac Meissner,Tom Hoge,Mac Meissner,Tom Hoge - VS - Mac Meissner,UNIBET,250.00,130.00,3.5,2.3,0.5582524272,0.441747573,0.5455852098,0.4544147902,35.16,41.38333333,76.54333333,0.4593476462,0.5406523538,0.00%,-1.27%,1.27%,WINNER,-9.89%,WINNER,9.89%,-0.08130470757,WINNER,1,-9.89%,1.27%,TOURNAMENT,LOSER,Tom Hoge - LOSER - Mac Meissner
Max Greyserman - WINNER - Rasmus Hojgaard,Max Greyserman,Rasmus Hojgaard,Max Greyserman - VS - Rasmus Hojgaard,UNIBET,195.00,200.00,2.95,3,0.4978723404,0.502127660,0.4962138811,0.5037861189,40.47666667,41.64166667,82.11833333,0.4929065779,0.5070934221,0.00%,-0.17%,0.17%,LOSER,-0.50%,WINNER,,-0.01418684419,WINNER,0,-0.50%,0.17%,TOURNAMENT,LOSER,Max Greyserman - LOSER - Rasmus Hojgaard
David Skinns - WINNER - David Lipsky,David Skinns,David Lipsky,David Skinns - VS - David Lipsky,UNIBET,200.00,163.00,3,2.63,0.518226601,0.481773399,0.5078175338,0.4921824662,31.88333333,31.82,63.70333333,0.5004970959,0.4995029041,0.00%,-1.04%,1.04%,WINNER,-1.77%,WINNER,,0.0009941918267,LOSER,0,-1.77%,1.04%,TOURNAMENT,LOSER,David Skinns - LOSER - David Lipsky
Michael Brennan - WINNER - Ben James,Michael Brennan,Ben James,Michael Brennan - VS - Ben James,UNIBET,190.00,188.00,2.9,2.88,0.5009154156,0.499084584,0.4988702188,0.5011297812,44.11,44.11,88.22,0.5,0.5,0.00%,-0.20%,0.20%,WINNER,-0.09%,WINNER,0.09%,0,WINNER,1,-0.09%,0.20%,TOURNAMENT,LOSER,Michael Brennan - LOSER - Ben James
Kevin Yu - LOSER - Aaron Wise,Kevin Yu,Aaron Wise,Kevin Yu - VS - Aaron Wise,UNIBET,0.00,0.00,,,,,0.4010152284,0.5989847716,42.54166667,30.795,73.33666667,0.5800872688,0.4199127312,0.00%,,,WINNER,,LOSER,,0.1601745375,LOSER,0,,0.00%,TOURNAMENT,WINNER,Kevin Yu - WINNER - Aaron Wise
Harry Hall - LOSER - Matt McCarty,Harry Hall,Matt McCarty,Harry Hall - VS - Matt McCarty,UNIBET,150.00,200.00,2.5,3,0.4736842105,0.526315789,0.4915508348,0.5084491652,41.46333333,0,41.46333333,1,0,0.00%,1.79%,-1.79%,LOSER,,LOSER,,1,LOSER,1,52.63%,-1.79%,TOURNAMENT,WINNER,Harry Hall - WINNER - Matt McCarty
Stephan Jaeger - LOSER - Davis Riley,Stephan Jaeger,Davis Riley,Stephan Jaeger - VS - Davis Riley,UNIBET,155.00,310.00,2.55,4.1,0.4456521739,0.554347826,0.4471474552,0.5528525448,40.02833333,30.30333333,70.33166667,0.5691367094,0.4308632906,0.00%,0.15%,-0.15%,LOSER,12.35%,LOSER,12.35%,0.1382734188,LOSER,1,12.35%,-0.15%,TOURNAMENT,WINNER,Stephan Jaeger - WINNER - Davis Riley
Zac Blair - LOSER - Max McGreevy,Zac Blair,Max McGreevy,Zac Blair - VS - Max McGreevy,UNIBET,140.00,135.00,2.4,2.35,0.5038284839,0.496171516,0.5038264285,0.4961735715,35.95833333,35.68666667,71.645,0.501895922,0.498104078,0.00%,0.00%,0.00%,WINNER,-0.19%,LOSER,,0.003791844046,LOSER,0,-0.19%,0.00%,TOURNAMENT,LOSER,Zac Blair - LOSER - Max McGreevy
Steven Fisk - LOSER - Joe Highsmith,Steven Fisk,Joe Highsmith,Steven Fisk - VS - Joe Highsmith,UNIBET,125.00,300.00,2.25,4,0.4255319149,0.574468085,0.437615079,0.562384921,37.37166667,30.33,67.70166667,0.5520051205,0.4479948795,0.00%,1.21%,-1.21%,LOSER,12.65%,LOSER,12.65%,0.104010241,LOSER,1,12.65%,-1.21%,TOURNAMENT,WINNER,Steven Fisk - WINNER - Joe Highsmith
Joel Dahmen - WINNER - Andrew Putnam,Joel Dahmen,Andrew Putnam,Joel Dahmen - VS - Andrew Putnam,UNIBET,163.00,200.00,2.63,3,0.481773399,0.518226601,0.4742924629,0.5257075371,34.33166667,34.53833333,68.87,0.4984995886,0.5015004114,0.00%,-0.75%,0.75%,LOSER,1.67%,WINNER,,-0.003000822806,WINNER,0,1.67%,0.75%,TOURNAMENT,WINNER,Joel Dahmen - WINNER - Andrew Putnam
Seamus Power - WINNER - Matt Wallace,Seamus Power,Matt Wallace,Seamus Power - VS - Matt Wallace,UNIBET,275.00,125.00,3.75,2.25,0.5689655172,0.431034483,0.548621703,0.451378297,37.32,43.17,80.49,0.463660082,0.536339918,0.00%,-2.03%,2.03%,WINNER,-10.53%,WINNER,10.53%,-0.072679836,WINNER,1,-10.53%,2.03%,TOURNAMENT,LOSER,Seamus Power - LOSER - Matt Wallace
Kensei Hirata - LOSER - Patrick Fishburn,Kensei Hirata,Patrick Fishburn,Kensei Hirata - VS - Patrick Fishburn,UNIBET,0.00,0.00,,,,,0.5733496333,0.4266503667,25.44,35.695,61.135,0.4161282408,0.5838717592,0.00%,,,WINNER,,LOSER,,-0.1677435184,WINNER,1,,0.00%,TOURNAMENT,WINNER,Kensei Hirata - WINNER - Patrick Fishburn
Michael Thompson - LOSER - Haotong Li,Michael Thompson,Haotong Li,Michael Thompson - VS - Haotong Li,UNIBET,0.00,0.00,,,,,0.5783261803,0.4216738197,27.39833333,27.39833333,54.79666667,0.5,0.5,0.00%,,,WINNER,,LOSER,,0,WINNER,1,,0.00%,TOURNAMENT,WINNER,Michael Thompson - WINNER - Haotong Li
Paul Peterson - LOSER - Adrien Dumont De Chassart,Paul Peterson,Adrien Dumont De Chassart,Paul Peterson - VS - Adrien Dumont De Chassart,UNIBET,0.00,0.00,,,,,0.5157232704,0.4842767296,31.175,34.34,65.515,0.4758452263,0.5241547737,0.00%,,,WINNER,,LOSER,,-0.04830954743,WINNER,1,,0.00%,TOURNAMENT,WINNER,Paul Peterson - WINNER - Adrien Dumont De Chassart
Jimmy Stanger - LOSER - David Ford,Jimmy Stanger,David Ford,Jimmy Stanger - VS - David Ford,UNIBET,0.00,0.00,,,,,0.5703427124,0.4296572876,29.33,36.44333333,65.77333333,0.4459254004,0.5540745996,0.00%,,,WINNER,,LOSER,,-0.1081491993,WINNER,1,,0.00%,TOURNAMENT,WINNER,Jimmy Stanger - WINNER - David Ford
John VanDerLaan - LOSER - Pontus Nyholm,John VanDerLaan,Pontus Nyholm,John VanDerLaan - VS - Pontus Nyholm,UNIBET,0.00,0.00,,,,,0.4753937008,0.5246062992,33.92166667,32.805,66.72666667,0.5083674693,0.4916325307,0.00%,,,WINNER,,LOSER,,0.01673493856,LOSER,0,,0.00%,TOURNAMENT,WINNER,John VanDerLaan - WINNER - Pontus Nyholm
Alejandro Tosti - LOSER - Jesper Svensson,Alejandro Tosti,Jesper Svensson,Alejandro Tosti - VS - Jesper Svensson,UNIBET,0.00,0.00,,,,,0.5517241379,0.4482758621,29.63333333,35.69833333,65.33166667,0.4535829996,0.5464170004,0.00%,,,WINNER,,LOSER,,-0.09283400087,WINNER,1,,0.00%,TOURNAMENT,WINNER,Alejandro Tosti - WINNER - Jesper Svensson
Harry Higgs - LOSER - Hank Lebioda,Harry Higgs,Hank Lebioda,Harry Higgs - VS - Hank Lebioda,UNIBET,0.00,0.00,,,,,0.4979019023,0.5020980977,31.485,31.485,62.97,0.5,0.5,0.00%,,,WINNER,,LOSER,,0,WINNER,1,,0.00%,TOURNAMENT,WINNER,Harry Higgs - WINNER - Hank Lebioda
  - LOSER -  , , ,  - VS -  ,UNIBET,0.00,0.00,,,,,,,,,0,0,0,0.00%,,,WINNER,,LOSER,,0,WINNER,1,,0.00%,TOURNAMENT,WINNER,  - WINNER -  
  - LOSER -  , , ,  - VS -  ,UNIBET,0.00,0.00,,,,,,,,,0,0,0,0.00%,,,WINNER,,LOSER,,0,WINNER,1,,0.00%,TOURNAMENT,WINNER,  - WINNER -  
  - LOSER -  , , ,  - VS -  ,UNIBET,0.00,0.00,,,,,,,,,0,0,0,0.00%,,,WINNER,,LOSER,,0,WINNER,1,,0.00%,TOURNAMENT,WINNER,  - WINNER -  
  - LOSER -  , , ,  - VS -  ,UNIBET,0.00,0.00,,,,,,,,,0,0,0,0.00%,,,WINNER,,LOSER,,0,WINNER,1,,0.00%,TOURNAMENT,WINNER,  - WINNER -  
  - LOSER -  , , ,  - VS -  ,UNIBET,0.00,0.00,,,,,,,,,0,0,0,0.00%,,,WINNER,,LOSER,,0,WINNER,1,,0.00%,TOURNAMENT,WINNER,  - WINNER -  
  - LOSER -  , , ,  - VS -  ,UNIBET,0.00,0.00,,,,,,,,,0,0,0,0.00%,,,WINNER,,LOSER,,0,WINNER,1,,0.00%,TOURNAMENT,WINNER,  - WINNER -  
  - LOSER -  , , ,  - VS -  ,UNIBET,0.00,0.00,,,,,,,,,0,0,0,0.00%,,,WINNER,,LOSER,,0,WINNER,1,,0.00%,TOURNAMENT,WINNER,  - WINNER -  
  - LOSER -  , , ,  - VS -  ,UNIBET,0.00,0.00,,,,,,,,,0,0,0,0.00%,,,WINNER,,LOSER,,0,WINNER,1,,0.00%,TOURNAMENT,WINNER,  - WINNER -  
  - LOSER -  , , ,  - VS -  ,UNIBET,0.00,0.00,,,,,,,,,0,0,0,0.00%,,,WINNER,,LOSER,,0,WINNER,1,,0.00%,TOURNAMENT,WINNER,  - WINNER -  
  - LOSER -  , , ,  - VS -  ,UNIBET,0.00,0.00,,,,,,,,,0,0,0,0.00%,,,WINNER,,LOSER,,0,WINNER,1,,0.00%,TOURNAMENT,WINNER,  - WINNER -  
  - LOSER -  , , ,  - VS -  ,UNIBET,0.00,0.00,,,,,,,,,0,0,0,0.00%,,,WINNER,,LOSER,,0,WINNER,1,,0.00%,TOURNAMENT,WINNER,  - WINNER -  
  - LOSER -  , , ,  - VS -  ,UNIBET,0.00,0.00,,,,,,,,,0,0,0,0.00%,,,WINNER,,LOSER,,0,WINNER,1,,0.00%,TOURNAMENT,WINNER,  - WINNER -  
  - LOSER -  , , ,  - VS -  ,UNIBET,0.00,0.00,,,,,,,,,0,0,0,0.00%,,,WINNER,,LOSER,,0,WINNER,1,,0.00%,TOURNAMENT,WINNER,  - WINNER -  
  - LOSER -  , , ,  - VS -  ,UNIBET,0.00,0.00,,,,,,,,,0,0,0,0.00%,,,WINNER,,LOSER,,0,WINNER,1,,0.00%,TOURNAMENT,WINNER,  - WINNER -  
  - LOSER -  , , ,  - VS -  ,UNIBET,0.00,0.00,,,,,,,,,0,0,0,0.00%,,,WINNER,,LOSER,,0,WINNER,1,,0.00%,TOURNAMENT,WINNER,  - WINNER -  
  - LOSER -  , , ,  - VS -  ,UNIBET,0.00,0.00,,,,,,,,,0,0,0,0.00%,,,WINNER,,LOSER,,0,WINNER,1,,0.00%,TOURNAMENT,WINNER,  - WINNER -  
  - LOSER -  , , ,  - VS -  ,UNIBET,0.00,0.00,,,,,,,,,0,0,0,0.00%,,,WINNER,,LOSER,,0,WINNER,1,,0.00%,TOURNAMENT,WINNER,  - WINNER -  
  - LOSER -  , , ,  - VS -  ,UNIBET,0.00,0.00,,,,,,,,,0,0,0,0.00%,,,WINNER,,LOSER,,0,WINNER,1,,0.00%,TOURNAMENT,WINNER,  - WINNER -  
  - LOSER -  , , ,  - VS -  ,UNIBET,0.00,0.00,,,,,,,,,0,0,0,0.00%,,,WINNER,,LOSER,,0,WINNER,1,,0.00%,TOURNAMENT,WINNER,  - WINNER -  
  - LOSER -  , , ,  - VS -  ,UNIBET,0.00,0.00,,,,,,,,,0,0,0,0.00%,,,WINNER,,LOSER,,0,WINNER,1,,0.00%,TOURNAMENT,WINNER,  - WINNER -  
  - LOSER -  , , ,  - VS -  ,UNIBET,0.00,0.00,,,,,,,,,0,0,0,0.00%,,,WINNER,,LOSER,,0,WINNER,1,,0.00%,TOURNAMENT,WINNER,  - WINNER -  
  - LOSER -  , , ,  - VS -  ,UNIBET,0.00,0.00,,,,,,,,,0,0,0,0.00%,,,WINNER,,LOSER,,0,WINNER,1,,0.00%,TOURNAMENT,WINNER,  - WINNER -  
  - LOSER -  , , ,  - VS -  ,UNIBET,0.00,0.00,,,,,,,,,0,0,0,0.00%,,,WINNER,,LOSER,,0,WINNER,1,,0.00%,TOURNAMENT,WINNER,  - WINNER -  
  - LOSER -  , , ,  - VS -  ,UNIBET,0.00,0.00,,,,,,,,,0,0,0,0.00%,,,WINNER,,LOSER,,0,WINNER,1,,0.00%,TOURNAMENT,WINNER,  - WINNER -  
  - LOSER -  , , ,  - VS -  ,UNIBET,0.00,0.00,,,,,,,,,0,0,0,0.00%,,,WINNER,,LOSER,,0,WINNER,1,,0.00%,TOURNAMENT,WINNER,  - WINNER -  
  - LOSER -  , , ,  - VS -  ,UNIBET,0.00,0.00,,,,,,,,,0,0,0,0.00%,,,WINNER,,LOSER,,0,WINNER,1,,0.00%,TOURNAMENT,WINNER,  - WINNER -  
  - LOSER -  , , ,  - VS -  ,UNIBET,0.00,0.00,,,,,,,,,0,0,0,0.00%,,,WINNER,,LOSER,,0,WINNER,1,,0.00%,TOURNAMENT,WINNER,  - WINNER -  
  - LOSER -  , , ,  - VS -  ,UNIBET,0.00,0.00,,,,,,,,,0,0,0,0.00%,,,WINNER,,LOSER,,0,WINNER,1,,0.00%,TOURNAMENT,WINNER,  - WINNER -  
  - LOSER -  , , ,  - VS -  ,UNIBET,0.00,0.00,,,,,,,,,0,0,0,0.00%,,,WINNER,,LOSER,,0,WINNER,1,,0.00%,TOURNAMENT,WINNER,  - WINNER -  
  - LOSER -  , , ,  - VS -  ,UNIBET,0.00,0.00,,,,,,,,,0,0,0,0.00%,,,WINNER,,LOSER,,0,WINNER,1,,0.00%,TOURNAMENT,WINNER,  - WINNER -  
  - LOSER -  , , ,  - VS -  ,UNIBET,0.00,0.00,,,,,,,,,0,0,0,0.00%,,,WINNER,,LOSER,,0,WINNER,1,,0.00%,TOURNAMENT,WINNER,  - WINNER -  
  - LOSER -  , , ,  - VS -  ,UNIBET,0.00,0.00,,,,,,,,,0,0,0,0.00%,,,WINNER,,LOSER,,0,WINNER,1,,0.00%,TOURNAMENT,WINNER,  - WINNER -  
  - LOSER -  , , ,  - VS -  ,UNIBET,0.00,0.00,,,,,,,,,0,0,0,0.00%,,,WINNER,,LOSER,,0,WINNER,1,,0.00%,TOURNAMENT,WINNER,  - WINNER -  
  - LOSER -  , , ,  - VS -  ,UNIBET,0.00,0.00,,,,,,,,,0,0,0,0.00%,,,WINNER,,LOSER,,0,WINNER,1,,0.00%,TOURNAMENT,WINNER,  - WINNER -  
  - LOSER -  , , ,  - VS -  ,UNIBET,0.00,0.00,,,,,,,,,0,0,0,0.00%,,,WINNER,,LOSER,,0,WINNER,1,,0.00%,TOURNAMENT,WINNER,  - WINNER -  
  - LOSER -  , , ,  - VS -  ,UNIBET,0.00,0.00,,,,,,,,,0,0,0,0.00%,,,WINNER,,LOSER,,0,WINNER,1,,0.00%,TOURNAMENT,WINNER,  - WINNER -  
  - LOSER -  , , ,  - VS -  ,UNIBET,0.00,0.00,,,,,,,,,0,0,0,0.00%,,,WINNER,,LOSER,,0,WINNER,1,,0.00%,TOURNAMENT,WINNER,  - WINNER -  
  - LOSER -  , , ,  - VS -  ,UNIBET,0.00,0.00,,,,,,,,,0,0,0,0.00%,,,WINNER,,LOSER,,0,WINNER,1,,0.00%,TOURNAMENT,WINNER,  - WINNER -  
  - LOSER -  , , ,  - VS -  ,UNIBET,0.00,0.00,,,,,,,,,0,0,0,0.00%,,,WINNER,,LOSER,,0,WINNER,1,,0.00%,TOURNAMENT,WINNER,  - WINNER -  
  - LOSER -  , , ,  - VS -  ,UNIBET,0.00,0.00,,,,,,,,,0,0,0,0.00%,,,WINNER,,LOSER,,0,WINNER,1,,0.00%,TOURNAMENT,WINNER,  - WINNER -  
  - LOSER -  , , ,  - VS -  ,UNIBET,0.00,0.00,,,,,,,,,0,0,0,0.00%,,,WINNER,,LOSER,,0,WINNER,1,,0.00%,TOURNAMENT,WINNER,  - WINNER -  
  - LOSER -  , , ,  - VS -  ,UNIBET,0.00,0.00,,,,,,,,,0,0,0,0.00%,,,WINNER,,LOSER,,0,WINNER,1,,0.00%,TOURNAMENT,WINNER,  - WINNER -  
  - LOSER -  , , ,  - VS -  ,UNIBET,0.00,0.00,,,,,,,,,0,0,0,0.00%,,,WINNER,,LOSER,,0,WINNER,1,,0.00%,TOURNAMENT,WINNER,  - WINNER -  
  - LOSER -  , , ,  - VS -  ,UNIBET,0.00,0.00,,,,,,,,,0,0,0,0.00%,,,WINNER,,LOSER,,0,WINNER,1,,0.00%,TOURNAMENT,WINNER,  - WINNER -  
  - LOSER -  , , ,  - VS -  ,UNIBET,0.00,0.00,,,,,,,,,0,0,0,0.00%,,,WINNER,,LOSER,,0,WINNER,1,,0.00%,TOURNAMENT,WINNER,  - WINNER -  
  - LOSER -  , , ,  - VS -  ,UNIBET,0.00,0.00,,,,,,,,,0,0,0,0.00%,,,WINNER,,LOSER,,0,WINNER,1,,0.00%,TOURNAMENT,WINNER,  - WINNER -  
  - LOSER -  , , ,  - VS -  ,UNIBET,0.00,0.00,,,,,,,,,0,0,0,0.00%,,,WINNER,,LOSER,,0,WINNER,1,,0.00%,TOURNAMENT,WINNER,  - WINNER -  
  - LOSER -  , , ,  - VS -  ,UNIBET,0.00,0.00,,,,,,,,,0,0,0,0.00%,,,WINNER,,LOSER,,0,WINNER,1,,0.00%,TOURNAMENT,WINNER,  - WINNER -  
  - LOSER -  , , ,  - VS -  ,UNIBET,0.00,0.00,,,,,,,,,0,0,0,0.00%,,,WINNER,,LOSER,,0,WINNER,1,,0.00%,TOURNAMENT,WINNER,  - WINNER -  
  - LOSER -  , , ,  - VS -  ,UNIBET,0.00,0.00,,,,,,,,,0,0,0,0.00%,,,WINNER,,LOSER,,0,WINNER,1,,0.00%,TOURNAMENT,WINNER,  - WINNER -  
  - LOSER -  , , ,  - VS -  ,UNIBET,0.00,0.00,,,,,,,,,0,0,0,0.00%,,,WINNER,,LOSER,,0,WINNER,1,,0.00%,TOURNAMENT,WINNER,  - WINNER -  
  - LOSER -  , , ,  - VS -  ,UNIBET,0.00,0.00,,,,,,,,,0,0,0,0.00%,,,WINNER,,LOSER,,0,WINNER,1,,0.00%,TOURNAMENT,WINNER,  - WINNER -  
  - LOSER -  , , ,  - VS -  ,UNIBET,0.00,0.00,,,,,,,,,0,0,0,0.00%,,,WINNER,,LOSER,,0,WINNER,1,,0.00%,TOURNAMENT,WINNER,  - WINNER -  
  - LOSER -  , , ,  - VS -  ,UNIBET,0.00,0.00,,,,,,,,,0,0,0,0.00%,,,WINNER,,LOSER,,0,WINNER,1,,0.00%,TOURNAMENT,WINNER,  - WINNER -  
  - LOSER -  , , ,  - VS -  ,UNIBET,0.00,0.00,,,,,,,,,0,0,0,0.00%,,,WINNER,,LOSER,,0,WINNER,1,,0.00%,TOURNAMENT,WINNER,  - WINNER -  
  - LOSER -  , , ,  - VS -  ,UNIBET,0.00,0.00,,,,,,,,,0,0,0,0.00%,,,WINNER,,LOSER,,0,WINNER,1,,0.00%,TOURNAMENT,WINNER,  - WINNER -  
  - LOSER -  , , ,  - VS -  ,UNIBET,0.00,0.00,,,,,,,,,0,0,0,0.00%,,,WINNER,,LOSER,,0,WINNER,1,,0.00%,TOURNAMENT,WINNER,  - WINNER -  
  - LOSER -  , , ,  - VS -  ,UNIBET,0.00,0.00,,,,,,,,,0,0,0,0.00%,,,WINNER,,LOSER,,0,WINNER,1,,0.00%,TOURNAMENT,WINNER,  - WINNER -  
  - LOSER -  , , ,  - VS -  ,UNIBET,0.00,0.00,,,,,,,,,0,0,0,0.00%,,,WINNER,,LOSER,,0,WINNER,1,,0.00%,TOURNAMENT,WINNER,  - WINNER -  
  - LOSER -  , , ,  - VS -  ,UNIBET,0.00,0.00,,,,,,,,,0,0,0,0.00%,,,WINNER,,LOSER,,0,WINNER,1,,0.00%,TOURNAMENT,WINNER,  - WINNER -  
  - LOSER -  , , ,  - VS -  ,UNIBET,0.00,0.00,,,,,,,,,0,0,0,0.00%,,,WINNER,,LOSER,,0,WINNER,1,,0.00%,TOURNAMENT,WINNER,  - WINNER -  
  - LOSER -  , , ,  - VS -  ,UNIBET,0.00,0.00,,,,,,,,,0,0,0,0.00%,,,WINNER,,LOSER,,0,WINNER,1,,0.00%,TOURNAMENT,WINNER,  - WINNER -  
  - LOSER -  , , ,  - VS -  ,UNIBET,0.00,0.00,,,,,,,,,0,0,0,0.00%,,,WINNER,,LOSER,,0,WINNER,1,,0.00%,TOURNAMENT,WINNER,  - WINNER -  
  - LOSER -  , , ,  - VS -  ,UNIBET,0.00,0.00,,,,,,,,,0,0,0,0.00%,,,WINNER,,LOSER,,0,WINNER,1,,0.00%,TOURNAMENT,WINNER,  - WINNER -  
  - LOSER -  , , ,  - VS -  ,UNIBET,0.00,0.00,,,,,,,,,0,0,0,0.00%,,,WINNER,,LOSER,,0,WINNER,1,,0.00%,TOURNAMENT,WINNER,  - WINNER -  
  - LOSER -  , , ,  - VS -  ,UNIBET,0.00,0.00,,,,,,,,,0,0,0,0.00%,,,WINNER,,LOSER,,0,WINNER,1,,0.00%,TOURNAMENT,WINNER,  - WINNER -  
  - LOSER -  , , ,  - VS -  ,UNIBET,0.00,0.00,,,,,,,,,0,0,0,0.00%,,,WINNER,,LOSER,,0,WINNER,1,,0.00%,TOURNAMENT,WINNER,  - WINNER -  
  - LOSER -  , , ,  - VS -  ,UNIBET,0.00,0.00,,,,,,,,,0,0,0,0.00%,,,WINNER,,LOSER,,0,WINNER,1,,0.00%,TOURNAMENT,WINNER,  - WINNER -  
  - LOSER -  , , ,  - VS -  ,UNIBET,0.00,0.00,,,,,,,,,0,0,0,0.00%,,,WINNER,,LOSER,,0,WINNER,1,,0.00%,TOURNAMENT,WINNER,  - WINNER -  
  - LOSER -  , , ,  - VS -  ,UNIBET,0.00,0.00,,,,,,,,,0,0,0,0.00%,,,WINNER,,LOSER,,0,WINNER,1,,0.00%,TOURNAMENT,WINNER,  - WINNER -  
  - LOSER -  , , ,  - VS -  ,UNIBET,0.00,0.00,,,,,,,,,0,0,0,0.00%,,,WINNER,,LOSER,,0,WINNER,1,,0.00%,TOURNAMENT,WINNER,  - WINNER -  
  - LOSER -  , , ,  - VS -  ,UNIBET,0.00,0.00,,,,,,,,,0,0,0,0.00%,,,WINNER,,LOSER,,0,WINNER,1,,0.00%,TOURNAMENT,WINNER,  - WINNER -  
  - LOSER -  , , ,  - VS -  ,UNIBET,0.00,0.00,,,,,,,,,0,0,0,0.00%,,,WINNER,,LOSER,,0,WINNER,1,,0.00%,TOURNAMENT,WINNER,  - WINNER -  
  - LOSER -  , , ,  - VS -  ,UNIBET,0.00,0.00,,,,,,,,,0,0,0,0.00%,,,WINNER,,LOSER,,0,WINNER,1,,0.00%,TOURNAMENT,WINNER,  - WINNER -  
  - LOSER -  , , ,  - VS -  ,UNIBET,0.00,0.00,,,,,,,,,0,0,0,0.00%,,,WINNER,,LOSER,,0,WINNER,1,,0.00%,TOURNAMENT,WINNER,  - WINNER -  
  - LOSER -  , , ,  - VS -  ,UNIBET,0.00,0.00,,,,,,,,,0,0,0,0.00%,,,WINNER,,LOSER,,0,WINNER,1,,0.00%,TOURNAMENT,WINNER,  - WINNER -  
  - LOSER -  , , ,  - VS -  ,UNIBET,0.00,0.00,,,,,,,,,0,0,0,0.00%,,,WINNER,,LOSER,,0,WINNER,1,,0.00%,TOURNAMENT,WINNER,  - WINNER -  
  - LOSER -  , , ,  - VS -  ,UNIBET,0.00,0.00,,,,,,,,,0,0,0,0.00%,,,WINNER,,LOSER,,0,WINNER,1,,0.00%,TOURNAMENT,WINNER,  - WINNER -  
  - LOSER -  , , ,  - VS -  ,UNIBET,0.00,0.00,,,,,,,,,0,0,0,0.00%,,,WINNER,,LOSER,,0,WINNER,1,,0.00%,TOURNAMENT,WINNER,  - WINNER -  
  - LOSER -  , , ,  - VS -  ,UNIBET,0.00,0.00,,,,,,,,,0,0,0,0.00%,,,WINNER,,LOSER,,0,WINNER,1,,0.00%,TOURNAMENT,WINNER,  - WINNER -  
  - LOSER -  , , ,  - VS -  ,UNIBET,0.00,0.00,,,,,,,,,0,0,0,0.00%,,,WINNER,,LOSER,,0,WINNER,1,,0.00%,TOURNAMENT,WINNER,  - WINNER -  
  - LOSER -  , , ,  - VS -  ,UNIBET,0.00,0.00,,,,,,,,,0,0,0,0.00%,,,WINNER,,LOSER,,0,WINNER,1,,0.00%,TOURNAMENT,WINNER,  - WINNER -  
  - LOSER -  , , ,  - VS -  ,UNIBET,0.00,0.00,,,,,,,,,0,0,0,0.00%,,,WINNER,,LOSER,,0,WINNER,1,,0.00%,TOURNAMENT,WINNER,  - WINNER -  
  - LOSER -  , , ,  - VS -  ,UNIBET,0.00,0.00,,,,,,,,,0,0,0,0.00%,,,WINNER,,LOSER,,0,WINNER,1,,0.00%,TOURNAMENT,WINNER,  - WINNER -  
  - LOSER -  , , ,  - VS -  ,UNIBET,0.00,0.00,,,,,,,,,0,0,0,0.00%,,,WINNER,,LOSER,,0,WINNER,1,,0.00%,TOURNAMENT,WINNER,  - WINNER -  
  - LOSER -  , , ,  - VS -  ,UNIBET,0.00,0.00,,,,,,,,,0,0,0,0.00%,,,WINNER,,LOSER,,0,WINNER,1,,0.00%,TOURNAMENT,WINNER,  - WINNER -  
  - LOSER -  , , ,  - VS -  ,UNIBET,0.00,0.00,,,,,,,,,0,0,0,0.00%,,,WINNER,,LOSER,,0,WINNER,1,,0.00%,TOURNAMENT,WINNER,  - WINNER -  
  - LOSER -  , , ,  - VS -  ,UNIBET,0.00,0.00,,,,,,,,,0,0,0,0.00%,,,WINNER,,LOSER,,0,WINNER,1,,0.00%,TOURNAMENT,WINNER,  - WINNER -  
  - LOSER -  , , ,  - VS -  ,UNIBET,0.00,0.00,,,,,,,,,0,0,0,0.00%,,,WINNER,,LOSER,,0,WINNER,1,,0.00%,TOURNAMENT,WINNER,  - WINNER -  
  - LOSER -  , , ,  - VS -  ,UNIBET,0.00,0.00,,,,,,,,,0,0,0,0.00%,,,WINNER,,LOSER,,0,WINNER,1,,0.00%,TOURNAMENT,WINNER,  - WINNER -  
  - LOSER -  , , ,  - VS -  ,UNIBET,0.00,0.00,,,,,,,,,0,0,0,0.00%,,,WINNER,,LOSER,,0,WINNER,1,,0.00%,TOURNAMENT,WINNER,  - WINNER -  
  - LOSER -  , , ,  - VS -  ,UNIBET,0.00,0.00,,,,,,,,,0,0,0,0.00%,,,WINNER,,LOSER,,0,WINNER,1,,0.00%,TOURNAMENT,WINNER,  - WINNER -  
  - LOSER -  , , ,  - VS -  ,UNIBET,0.00,0.00,,,,,,,,,0,0,0,0.00%,,,WINNER,,LOSER,,0,WINNER,1,,0.00%,TOURNAMENT,WINNER,  - WINNER -  
  - LOSER -  , , ,  - VS -  ,UNIBET,0.00,0.00,,,,,,,,,0,0,0,0.00%,,,WINNER,,LOSER,,0,WINNER,1,,0.00%,TOURNAMENT,WINNER,  - WINNER -  
  - LOSER -  , , ,  - VS -  ,UNIBET,0.00,0.00,,,,,,,,,0,0,0,0.00%,,,WINNER,,LOSER,,0,WINNER,1,,0.00%,TOURNAMENT,WINNER,  - WINNER -  
  - LOSER -  , , ,  - VS -  ,UNIBET,0.00,0.00,,,,,,,,,0,0,0,0.00%,,,WINNER,,LOSER,,0,WINNER,1,,0.00%,TOURNAMENT,WINNER,  - WINNER -  
  - LOSER -  , , ,  - VS -  ,UNIBET,0.00,0.00,,,,,,,,,0,0,0,0.00%,,,WINNER,,LOSER,,0,WINNER,1,,0.00%,TOURNAMENT,WINNER,  - WINNER -  
  - LOSER -  , , ,  - VS -  ,UNIBET,0.00,0.00,,,,,,,,,0,0,0,0.00%,,,WINNER,,LOSER,,0,WINNER,1,,0.00%,TOURNAMENT,WINNER,  - WINNER -  
  - LOSER -  , , ,  - VS -  ,UNIBET,0.00,0.00,,,,,,,,,0,0,0,0.00%,,,WINNER,,LOSER,,0,WINNER,1,,0.00%,TOURNAMENT,WINNER,  - WINNER -  
  - LOSER -  , , ,  - VS -  ,UNIBET,0.00,0.00,,,,,,,,,0,0,0,0.00%,,,WINNER,,LOSER,,0,WINNER,1,,0.00%,TOURNAMENT,WINNER,  - WINNER -  
  - LOSER -  , , ,  - VS -  ,UNIBET,0.00,0.00,,,,,,,,,0,0,0,0.00%,,,WINNER,,LOSER,,0,WINNER,1,,0.00%,TOURNAMENT,WINNER,  - WINNER -  
  - LOSER -  , , ,  - VS -  ,UNIBET,0.00,0.00,,,,,,,,,0,0,0,0.00%,,,WINNER,,LOSER,,0,WINNER,1,,0.00%,TOURNAMENT,WINNER,  - WINNER -  
  - LOSER -  , , ,  - VS -  ,UNIBET,0.00,0.00,,,,,,,,,0,0,0,0.00%,,,WINNER,,LOSER,,0,WINNER,1,,0.00%,TOURNAMENT,WINNER,  - WINNER -  
  - LOSER -  , , ,  - VS -  ,UNIBET,0.00,0.00,,,,,,,,,0,0,0,0.00%,,,WINNER,,LOSER,,0,WINNER,1,,0.00%,TOURNAMENT,WINNER,  - WINNER -  
  - LOSER -  , , ,  - VS -  ,UNIBET,0.00,0.00,,,,,,,,,0,0,0,0.00%,,,WINNER,,LOSER,,0,WINNER,1,,0.00%,TOURNAMENT,WINNER,  - WINNER -  
  - LOSER -  , , ,  - VS -  ,UNIBET,0.00,0.00,,,,,,,,,0,0,0,0.00%,,,WINNER,,LOSER,,0,WINNER,1,,0.00%,TOURNAMENT,WINNER,  - WINNER -  
  - LOSER -  , , ,  - VS -  ,UNIBET,0.00,0.00,,,,,,,,,0,0,0,0.00%,,,WINNER,,LOSER,,0,WINNER,1,,0.00%,TOURNAMENT,WINNER,  - WINNER -  
  - LOSER -  , , ,  - VS -  ,UNIBET,0.00,0.00,,,,,,,,,0,0,0,0.00%,,,WINNER,,LOSER,,0,WINNER,1,,0.00%,TOURNAMENT,WINNER,  - WINNER -  
  - LOSER -  , , ,  - VS -  ,UNIBET,0.00,0.00,,,,,,,,,0,0,0,0.00%,,,WINNER,,LOSER,,0,WINNER,1,,0.00%,TOURNAMENT,WINNER,  - WINNER -  
  - LOSER -  , , ,  - VS -  ,UNIBET,0.00,0.00,,,,,0.5843795624,0.4156204376,,,0,0,0,0.00%,,,WINNER,,LOSER,,0,WINNER,1,,0.00%,TOURNAMENT,WINNER,  - WINNER -  
  - LOSER -  , , ,  - VS -  ,UNIBET,0.00,0.00,,,,,0.5832290363,0.4167709637,,,0,0,0,0.00%,,,WINNER,,LOSER,,0,WINNER,1,,0.00%,TOURNAMENT,WINNER,  - WINNER -  
  - LOSER -  , , ,  - VS -  ,UNIBET,0.00,0.00,,,,,0.5099741783,0.4900258217,,,0,0,0,0.00%,,,WINNER,,LOSER,,0,WINNER,1,,0.00%,TOURNAMENT,WINNER,  - WINNER -  
  - LOSER -  , , ,  - VS -  ,UNIBET,0.00,0.00,,,,,0.5356271856,0.4643728144,,,0,0,0,0.00%,,,WINNER,,LOSER,,0,WINNER,1,,0.00%,TOURNAMENT,WINNER,  - WINNER -  
  - LOSER -  , , ,  - VS -  ,UNIBET,0.00,0.00,,,,,0.5010523682,0.4989476318,,,0,0,0,0.00%,,,WINNER,,LOSER,,0,WINNER,1,,0.00%,TOURNAMENT,WINNER,  - WINNER -  
  - LOSER -  , , ,  - VS -  ,UNIBET,0.00,0.00,,,,,0.5061390046,0.4938609954,,,0,0,0,0.00%,,,WINNER,,LOSER,,0,WINNER,1,,0.00%,TOURNAMENT,WINNER,  - WINNER -  
  - LOSER -  , , ,  - VS -  ,UNIBET,0.00,0.00,,,,,0.5469464402,0.4530535598,,,0,0,0,0.00%,,,WINNER,,LOSER,,0,WINNER,1,,0.00%,TOURNAMENT,WINNER,  - WINNER -  
  - LOSER -  , , ,  - VS -  ,UNIBET,0.00,0.00,,,,,0.4940543883,0.5059456117,,,0,0,0,0.00%,,,WINNER,,LOSER,,0,WINNER,1,,0.00%,TOURNAMENT,WINNER,  - WINNER -  
  - LOSER -  , , ,  - VS -  ,UNIBET,0.00,0.00,,,,,0.4777213385,0.5222786615,,,0,0,0,0.00%,,,WINNER,,LOSER,,0,WINNER,1,,0.00%,TOURNAMENT,WINNER,  - WINNER -  
  - LOSER -  , , ,  - VS -  ,UNIBET,0.00,0.00,,,,,0.4662054783,0.5337945217,,,0,0,0,0.00%,,,WINNER,,LOSER,,0,WINNER,1,,0.00%,TOURNAMENT,WINNER,  - WINNER -  
  - LOSER -  , , ,  - VS -  ,UNIBET,0.00,0.00,,,,,0.5148923905,0.4851076095,,,0,0,0,0.00%,,,WINNER,,LOSER,,0,WINNER,1,,0.00%,TOURNAMENT,WINNER,  - WINNER -  
  - LOSER -  , , ,  - VS -  ,UNIBET,0.00,0.00,,,,,0.4603361345,0.5396638655,,,0,0,0,0.00%,,,WINNER,,LOSER,,0,WINNER,1,,0.00%,TOURNAMENT,WINNER,  - WINNER -  
  - LOSER -  , , ,  - VS -  ,UNIBET,0.00,0.00,,,,,0.5844623201,0.4155376799,,,0,0,0,0.00%,,,WINNER,,LOSER,,0,WINNER,1,,0.00%,TOURNAMENT,WINNER,  - WINNER -  
  - LOSER -  , , ,  - VS -  ,UNIBET,0.00,0.00,,,,,0.4929444967,0.5070555033,,,0,0,0,0.00%,,,WINNER,,LOSER,,0,WINNER,1,,0.00%,TOURNAMENT,WINNER,  - WINNER -  
  - LOSER -  , , ,  - VS -  ,UNIBET,0.00,0.00,,,,,0.444131308,0.555868692,,,0,0,0,0.00%,,,WINNER,,LOSER,,0,WINNER,1,,0.00%,TOURNAMENT,WINNER,  - WINNER -  
  - LOSER -  , , ,  - VS -  ,UNIBET,0.00,0.00,,,,,0.5904051173,0.4095948827,,,0,0,0,0.00%,,,WINNER,,LOSER,,0,WINNER,1,,0.00%,TOURNAMENT,WINNER,  - WINNER -  
  - LOSER -  , , ,  - VS -  ,UNIBET,0.00,0.00,,,,,0.5609756098,0.4390243902,,,0,0,0,0.00%,,,WINNER,,LOSER,,0,WINNER,1,,0.00%,TOURNAMENT,WINNER,  - WINNER -  
  - LOSER -  , , ,  - VS -  ,UNIBET,0.00,0.00,,,,,0.3714285714,0.6285714286,,,0,0,0,0.00%,,,WINNER,,LOSER,,0,WINNER,1,,0.00%,TOURNAMENT,WINNER,  - WINNER -  
  - LOSER -  , , ,  - VS -  ,UNIBET,0.00,0.00,,,,,0.5061703003,0.4938296997,,,0,0,0,0.00%,,,WINNER,,LOSER,,0,WINNER,1,,0.00%,TOURNAMENT,WINNER,  - WINNER -  
  - LOSER -  , , ,  - VS -  ,UNIBET,0.00,0.00,,,,,0.5503523324,0.4496476676,,,0,0,0,0.00%,,,WINNER,,LOSER,,0,WINNER,1,,0.00%,TOURNAMENT,WINNER,  - WINNER -  
  - LOSER -  , , ,  - VS -  ,UNIBET,0.00,0.00,,,,,0.5429370565,0.4570629435,,,0,0,0,0.00%,,,WINNER,,LOSER,,0,WINNER,1,,0.00%,TOURNAMENT,WINNER,  - WINNER -  
  - LOSER -  , , ,  - VS -  ,UNIBET,0.00,0.00,,,,,0.5455852098,0.4544147902,,,0,0,0,0.00%,,,WINNER,,LOSER,,0,WINNER,1,,0.00%,TOURNAMENT,WINNER,  - WINNER -  
  - LOSER -  , , ,  - VS -  ,UNIBET,0.00,0.00,,,,,0.4962138811,0.5037861189,,,0,0,0,0.00%,,,WINNER,,LOSER,,0,WINNER,1,,0.00%,TOURNAMENT,WINNER,  - WINNER -  
  - LOSER -  , , ,  - VS -  ,UNIBET,0.00,0.00,,,,,0.5078175338,0.4921824662,,,0,0,0,0.00%,,,WINNER,,LOSER,,0,WINNER,1,,0.00%,TOURNAMENT,WINNER,  - WINNER -  
  - LOSER -  , , ,  - VS -  ,UNIBET,0.00,0.00,,,,,0.4988702188,0.5011297812,,,0,0,0,0.00%,,,WINNER,,LOSER,,0,WINNER,1,,0.00%,TOURNAMENT,WINNER,  - WINNER -  
  - LOSER -  , , ,  - VS -  ,UNIBET,0.00,0.00,,,,,0.4010152284,0.5989847716,,,0,0,0,0.00%,,,WINNER,,LOSER,,0,WINNER,1,,0.00%,TOURNAMENT,WINNER,  - WINNER -  
  - LOSER -  , , ,  - VS -  ,UNIBET,0.00,0.00,,,,,0.4915508348,0.5084491652,,,0,0,0,0.00%,,,WINNER,,LOSER,,0,WINNER,1,,0.00%,TOURNAMENT,WINNER,  - WINNER -  
  - LOSER -  , , ,  - VS -  ,UNIBET,0.00,0.00,,,,,0.4471474552,0.5528525448,,,0,0,0,0.00%,,,WINNER,,LOSER,,0,WINNER,1,,0.00%,TOURNAMENT,WINNER,  - WINNER -  
  - LOSER -  , , ,  - VS -  ,UNIBET,0.00,0.00,,,,,0.5038264285,0.4961735715,,,0,0,0,0.00%,,,WINNER,,LOSER,,0,WINNER,1,,0.00%,TOURNAMENT,WINNER,  - WINNER -  
  - LOSER -  , , ,  - VS -  ,UNIBET,0.00,0.00,,,,,0.437615079,0.562384921,,,0,0,0,0.00%,,,WINNER,,LOSER,,0,WINNER,1,,0.00%,TOURNAMENT,WINNER,  - WINNER -  
  - LOSER -  , , ,  - VS -  ,UNIBET,0.00,0.00,,,,,0.4742924629,0.5257075371,,,0,0,0,0.00%,,,WINNER,,LOSER,,0,WINNER,1,,0.00%,TOURNAMENT,WINNER,  - WINNER -  
  - LOSER -  , , ,  - VS -  ,UNIBET,0.00,0.00,,,,,0.548621703,0.451378297,,,0,0,0,0.00%,,,WINNER,,LOSER,,0,WINNER,1,,0.00%,TOURNAMENT,WINNER,  - WINNER -  
  - LOSER -  , , ,  - VS -  ,UNIBET,0.00,0.00,,,,,0.5733496333,0.4266503667,,,0,0,0,0.00%,,,WINNER,,LOSER,,0,WINNER,1,,0.00%,TOURNAMENT,WINNER,  - WINNER -  
  - LOSER -  , , ,  - VS -  ,UNIBET,0.00,0.00,,,,,0.5783261803,0.4216738197,,,0,0,0,0.00%,,,WINNER,,LOSER,,0,WINNER,1,,0.00%,TOURNAMENT,WINNER,  - WINNER -  
  - LOSER -  , , ,  - VS -  ,UNIBET,0.00,0.00,,,,,0.5157232704,0.4842767296,,,0,0,0,0.00%,,,WINNER,,LOSER,,0,WINNER,1,,0.00%,TOURNAMENT,WINNER,  - WINNER -  
  - LOSER -  , , ,  - VS -  ,UNIBET,0.00,0.00,,,,,0.5703427124,0.4296572876,,,0,0,0,0.00%,,,WINNER,,LOSER,,0,WINNER,1,,0.00%,TOURNAMENT,WINNER,  - WINNER -  
  - LOSER -  , , ,  - VS -  ,UNIBET,0.00,0.00,,,,,0.4753937008,0.5246062992,,,0,0,0,0.00%,,,WINNER,,LOSER,,0,WINNER,1,,0.00%,TOURNAMENT,WINNER,  - WINNER -  
  - LOSER -  , , ,  - VS -  ,UNIBET,0.00,0.00,,,,,0.5517241379,0.4482758621,,,0,0,0,0.00%,,,WINNER,,LOSER,,0,WINNER,1,,0.00%,TOURNAMENT,WINNER,  - WINNER -  
  - LOSER -  , , ,  - VS -  ,UNIBET,0.00,0.00,,,,,0.4979019023,0.5020980977,,,0,0,0,0.00%,,,WINNER,,LOSER,,0,WINNER,1,,0.00%,TOURNAMENT,WINNER,  - WINNER -  
  - LOSER -  , , ,  - VS -  ,UNIBET,0.00,0.00,,,,,,,,,0,0,0,0.00%,,,WINNER,,LOSER,,0,WINNER,1,,0.00%,TOURNAMENT,WINNER,  - WINNER -  
  - LOSER -  , , ,  - VS -  ,UNIBET,0.00,0.00,,,,,,,,,0,0,0,0.00%,,,WINNER,,LOSER,,0,WINNER,1,,0.00%,TOURNAMENT,WINNER,  - WINNER -  
  - LOSER -  , , ,  - VS -  ,UNIBET,0.00,0.00,,,,,,,,,0,0,0,0.00%,,,WINNER,,LOSER,,0,WINNER,1,,0.00%,TOURNAMENT,WINNER,  - WINNER -  
  - LOSER -  , , ,  - VS -  ,UNIBET,0.00,0.00,,,,,,,,,0,0,0,0.00%,,,WINNER,,LOSER,,0,WINNER,1,,0.00%,TOURNAMENT,WINNER,  - WINNER -  
  - LOSER -  , , ,  - VS -  ,UNIBET,0.00,0.00,,,,,,,,,0,0,0,0.00%,,,WINNER,,LOSER,,0,WINNER,1,,0.00%,TOURNAMENT,WINNER,  - WINNER -  
  - LOSER -  , , ,  - VS -  ,UNIBET,0.00,0.00,,,,,,,,,0,0,0,0.00%,,,WINNER,,LOSER,,0,WINNER,1,,0.00%,TOURNAMENT,WINNER,  - WINNER -  
  - LOSER -  , , ,  - VS -  ,UNIBET,0.00,0.00,,,,,,,,,0,0,0,0.00%,,,WINNER,,LOSER,,0,WINNER,1,,0.00%,TOURNAMENT,WINNER,  - WINNER -  
  - LOSER -  , , ,  - VS -  ,UNIBET,0.00,0.00,,,,,,,,,0,0,0,0.00%,,,WINNER,,LOSER,,0,WINNER,1,,0.00%,TOURNAMENT,WINNER,  - WINNER -  
,,,,,0.00,0.00,,,,,,,,,,,,0.00%,,,WINNER,,LOSER,,0,WINNER,1,,0.00%,,,
,,,,,0.00,0.00,,,,,,,,,,,,0.00%,,,WINNER,,LOSER,,0,WINNER,1,,0.00%,,,
,,,,,0.00,0.00,,,,,,,,,,,,0.00%,,,WINNER,,LOSER,,0,WINNER,1,,0.00%,,,
Tyler Duncan - LOSER - Ben Silverman,Tyler Duncan,Ben Silverman,Ben Silverman - VS - Tyler Duncan,BET365,190.00,240.00,2.9,3.4,0.4813710879,0.518628912,0.4900258217,0.5099741783,33.35,33.35,66.7,0.5,0.5,0.00%,0.87%,-0.87%,LOSER,1.86%,LOSER,,0,WINNER,0,1.86%,-0.87%,TOURNAMENT,WINNER,Tyler Duncan - WINNER - Ben Silverman
Christiaan Bezuidenhout - WINNER - Erik Van Rooyen,Christiaan Bezuidenhout,Erik Van Rooyen,Erik Van Rooyen - VS - Christiaan Bezuidenhout,BET365,170.00,225.00,2.7,3.25,0.4762931034,0.523706897,0.4643728144,0.5356271856,34.14833333,41.08166667,75.23,0.4539190926,0.5460809074,0.00%,-1.19%,1.19%,LOSER,-2.24%,WINNER,,-0.09216181488,WINNER,0,-2.24%,1.19%,TOURNAMENT,LOSER,Christiaan Bezuidenhout - LOSER - Erik Van Rooyen
Chris Kirk - WINNER - Billy Horschel,Chris Kirk,Billy Horschel,Billy Horschel - VS - Chris Kirk,BET365,140.00,137.00,2.4,2.37,0.502270663,0.497729337,0.4989476318,0.5010523682,41.305,42.29833333,83.60333333,0.494059248,0.505940752,0.00%,-0.33%,0.33%,WINNER,-0.82%,WINNER,0.82%,-0.01188150393,WINNER,1,-0.82%,0.33%,TOURNAMENT,LOSER,Chris Kirk - LOSER - Billy Horschel
Max Homa - LOSER - Nick Taylor,Max Homa,Nick Taylor,Nick Taylor - VS - Max Homa,BET365,180.00,210.00,2.8,3.1,0.4869109948,0.513089005,0.4938609954,0.5061390046,41.82166667,42.85333333,84.675,0.4939080799,0.5060919201,0.00%,0.70%,-0.70%,LOSER,0.70%,LOSER,,-0.01218384017,WINNER,0,0.70%,-0.70%,TOURNAMENT,WINNER,Max Homa - WINNER - Nick Taylor
Eric Cole - WINNER - Tony Finau,Eric Cole,Tony Finau,Tony Finau - VS - Eric Cole,BET365,125.00,200.00,2.25,3,0.4545454545,0.545454545,0.4530535598,0.5469464402,38.155,43.53333333,81.68833333,0.4670801624,0.5329198376,0.00%,-0.15%,0.15%,LOSER,1.25%,WINNER,,-0.06583967519,WINNER,0,1.25%,0.15%,TOURNAMENT,WINNER,Eric Cole - WINNER - Tony Finau
Kevin Streelman - LOSER - Lucas Glover,Kevin Streelman,Lucas Glover,Lucas Glover - VS - Kevin Streelman,BET365,137.00,145.00,2.37,2.45,0.4941115855,0.505888415,0.5059456117,0.4940543883,36.30166667,33.49,69.79166667,0.5201432836,0.4798567164,0.00%,1.18%,-1.18%,LOSER,2.60%,LOSER,2.60%,0.04028656716,LOSER,1,2.60%,-1.18%,TOURNAMENT,WINNER,Kevin Streelman - WINNER - Lucas Glover
Lee Hodges - LOSER - Ben Kohles,Lee Hodges,Ben Kohles,Ben Kohles - VS - Lee Hodges,BET365,162.00,130.00,2.62,2.3,0.5224340998,0.477565900,0.5222786615,0.4777213385,42.53166667,39.33666667,81.86833333,0.5195130392,0.4804869608,0.00%,-0.02%,0.02%,WINNER,-0.29%,LOSER,,0.03902607846,LOSER,0,-0.29%,0.02%,TOURNAMENT,LOSER,Lee Hodges - LOSER - Ben Kohles
Takumi Kanaya - WINNER - Emiliano Grillo,Takumi Kanaya,Emiliano Grillo,Emiliano Grillo - VS - Takumi Kanaya,BET365,260.00,150.00,3.6,2.5,0.5462184874,0.453781513,0.5337945217,0.4662054783,40.33166667,35.14,75.47166667,0.534394806,0.465605194,0.00%,-1.24%,1.24%,WINNER,-1.18%,WINNER,,0.068789612,LOSER,0,-1.18%,1.24%,TOURNAMENT,LOSER,Takumi Kanaya - LOSER - Emiliano Grillo
Adam Svensson - LOSER - Brice Garnett,Adam Svensson,Brice Garnett,Brice Garnett - VS - Adam Svensson,BET365,180.00,250.00,2.8,3.5,0.4736842105,0.526315789,0.4851076095,0.5148923905,31.62833333,32.4,64.02833333,0.4939740219,0.5060259781,0.00%,1.14%,-1.14%,LOSER,2.03%,LOSER,,-0.01205195617,WINNER,0,2.03%,-1.14%,TOURNAMENT,WINNER,Adam Svensson - WINNER - Brice Garnett
Justin Lower - LOSER - Beau Hossler,Justin Lower,Beau Hossler,Beau Hossler - VS - Justin Lower,BET365,200.00,150.00,3,2.5,0.5263157895,0.473684211,0.5396638655,0.4603361345,43.22333333,35.285,78.50833333,0.5505572657,0.4494427343,0.00%,1.33%,-1.33%,WINNER,2.42%,LOSER,,0.1011145314,LOSER,0,2.42%,-1.33%,TOURNAMENT,WINNER,Justin Lower - WINNER - Beau Hossler
Marco Penge - LOSER - David Lingmerth,Marco Penge,David Lingmerth,David Lingmerth - VS - Marco Penge,BET365,-152.00,600.00,1.657894737,7,0.4130434783,0.586956522,0.4155376799,0.5844623201,25.75333333,44.98333333,70.73666667,0.3640733236,0.6359266764,0.00%,0.25%,-0.25%,LOSER,-4.90%,LOSER,,-0.2718533528,WINNER,0,-4.90%,-0.25%,TOURNAMENT,LOSER,Marco Penge - LOSER - David Lingmerth
A.J. Ewart - LOSER - Kristoffer Ventura,A.J. Ewart,Kristoffer Ventura,Kristoffer Ventura - VS - A.J. Ewart,BET365,140.00,-132.00,2.4,1.757575758,0.506234414,0.493765586,0.5070555033,0.4929444967,34.95666667,34.95666667,69.91333333,0.5,0.5,0.00%,0.08%,-0.08%,WINNER,-0.62%,LOSER,0.62%,0,WINNER,1,-0.62%,-0.08%,TOURNAMENT,LOSER,A.J. Ewart - LOSER - Kristoffer Ventura
Tyson Shelley - WINNER - Davis Chatfield,Tyson Shelley,Davis Chatfield,Davis Chatfield - VS - Tyson Shelley,BET365,333.00,145.00,4.33,2.45,0.56511048,0.434889520,0.555868692,0.444131308,35.55833333,35.55833333,71.11666667,0.5,0.5,0.00%,-0.92%,0.92%,WINNER,-6.51%,WINNER,6.51%,0,WINNER,1,-6.51%,0.92%,TOURNAMENT,LOSER,Tyson Shelley - LOSER - Davis Chatfield
Hayden Springer - WINNER - Marcelo Rozo,Hayden Springer,Marcelo Rozo,Marcelo Rozo - VS - Hayden Springer,BET365,-111.00,300.00,1.900900901,4,0.4122562674,0.587743733,0.4095948827,0.5904051173,28.805,37.68166667,66.48666667,0.4332447609,0.5667552391,0.00%,-0.27%,0.27%,LOSER,2.10%,WINNER,,-0.1335104783,WINNER,0,2.10%,0.27%,TOURNAMENT,WINNER,Hayden Springer - WINNER - Marcelo Rozo
Chandler Blanchet - LOSER - Christo Lamprecht,Chandler Blanchet,Christo Lamprecht,Christo Lamprecht - VS - Chandler Blanchet,BET365,-120.00,230.00,1.833333333,3.3,0.4390243902,0.560975610,0.4390243902,0.5609756098,29.31,34.205,63.515,0.4614657955,0.5385342045,0.00%,0.00%,0.00%,LOSER,2.24%,LOSER,,-0.07706840904,WINNER,0,2.24%,0.00%,TOURNAMENT,WINNER,Chandler Blanchet - WINNER - Christo Lamprecht
Zach J. Johnson - LOSER - Zecheng Dou,Zach J. Johnson,Zecheng Dou,Zecheng Dou - VS - Zach J. Johnson,BET365,550.00,100.00,6.5,2,0.6285714286,0.371428571,0.6285714286,0.3714285714,39.76333333,28.20833333,67.97166667,0.5849986514,0.4150013486,0.00%,0.00%,0.00%,WINNER,-4.36%,LOSER,,0.1699973028,LOSER,0,-4.36%,0.00%,TOURNAMENT,LOSER,Zach J. Johnson - LOSER - Zecheng Dou
Dylan Wu - WINNER - Patton Kizzire,Dylan Wu,Patton Kizzire,Patton Kizzire - VS - Dylan Wu,BET365,260.00,280.00,3.6,3.8,0.49498998,0.505010020,0.4938296997,0.5061703003,30.06333333,31.53,61.59333333,0.4880939496,0.5119060504,0.00%,-0.12%,0.12%,LOSER,-0.69%,WINNER,,-0.02381210088,WINNER,0,-0.69%,0.12%,TOURNAMENT,LOSER,Dylan Wu - LOSER - Patton Kizzire
Doug Ghim - LOSER - Peter Malnati,Doug Ghim,Peter Malnati,Peter Malnati - VS - Doug Ghim,BET365,-164.00,320.00,1.609756098,4.2,0.4491392801,0.550860720,0.4496476676,0.5503523324,30.115,45.57333333,75.68833333,0.3978816638,0.6021183362,0.00%,0.05%,-0.05%,LOSER,-5.13%,LOSER,,-0.2042366723,WINNER,0,-5.13%,-0.05%,TOURNAMENT,LOSER,Doug Ghim - LOSER - Peter Malnati
Patrick Rodgers - LOSER - Rafael Campos,Patrick Rodgers,Rafael Campos,Rafael Campos - VS - Patrick Rodgers,BET365,150.00,250.00,2.5,3.5,0.4565217391,0.543478261,0.4570629435,0.5429370565,23.96333333,36.56666667,60.53,0.3958918443,0.6041081557,0.00%,0.05%,-0.05%,LOSER,-6.06%,LOSER,,-0.2082163115,WINNER,0,-6.06%,-0.05%,TOURNAMENT,LOSER,Patrick Rodgers - LOSER - Rafael Campos
Mac Meissner - WINNER - Tom Hoge,Mac Meissner,Tom Hoge,Tom Hoge - VS - Mac Meissner,BET365,150.00,225.00,2.5,3.25,0.4642857143,0.535714286,0.4544147902,0.5455852098,35.16,41.38333333,76.54333333,0.4593476462,0.5406523538,0.00%,-0.99%,0.99%,LOSER,-0.49%,WINNER,,-0.08130470757,WINNER,0,-0.49%,0.99%,TOURNAMENT,LOSER,Mac Meissner - LOSER - Tom Hoge
Rasmus Hojgaard - LOSER - Max Greyserman,Rasmus Hojgaard,Max Greyserman,Max Greyserman - VS - Rasmus Hojgaard,BET365,200.00,190.00,3,2.9,0.5043478261,0.495652174,0.5037861189,0.4962138811,40.47666667,41.64166667,82.11833333,0.4929065779,0.5070934221,0.00%,-0.06%,0.06%,WINNER,-1.14%,LOSER,1.14%,-0.01418684419,WINNER,1,-1.14%,0.06%,TOURNAMENT,LOSER,Rasmus Hojgaard - LOSER - Max Greyserman
David Lipsky - WINNER - David Skinns,David Lipsky,David Skinns,David Skinns - VS - David Lipsky,BET365,170.00,180.00,2.7,2.8,0.4948024948,0.505197505,0.4921824662,0.5078175338,31.88333333,31.82,63.70333333,0.5004970959,0.4995029041,0.00%,-0.26%,0.26%,LOSER,0.57%,WINNER,0.57%,0.0009941918267,LOSER,1,0.57%,0.26%,TOURNAMENT,WINNER,David Lipsky - WINNER - David Skinns
Ben James - LOSER - Michael Brennan,Ben James,Michael Brennan,Michael Brennan - VS - Ben James,BET365,175.00,175.00,2.75,2.75,0.5,0.500000000,0.5011297812,0.4988702188,44.11,44.11,88.22,0.5,0.5,0.00%,0.11%,-0.11%,LOSER,0.00%,LOSER,,0,WINNER,0,0.00%,-0.11%,TOURNAMENT,LOSER,Ben James - LOSER - Michael Brennan
Aaron Wise - LOSER - Kevin Yu,Aaron Wise,Kevin Yu,Kevin Yu - VS - Aaron Wise,BET365,320.00,-111.00,4.2,1.900900901,0.5915542316,0.408445768,0.5989847716,0.4010152284,42.54166667,30.795,73.33666667,0.5800872688,0.4199127312,0.00%,0.74%,-0.74%,WINNER,-1.15%,LOSER,,0.1601745375,LOSER,0,-1.15%,-0.74%,TOURNAMENT,LOSER,Aaron Wise - LOSER - Kevin Yu
Matt McCarty - LOSER - Harry Hall,Matt McCarty,Harry Hall,Harry Hall - VS - Matt McCarty,BET365,175.00,175.00,2.75,2.75,0.5,0.500000000,0.5084491652,0.4915508348,41.46333333,0,41.46333333,1,0,0.00%,0.84%,-0.84%,LOSER,,LOSER,,1,LOSER,1,50.00%,-0.84%,TOURNAMENT,WINNER,Matt McCarty - WINNER - Harry Hall
Davis Riley - WINNER - Stephan Jaeger,Davis Riley,Stephan Jaeger,Stephan Jaeger - VS - Davis Riley,BET365,300.00,145.00,4,2.45,0.5589353612,0.441064639,0.5528525448,0.4471474552,40.02833333,30.30333333,70.33166667,0.5691367094,0.4308632906,0.00%,-0.61%,0.61%,WINNER,1.02%,WINNER,,0.1382734188,LOSER,0,1.02%,0.61%,TOURNAMENT,WINNER,Davis Riley - WINNER - Stephan Jaeger
Max McGreevy - LOSER - Zac Blair,Max McGreevy,Zac Blair,Zac Blair - VS - Max McGreevy,BET365,130.00,137.00,2.3,2.37,0.4943838254,0.505616175,0.4961735715,0.5038264285,35.95833333,35.68666667,71.645,0.501895922,0.498104078,0.00%,0.18%,-0.18%,LOSER,0.75%,LOSER,0.75%,0.003791844046,LOSER,1,0.75%,-0.18%,TOURNAMENT,WINNER,Max McGreevy - WINNER - Zac Blair
Joe Highsmith - WINNER - Steven Fisk,Joe Highsmith,Steven Fisk,Steven Fisk - VS - Joe Highsmith,BET365,300.00,125.00,4,2.25,0.5744680851,0.425531915,0.562384921,0.437615079,37.37166667,30.33,67.70166667,0.5520051205,0.4479948795,0.00%,-1.21%,1.21%,WINNER,-2.25%,WINNER,,0.104010241,LOSER,0,-2.25%,1.21%,TOURNAMENT,LOSER,Joe Highsmith - LOSER - Steven Fisk
Andrew Putnam - WINNER - Joel Dahmen,Andrew Putnam,Joel Dahmen,Joel Dahmen - VS - Andrew Putnam,BET365,225.00,137.00,3.25,2.37,0.5449667859,0.455033214,0.5257075371,0.4742924629,34.33166667,34.53833333,68.87,0.4984995886,0.5015004114,0.00%,-1.93%,1.93%,WINNER,-4.65%,WINNER,4.65%,-0.003000822806,WINNER,1,-4.65%,1.93%,TOURNAMENT,LOSER,Andrew Putnam - LOSER - Joel Dahmen
Matt Wallace - WINNER - Seamus Power,Matt Wallace,Seamus Power,Seamus Power - VS - Matt Wallace,BET365,140.00,240.00,2.4,3.4,0.4524714829,0.547528517,0.451378297,0.548621703,37.32,43.17,80.49,0.463660082,0.536339918,0.00%,-0.11%,0.11%,LOSER,1.12%,WINNER,,-0.072679836,WINNER,0,1.12%,0.11%,TOURNAMENT,WINNER,Matt Wallace - WINNER - Seamus Power
Patrick Fishburn - LOSER - Kensei Hirata,Patrick Fishburn,Kensei Hirata,Kensei Hirata - VS - Patrick Fishburn,BET365,130.00,375.00,2.3,4.75,0.4172297297,0.582770270,0.4266503667,0.5733496333,25.44,35.695,61.135,0.4161282408,0.5838717592,0.00%,0.94%,-0.94%,LOSER,-0.11%,LOSER,,-0.1677435184,WINNER,0,-0.11%,-0.94%,TOURNAMENT,LOSER,Patrick Fishburn - LOSER - Kensei Hirata
Haotong Li - LOSER - Michael Thompson,Haotong Li,Michael Thompson,Michael Thompson - VS - Haotong Li,BET365,-132.00,350.00,1.757575758,4.5,0.4224751067,0.577524893,0.4216738197,0.5783261803,27.39833333,27.39833333,54.79666667,0.5,0.5,0.00%,-0.08%,0.08%,LOSER,7.75%,LOSER,,0,WINNER,0,7.75%,0.08%,TOURNAMENT,WINNER,Haotong Li - WINNER - Michael Thompson
Adrien Dumont De Chassart - LOSER - Paul Peterson,Adrien Dumont De Chassart,Paul Peterson,Paul Peterson - VS - Adrien Dumont De Chassart,BET365,105.00,120.00,2.05,2.2,0.4842767296,0.515723270,0.4842767296,0.5157232704,31.175,34.34,65.515,0.4758452263,0.5241547737,0.00%,0.00%,0.00%,LOSER,-0.84%,LOSER,,-0.04830954743,WINNER,0,-0.84%,0.00%,TOURNAMENT,LOSER,Adrien Dumont De Chassart - LOSER - Paul Peterson
David Ford - LOSER - Jimmy Stanger,David Ford,Jimmy Stanger,Jimmy Stanger - VS - David Ford,BET365,115.00,280.00,2.15,3.8,0.4205967276,0.579403272,0.4296572876,0.5703427124,29.33,36.44333333,65.77333333,0.4459254004,0.5540745996,0.00%,0.91%,-0.91%,LOSER,2.53%,LOSER,,-0.1081491993,WINNER,0,2.53%,-0.91%,TOURNAMENT,WINNER,David Ford - WINNER - Jimmy Stanger
Pontus Nyholm - LOSER - John VanDerLaan,Pontus Nyholm,John VanDerLaan,John VanDerLaan - VS - Pontus Nyholm,BET365,130.00,105.00,2.3,2.05,0.5246062992,0.475393701,0.5246062992,0.4753937008,33.92166667,32.805,66.72666667,0.5083674693,0.4916325307,0.00%,0.00%,0.00%,WINNER,-1.62%,LOSER,,0.01673493856,LOSER,0,-1.62%,0.00%,TOURNAMENT,LOSER,Pontus Nyholm - LOSER - John VanDerLaan
Jesper Svensson - LOSER - Alejandro Tosti,Jesper Svensson,Alejandro Tosti,Alejandro Tosti - VS - Jesper Svensson,BET365,100.00,160.00,2,2.6,0.4482758621,0.551724138,0.4482758621,0.5517241379,29.63333333,35.69833333,65.33166667,0.4535829996,0.5464170004,0.00%,0.00%,0.00%,LOSER,0.53%,LOSER,,-0.09283400087,WINNER,0,0.53%,0.00%,TOURNAMENT,WINNER,Jesper Svensson - WINNER - Alejandro Tosti
Hank Lebioda - LOSER - Harry Higgs,Hank Lebioda,Harry Higgs,Harry Higgs - VS - Hank Lebioda,BET365,0.00,0.00,,,,,0.5020980977,0.4979019023,31.485,31.485,62.97,0.5,0.5,0.00%,,,WINNER,,LOSER,,0,WINNER,1,,0.00%,TOURNAMENT,WINNER,Hank Lebioda - WINNER - Harry Higgs
  - LOSER -  , , ,  - VS -  ,BET365,0.00,0.00,,,,,,,,,0,0,0,0.00%,,,WINNER,,LOSER,,0,WINNER,1,,0.00%,TOURNAMENT,WINNER,  - WINNER -  
  - LOSER -  , , ,  - VS -  ,BET365,0.00,0.00,,,,,,,,,0,0,0,0.00%,,,WINNER,,LOSER,,0,WINNER,1,,0.00%,TOURNAMENT,WINNER,  - WINNER -  
  - LOSER -  , , ,  - VS -  ,BET365,0.00,0.00,,,,,,,,,0,0,0,0.00%,,,WINNER,,LOSER,,0,WINNER,1,,0.00%,TOURNAMENT,WINNER,  - WINNER -  
  - LOSER -  , , ,  - VS -  ,BET365,0.00,0.00,,,,,,,,,0,0,0,0.00%,,,WINNER,,LOSER,,0,WINNER,1,,0.00%,TOURNAMENT,WINNER,  - WINNER -  
  - LOSER -  , , ,  - VS -  ,BET365,0.00,0.00,,,,,,,,,0,0,0,0.00%,,,WINNER,,LOSER,,0,WINNER,1,,0.00%,TOURNAMENT,WINNER,  - WINNER -  
  - LOSER -  , , ,  - VS -  ,BET365,0.00,0.00,,,,,,,,,0,0,0,0.00%,,,WINNER,,LOSER,,0,WINNER,1,,0.00%,TOURNAMENT,WINNER,  - WINNER -  
  - LOSER -  , , ,  - VS -  ,BET365,0.00,0.00,,,,,,,,,0,0,0,0.00%,,,WINNER,,LOSER,,0,WINNER,1,,0.00%,TOURNAMENT,WINNER,  - WINNER -  
  - LOSER -  , , ,  - VS -  ,BET365,0.00,0.00,,,,,,,,,0,0,0,0.00%,,,WINNER,,LOSER,,0,WINNER,1,,0.00%,TOURNAMENT,WINNER,  - WINNER -  
  - LOSER -  , , ,  - VS -  ,BET365,0.00,0.00,,,,,,,,,0,0,0,0.00%,,,WINNER,,LOSER,,0,WINNER,1,,0.00%,TOURNAMENT,WINNER,  - WINNER -  
  - LOSER -  , , ,  - VS -  ,BET365,0.00,0.00,,,,,,,,,0,0,0,0.00%,,,WINNER,,LOSER,,0,WINNER,1,,0.00%,TOURNAMENT,WINNER,  - WINNER -  
  - LOSER -  , , ,  - VS -  ,BET365,0.00,0.00,,,,,,,,,0,0,0,0.00%,,,WINNER,,LOSER,,0,WINNER,1,,0.00%,TOURNAMENT,WINNER,  - WINNER -  
  - LOSER -  , , ,  - VS -  ,BET365,0.00,0.00,,,,,,,,,0,0,0,0.00%,,,WINNER,,LOSER,,0,WINNER,1,,0.00%,TOURNAMENT,WINNER,  - WINNER -  
  - LOSER -  , , ,  - VS -  ,BET365,0.00,0.00,,,,,,,,,0,0,0,0.00%,,,WINNER,,LOSER,,0,WINNER,1,,0.00%,TOURNAMENT,WINNER,  - WINNER -  
  - LOSER -  , , ,  - VS -  ,BET365,0.00,0.00,,,,,,,,,0,0,0,0.00%,,,WINNER,,LOSER,,0,WINNER,1,,0.00%,TOURNAMENT,WINNER,  - WINNER -  
  - LOSER -  , , ,  - VS -  ,BET365,0.00,0.00,,,,,,,,,0,0,0,0.00%,,,WINNER,,LOSER,,0,WINNER,1,,0.00%,TOURNAMENT,WINNER,  - WINNER -  
  - LOSER -  , , ,  - VS -  ,BET365,0.00,0.00,,,,,,,,,0,0,0,0.00%,,,WINNER,,LOSER,,0,WINNER,1,,0.00%,TOURNAMENT,WINNER,  - WINNER -  
  - LOSER -  , , ,  - VS -  ,BET365,0.00,0.00,,,,,,,,,0,0,0,0.00%,,,WINNER,,LOSER,,0,WINNER,1,,0.00%,TOURNAMENT,WINNER,  - WINNER -  
  - LOSER -  , , ,  - VS -  ,BET365,0.00,0.00,,,,,,,,,0,0,0,0.00%,,,WINNER,,LOSER,,0,WINNER,1,,0.00%,TOURNAMENT,WINNER,  - WINNER -  
  - LOSER -  , , ,  - VS -  ,BET365,0.00,0.00,,,,,,,,,0,0,0,0.00%,,,WINNER,,LOSER,,0,WINNER,1,,0.00%,TOURNAMENT,WINNER,  - WINNER -  
  - LOSER -  , , ,  - VS -  ,BET365,0.00,0.00,,,,,,,,,0,0,0,0.00%,,,WINNER,,LOSER,,0,WINNER,1,,0.00%,TOURNAMENT,WINNER,  - WINNER -  
  - LOSER -  , , ,  - VS -  ,BET365,0.00,0.00,,,,,,,,,0,0,0,0.00%,,,WINNER,,LOSER,,0,WINNER,1,,0.00%,TOURNAMENT,WINNER,  - WINNER -  
  - LOSER -  , , ,  - VS -  ,BET365,0.00,0.00,,,,,,,,,0,0,0,0.00%,,,WINNER,,LOSER,,0,WINNER,1,,0.00%,TOURNAMENT,WINNER,  - WINNER -  
  - LOSER -  , , ,  - VS -  ,BET365,0.00,0.00,,,,,,,,,0,0,0,0.00%,,,WINNER,,LOSER,,0,WINNER,1,,0.00%,TOURNAMENT,WINNER,  - WINNER -  
  - LOSER -  , , ,  - VS -  ,BET365,0.00,0.00,,,,,,,,,0,0,0,0.00%,,,WINNER,,LOSER,,0,WINNER,1,,0.00%,TOURNAMENT,WINNER,  - WINNER -  
  - LOSER -  , , ,  - VS -  ,BET365,0.00,0.00,,,,,,,,,0,0,0,0.00%,,,WINNER,,LOSER,,0,WINNER,1,,0.00%,TOURNAMENT,WINNER,  - WINNER -  
  - LOSER -  , , ,  - VS -  ,BET365,0.00,0.00,,,,,,,,,0,0,0,0.00%,,,WINNER,,LOSER,,0,WINNER,1,,0.00%,TOURNAMENT,WINNER,  - WINNER -  
  - LOSER -  , , ,  - VS -  ,BET365,0.00,0.00,,,,,,,,,0,0,0,0.00%,,,WINNER,,LOSER,,0,WINNER,1,,0.00%,TOURNAMENT,WINNER,  - WINNER -  
  - LOSER -  , , ,  - VS -  ,BET365,0.00,0.00,,,,,,,,,0,0,0,0.00%,,,WINNER,,LOSER,,0,WINNER,1,,0.00%,TOURNAMENT,WINNER,  - WINNER -  
  - LOSER -  , , ,  - VS -  ,BET365,0.00,0.00,,,,,,,,,0,0,0,0.00%,,,WINNER,,LOSER,,0,WINNER,1,,0.00%,TOURNAMENT,WINNER,  - WINNER -  
  - LOSER -  , , ,  - VS -  ,BET365,0.00,0.00,,,,,,,,,0,0,0,0.00%,,,WINNER,,LOSER,,0,WINNER,1,,0.00%,TOURNAMENT,WINNER,  - WINNER -  
  - LOSER -  , , ,  - VS -  ,BET365,0.00,0.00,,,,,,,,,0,0,0,0.00%,,,WINNER,,LOSER,,0,WINNER,1,,0.00%,TOURNAMENT,WINNER,  - WINNER -  
  - LOSER -  , , ,  - VS -  ,BET365,0.00,0.00,,,,,,,,,0,0,0,0.00%,,,WINNER,,LOSER,,0,WINNER,1,,0.00%,TOURNAMENT,WINNER,  - WINNER -  
  - LOSER -  , , ,  - VS -  ,BET365,0.00,0.00,,,,,,,,,0,0,0,0.00%,,,WINNER,,LOSER,,0,WINNER,1,,0.00%,TOURNAMENT,WINNER,  - WINNER -  
  - LOSER -  , , ,  - VS -  ,BET365,0.00,0.00,,,,,,,,,0,0,0,0.00%,,,WINNER,,LOSER,,0,WINNER,1,,0.00%,TOURNAMENT,WINNER,  - WINNER -  
  - LOSER -  , , ,  - VS -  ,BET365,0.00,0.00,,,,,,,,,0,0,0,0.00%,,,WINNER,,LOSER,,0,WINNER,1,,0.00%,TOURNAMENT,WINNER,  - WINNER -  
  - LOSER -  , , ,  - VS -  ,BET365,0.00,0.00,,,,,,,,,0,0,0,0.00%,,,WINNER,,LOSER,,0,WINNER,1,,0.00%,TOURNAMENT,WINNER,  - WINNER -  
  - LOSER -  , , ,  - VS -  ,BET365,0.00,0.00,,,,,,,,,0,0,0,0.00%,,,WINNER,,LOSER,,0,WINNER,1,,0.00%,TOURNAMENT,WINNER,  - WINNER -  
  - LOSER -  , , ,  - VS -  ,BET365,0.00,0.00,,,,,,,,,0,0,0,0.00%,,,WINNER,,LOSER,,0,WINNER,1,,0.00%,TOURNAMENT,WINNER,  - WINNER -  
  - LOSER -  , , ,  - VS -  ,BET365,0.00,0.00,,,,,,,,,0,0,0,0.00%,,,WINNER,,LOSER,,0,WINNER,1,,0.00%,TOURNAMENT,WINNER,  - WINNER -  
  - LOSER -  , , ,  - VS -  ,BET365,0.00,0.00,,,,,,,,,0,0,0,0.00%,,,WINNER,,LOSER,,0,WINNER,1,,0.00%,TOURNAMENT,WINNER,  - WINNER -  
  - LOSER -  , , ,  - VS -  ,BET365,0.00,0.00,,,,,,,,,0,0,0,0.00%,,,WINNER,,LOSER,,0,WINNER,1,,0.00%,TOURNAMENT,WINNER,  - WINNER -  
  - LOSER -  , , ,  - VS -  ,BET365,0.00,0.00,,,,,,,,,0,0,0,0.00%,,,WINNER,,LOSER,,0,WINNER,1,,0.00%,TOURNAMENT,WINNER,  - WINNER -  
  - LOSER -  , , ,  - VS -  ,BET365,0.00,0.00,,,,,,,,,0,0,0,0.00%,,,WINNER,,LOSER,,0,WINNER,1,,0.00%,TOURNAMENT,WINNER,  - WINNER -  
  - LOSER -  , , ,  - VS -  ,BET365,0.00,0.00,,,,,,,,,0,0,0,0.00%,,,WINNER,,LOSER,,0,WINNER,1,,0.00%,TOURNAMENT,WINNER,  - WINNER -  
  - LOSER -  , , ,  - VS -  ,BET365,0.00,0.00,,,,,,,,,0,0,0,0.00%,,,WINNER,,LOSER,,0,WINNER,1,,0.00%,TOURNAMENT,WINNER,  - WINNER -  
  - LOSER -  , , ,  - VS -  ,BET365,0.00,0.00,,,,,,,,,0,0,0,0.00%,,,WINNER,,LOSER,,0,WINNER,1,,0.00%,TOURNAMENT,WINNER,  - WINNER -  
  - LOSER -  , , ,  - VS -  ,BET365,0.00,0.00,,,,,,,,,0,0,0,0.00%,,,WINNER,,LOSER,,0,WINNER,1,,0.00%,TOURNAMENT,WINNER,  - WINNER -  
  - LOSER -  , , ,  - VS -  ,BET365,0.00,0.00,,,,,,,,,0,0,0,0.00%,,,WINNER,,LOSER,,0,WINNER,1,,0.00%,TOURNAMENT,WINNER,  - WINNER -  
  - LOSER -  , , ,  - VS -  ,BET365,0.00,0.00,,,,,,,,,0,0,0,0.00%,,,WINNER,,LOSER,,0,WINNER,1,,0.00%,TOURNAMENT,WINNER,  - WINNER -  
  - LOSER -  , , ,  - VS -  ,BET365,0.00,0.00,,,,,,,,,0,0,0,0.00%,,,WINNER,,LOSER,,0,WINNER,1,,0.00%,TOURNAMENT,WINNER,  - WINNER -  
  - LOSER -  , , ,  - VS -  ,BET365,0.00,0.00,,,,,,,,,0,0,0,0.00%,,,WINNER,,LOSER,,0,WINNER,1,,0.00%,TOURNAMENT,WINNER,  - WINNER -  
  - LOSER -  , , ,  - VS -  ,BET365,0.00,0.00,,,,,,,,,0,0,0,0.00%,,,WINNER,,LOSER,,0,WINNER,1,,0.00%,TOURNAMENT,WINNER,  - WINNER -  
  - LOSER -  , , ,  - VS -  ,BET365,0.00,0.00,,,,,,,,,0,0,0,0.00%,,,WINNER,,LOSER,,0,WINNER,1,,0.00%,TOURNAMENT,WINNER,  - WINNER -  
  - LOSER -  , , ,  - VS -  ,BET365,0.00,0.00,,,,,,,,,0,0,0,0.00%,,,WINNER,,LOSER,,0,WINNER,1,,0.00%,TOURNAMENT,WINNER,  - WINNER -  
  - LOSER -  , , ,  - VS -  ,BET365,0.00,0.00,,,,,,,,,0,0,0,0.00%,,,WINNER,,LOSER,,0,WINNER,1,,0.00%,TOURNAMENT,WINNER,  - WINNER -  
  - LOSER -  , , ,  - VS -  ,BET365,0.00,0.00,,,,,,,,,0,0,0,0.00%,,,WINNER,,LOSER,,0,WINNER,1,,0.00%,TOURNAMENT,WINNER,  - WINNER -  
  - LOSER -  , , ,  - VS -  ,BET365,0.00,0.00,,,,,,,,,0,0,0,0.00%,,,WINNER,,LOSER,,0,WINNER,1,,0.00%,TOURNAMENT,WINNER,  - WINNER -  
  - LOSER -  , , ,  - VS -  ,BET365,0.00,0.00,,,,,,,,,0,0,0,0.00%,,,WINNER,,LOSER,,0,WINNER,1,,0.00%,TOURNAMENT,WINNER,  - WINNER -  
  - LOSER -  , , ,  - VS -  ,BET365,0.00,0.00,,,,,,,,,0,0,0,0.00%,,,WINNER,,LOSER,,0,WINNER,1,,0.00%,TOURNAMENT,WINNER,  - WINNER -  
  - LOSER -  , , ,  - VS -  ,BET365,0.00,0.00,,,,,,,,,0,0,0,0.00%,,,WINNER,,LOSER,,0,WINNER,1,,0.00%,TOURNAMENT,WINNER,  - WINNER -  
  - LOSER -  , , ,  - VS -  ,BET365,0.00,0.00,,,,,,,,,0,0,0,0.00%,,,WINNER,,LOSER,,0,WINNER,1,,0.00%,TOURNAMENT,WINNER,  - WINNER -  
  - LOSER -  , , ,  - VS -  ,BET365,0.00,0.00,,,,,,,,,0,0,0,0.00%,,,WINNER,,LOSER,,0,WINNER,1,,0.00%,TOURNAMENT,WINNER,  - WINNER -  
  - LOSER -  , , ,  - VS -  ,BET365,0.00,0.00,,,,,,,,,0,0,0,0.00%,,,WINNER,,LOSER,,0,WINNER,1,,0.00%,TOURNAMENT,WINNER,  - WINNER -  
  - LOSER -  , , ,  - VS -  ,BET365,0.00,0.00,,,,,,,,,0,0,0,0.00%,,,WINNER,,LOSER,,0,WINNER,1,,0.00%,TOURNAMENT,WINNER,  - WINNER -  
  - LOSER -  , , ,  - VS -  ,BET365,0.00,0.00,,,,,,,,,0,0,0,0.00%,,,WINNER,,LOSER,,0,WINNER,1,,0.00%,TOURNAMENT,WINNER,  - WINNER -  
  - LOSER -  , , ,  - VS -  ,BET365,0.00,0.00,,,,,,,,,0,0,0,0.00%,,,WINNER,,LOSER,,0,WINNER,1,,0.00%,TOURNAMENT,WINNER,  - WINNER -  
  - LOSER -  , , ,  - VS -  ,BET365,0.00,0.00,,,,,,,,,0,0,0,0.00%,,,WINNER,,LOSER,,0,WINNER,1,,0.00%,TOURNAMENT,WINNER,  - WINNER -  
  - LOSER -  , , ,  - VS -  ,BET365,0.00,0.00,,,,,,,,,0,0,0,0.00%,,,WINNER,,LOSER,,0,WINNER,1,,0.00%,TOURNAMENT,WINNER,  - WINNER -  
  - LOSER -  , , ,  - VS -  ,BET365,0.00,0.00,,,,,,,,,0,0,0,0.00%,,,WINNER,,LOSER,,0,WINNER,1,,0.00%,TOURNAMENT,WINNER,  - WINNER -  
  - LOSER -  , , ,  - VS -  ,BET365,0.00,0.00,,,,,,,,,0,0,0,0.00%,,,WINNER,,LOSER,,0,WINNER,1,,0.00%,TOURNAMENT,WINNER,  - WINNER -  
  - LOSER -  , , ,  - VS -  ,BET365,0.00,0.00,,,,,,,,,0,0,0,0.00%,,,WINNER,,LOSER,,0,WINNER,1,,0.00%,TOURNAMENT,WINNER,  - WINNER -  
  - LOSER -  , , ,  - VS -  ,BET365,0.00,0.00,,,,,,,,,0,0,0,0.00%,,,WINNER,,LOSER,,0,WINNER,1,,0.00%,TOURNAMENT,WINNER,  - WINNER -  
  - LOSER -  , , ,  - VS -  ,BET365,0.00,0.00,,,,,,,,,0,0,0,0.00%,,,WINNER,,LOSER,,0,WINNER,1,,0.00%,TOURNAMENT,WINNER,  - WINNER -  
  - LOSER -  , , ,  - VS -  ,BET365,0.00,0.00,,,,,,,,,0,0,0,0.00%,,,WINNER,,LOSER,,0,WINNER,1,,0.00%,TOURNAMENT,WINNER,  - WINNER -  
  - LOSER -  , , ,  - VS -  ,BET365,0.00,0.00,,,,,,,,,0,0,0,0.00%,,,WINNER,,LOSER,,0,WINNER,1,,0.00%,TOURNAMENT,WINNER,  - WINNER -  
  - LOSER -  , , ,  - VS -  ,BET365,0.00,0.00,,,,,,,,,0,0,0,0.00%,,,WINNER,,LOSER,,0,WINNER,1,,0.00%,TOURNAMENT,WINNER,  - WINNER -  
  - LOSER -  , , ,  - VS -  ,BET365,0.00,0.00,,,,,,,,,0,0,0,0.00%,,,WINNER,,LOSER,,0,WINNER,1,,0.00%,TOURNAMENT,WINNER,  - WINNER -  
  - LOSER -  , , ,  - VS -  ,BET365,0.00,0.00,,,,,,,,,0,0,0,0.00%,,,WINNER,,LOSER,,0,WINNER,1,,0.00%,TOURNAMENT,WINNER,  - WINNER -  
  - LOSER -  , , ,  - VS -  ,BET365,0.00,0.00,,,,,,,,,0,0,0,0.00%,,,WINNER,,LOSER,,0,WINNER,1,,0.00%,TOURNAMENT,WINNER,  - WINNER -  
  - LOSER -  , , ,  - VS -  ,BET365,0.00,0.00,,,,,,,,,0,0,0,0.00%,,,WINNER,,LOSER,,0,WINNER,1,,0.00%,TOURNAMENT,WINNER,  - WINNER -  
  - LOSER -  , , ,  - VS -  ,BET365,0.00,0.00,,,,,,,,,0,0,0,0.00%,,,WINNER,,LOSER,,0,WINNER,1,,0.00%,TOURNAMENT,WINNER,  - WINNER -  
  - LOSER -  , , ,  - VS -  ,BET365,0.00,0.00,,,,,,,,,0,0,0,0.00%,,,WINNER,,LOSER,,0,WINNER,1,,0.00%,TOURNAMENT,WINNER,  - WINNER -  
  - LOSER -  , , ,  - VS -  ,BET365,0.00,0.00,,,,,,,,,0,0,0,0.00%,,,WINNER,,LOSER,,0,WINNER,1,,0.00%,TOURNAMENT,WINNER,  - WINNER -  
  - LOSER -  , , ,  - VS -  ,BET365,0.00,0.00,,,,,,,,,0,0,0,0.00%,,,WINNER,,LOSER,,0,WINNER,1,,0.00%,TOURNAMENT,WINNER,  - WINNER -  
  - LOSER -  , , ,  - VS -  ,BET365,0.00,0.00,,,,,,,,,0,0,0,0.00%,,,WINNER,,LOSER,,0,WINNER,1,,0.00%,TOURNAMENT,WINNER,  - WINNER -  
  - LOSER -  , , ,  - VS -  ,BET365,0.00,0.00,,,,,,,,,0,0,0,0.00%,,,WINNER,,LOSER,,0,WINNER,1,,0.00%,TOURNAMENT,WINNER,  - WINNER -  
  - LOSER -  , , ,  - VS -  ,BET365,0.00,0.00,,,,,,,,,0,0,0,0.00%,,,WINNER,,LOSER,,0,WINNER,1,,0.00%,TOURNAMENT,WINNER,  - WINNER -  
  - LOSER -  , , ,  - VS -  ,BET365,0.00,0.00,,,,,,,,,0,0,0,0.00%,,,WINNER,,LOSER,,0,WINNER,1,,0.00%,TOURNAMENT,WINNER,  - WINNER -  
  - LOSER -  , , ,  - VS -  ,BET365,0.00,0.00,,,,,,,,,0,0,0,0.00%,,,WINNER,,LOSER,,0,WINNER,1,,0.00%,TOURNAMENT,WINNER,  - WINNER -  
  - LOSER -  , , ,  - VS -  ,BET365,0.00,0.00,,,,,,,,,0,0,0,0.00%,,,WINNER,,LOSER,,0,WINNER,1,,0.00%,TOURNAMENT,WINNER,  - WINNER -  
  - LOSER -  , , ,  - VS -  ,BET365,0.00,0.00,,,,,,,,,0,0,0,0.00%,,,WINNER,,LOSER,,0,WINNER,1,,0.00%,TOURNAMENT,WINNER,  - WINNER -  
  - LOSER -  , , ,  - VS -  ,BET365,0.00,0.00,,,,,,,,,0,0,0,0.00%,,,WINNER,,LOSER,,0,WINNER,1,,0.00%,TOURNAMENT,WINNER,  - WINNER -  
  - LOSER -  , , ,  - VS -  ,BET365,0.00,0.00,,,,,,,,,0,0,0,0.00%,,,WINNER,,LOSER,,0,WINNER,1,,0.00%,TOURNAMENT,WINNER,  - WINNER -  
  - LOSER -  , , ,  - VS -  ,BET365,0.00,0.00,,,,,,,,,0,0,0,0.00%,,,WINNER,,LOSER,,0,WINNER,1,,0.00%,TOURNAMENT,WINNER,  - WINNER -  
  - LOSER -  , , ,  - VS -  ,BET365,0.00,0.00,,,,,,,,,0,0,0,0.00%,,,WINNER,,LOSER,,0,WINNER,1,,0.00%,TOURNAMENT,WINNER,  - WINNER -  
  - LOSER -  , , ,  - VS -  ,BET365,0.00,0.00,,,,,,,,,0,0,0,0.00%,,,WINNER,,LOSER,,0,WINNER,1,,0.00%,TOURNAMENT,WINNER,  - WINNER -  
  - LOSER -  , , ,  - VS -  ,BET365,0.00,0.00,,,,,,,,,0,0,0,0.00%,,,WINNER,,LOSER,,0,WINNER,1,,0.00%,TOURNAMENT,WINNER,  - WINNER -  
  - LOSER -  , , ,  - VS -  ,BET365,0.00,0.00,,,,,,,,,0,0,0,0.00%,,,WINNER,,LOSER,,0,WINNER,1,,0.00%,TOURNAMENT,WINNER,  - WINNER -  
  - LOSER -  , , ,  - VS -  ,BET365,0.00,0.00,,,,,,,,,0,0,0,0.00%,,,WINNER,,LOSER,,0,WINNER,1,,0.00%,TOURNAMENT,WINNER,  - WINNER -  
  - LOSER -  , , ,  - VS -  ,BET365,0.00,0.00,,,,,,,,,0,0,0,0.00%,,,WINNER,,LOSER,,0,WINNER,1,,0.00%,TOURNAMENT,WINNER,  - WINNER -  
  - LOSER -  , , ,  - VS -  ,BET365,0.00,0.00,,,,,,,,,0,0,0,0.00%,,,WINNER,,LOSER,,0,WINNER,1,,0.00%,TOURNAMENT,WINNER,  - WINNER -  
  - LOSER -  , , ,  - VS -  ,BET365,0.00,0.00,,,,,,,,,0,0,0,0.00%,,,WINNER,,LOSER,,0,WINNER,1,,0.00%,TOURNAMENT,WINNER,  - WINNER -  
  - LOSER -  , , ,  - VS -  ,BET365,0.00,0.00,,,,,,,,,0,0,0,0.00%,,,WINNER,,LOSER,,0,WINNER,1,,0.00%,TOURNAMENT,WINNER,  - WINNER -  
  - LOSER -  , , ,  - VS -  ,BET365,0.00,0.00,,,,,,,,,0,0,0,0.00%,,,WINNER,,LOSER,,0,WINNER,1,,0.00%,TOURNAMENT,WINNER,  - WINNER -  
  - LOSER -  , , ,  - VS -  ,BET365,0.00,0.00,,,,,,,,,0,0,0,0.00%,,,WINNER,,LOSER,,0,WINNER,1,,0.00%,TOURNAMENT,WINNER,  - WINNER -  
  - LOSER -  , , ,  - VS -  ,BET365,0.00,0.00,,,,,,,,,0,0,0,0.00%,,,WINNER,,LOSER,,0,WINNER,1,,0.00%,TOURNAMENT,WINNER,  - WINNER -  
  - LOSER -  , , ,  - VS -  ,BET365,0.00,0.00,,,,,,,,,0,0,0,0.00%,,,WINNER,,LOSER,,0,WINNER,1,,0.00%,TOURNAMENT,WINNER,  - WINNER -  
  - LOSER -  , , ,  - VS -  ,BET365,0.00,0.00,,,,,,,,,0,0,0,0.00%,,,WINNER,,LOSER,,0,WINNER,1,,0.00%,TOURNAMENT,WINNER,  - WINNER -  
,,,,,,,,,,,,,,,,0,0,0.00%,,,WINNER,,LOSER,,0,WINNER,1,,0.00%,,,
,,,,,,,,,,,,,,,,0,0,0.00%,,,WINNER,,LOSER,,0,WINNER,1,,0.00%,,,
Tyler Duncan - WINNER - Ben Silverman,Tyler Duncan,Ben Silverman,Ben Silverman - VS - Tyler Duncan,DRAFTKINGS,192.00,194.00,2.92,2.94,0.4991157954,0.500884205,0.4900258217,0.5099741783,33.35,33.35,66.7,0.5,0.5,0.00%,-0.91%,0.91%,LOSER,0.09%,WINNER,,0,WINNER,0,0.09%,0.91%,TOURNAMENT,LOSER,Tyler Duncan - LOSER - Ben Silverman
Christiaan Bezuidenhout - LOSER - Erik Van Rooyen,Christiaan Bezuidenhout,Erik Van Rooyen,Erik Van Rooyen - VS - Christiaan Bezuidenhout,DRAFTKINGS,154.00,240.00,2.54,3.4,0.4620543593,0.537945641,0.4643728144,0.5356271856,34.14833333,41.08166667,75.23,0.4539190926,0.5460809074,0.00%,0.23%,-0.23%,LOSER,-0.81%,LOSER,,-0.09216181488,WINNER,0,-0.81%,-0.23%,TOURNAMENT,LOSER,Christiaan Bezuidenhout - LOSER - Erik Van Rooyen
Chris Kirk - LOSER - Billy Horschel,Chris Kirk,Billy Horschel,Billy Horschel - VS - Chris Kirk,DRAFTKINGS,132.00,152.00,2.32,2.52,0.4854074247,0.514592575,0.4989476318,0.5010523682,41.305,42.29833333,83.60333333,0.494059248,0.505940752,0.00%,1.35%,-1.35%,LOSER,0.87%,LOSER,,-0.01188150393,WINNER,0,0.87%,-1.35%,TOURNAMENT,WINNER,Chris Kirk - WINNER - Billy Horschel
Max Homa - LOSER - Nick Taylor,Max Homa,Nick Taylor,Nick Taylor - VS - Max Homa,DRAFTKINGS,190.00,210.00,2.9,3.1,0.4916527546,0.508347245,0.4938609954,0.5061390046,41.82166667,42.85333333,84.675,0.4939080799,0.5060919201,0.00%,0.22%,-0.22%,LOSER,0.23%,LOSER,,-0.01218384017,WINNER,0,0.23%,-0.22%,TOURNAMENT,WINNER,Max Homa - WINNER - Nick Taylor
Eric Cole - WINNER - Tony Finau,Eric Cole,Tony Finau,Tony Finau - VS - Eric Cole,DRAFTKINGS,142.00,205.00,2.42,3.05,0.4660998709,0.533900129,0.4530535598,0.5469464402,38.155,43.53333333,81.68833333,0.4670801624,0.5329198376,0.00%,-1.30%,1.30%,LOSER,0.10%,WINNER,,-0.06583967519,WINNER,0,0.10%,1.30%,TOURNAMENT,LOSER,Eric Cole - LOSER - Tony Finau
Kevin Streelman - LOSER - Lucas Glover,Kevin Streelman,Lucas Glover,Lucas Glover - VS - Kevin Streelman,DRAFTKINGS,164.00,154.00,2.64,2.54,0.5060744484,0.493925552,0.5059456117,0.4940543883,36.30166667,33.49,69.79166667,0.5201432836,0.4798567164,0.00%,-0.01%,0.01%,WINNER,1.41%,LOSER,,0.04028656716,LOSER,0,1.41%,0.01%,TOURNAMENT,WINNER,Kevin Streelman - WINNER - Lucas Glover
Lee Hodges - LOSER - Ben Kohles,Lee Hodges,Ben Kohles,Ben Kohles - VS - Lee Hodges,DRAFTKINGS,162.00,134.00,2.62,2.34,0.5191738797,0.480826120,0.5222786615,0.4777213385,42.53166667,39.33666667,81.86833333,0.5195130392,0.4804869608,0.00%,0.31%,-0.31%,WINNER,0.03%,LOSER,,0.03902607846,LOSER,0,0.03%,-0.31%,TOURNAMENT,LOSER,Lee Hodges - LOSER - Ben Kohles
Takumi Kanaya - LOSER - Emiliano Grillo,Takumi Kanaya,Emiliano Grillo,Emiliano Grillo - VS - Takumi Kanaya,DRAFTKINGS,230.00,168.00,3.3,2.68,0.5264776221,0.473522378,0.5337945217,0.4662054783,40.33166667,35.14,75.47166667,0.534394806,0.465605194,0.00%,0.73%,-0.73%,WINNER,0.79%,LOSER,,0.068789612,LOSER,0,0.79%,-0.73%,TOURNAMENT,WINNER,Takumi Kanaya - WINNER - Emiliano Grillo
Adam Svensson - WINNER - Brice Garnett,Adam Svensson,Brice Garnett,Brice Garnett - VS - Adam Svensson,DRAFTKINGS,215.00,205.00,3.15,3.05,0.5038417211,0.496158279,0.4851076095,0.5148923905,31.62833333,32.4,64.02833333,0.4939740219,0.5060259781,0.00%,-1.87%,1.87%,WINNER,-0.99%,WINNER,0.99%,-0.01205195617,WINNER,1,-0.99%,1.87%,TOURNAMENT,LOSER,Adam Svensson - LOSER - Brice Garnett
Justin Lower - WINNER - Beau Hossler,Justin Lower,Beau Hossler,Beau Hossler - VS - Justin Lower,DRAFTKINGS,240.00,125.00,3.4,2.25,0.5595854922,0.440414508,0.5396638655,0.4603361345,43.22333333,35.285,78.50833333,0.5505572657,0.4494427343,0.00%,-1.99%,1.99%,WINNER,-0.90%,WINNER,,0.1011145314,LOSER,0,-0.90%,1.99%,TOURNAMENT,LOSER,Justin Lower - LOSER - Beau Hossler
Marco Penge - LOSER - David Lingmerth,Marco Penge,David Lingmerth,David Lingmerth - VS - Marco Penge,DRAFTKINGS,0.00,0.00,,,,,0.4155376799,0.5844623201,25.75333333,44.98333333,70.73666667,0.3640733236,0.6359266764,0.00%,,,WINNER,,LOSER,,-0.2718533528,WINNER,1,,0.00%,TOURNAMENT,WINNER,Marco Penge - WINNER - David Lingmerth
A.J. Ewart - LOSER - Kristoffer Ventura,A.J. Ewart,Kristoffer Ventura,Kristoffer Ventura - VS - A.J. Ewart,DRAFTKINGS,0.00,0.00,,,,,0.5070555033,0.4929444967,34.95666667,34.95666667,69.91333333,0.5,0.5,0.00%,,,WINNER,,LOSER,,0,WINNER,1,,0.00%,TOURNAMENT,WINNER,A.J. Ewart - WINNER - Kristoffer Ventura
Tyson Shelley - LOSER - Davis Chatfield,Tyson Shelley,Davis Chatfield,Davis Chatfield - VS - Tyson Shelley,DRAFTKINGS,0.00,0.00,,,,,0.555868692,0.444131308,35.55833333,35.55833333,71.11666667,0.5,0.5,0.00%,,,WINNER,,LOSER,,0,WINNER,1,,0.00%,TOURNAMENT,WINNER,Tyson Shelley - WINNER - Davis Chatfield
Hayden Springer - LOSER - Marcelo Rozo,Hayden Springer,Marcelo Rozo,Marcelo Rozo - VS - Hayden Springer,DRAFTKINGS,0.00,0.00,,,,,0.4095948827,0.5904051173,28.805,37.68166667,66.48666667,0.4332447609,0.5667552391,0.00%,,,WINNER,,LOSER,,-0.1335104783,WINNER,1,,0.00%,TOURNAMENT,WINNER,Hayden Springer - WINNER - Marcelo Rozo
Chandler Blanchet - LOSER - Christo Lamprecht,Chandler Blanchet,Christo Lamprecht,Christo Lamprecht - VS - Chandler Blanchet,DRAFTKINGS,0.00,0.00,,,,,0.4390243902,0.5609756098,29.31,34.205,63.515,0.4614657955,0.5385342045,0.00%,,,WINNER,,LOSER,,-0.07706840904,WINNER,1,,0.00%,TOURNAMENT,WINNER,Chandler Blanchet - WINNER - Christo Lamprecht
Zach J. Johnson - LOSER - Zecheng Dou,Zach J. Johnson,Zecheng Dou,Zecheng Dou - VS - Zach J. Johnson,DRAFTKINGS,0.00,0.00,,,,,0.6285714286,0.3714285714,39.76333333,28.20833333,67.97166667,0.5849986514,0.4150013486,0.00%,,,WINNER,,LOSER,,0.1699973028,LOSER,0,,0.00%,TOURNAMENT,WINNER,Zach J. Johnson - WINNER - Zecheng Dou
Dylan Wu - LOSER - Patton Kizzire,Dylan Wu,Patton Kizzire,Patton Kizzire - VS - Dylan Wu,DRAFTKINGS,230.00,265.00,3.3,3.65,0.489789965,0.510210035,0.4938296997,0.5061703003,30.06333333,31.53,61.59333333,0.4880939496,0.5119060504,0.00%,0.40%,-0.40%,LOSER,-0.17%,LOSER,,-0.02381210088,WINNER,0,-0.17%,-0.40%,TOURNAMENT,LOSER,Dylan Wu - LOSER - Patton Kizzire
Doug Ghim - LOSER - Peter Malnati,Doug Ghim,Peter Malnati,Peter Malnati - VS - Doug Ghim,DRAFTKINGS,-122.00,280.00,1.819672131,3.8,0.427202359,0.572797641,0.4496476676,0.5503523324,30.115,45.57333333,75.68833333,0.3978816638,0.6021183362,0.00%,2.24%,-2.24%,LOSER,-2.93%,LOSER,,-0.2042366723,WINNER,0,-2.93%,-2.24%,TOURNAMENT,LOSER,Doug Ghim - LOSER - Peter Malnati
Patrick Rodgers - WINNER - Rafael Campos,Patrick Rodgers,Rafael Campos,Rafael Campos - VS - Patrick Rodgers,DRAFTKINGS,162.00,265.00,2.62,3.65,0.4599408836,0.540059116,0.4570629435,0.5429370565,23.96333333,36.56666667,60.53,0.3958918443,0.6041081557,0.00%,-0.29%,0.29%,LOSER,-6.40%,WINNER,,-0.2082163115,WINNER,0,-6.40%,0.29%,TOURNAMENT,LOSER,Patrick Rodgers - LOSER - Rafael Campos
Mac Meissner - WINNER - Tom Hoge,Mac Meissner,Tom Hoge,Tom Hoge - VS - Mac Meissner,DRAFTKINGS,138.00,220.00,2.38,3.2,0.4575217571,0.542478243,0.4544147902,0.5455852098,35.16,41.38333333,76.54333333,0.4593476462,0.5406523538,0.00%,-0.31%,0.31%,LOSER,0.18%,WINNER,,-0.08130470757,WINNER,0,0.18%,0.31%,TOURNAMENT,WINNER,Mac Meissner - WINNER - Tom Hoge
Rasmus Hojgaard - LOSER - Max Greyserman,Rasmus Hojgaard,Max Greyserman,Max Greyserman - VS - Rasmus Hojgaard,DRAFTKINGS,186.00,190.00,2.86,2.9,0.4981529368,0.501847063,0.5037861189,0.4962138811,40.47666667,41.64166667,82.11833333,0.4929065779,0.5070934221,0.00%,0.56%,-0.56%,LOSER,-0.52%,LOSER,,-0.01418684419,WINNER,0,-0.52%,-0.56%,TOURNAMENT,LOSER,Rasmus Hojgaard - LOSER - Max Greyserman
David Lipsky - WINNER - David Skinns,David Lipsky,David Skinns,David Skinns - VS - David Lipsky,DRAFTKINGS,180.00,184.00,2.8,2.84,0.4980514419,0.501948558,0.4921824662,0.5078175338,31.88333333,31.82,63.70333333,0.5004970959,0.4995029041,0.00%,-0.59%,0.59%,LOSER,0.24%,WINNER,0.24%,0.0009941918267,LOSER,1,0.24%,0.59%,TOURNAMENT,WINNER,David Lipsky - WINNER - David Skinns
Ben James - WINNER - Michael Brennan,Ben James,Michael Brennan,Michael Brennan - VS - Ben James,DRAFTKINGS,192.00,186.00,2.92,2.86,0.5027466491,0.497253351,0.5011297812,0.4988702188,44.11,44.11,88.22,0.5,0.5,0.00%,-0.16%,0.16%,WINNER,-0.27%,WINNER,0.27%,0,WINNER,1,-0.27%,0.16%,TOURNAMENT,LOSER,Ben James - LOSER - Michael Brennan
Aaron Wise - LOSER - Kevin Yu,Aaron Wise,Kevin Yu,Kevin Yu - VS - Aaron Wise,DRAFTKINGS,260.00,110.00,3.6,2.1,0.5796178344,0.420382166,0.5989847716,0.4010152284,42.54166667,30.795,73.33666667,0.5800872688,0.4199127312,0.00%,1.94%,-1.94%,WINNER,0.05%,LOSER,,0.1601745375,LOSER,0,0.05%,-1.94%,TOURNAMENT,LOSER,Aaron Wise - LOSER - Kevin Yu
Matt McCarty - LOSER - Harry Hall,Matt McCarty,Harry Hall,Harry Hall - VS - Matt McCarty,DRAFTKINGS,184.00,170.00,2.84,2.7,0.5071457738,0.492854226,0.5084491652,0.4915508348,41.46333333,0,41.46333333,1,0,0.00%,0.13%,-0.13%,WINNER,,LOSER,,1,LOSER,0,49.29%,-0.13%,TOURNAMENT,WINNER,Matt McCarty - WINNER - Harry Hall
Davis Riley - LOSER - Stephan Jaeger,Davis Riley,Stephan Jaeger,Stephan Jaeger - VS - Davis Riley,DRAFTKINGS,280.00,152.00,3.8,2.52,0.5498753117,0.450124688,0.5528525448,0.4471474552,40.02833333,30.30333333,70.33166667,0.5691367094,0.4308632906,0.00%,0.30%,-0.30%,WINNER,1.93%,LOSER,,0.1382734188,LOSER,0,1.93%,-0.30%,TOURNAMENT,WINNER,Davis Riley - WINNER - Stephan Jaeger
Max McGreevy - WINNER - Zac Blair,Max McGreevy,Zac Blair,Zac Blair - VS - Max McGreevy,DRAFTKINGS,152.00,156.00,2.52,2.56,0.4974432399,0.502556760,0.4961735715,0.5038264285,35.95833333,35.68666667,71.645,0.501895922,0.498104078,0.00%,-0.13%,0.13%,LOSER,0.45%,WINNER,0.45%,0.003791844046,LOSER,1,0.45%,0.13%,TOURNAMENT,WINNER,Max McGreevy - WINNER - Zac Blair
Joe Highsmith - LOSER - Steven Fisk,Joe Highsmith,Steven Fisk,Steven Fisk - VS - Joe Highsmith,DRAFTKINGS,250.00,144.00,3.5,2.44,0.5475763016,0.452423698,0.562384921,0.437615079,37.37166667,30.33,67.70166667,0.5520051205,0.4479948795,0.00%,1.48%,-1.48%,WINNER,0.44%,LOSER,,0.104010241,LOSER,0,0.44%,-1.48%,TOURNAMENT,WINNER,Joe Highsmith - WINNER - Steven Fisk
Andrew Putnam - LOSER - Joel Dahmen,Andrew Putnam,Joel Dahmen,Joel Dahmen - VS - Andrew Putnam,DRAFTKINGS,205.00,174.00,3.05,2.74,0.5141889418,0.485811058,0.5257075371,0.4742924629,34.33166667,34.53833333,68.87,0.4984995886,0.5015004114,0.00%,1.15%,-1.15%,WINNER,-1.57%,LOSER,1.57%,-0.003000822806,WINNER,1,-1.57%,-1.15%,TOURNAMENT,LOSER,Andrew Putnam - LOSER - Joel Dahmen
Matt Wallace - WINNER - Seamus Power,Matt Wallace,Seamus Power,Seamus Power - VS - Matt Wallace,DRAFTKINGS,136.00,225.00,2.36,3.25,0.4542651593,0.545734841,0.451378297,0.548621703,37.32,43.17,80.49,0.463660082,0.536339918,0.00%,-0.29%,0.29%,LOSER,0.94%,WINNER,,-0.072679836,WINNER,0,0.94%,0.29%,TOURNAMENT,WINNER,Matt Wallace - WINNER - Seamus Power
Patrick Fishburn - WINNER - Kensei Hirata,Patrick Fishburn,Kensei Hirata,Kensei Hirata - VS - Patrick Fishburn,DRAFTKINGS,138.00,315.00,2.38,4.15,0.433076225,0.566923775,0.4266503667,0.5733496333,25.44,35.695,61.135,0.4161282408,0.5838717592,0.00%,-0.64%,0.64%,LOSER,-1.69%,WINNER,,-0.1677435184,WINNER,0,-1.69%,0.64%,TOURNAMENT,LOSER,Patrick Fishburn - LOSER - Kensei Hirata
Haotong Li - LOSER - Michael Thompson,Haotong Li,Michael Thompson,Michael Thompson - VS - Haotong Li,DRAFTKINGS,0.00,0.00,,,,,0.4216738197,0.5783261803,27.39833333,27.39833333,54.79666667,0.5,0.5,0.00%,,,WINNER,,LOSER,,0,WINNER,1,,0.00%,TOURNAMENT,WINNER,Haotong Li - WINNER - Michael Thompson
Adrien Dumont De Chassart - LOSER - Paul Peterson,Adrien Dumont De Chassart,Paul Peterson,Paul Peterson - VS - Adrien Dumont De Chassart,DRAFTKINGS,0.00,0.00,,,,,0.4842767296,0.5157232704,31.175,34.34,65.515,0.4758452263,0.5241547737,0.00%,,,WINNER,,LOSER,,-0.04830954743,WINNER,1,,0.00%,TOURNAMENT,WINNER,Adrien Dumont De Chassart - WINNER - Paul Peterson
David Ford - WINNER - Jimmy Stanger,David Ford,Jimmy Stanger,Jimmy Stanger - VS - David Ford,DRAFTKINGS,128.00,220.00,2.28,3.2,0.4495171203,0.550482880,0.4296572876,0.5703427124,29.33,36.44333333,65.77333333,0.4459254004,0.5540745996,0.00%,-1.99%,1.99%,LOSER,-0.36%,WINNER,,-0.1081491993,WINNER,0,-0.36%,1.99%,TOURNAMENT,LOSER,David Ford - LOSER - Jimmy Stanger
Pontus Nyholm - LOSER - John VanDerLaan,Pontus Nyholm,John VanDerLaan,John VanDerLaan - VS - Pontus Nyholm,DRAFTKINGS,0.00,0.00,,,,,0.5246062992,0.4753937008,33.92166667,32.805,66.72666667,0.5083674693,0.4916325307,0.00%,,,WINNER,,LOSER,,0.01673493856,LOSER,0,,0.00%,TOURNAMENT,WINNER,Pontus Nyholm - WINNER - John VanDerLaan
Jesper Svensson - LOSER - Alejandro Tosti,Jesper Svensson,Alejandro Tosti,Alejandro Tosti - VS - Jesper Svensson,DRAFTKINGS,0.00,0.00,,,,,0.4482758621,0.5517241379,29.63333333,35.69833333,65.33166667,0.4535829996,0.5464170004,0.00%,,,WINNER,,LOSER,,-0.09283400087,WINNER,1,,0.00%,TOURNAMENT,WINNER,Jesper Svensson - WINNER - Alejandro Tosti
Hank Lebioda - LOSER - Harry Higgs,Hank Lebioda,Harry Higgs,Harry Higgs - VS - Hank Lebioda,DRAFTKINGS,200.00,205.00,3,3.05,0.4979591837,0.502040816,0.5020980977,0.4979019023,31.485,31.485,62.97,0.5,0.5,0.00%,0.41%,-0.41%,LOSER,0.20%,LOSER,,0,WINNER,0,0.20%,-0.41%,TOURNAMENT,WINNER,Hank Lebioda - WINNER - Harry Higgs
  - LOSER -  , , ,  - VS -  ,DRAFTKINGS,0.00,0.00,,,,,,,,,0,0,0,0.00%,,,WINNER,,LOSER,,0,WINNER,1,,0.00%,TOURNAMENT,WINNER,  - WINNER -  
  - LOSER -  , , ,  - VS -  ,DRAFTKINGS,0.00,0.00,,,,,,,,,0,0,0,0.00%,,,WINNER,,LOSER,,0,WINNER,1,,0.00%,TOURNAMENT,WINNER,  - WINNER -  
  - LOSER -  , , ,  - VS -  ,DRAFTKINGS,0.00,0.00,,,,,,,,,0,0,0,0.00%,,,WINNER,,LOSER,,0,WINNER,1,,0.00%,TOURNAMENT,WINNER,  - WINNER -  
  - LOSER -  , , ,  - VS -  ,DRAFTKINGS,0.00,0.00,,,,,,,,,0,0,0,0.00%,,,WINNER,,LOSER,,0,WINNER,1,,0.00%,TOURNAMENT,WINNER,  - WINNER -  
  - LOSER -  , , ,  - VS -  ,DRAFTKINGS,0.00,0.00,,,,,,,,,0,0,0,0.00%,,,WINNER,,LOSER,,0,WINNER,1,,0.00%,TOURNAMENT,WINNER,  - WINNER -  
  - LOSER -  , , ,  - VS -  ,DRAFTKINGS,0.00,0.00,,,,,,,,,0,0,0,0.00%,,,WINNER,,LOSER,,0,WINNER,1,,0.00%,TOURNAMENT,WINNER,  - WINNER -  
  - LOSER -  , , ,  - VS -  ,DRAFTKINGS,0.00,0.00,,,,,,,,,0,0,0,0.00%,,,WINNER,,LOSER,,0,WINNER,1,,0.00%,TOURNAMENT,WINNER,  - WINNER -  
  - LOSER -  , , ,  - VS -  ,DRAFTKINGS,0.00,0.00,,,,,,,,,0,0,0,0.00%,,,WINNER,,LOSER,,0,WINNER,1,,0.00%,TOURNAMENT,WINNER,  - WINNER -  
  - LOSER -  , , ,  - VS -  ,DRAFTKINGS,0.00,0.00,,,,,,,,,0,0,0,0.00%,,,WINNER,,LOSER,,0,WINNER,1,,0.00%,TOURNAMENT,WINNER,  - WINNER -  
  - LOSER -  , , ,  - VS -  ,DRAFTKINGS,0.00,0.00,,,,,,,,,0,0,0,0.00%,,,WINNER,,LOSER,,0,WINNER,1,,0.00%,TOURNAMENT,WINNER,  - WINNER -  
  - LOSER -  , , ,  - VS -  ,DRAFTKINGS,0.00,0.00,,,,,,,,,0,0,0,0.00%,,,WINNER,,LOSER,,0,WINNER,1,,0.00%,TOURNAMENT,WINNER,  - WINNER -  
  - LOSER -  , , ,  - VS -  ,DRAFTKINGS,0.00,0.00,,,,,,,,,0,0,0,0.00%,,,WINNER,,LOSER,,0,WINNER,1,,0.00%,TOURNAMENT,WINNER,  - WINNER -  
  - LOSER -  , , ,  - VS -  ,DRAFTKINGS,0.00,0.00,,,,,,,,,0,0,0,0.00%,,,WINNER,,LOSER,,0,WINNER,1,,0.00%,TOURNAMENT,WINNER,  - WINNER -  
  - LOSER -  , , ,  - VS -  ,DRAFTKINGS,0.00,0.00,,,,,,,,,0,0,0,0.00%,,,WINNER,,LOSER,,0,WINNER,1,,0.00%,TOURNAMENT,WINNER,  - WINNER -  
  - LOSER -  , , ,  - VS -  ,DRAFTKINGS,0.00,0.00,,,,,,,,,0,0,0,0.00%,,,WINNER,,LOSER,,0,WINNER,1,,0.00%,TOURNAMENT,WINNER,  - WINNER -  
  - LOSER -  , , ,  - VS -  ,DRAFTKINGS,0.00,0.00,,,,,,,,,0,0,0,0.00%,,,WINNER,,LOSER,,0,WINNER,1,,0.00%,TOURNAMENT,WINNER,  - WINNER -  
  - LOSER -  , , ,  - VS -  ,DRAFTKINGS,0.00,0.00,,,,,,,,,0,0,0,0.00%,,,WINNER,,LOSER,,0,WINNER,1,,0.00%,TOURNAMENT,WINNER,  - WINNER -  
  - LOSER -  , , ,  - VS -  ,DRAFTKINGS,0.00,0.00,,,,,,,,,0,0,0,0.00%,,,WINNER,,LOSER,,0,WINNER,1,,0.00%,TOURNAMENT,WINNER,  - WINNER -  
  - LOSER -  , , ,  - VS -  ,DRAFTKINGS,0.00,0.00,,,,,,,,,0,0,0,0.00%,,,WINNER,,LOSER,,0,WINNER,1,,0.00%,TOURNAMENT,WINNER,  - WINNER -  
  - LOSER -  , , ,  - VS -  ,DRAFTKINGS,0.00,0.00,,,,,,,,,0,0,0,0.00%,,,WINNER,,LOSER,,0,WINNER,1,,0.00%,TOURNAMENT,WINNER,  - WINNER -  
  - LOSER -  , , ,  - VS -  ,DRAFTKINGS,0.00,0.00,,,,,,,,,0,0,0,0.00%,,,WINNER,,LOSER,,0,WINNER,1,,0.00%,TOURNAMENT,WINNER,  - WINNER -  
  - LOSER -  , , ,  - VS -  ,DRAFTKINGS,0.00,0.00,,,,,,,,,0,0,0,0.00%,,,WINNER,,LOSER,,0,WINNER,1,,0.00%,TOURNAMENT,WINNER,  - WINNER -  
  - LOSER -  , , ,  - VS -  ,DRAFTKINGS,0.00,0.00,,,,,,,,,0,0,0,0.00%,,,WINNER,,LOSER,,0,WINNER,1,,0.00%,TOURNAMENT,WINNER,  - WINNER -  
  - LOSER -  , , ,  - VS -  ,DRAFTKINGS,0.00,0.00,,,,,,,,,0,0,0,0.00%,,,WINNER,,LOSER,,0,WINNER,1,,0.00%,TOURNAMENT,WINNER,  - WINNER -  
  - LOSER -  , , ,  - VS -  ,DRAFTKINGS,0.00,0.00,,,,,,,,,0,0,0,0.00%,,,WINNER,,LOSER,,0,WINNER,1,,0.00%,TOURNAMENT,WINNER,  - WINNER -  
  - LOSER -  , , ,  - VS -  ,DRAFTKINGS,0.00,0.00,,,,,,,,,0,0,0,0.00%,,,WINNER,,LOSER,,0,WINNER,1,,0.00%,TOURNAMENT,WINNER,  - WINNER -  
  - LOSER -  , , ,  - VS -  ,DRAFTKINGS,0.00,0.00,,,,,,,,,0,0,0,0.00%,,,WINNER,,LOSER,,0,WINNER,1,,0.00%,TOURNAMENT,WINNER,  - WINNER -  
  - LOSER -  , , ,  - VS -  ,DRAFTKINGS,0.00,0.00,,,,,,,,,0,0,0,0.00%,,,WINNER,,LOSER,,0,WINNER,1,,0.00%,TOURNAMENT,WINNER,  - WINNER -  
  - LOSER -  , , ,  - VS -  ,DRAFTKINGS,0.00,0.00,,,,,,,,,0,0,0,0.00%,,,WINNER,,LOSER,,0,WINNER,1,,0.00%,TOURNAMENT,WINNER,  - WINNER -  
  - LOSER -  , , ,  - VS -  ,DRAFTKINGS,0.00,0.00,,,,,,,,,0,0,0,0.00%,,,WINNER,,LOSER,,0,WINNER,1,,0.00%,TOURNAMENT,WINNER,  - WINNER -  
  - LOSER -  , , ,  - VS -  ,DRAFTKINGS,0.00,0.00,,,,,,,,,0,0,0,0.00%,,,WINNER,,LOSER,,0,WINNER,1,,0.00%,TOURNAMENT,WINNER,  - WINNER -  
  - LOSER -  , , ,  - VS -  ,DRAFTKINGS,0.00,0.00,,,,,,,,,0,0,0,0.00%,,,WINNER,,LOSER,,0,WINNER,1,,0.00%,TOURNAMENT,WINNER,  - WINNER -  
  - LOSER -  , , ,  - VS -  ,DRAFTKINGS,0.00,0.00,,,,,,,,,0,0,0,0.00%,,,WINNER,,LOSER,,0,WINNER,1,,0.00%,TOURNAMENT,WINNER,  - WINNER -  
  - LOSER -  , , ,  - VS -  ,DRAFTKINGS,0.00,0.00,,,,,,,,,0,0,0,0.00%,,,WINNER,,LOSER,,0,WINNER,1,,0.00%,TOURNAMENT,WINNER,  - WINNER -  
  - LOSER -  , , ,  - VS -  ,DRAFTKINGS,0.00,0.00,,,,,,,,,0,0,0,0.00%,,,WINNER,,LOSER,,0,WINNER,1,,0.00%,TOURNAMENT,WINNER,  - WINNER -  
  - LOSER -  , , ,  - VS -  ,DRAFTKINGS,0.00,0.00,,,,,,,,,0,0,0,0.00%,,,WINNER,,LOSER,,0,WINNER,1,,0.00%,TOURNAMENT,WINNER,  - WINNER -  
  - LOSER -  , , ,  - VS -  ,DRAFTKINGS,0.00,0.00,,,,,,,,,0,0,0,0.00%,,,WINNER,,LOSER,,0,WINNER,1,,0.00%,TOURNAMENT,WINNER,  - WINNER -  
  - LOSER -  , , ,  - VS -  ,DRAFTKINGS,0.00,0.00,,,,,,,,,0,0,0,0.00%,,,WINNER,,LOSER,,0,WINNER,1,,0.00%,TOURNAMENT,WINNER,  - WINNER -  
  - LOSER -  , , ,  - VS -  ,DRAFTKINGS,0.00,0.00,,,,,,,,,0,0,0,0.00%,,,WINNER,,LOSER,,0,WINNER,1,,0.00%,TOURNAMENT,WINNER,  - WINNER -  
  - LOSER -  , , ,  - VS -  ,DRAFTKINGS,0.00,0.00,,,,,,,,,0,0,0,0.00%,,,WINNER,,LOSER,,0,WINNER,1,,0.00%,TOURNAMENT,WINNER,  - WINNER -  
  - LOSER -  , , ,  - VS -  ,DRAFTKINGS,0.00,0.00,,,,,,,,,0,0,0,0.00%,,,WINNER,,LOSER,,0,WINNER,1,,0.00%,TOURNAMENT,WINNER,  - WINNER -  
  - LOSER -  , , ,  - VS -  ,DRAFTKINGS,0.00,0.00,,,,,,,,,0,0,0,0.00%,,,WINNER,,LOSER,,0,WINNER,1,,0.00%,TOURNAMENT,WINNER,  - WINNER -  
  - LOSER -  , , ,  - VS -  ,DRAFTKINGS,0.00,0.00,,,,,,,,,0,0,0,0.00%,,,WINNER,,LOSER,,0,WINNER,1,,0.00%,TOURNAMENT,WINNER,  - WINNER -  
  - LOSER -  , , ,  - VS -  ,DRAFTKINGS,0.00,0.00,,,,,,,,,0,0,0,0.00%,,,WINNER,,LOSER,,0,WINNER,1,,0.00%,TOURNAMENT,WINNER,  - WINNER -  
  - LOSER -  , , ,  - VS -  ,DRAFTKINGS,0.00,0.00,,,,,,,,,0,0,0,0.00%,,,WINNER,,LOSER,,0,WINNER,1,,0.00%,TOURNAMENT,WINNER,  - WINNER -  
  - LOSER -  , , ,  - VS -  ,DRAFTKINGS,0.00,0.00,,,,,,,,,0,0,0,0.00%,,,WINNER,,LOSER,,0,WINNER,1,,0.00%,TOURNAMENT,WINNER,  - WINNER -  
  - LOSER -  , , ,  - VS -  ,DRAFTKINGS,0.00,0.00,,,,,,,,,0,0,0,0.00%,,,WINNER,,LOSER,,0,WINNER,1,,0.00%,TOURNAMENT,WINNER,  - WINNER -  
  - LOSER -  , , ,  - VS -  ,DRAFTKINGS,0.00,0.00,,,,,,,,,0,0,0,0.00%,,,WINNER,,LOSER,,0,WINNER,1,,0.00%,TOURNAMENT,WINNER,  - WINNER -  
  - LOSER -  , , ,  - VS -  ,DRAFTKINGS,0.00,0.00,,,,,,,,,0,0,0,0.00%,,,WINNER,,LOSER,,0,WINNER,1,,0.00%,TOURNAMENT,WINNER,  - WINNER -  
  - LOSER -  , , ,  - VS -  ,DRAFTKINGS,0.00,0.00,,,,,,,,,0,0,0,0.00%,,,WINNER,,LOSER,,0,WINNER,1,,0.00%,TOURNAMENT,WINNER,  - WINNER -  
  - LOSER -  , , ,  - VS -  ,DRAFTKINGS,0.00,0.00,,,,,,,,,0,0,0,0.00%,,,WINNER,,LOSER,,0,WINNER,1,,0.00%,TOURNAMENT,WINNER,  - WINNER -  
  - LOSER -  , , ,  - VS -  ,DRAFTKINGS,0.00,0.00,,,,,,,,,0,0,0,0.00%,,,WINNER,,LOSER,,0,WINNER,1,,0.00%,TOURNAMENT,WINNER,  - WINNER -  
  - LOSER -  , , ,  - VS -  ,DRAFTKINGS,0.00,0.00,,,,,,,,,0,0,0,0.00%,,,WINNER,,LOSER,,0,WINNER,1,,0.00%,TOURNAMENT,WINNER,  - WINNER -  
  - LOSER -  , , ,  - VS -  ,DRAFTKINGS,0.00,0.00,,,,,,,,,0,0,0,0.00%,,,WINNER,,LOSER,,0,WINNER,1,,0.00%,TOURNAMENT,WINNER,  - WINNER -  
  - LOSER -  , , ,  - VS -  ,DRAFTKINGS,0.00,0.00,,,,,,,,,0,0,0,0.00%,,,WINNER,,LOSER,,0,WINNER,1,,0.00%,TOURNAMENT,WINNER,  - WINNER -  
  - LOSER -  , , ,  - VS -  ,DRAFTKINGS,0.00,0.00,,,,,,,,,0,0,0,0.00%,,,WINNER,,LOSER,,0,WINNER,1,,0.00%,TOURNAMENT,WINNER,  - WINNER -  
  - LOSER -  , , ,  - VS -  ,DRAFTKINGS,0.00,0.00,,,,,,,,,0,0,0,0.00%,,,WINNER,,LOSER,,0,WINNER,1,,0.00%,TOURNAMENT,WINNER,  - WINNER -  
  - LOSER -  , , ,  - VS -  ,DRAFTKINGS,0.00,0.00,,,,,,,,,0,0,0,0.00%,,,WINNER,,LOSER,,0,WINNER,1,,0.00%,TOURNAMENT,WINNER,  - WINNER -  
  - LOSER -  , , ,  - VS -  ,DRAFTKINGS,0.00,0.00,,,,,,,,,0,0,0,0.00%,,,WINNER,,LOSER,,0,WINNER,1,,0.00%,TOURNAMENT,WINNER,  - WINNER -  
  - LOSER -  , , ,  - VS -  ,DRAFTKINGS,0.00,0.00,,,,,,,,,0,0,0,0.00%,,,WINNER,,LOSER,,0,WINNER,1,,0.00%,TOURNAMENT,WINNER,  - WINNER -  
  - LOSER -  , , ,  - VS -  ,DRAFTKINGS,0.00,0.00,,,,,,,,,0,0,0,0.00%,,,WINNER,,LOSER,,0,WINNER,1,,0.00%,TOURNAMENT,WINNER,  - WINNER -  
  - LOSER -  , , ,  - VS -  ,DRAFTKINGS,0.00,0.00,,,,,,,,,0,0,0,0.00%,,,WINNER,,LOSER,,0,WINNER,1,,0.00%,TOURNAMENT,WINNER,  - WINNER -  
  - LOSER -  , , ,  - VS -  ,DRAFTKINGS,0.00,0.00,,,,,,,,,0,0,0,0.00%,,,WINNER,,LOSER,,0,WINNER,1,,0.00%,TOURNAMENT,WINNER,  - WINNER -  
  - LOSER -  , , ,  - VS -  ,DRAFTKINGS,0.00,0.00,,,,,,,,,0,0,0,0.00%,,,WINNER,,LOSER,,0,WINNER,1,,0.00%,TOURNAMENT,WINNER,  - WINNER -  
  - LOSER -  , , ,  - VS -  ,DRAFTKINGS,0.00,0.00,,,,,,,,,0,0,0,0.00%,,,WINNER,,LOSER,,0,WINNER,1,,0.00%,TOURNAMENT,WINNER,  - WINNER -  
  - LOSER -  , , ,  - VS -  ,DRAFTKINGS,0.00,0.00,,,,,,,,,0,0,0,0.00%,,,WINNER,,LOSER,,0,WINNER,1,,0.00%,TOURNAMENT,WINNER,  - WINNER -  
  - LOSER -  , , ,  - VS -  ,DRAFTKINGS,0.00,0.00,,,,,,,,,0,0,0,0.00%,,,WINNER,,LOSER,,0,WINNER,1,,0.00%,TOURNAMENT,WINNER,  - WINNER -  
  - LOSER -  , , ,  - VS -  ,DRAFTKINGS,0.00,0.00,,,,,,,,,0,0,0,0.00%,,,WINNER,,LOSER,,0,WINNER,1,,0.00%,TOURNAMENT,WINNER,  - WINNER -  
  - LOSER -  , , ,  - VS -  ,DRAFTKINGS,0.00,0.00,,,,,,,,,0,0,0,0.00%,,,WINNER,,LOSER,,0,WINNER,1,,0.00%,TOURNAMENT,WINNER,  - WINNER -  
  - LOSER -  , , ,  - VS -  ,DRAFTKINGS,0.00,0.00,,,,,,,,,0,0,0,0.00%,,,WINNER,,LOSER,,0,WINNER,1,,0.00%,TOURNAMENT,WINNER,  - WINNER -  
  - LOSER -  , , ,  - VS -  ,DRAFTKINGS,0.00,0.00,,,,,,,,,0,0,0,0.00%,,,WINNER,,LOSER,,0,WINNER,1,,0.00%,TOURNAMENT,WINNER,  - WINNER -  
  - LOSER -  , , ,  - VS -  ,DRAFTKINGS,0.00,0.00,,,,,,,,,0,0,0,0.00%,,,WINNER,,LOSER,,0,WINNER,1,,0.00%,TOURNAMENT,WINNER,  - WINNER -  
  - LOSER -  , , ,  - VS -  ,DRAFTKINGS,0.00,0.00,,,,,,,,,0,0,0,0.00%,,,WINNER,,LOSER,,0,WINNER,1,,0.00%,TOURNAMENT,WINNER,  - WINNER -  
  - LOSER -  , , ,  - VS -  ,DRAFTKINGS,0.00,0.00,,,,,,,,,0,0,0,0.00%,,,WINNER,,LOSER,,0,WINNER,1,,0.00%,TOURNAMENT,WINNER,  - WINNER -  
  - LOSER -  , , ,  - VS -  ,DRAFTKINGS,0.00,0.00,,,,,,,,,0,0,0,0.00%,,,WINNER,,LOSER,,0,WINNER,1,,0.00%,TOURNAMENT,WINNER,  - WINNER -  
  - LOSER -  , , ,  - VS -  ,DRAFTKINGS,0.00,0.00,,,,,,,,,0,0,0,0.00%,,,WINNER,,LOSER,,0,WINNER,1,,0.00%,TOURNAMENT,WINNER,  - WINNER -  
  - LOSER -  , , ,  - VS -  ,DRAFTKINGS,0.00,0.00,,,,,,,,,0,0,0,0.00%,,,WINNER,,LOSER,,0,WINNER,1,,0.00%,TOURNAMENT,WINNER,  - WINNER -  
  - LOSER -  , , ,  - VS -  ,DRAFTKINGS,0.00,0.00,,,,,,,,,0,0,0,0.00%,,,WINNER,,LOSER,,0,WINNER,1,,0.00%,TOURNAMENT,WINNER,  - WINNER -  
  - LOSER -  , , ,  - VS -  ,DRAFTKINGS,0.00,0.00,,,,,,,,,0,0,0,0.00%,,,WINNER,,LOSER,,0,WINNER,1,,0.00%,TOURNAMENT,WINNER,  - WINNER -  
  - LOSER -  , , ,  - VS -  ,DRAFTKINGS,0.00,0.00,,,,,,,,,0,0,0,0.00%,,,WINNER,,LOSER,,0,WINNER,1,,0.00%,TOURNAMENT,WINNER,  - WINNER -  
  - LOSER -  , , ,  - VS -  ,DRAFTKINGS,0.00,0.00,,,,,,,,,0,0,0,0.00%,,,WINNER,,LOSER,,0,WINNER,1,,0.00%,TOURNAMENT,WINNER,  - WINNER -  
  - LOSER -  , , ,  - VS -  ,DRAFTKINGS,0.00,0.00,,,,,,,,,0,0,0,0.00%,,,WINNER,,LOSER,,0,WINNER,1,,0.00%,TOURNAMENT,WINNER,  - WINNER -  
  - LOSER -  , , ,  - VS -  ,DRAFTKINGS,0.00,0.00,,,,,,,,,0,0,0,0.00%,,,WINNER,,LOSER,,0,WINNER,1,,0.00%,TOURNAMENT,WINNER,  - WINNER -  
  - LOSER -  , , ,  - VS -  ,DRAFTKINGS,0.00,0.00,,,,,,,,,0,0,0,0.00%,,,WINNER,,LOSER,,0,WINNER,1,,0.00%,TOURNAMENT,WINNER,  - WINNER -  
  - LOSER -  , , ,  - VS -  ,DRAFTKINGS,0.00,0.00,,,,,,,,,0,0,0,0.00%,,,WINNER,,LOSER,,0,WINNER,1,,0.00%,TOURNAMENT,WINNER,  - WINNER -  
  - LOSER -  , , ,  - VS -  ,DRAFTKINGS,0.00,0.00,,,,,,,,,0,0,0,0.00%,,,WINNER,,LOSER,,0,WINNER,1,,0.00%,TOURNAMENT,WINNER,  - WINNER -  
  - LOSER -  , , ,  - VS -  ,DRAFTKINGS,0.00,0.00,,,,,,,,,0,0,0,0.00%,,,WINNER,,LOSER,,0,WINNER,1,,0.00%,TOURNAMENT,WINNER,  - WINNER -  
  - LOSER -  , , ,  - VS -  ,DRAFTKINGS,0.00,0.00,,,,,,,,,0,0,0,0.00%,,,WINNER,,LOSER,,0,WINNER,1,,0.00%,TOURNAMENT,WINNER,  - WINNER -  
  - LOSER -  , , ,  - VS -  ,DRAFTKINGS,0.00,0.00,,,,,,,,,0,0,0,0.00%,,,WINNER,,LOSER,,0,WINNER,1,,0.00%,TOURNAMENT,WINNER,  - WINNER -  
  - LOSER -  , , ,  - VS -  ,DRAFTKINGS,0.00,0.00,,,,,,,,,0,0,0,0.00%,,,WINNER,,LOSER,,0,WINNER,1,,0.00%,TOURNAMENT,WINNER,  - WINNER -  
  - LOSER -  , , ,  - VS -  ,DRAFTKINGS,0.00,0.00,,,,,,,,,0,0,0,0.00%,,,WINNER,,LOSER,,0,WINNER,1,,0.00%,TOURNAMENT,WINNER,  - WINNER -  
  - LOSER -  , , ,  - VS -  ,DRAFTKINGS,0.00,0.00,,,,,,,,,0,0,0,0.00%,,,WINNER,,LOSER,,0,WINNER,1,,0.00%,TOURNAMENT,WINNER,  - WINNER -  
  - LOSER -  , , ,  - VS -  ,DRAFTKINGS,0.00,0.00,,,,,,,,,0,0,0,0.00%,,,WINNER,,LOSER,,0,WINNER,1,,0.00%,TOURNAMENT,WINNER,  - WINNER -  
  - LOSER -  , , ,  - VS -  ,DRAFTKINGS,0.00,0.00,,,,,,,,,0,0,0,0.00%,,,WINNER,,LOSER,,0,WINNER,1,,0.00%,TOURNAMENT,WINNER,  - WINNER -  
  - LOSER -  , , ,  - VS -  ,DRAFTKINGS,0.00,0.00,,,,,,,,,0,0,0,0.00%,,,WINNER,,LOSER,,0,WINNER,1,,0.00%,TOURNAMENT,WINNER,  - WINNER -  
  - LOSER -  , , ,  - VS -  ,DRAFTKINGS,0.00,0.00,,,,,,,,,0,0,0,0.00%,,,WINNER,,LOSER,,0,WINNER,1,,0.00%,TOURNAMENT,WINNER,  - WINNER -  
  - LOSER -  , , ,  - VS -  ,DRAFTKINGS,0.00,0.00,,,,,,,,,0,0,0,0.00%,,,WINNER,,LOSER,,0,WINNER,1,,0.00%,TOURNAMENT,WINNER,  - WINNER -  
  - LOSER -  , , ,  - VS -  ,DRAFTKINGS,0.00,0.00,,,,,,,,,0,0,0,0.00%,,,WINNER,,LOSER,,0,WINNER,1,,0.00%,TOURNAMENT,WINNER,  - WINNER -  
  - LOSER -  , , ,  - VS -  ,DRAFTKINGS,0.00,0.00,,,,,,,,,0,0,0,0.00%,,,WINNER,,LOSER,,0,WINNER,1,,0.00%,TOURNAMENT,WINNER,  - WINNER -  
  - LOSER -  , , ,  - VS -  ,DRAFTKINGS,0.00,0.00,,,,,,,,,0,0,0,0.00%,,,WINNER,,LOSER,,0,WINNER,1,,0.00%,TOURNAMENT,WINNER,  - WINNER -  
  - LOSER -  , , ,  - VS -  ,DRAFTKINGS,0.00,0.00,,,,,,,,,0,0,0,0.00%,,,WINNER,,LOSER,,0,WINNER,1,,0.00%,TOURNAMENT,WINNER,  - WINNER -  
  - LOSER -  , , ,  - VS -  ,DRAFTKINGS,0.00,0.00,,,,,,,,,0,0,0,0.00%,,,WINNER,,LOSER,,0,WINNER,1,,0.00%,TOURNAMENT,WINNER,  - WINNER -  
  - LOSER -  , , ,  - VS -  ,DRAFTKINGS,0.00,0.00,,,,,,,,,0,0,0,0.00%,,,WINNER,,LOSER,,0,WINNER,1,,0.00%,TOURNAMENT,WINNER,  - WINNER -  
  - LOSER -  , , ,  - VS -  ,DRAFTKINGS,0.00,0.00,,,,,,,,,0,0,0,0.00%,,,WINNER,,LOSER,,0,WINNER,1,,0.00%,TOURNAMENT,WINNER,  - WINNER -  
  - LOSER -  , , ,  - VS -  ,DRAFTKINGS,0.00,0.00,,,,,,,,,0,0,0,0.00%,,,WINNER,,LOSER,,0,WINNER,1,,0.00%,TOURNAMENT,WINNER,  - WINNER -  
  - LOSER -  , , ,  - VS -  ,DRAFTKINGS,0.00,0.00,,,,,,,,,0,0,0,0.00%,,,WINNER,,LOSER,,0,WINNER,1,,0.00%,TOURNAMENT,WINNER,  - WINNER -  
  - LOSER -  , , ,  - VS -  ,DRAFTKINGS,0.00,0.00,,,,,,,,,0,0,0,0.00%,,,WINNER,,LOSER,,0,WINNER,1,,0.00%,TOURNAMENT,WINNER,  - WINNER -  
  - LOSER -  , , ,  - VS -  ,DRAFTKINGS,0.00,0.00,,,,,,,,,0,0,0,0.00%,,,WINNER,,LOSER,,0,WINNER,1,,0.00%,TOURNAMENT,WINNER,  - WINNER -  
  - LOSER -  , , ,  - VS -  ,DRAFTKINGS,0.00,0.00,,,,,,,,,0,0,0,0.00%,,,WINNER,,LOSER,,0,WINNER,1,,0.00%,TOURNAMENT,WINNER,  - WINNER -  
  - LOSER -  , , ,  - VS -  ,DRAFTKINGS,0.00,0.00,,,,,,,,,0,0,0,0.00%,,,WINNER,,LOSER,,0,WINNER,1,,0.00%,TOURNAMENT,WINNER,  - WINNER -  
  - LOSER -  , , ,  - VS -  ,DRAFTKINGS,0.00,0.00,,,,,,,,,0,0,0,0.00%,,,WINNER,,LOSER,,0,WINNER,1,,0.00%,TOURNAMENT,WINNER,  - WINNER -  
  - LOSER -  , , ,  - VS -  ,DRAFTKINGS,0.00,0.00,,,,,,,,,0,0,0,0.00%,,,WINNER,,LOSER,,0,WINNER,1,,0.00%,TOURNAMENT,WINNER,  - WINNER -  
  - LOSER -  , , ,  - VS -  ,DRAFTKINGS,0.00,0.00,,,,,,,,,0,0,0,0.00%,,,WINNER,,LOSER,,0,WINNER,1,,0.00%,TOURNAMENT,WINNER,  - WINNER -  
,,,,,,,,,,,,,,,,0,0,0.00%,,,WINNER,,LOSER,,0,WINNER,1,,0.00%,,,
,,,,,,,,,,,,,,,,0,0,0.00%,,,WINNER,,LOSER,,0,WINNER,1,,0.00%,,,
Tyler Duncan - WINNER - Ben Silverman,Tyler Duncan,Ben Silverman,Ben Silverman - VS - Tyler Duncan,BETMGM,200.00,200.00,3,3,0.5,0.500000000,0.4900258217,0.5099741783,33.35,33.35,66.7,0.5,0.5,0.00%,-1.00%,1.00%,LOSER,0.00%,WINNER,,0,WINNER,0,0.00%,1.00%,TOURNAMENT,LOSER,Tyler Duncan - LOSER - Ben Silverman
Christiaan Bezuidenhout - LOSER - Erik Van Rooyen,Christiaan Bezuidenhout,Erik Van Rooyen,Erik Van Rooyen - VS - Christiaan Bezuidenhout,BETMGM,150.00,240.00,2.5,3.4,0.4594594595,0.540540541,0.4643728144,0.5356271856,34.14833333,41.08166667,75.23,0.4539190926,0.5460809074,0.00%,0.49%,-0.49%,LOSER,-0.55%,LOSER,,-0.09216181488,WINNER,0,-0.55%,-0.49%,TOURNAMENT,LOSER,Christiaan Bezuidenhout - LOSER - Erik Van Rooyen
Chris Kirk - LOSER - Billy Horschel,Chris Kirk,Billy Horschel,Billy Horschel - VS - Chris Kirk,BETMGM,130.00,140.00,2.3,2.4,0.4921135647,0.507886435,0.4989476318,0.5010523682,41.305,42.29833333,83.60333333,0.494059248,0.505940752,0.00%,0.68%,-0.68%,LOSER,0.19%,LOSER,,-0.01188150393,WINNER,0,0.19%,-0.68%,TOURNAMENT,WINNER,Chris Kirk - WINNER - Billy Horschel
Max Homa - WINNER - Nick Taylor,Max Homa,Nick Taylor,Nick Taylor - VS - Max Homa,BETMGM,200.00,210.00,3,3.1,0.496,0.504000000,0.4938609954,0.5061390046,41.82166667,42.85333333,84.675,0.4939080799,0.5060919201,0.00%,-0.21%,0.21%,LOSER,-0.21%,WINNER,,-0.01218384017,WINNER,0,-0.21%,0.21%,TOURNAMENT,LOSER,Max Homa - LOSER - Nick Taylor
Eric Cole - WINNER - Tony Finau,Eric Cole,Tony Finau,Tony Finau - VS - Eric Cole,BETMGM,138.00,210.00,2.38,3.1,0.4611901682,0.538809832,0.4530535598,0.5469464402,38.155,43.53333333,81.68833333,0.4670801624,0.5329198376,0.00%,-0.81%,0.81%,LOSER,0.59%,WINNER,,-0.06583967519,WINNER,0,0.59%,0.81%,TOURNAMENT,WINNER,Eric Cole - WINNER - Tony Finau
Kevin Streelman - WINNER - Lucas Glover,Kevin Streelman,Lucas Glover,Lucas Glover - VS - Kevin Streelman,BETMGM,170.00,138.00,2.7,2.38,0.5205867216,0.479413278,0.5059456117,0.4940543883,36.30166667,33.49,69.79166667,0.5201432836,0.4798567164,0.00%,-1.46%,1.46%,WINNER,-0.04%,WINNER,,0.04028656716,LOSER,0,-0.04%,1.46%,TOURNAMENT,LOSER,Kevin Streelman - LOSER - Lucas Glover
Lee Hodges - LOSER - Ben Kohles,Lee Hodges,Ben Kohles,Ben Kohles - VS - Lee Hodges,BETMGM,160.00,130.00,2.6,2.3,0.5212464589,0.478753541,0.5222786615,0.4777213385,42.53166667,39.33666667,81.86833333,0.5195130392,0.4804869608,0.00%,0.10%,-0.10%,WINNER,-0.17%,LOSER,,0.03902607846,LOSER,0,-0.17%,-0.10%,TOURNAMENT,LOSER,Lee Hodges - LOSER - Ben Kohles
Takumi Kanaya - LOSER - Emiliano Grillo,Takumi Kanaya,Emiliano Grillo,Emiliano Grillo - VS - Takumi Kanaya,BETMGM,220.00,170.00,3.2,2.7,0.5219683656,0.478031634,0.5337945217,0.4662054783,40.33166667,35.14,75.47166667,0.534394806,0.465605194,0.00%,1.18%,-1.18%,WINNER,1.24%,LOSER,,0.068789612,LOSER,0,1.24%,-1.18%,TOURNAMENT,WINNER,Takumi Kanaya - WINNER - Emiliano Grillo
Adam Svensson - LOSER - Brice Garnett,Adam Svensson,Brice Garnett,Brice Garnett - VS - Adam Svensson,BETMGM,0.00,0.00,,,,,0.4851076095,0.5148923905,31.62833333,32.4,64.02833333,0.4939740219,0.5060259781,0.00%,,,WINNER,,LOSER,,-0.01205195617,WINNER,1,,0.00%,TOURNAMENT,WINNER,Adam Svensson - WINNER - Brice Garnett
Justin Lower - LOSER - Beau Hossler,Justin Lower,Beau Hossler,Beau Hossler - VS - Justin Lower,BETMGM,0.00,0.00,,,,,0.5396638655,0.4603361345,43.22333333,35.285,78.50833333,0.5505572657,0.4494427343,0.00%,,,WINNER,,LOSER,,0.1011145314,LOSER,0,,0.00%,TOURNAMENT,WINNER,Justin Lower - WINNER - Beau Hossler
Marco Penge - LOSER - David Lingmerth,Marco Penge,David Lingmerth,David Lingmerth - VS - Marco Penge,BETMGM,0.00,0.00,,,,,0.4155376799,0.5844623201,25.75333333,44.98333333,70.73666667,0.3640733236,0.6359266764,0.00%,,,WINNER,,LOSER,,-0.2718533528,WINNER,1,,0.00%,TOURNAMENT,WINNER,Marco Penge - WINNER - David Lingmerth
A.J. Ewart - LOSER - Kristoffer Ventura,A.J. Ewart,Kristoffer Ventura,Kristoffer Ventura - VS - A.J. Ewart,BETMGM,0.00,0.00,,,,,0.5070555033,0.4929444967,34.95666667,34.95666667,69.91333333,0.5,0.5,0.00%,,,WINNER,,LOSER,,0,WINNER,1,,0.00%,TOURNAMENT,WINNER,A.J. Ewart - WINNER - Kristoffer Ventura
Tyson Shelley - LOSER - Davis Chatfield,Tyson Shelley,Davis Chatfield,Davis Chatfield - VS - Tyson Shelley,BETMGM,0.00,0.00,,,,,0.555868692,0.444131308,35.55833333,35.55833333,71.11666667,0.5,0.5,0.00%,,,WINNER,,LOSER,,0,WINNER,1,,0.00%,TOURNAMENT,WINNER,Tyson Shelley - WINNER - Davis Chatfield
Hayden Springer - LOSER - Marcelo Rozo,Hayden Springer,Marcelo Rozo,Marcelo Rozo - VS - Hayden Springer,BETMGM,0.00,0.00,,,,,0.4095948827,0.5904051173,28.805,37.68166667,66.48666667,0.4332447609,0.5667552391,0.00%,,,WINNER,,LOSER,,-0.1335104783,WINNER,1,,0.00%,TOURNAMENT,WINNER,Hayden Springer - WINNER - Marcelo Rozo
Chandler Blanchet - LOSER - Christo Lamprecht,Chandler Blanchet,Christo Lamprecht,Christo Lamprecht - VS - Chandler Blanchet,BETMGM,0.00,0.00,,,,,0.4390243902,0.5609756098,29.31,34.205,63.515,0.4614657955,0.5385342045,0.00%,,,WINNER,,LOSER,,-0.07706840904,WINNER,1,,0.00%,TOURNAMENT,WINNER,Chandler Blanchet - WINNER - Christo Lamprecht
Zach J. Johnson - LOSER - Zecheng Dou,Zach J. Johnson,Zecheng Dou,Zecheng Dou - VS - Zach J. Johnson,BETMGM,0.00,0.00,,,,,0.6285714286,0.3714285714,39.76333333,28.20833333,67.97166667,0.5849986514,0.4150013486,0.00%,,,WINNER,,LOSER,,0.1699973028,LOSER,0,,0.00%,TOURNAMENT,WINNER,Zach J. Johnson - WINNER - Zecheng Dou
Dylan Wu - LOSER - Patton Kizzire,Dylan Wu,Patton Kizzire,Patton Kizzire - VS - Dylan Wu,BETMGM,0.00,0.00,,,,,0.4938296997,0.5061703003,30.06333333,31.53,61.59333333,0.4880939496,0.5119060504,0.00%,,,WINNER,,LOSER,,-0.02381210088,WINNER,1,,0.00%,TOURNAMENT,WINNER,Dylan Wu - WINNER - Patton Kizzire
Doug Ghim - LOSER - Peter Malnati,Doug Ghim,Peter Malnati,Peter Malnati - VS - Doug Ghim,BETMGM,0.00,0.00,,,,,0.4496476676,0.5503523324,30.115,45.57333333,75.68833333,0.3978816638,0.6021183362,0.00%,,,WINNER,,LOSER,,-0.2042366723,WINNER,1,,0.00%,TOURNAMENT,WINNER,Doug Ghim - WINNER - Peter Malnati
Patrick Rodgers - LOSER - Rafael Campos,Patrick Rodgers,Rafael Campos,Rafael Campos - VS - Patrick Rodgers,BETMGM,150.00,280.00,2.5,3.8,0.4488188976,0.551181102,0.4570629435,0.5429370565,23.96333333,36.56666667,60.53,0.3958918443,0.6041081557,0.00%,0.82%,-0.82%,LOSER,-5.29%,LOSER,,-0.2082163115,WINNER,0,-5.29%,-0.82%,TOURNAMENT,LOSER,Patrick Rodgers - LOSER - Rafael Campos
Mac Meissner - LOSER - Tom Hoge,Mac Meissner,Tom Hoge,Tom Hoge - VS - Mac Meissner,BETMGM,130.00,230.00,2.3,3.3,0.4478079332,0.552192067,0.4544147902,0.5455852098,35.16,41.38333333,76.54333333,0.4593476462,0.5406523538,0.00%,0.66%,-0.66%,LOSER,1.15%,LOSER,,-0.08130470757,WINNER,0,1.15%,-0.66%,TOURNAMENT,WINNER,Mac Meissner - WINNER - Tom Hoge
Rasmus Hojgaard - LOSER - Max Greyserman,Rasmus Hojgaard,Max Greyserman,Max Greyserman - VS - Rasmus Hojgaard,BETMGM,185.00,180.00,2.85,2.8,0.5024248303,0.497575170,0.5037861189,0.4962138811,40.47666667,41.64166667,82.11833333,0.4929065779,0.5070934221,0.00%,0.14%,-0.14%,WINNER,-0.95%,LOSER,0.95%,-0.01418684419,WINNER,1,-0.95%,-0.14%,TOURNAMENT,LOSER,Rasmus Hojgaard - LOSER - Max Greyserman
David Lipsky - LOSER - David Skinns,David Lipsky,David Skinns,David Skinns - VS - David Lipsky,BETMGM,0.00,0.00,,,,,0.4921824662,0.5078175338,31.88333333,31.82,63.70333333,0.5004970959,0.4995029041,0.00%,,,WINNER,,LOSER,,0.0009941918267,LOSER,0,,0.00%,TOURNAMENT,WINNER,David Lipsky - WINNER - David Skinns
Ben James - LOSER - Michael Brennan,Ben James,Michael Brennan,Michael Brennan - VS - Ben James,BETMGM,188.00,188.00,2.88,2.88,0.5,0.500000000,0.5011297812,0.4988702188,44.11,44.11,88.22,0.5,0.5,0.00%,0.11%,-0.11%,LOSER,0.00%,LOSER,,0,WINNER,0,0.00%,-0.11%,TOURNAMENT,LOSER,Ben James - LOSER - Michael Brennan
Aaron Wise - LOSER - Kevin Yu,Aaron Wise,Kevin Yu,Kevin Yu - VS - Aaron Wise,BETMGM,250.00,100.00,3.5,2,0.5882352941,0.411764706,0.5989847716,0.4010152284,42.54166667,30.795,73.33666667,0.5800872688,0.4199127312,0.00%,1.07%,-1.07%,WINNER,-0.81%,LOSER,,0.1601745375,LOSER,0,-0.81%,-1.07%,TOURNAMENT,LOSER,Aaron Wise - LOSER - Kevin Yu
Matt McCarty - LOSER - Harry Hall,Matt McCarty,Harry Hall,Harry Hall - VS - Matt McCarty,BETMGM,180.00,165.00,2.8,2.65,0.5079872204,0.492012780,0.5084491652,0.4915508348,41.46333333,0,41.46333333,1,0,0.00%,0.05%,-0.05%,WINNER,,LOSER,,1,LOSER,0,49.20%,-0.05%,TOURNAMENT,WINNER,Matt McCarty - WINNER - Harry Hall
Davis Riley - LOSER - Stephan Jaeger,Davis Riley,Stephan Jaeger,Stephan Jaeger - VS - Davis Riley,BETMGM,280.00,160.00,3.8,2.6,0.5449101796,0.455089820,0.5528525448,0.4471474552,40.02833333,30.30333333,70.33166667,0.5691367094,0.4308632906,0.00%,0.79%,-0.79%,WINNER,2.42%,LOSER,,0.1382734188,LOSER,0,2.42%,-0.79%,TOURNAMENT,WINNER,Davis Riley - WINNER - Stephan Jaeger
Max McGreevy - LOSER - Zac Blair,Max McGreevy,Zac Blair,Zac Blair - VS - Max McGreevy,BETMGM,145.00,150.00,2.45,2.5,0.4965753425,0.503424658,0.4961735715,0.5038264285,35.95833333,35.68666667,71.645,0.501895922,0.498104078,0.00%,-0.04%,0.04%,LOSER,0.53%,LOSER,0.53%,0.003791844046,LOSER,1,0.53%,0.04%,TOURNAMENT,WINNER,Max McGreevy - WINNER - Zac Blair
Joe Highsmith - LOSER - Steven Fisk,Joe Highsmith,Steven Fisk,Steven Fisk - VS - Joe Highsmith,BETMGM,240.00,150.00,3.4,2.5,0.5405405405,0.459459459,0.562384921,0.437615079,37.37166667,30.33,67.70166667,0.5520051205,0.4479948795,0.00%,2.18%,-2.18%,WINNER,1.15%,LOSER,,0.104010241,LOSER,0,1.15%,-2.18%,TOURNAMENT,WINNER,Joe Highsmith - WINNER - Steven Fisk
Andrew Putnam - LOSER - Joel Dahmen,Andrew Putnam,Joel Dahmen,Joel Dahmen - VS - Andrew Putnam,BETMGM,200.00,180.00,3,2.8,0.5090909091,0.490909091,0.5257075371,0.4742924629,34.33166667,34.53833333,68.87,0.4984995886,0.5015004114,0.00%,1.66%,-1.66%,WINNER,-1.06%,LOSER,1.06%,-0.003000822806,WINNER,1,-1.06%,-1.66%,TOURNAMENT,LOSER,Andrew Putnam - LOSER - Joel Dahmen
Matt Wallace - LOSER - Seamus Power,Matt Wallace,Seamus Power,Seamus Power - VS - Matt Wallace,BETMGM,130.00,230.00,2.3,3.3,0.4478079332,0.552192067,0.451378297,0.548621703,37.32,43.17,80.49,0.463660082,0.536339918,0.00%,0.36%,-0.36%,LOSER,1.59%,LOSER,,-0.072679836,WINNER,0,1.59%,-0.36%,TOURNAMENT,WINNER,Matt Wallace - WINNER - Seamus Power
Patrick Fishburn - LOSER - Kensei Hirata,Patrick Fishburn,Kensei Hirata,Kensei Hirata - VS - Patrick Fishburn,BETMGM,0.00,0.00,,,,,0.4266503667,0.5733496333,25.44,35.695,61.135,0.4161282408,0.5838717592,0.00%,,,WINNER,,LOSER,,-0.1677435184,WINNER,1,,0.00%,TOURNAMENT,WINNER,Patrick Fishburn - WINNER - Kensei Hirata
Haotong Li - LOSER - Michael Thompson,Haotong Li,Michael Thompson,Michael Thompson - VS - Haotong Li,BETMGM,0.00,0.00,,,,,0.4216738197,0.5783261803,27.39833333,27.39833333,54.79666667,0.5,0.5,0.00%,,,WINNER,,LOSER,,0,WINNER,1,,0.00%,TOURNAMENT,WINNER,Haotong Li - WINNER - Michael Thompson
Adrien Dumont De Chassart - LOSER - Paul Peterson,Adrien Dumont De Chassart,Paul Peterson,Paul Peterson - VS - Adrien Dumont De Chassart,BETMGM,0.00,0.00,,,,,0.4842767296,0.5157232704,31.175,34.34,65.515,0.4758452263,0.5241547737,0.00%,,,WINNER,,LOSER,,-0.04830954743,WINNER,1,,0.00%,TOURNAMENT,WINNER,Adrien Dumont De Chassart - WINNER - Paul Peterson
David Ford - LOSER - Jimmy Stanger,David Ford,Jimmy Stanger,Jimmy Stanger - VS - David Ford,BETMGM,0.00,0.00,,,,,0.4296572876,0.5703427124,29.33,36.44333333,65.77333333,0.4459254004,0.5540745996,0.00%,,,WINNER,,LOSER,,-0.1081491993,WINNER,1,,0.00%,TOURNAMENT,WINNER,David Ford - WINNER - Jimmy Stanger
Pontus Nyholm - LOSER - John VanDerLaan,Pontus Nyholm,John VanDerLaan,John VanDerLaan - VS - Pontus Nyholm,BETMGM,0.00,0.00,,,,,0.5246062992,0.4753937008,33.92166667,32.805,66.72666667,0.5083674693,0.4916325307,0.00%,,,WINNER,,LOSER,,0.01673493856,LOSER,0,,0.00%,TOURNAMENT,WINNER,Pontus Nyholm - WINNER - John VanDerLaan
Jesper Svensson - LOSER - Alejandro Tosti,Jesper Svensson,Alejandro Tosti,Alejandro Tosti - VS - Jesper Svensson,BETMGM,0.00,0.00,,,,,0.4482758621,0.5517241379,29.63333333,35.69833333,65.33166667,0.4535829996,0.5464170004,0.00%,,,WINNER,,LOSER,,-0.09283400087,WINNER,1,,0.00%,TOURNAMENT,WINNER,Jesper Svensson - WINNER - Alejandro Tosti
Hank Lebioda - WINNER - Harry Higgs,Hank Lebioda,Harry Higgs,Harry Higgs - VS - Hank Lebioda,BETMGM,220.00,180.00,3.2,2.8,0.5167785235,0.483221477,0.5020980977,0.4979019023,31.485,31.485,62.97,0.5,0.5,0.00%,-1.47%,1.47%,WINNER,-1.68%,WINNER,1.68%,0,WINNER,1,-1.68%,1.47%,TOURNAMENT,LOSER,Hank Lebioda - LOSER - Harry Higgs
  - LOSER -  , , ,  - VS -  ,BETMGM,0.00,0.00,,,,,,,,,0,0,0,0.00%,,,WINNER,,LOSER,,0,WINNER,1,,0.00%,TOURNAMENT,WINNER,  - WINNER -  
  - LOSER -  , , ,  - VS -  ,BETMGM,0.00,0.00,,,,,,,,,0,0,0,0.00%,,,WINNER,,LOSER,,0,WINNER,1,,0.00%,TOURNAMENT,WINNER,  - WINNER -  
  - LOSER -  , , ,  - VS -  ,BETMGM,0.00,0.00,,,,,,,,,0,0,0,0.00%,,,WINNER,,LOSER,,0,WINNER,1,,0.00%,TOURNAMENT,WINNER,  - WINNER -  
  - LOSER -  , , ,  - VS -  ,BETMGM,0.00,0.00,,,,,,,,,0,0,0,0.00%,,,WINNER,,LOSER,,0,WINNER,1,,0.00%,TOURNAMENT,WINNER,  - WINNER -  
  - LOSER -  , , ,  - VS -  ,BETMGM,0.00,0.00,,,,,,,,,0,0,0,0.00%,,,WINNER,,LOSER,,0,WINNER,1,,0.00%,TOURNAMENT,WINNER,  - WINNER -  
  - LOSER -  , , ,  - VS -  ,BETMGM,0.00,0.00,,,,,,,,,0,0,0,0.00%,,,WINNER,,LOSER,,0,WINNER,1,,0.00%,TOURNAMENT,WINNER,  - WINNER -  
  - LOSER -  , , ,  - VS -  ,BETMGM,0.00,0.00,,,,,,,,,0,0,0,0.00%,,,WINNER,,LOSER,,0,WINNER,1,,0.00%,TOURNAMENT,WINNER,  - WINNER -  
  - LOSER -  , , ,  - VS -  ,BETMGM,0.00,0.00,,,,,,,,,0,0,0,0.00%,,,WINNER,,LOSER,,0,WINNER,1,,0.00%,TOURNAMENT,WINNER,  - WINNER -  
  - LOSER -  , , ,  - VS -  ,BETMGM,0.00,0.00,,,,,,,,,0,0,0,0.00%,,,WINNER,,LOSER,,0,WINNER,1,,0.00%,TOURNAMENT,WINNER,  - WINNER -  
  - LOSER -  , , ,  - VS -  ,BETMGM,0.00,0.00,,,,,,,,,0,0,0,0.00%,,,WINNER,,LOSER,,0,WINNER,1,,0.00%,TOURNAMENT,WINNER,  - WINNER -  
  - LOSER -  , , ,  - VS -  ,BETMGM,0.00,0.00,,,,,,,,,0,0,0,0.00%,,,WINNER,,LOSER,,0,WINNER,1,,0.00%,TOURNAMENT,WINNER,  - WINNER -  
  - LOSER -  , , ,  - VS -  ,BETMGM,0.00,0.00,,,,,,,,,0,0,0,0.00%,,,WINNER,,LOSER,,0,WINNER,1,,0.00%,TOURNAMENT,WINNER,  - WINNER -  
  - LOSER -  , , ,  - VS -  ,BETMGM,0.00,0.00,,,,,,,,,0,0,0,0.00%,,,WINNER,,LOSER,,0,WINNER,1,,0.00%,TOURNAMENT,WINNER,  - WINNER -  
  - LOSER -  , , ,  - VS -  ,BETMGM,0.00,0.00,,,,,,,,,0,0,0,0.00%,,,WINNER,,LOSER,,0,WINNER,1,,0.00%,TOURNAMENT,WINNER,  - WINNER -  
  - LOSER -  , , ,  - VS -  ,BETMGM,0.00,0.00,,,,,,,,,0,0,0,0.00%,,,WINNER,,LOSER,,0,WINNER,1,,0.00%,TOURNAMENT,WINNER,  - WINNER -  
  - LOSER -  , , ,  - VS -  ,BETMGM,0.00,0.00,,,,,,,,,0,0,0,0.00%,,,WINNER,,LOSER,,0,WINNER,1,,0.00%,TOURNAMENT,WINNER,  - WINNER -  
  - LOSER -  , , ,  - VS -  ,BETMGM,0.00,0.00,,,,,,,,,0,0,0,0.00%,,,WINNER,,LOSER,,0,WINNER,1,,0.00%,TOURNAMENT,WINNER,  - WINNER -  
  - LOSER -  , , ,  - VS -  ,BETMGM,0.00,0.00,,,,,,,,,0,0,0,0.00%,,,WINNER,,LOSER,,0,WINNER,1,,0.00%,TOURNAMENT,WINNER,  - WINNER -  
  - LOSER -  , , ,  - VS -  ,BETMGM,0.00,0.00,,,,,,,,,0,0,0,0.00%,,,WINNER,,LOSER,,0,WINNER,1,,0.00%,TOURNAMENT,WINNER,  - WINNER -  
  - LOSER -  , , ,  - VS -  ,BETMGM,0.00,0.00,,,,,,,,,0,0,0,0.00%,,,WINNER,,LOSER,,0,WINNER,1,,0.00%,TOURNAMENT,WINNER,  - WINNER -  
  - LOSER -  , , ,  - VS -  ,BETMGM,0.00,0.00,,,,,,,,,0,0,0,0.00%,,,WINNER,,LOSER,,0,WINNER,1,,0.00%,TOURNAMENT,WINNER,  - WINNER -  
  - LOSER -  , , ,  - VS -  ,BETMGM,0.00,0.00,,,,,,,,,0,0,0,0.00%,,,WINNER,,LOSER,,0,WINNER,1,,0.00%,TOURNAMENT,WINNER,  - WINNER -  
  - LOSER -  , , ,  - VS -  ,BETMGM,0.00,0.00,,,,,,,,,0,0,0,0.00%,,,WINNER,,LOSER,,0,WINNER,1,,0.00%,TOURNAMENT,WINNER,  - WINNER -  
  - LOSER -  , , ,  - VS -  ,BETMGM,0.00,0.00,,,,,,,,,0,0,0,0.00%,,,WINNER,,LOSER,,0,WINNER,1,,0.00%,TOURNAMENT,WINNER,  - WINNER -  
  - LOSER -  , , ,  - VS -  ,BETMGM,0.00,0.00,,,,,,,,,0,0,0,0.00%,,,WINNER,,LOSER,,0,WINNER,1,,0.00%,TOURNAMENT,WINNER,  - WINNER -  
  - LOSER -  , , ,  - VS -  ,BETMGM,0.00,0.00,,,,,,,,,0,0,0,0.00%,,,WINNER,,LOSER,,0,WINNER,1,,0.00%,TOURNAMENT,WINNER,  - WINNER -  
  - LOSER -  , , ,  - VS -  ,BETMGM,0.00,0.00,,,,,,,,,0,0,0,0.00%,,,WINNER,,LOSER,,0,WINNER,1,,0.00%,TOURNAMENT,WINNER,  - WINNER -  
  - LOSER -  , , ,  - VS -  ,BETMGM,0.00,0.00,,,,,,,,,0,0,0,0.00%,,,WINNER,,LOSER,,0,WINNER,1,,0.00%,TOURNAMENT,WINNER,  - WINNER -  
  - LOSER -  , , ,  - VS -  ,BETMGM,0.00,0.00,,,,,,,,,0,0,0,0.00%,,,WINNER,,LOSER,,0,WINNER,1,,0.00%,TOURNAMENT,WINNER,  - WINNER -  
  - LOSER -  , , ,  - VS -  ,BETMGM,0.00,0.00,,,,,,,,,0,0,0,0.00%,,,WINNER,,LOSER,,0,WINNER,1,,0.00%,TOURNAMENT,WINNER,  - WINNER -  
  - LOSER -  , , ,  - VS -  ,BETMGM,0.00,0.00,,,,,,,,,0,0,0,0.00%,,,WINNER,,LOSER,,0,WINNER,1,,0.00%,TOURNAMENT,WINNER,  - WINNER -  
  - LOSER -  , , ,  - VS -  ,BETMGM,0.00,0.00,,,,,,,,,0,0,0,0.00%,,,WINNER,,LOSER,,0,WINNER,1,,0.00%,TOURNAMENT,WINNER,  - WINNER -  
  - LOSER -  , , ,  - VS -  ,BETMGM,0.00,0.00,,,,,,,,,0,0,0,0.00%,,,WINNER,,LOSER,,0,WINNER,1,,0.00%,TOURNAMENT,WINNER,  - WINNER -  
  - LOSER -  , , ,  - VS -  ,BETMGM,0.00,0.00,,,,,,,,,0,0,0,0.00%,,,WINNER,,LOSER,,0,WINNER,1,,0.00%,TOURNAMENT,WINNER,  - WINNER -  
  - LOSER -  , , ,  - VS -  ,BETMGM,0.00,0.00,,,,,,,,,0,0,0,0.00%,,,WINNER,,LOSER,,0,WINNER,1,,0.00%,TOURNAMENT,WINNER,  - WINNER -  
  - LOSER -  , , ,  - VS -  ,BETMGM,0.00,0.00,,,,,,,,,0,0,0,0.00%,,,WINNER,,LOSER,,0,WINNER,1,,0.00%,TOURNAMENT,WINNER,  - WINNER -  
  - LOSER -  , , ,  - VS -  ,BETMGM,0.00,0.00,,,,,,,,,0,0,0,0.00%,,,WINNER,,LOSER,,0,WINNER,1,,0.00%,TOURNAMENT,WINNER,  - WINNER -  
  - LOSER -  , , ,  - VS -  ,BETMGM,0.00,0.00,,,,,,,,,0,0,0,0.00%,,,WINNER,,LOSER,,0,WINNER,1,,0.00%,TOURNAMENT,WINNER,  - WINNER -  
  - LOSER -  , , ,  - VS -  ,BETMGM,0.00,0.00,,,,,,,,,0,0,0,0.00%,,,WINNER,,LOSER,,0,WINNER,1,,0.00%,TOURNAMENT,WINNER,  - WINNER -  
  - LOSER -  , , ,  - VS -  ,BETMGM,0.00,0.00,,,,,,,,,0,0,0,0.00%,,,WINNER,,LOSER,,0,WINNER,1,,0.00%,TOURNAMENT,WINNER,  - WINNER -  
  - LOSER -  , , ,  - VS -  ,BETMGM,0.00,0.00,,,,,,,,,0,0,0,0.00%,,,WINNER,,LOSER,,0,WINNER,1,,0.00%,TOURNAMENT,WINNER,  - WINNER -  
  - LOSER -  , , ,  - VS -  ,BETMGM,0.00,0.00,,,,,,,,,0,0,0,0.00%,,,WINNER,,LOSER,,0,WINNER,1,,0.00%,TOURNAMENT,WINNER,  - WINNER -  
  - LOSER -  , , ,  - VS -  ,BETMGM,0.00,0.00,,,,,,,,,0,0,0,0.00%,,,WINNER,,LOSER,,0,WINNER,1,,0.00%,TOURNAMENT,WINNER,  - WINNER -  
  - LOSER -  , , ,  - VS -  ,BETMGM,0.00,0.00,,,,,,,,,0,0,0,0.00%,,,WINNER,,LOSER,,0,WINNER,1,,0.00%,TOURNAMENT,WINNER,  - WINNER -  
  - LOSER -  , , ,  - VS -  ,BETMGM,0.00,0.00,,,,,,,,,0,0,0,0.00%,,,WINNER,,LOSER,,0,WINNER,1,,0.00%,TOURNAMENT,WINNER,  - WINNER -  
  - LOSER -  , , ,  - VS -  ,BETMGM,0.00,0.00,,,,,,,,,0,0,0,0.00%,,,WINNER,,LOSER,,0,WINNER,1,,0.00%,TOURNAMENT,WINNER,  - WINNER -  
  - LOSER -  , , ,  - VS -  ,BETMGM,0.00,0.00,,,,,,,,,0,0,0,0.00%,,,WINNER,,LOSER,,0,WINNER,1,,0.00%,TOURNAMENT,WINNER,  - WINNER -  
  - LOSER -  , , ,  - VS -  ,BETMGM,0.00,0.00,,,,,,,,,0,0,0,0.00%,,,WINNER,,LOSER,,0,WINNER,1,,0.00%,TOURNAMENT,WINNER,  - WINNER -  
  - LOSER -  , , ,  - VS -  ,BETMGM,0.00,0.00,,,,,,,,,0,0,0,0.00%,,,WINNER,,LOSER,,0,WINNER,1,,0.00%,TOURNAMENT,WINNER,  - WINNER -  
  - LOSER -  , , ,  - VS -  ,BETMGM,0.00,0.00,,,,,,,,,0,0,0,0.00%,,,WINNER,,LOSER,,0,WINNER,1,,0.00%,TOURNAMENT,WINNER,  - WINNER -  
  - LOSER -  , , ,  - VS -  ,BETMGM,0.00,0.00,,,,,,,,,0,0,0,0.00%,,,WINNER,,LOSER,,0,WINNER,1,,0.00%,TOURNAMENT,WINNER,  - WINNER -  
  - LOSER -  , , ,  - VS -  ,BETMGM,0.00,0.00,,,,,,,,,0,0,0,0.00%,,,WINNER,,LOSER,,0,WINNER,1,,0.00%,TOURNAMENT,WINNER,  - WINNER -  
  - LOSER -  , , ,  - VS -  ,BETMGM,0.00,0.00,,,,,,,,,0,0,0,0.00%,,,WINNER,,LOSER,,0,WINNER,1,,0.00%,TOURNAMENT,WINNER,  - WINNER -  
  - LOSER -  , , ,  - VS -  ,BETMGM,0.00,0.00,,,,,,,,,0,0,0,0.00%,,,WINNER,,LOSER,,0,WINNER,1,,0.00%,TOURNAMENT,WINNER,  - WINNER -  
  - LOSER -  , , ,  - VS -  ,BETMGM,0.00,0.00,,,,,,,,,0,0,0,0.00%,,,WINNER,,LOSER,,0,WINNER,1,,0.00%,TOURNAMENT,WINNER,  - WINNER -  
  - LOSER -  , , ,  - VS -  ,BETMGM,0.00,0.00,,,,,,,,,0,0,0,0.00%,,,WINNER,,LOSER,,0,WINNER,1,,0.00%,TOURNAMENT,WINNER,  - WINNER -  
  - LOSER -  , , ,  - VS -  ,BETMGM,0.00,0.00,,,,,,,,,0,0,0,0.00%,,,WINNER,,LOSER,,0,WINNER,1,,0.00%,TOURNAMENT,WINNER,  - WINNER -  
  - LOSER -  , , ,  - VS -  ,BETMGM,0.00,0.00,,,,,,,,,0,0,0,0.00%,,,WINNER,,LOSER,,0,WINNER,1,,0.00%,TOURNAMENT,WINNER,  - WINNER -  
  - LOSER -  , , ,  - VS -  ,BETMGM,0.00,0.00,,,,,,,,,0,0,0,0.00%,,,WINNER,,LOSER,,0,WINNER,1,,0.00%,TOURNAMENT,WINNER,  - WINNER -  
  - LOSER -  , , ,  - VS -  ,BETMGM,0.00,0.00,,,,,,,,,0,0,0,0.00%,,,WINNER,,LOSER,,0,WINNER,1,,0.00%,TOURNAMENT,WINNER,  - WINNER -  
  - LOSER -  , , ,  - VS -  ,BETMGM,0.00,0.00,,,,,,,,,0,0,0,0.00%,,,WINNER,,LOSER,,0,WINNER,1,,0.00%,TOURNAMENT,WINNER,  - WINNER -  
  - LOSER -  , , ,  - VS -  ,BETMGM,0.00,0.00,,,,,,,,,0,0,0,0.00%,,,WINNER,,LOSER,,0,WINNER,1,,0.00%,TOURNAMENT,WINNER,  - WINNER -  
  - LOSER -  , , ,  - VS -  ,BETMGM,0.00,0.00,,,,,,,,,0,0,0,0.00%,,,WINNER,,LOSER,,0,WINNER,1,,0.00%,TOURNAMENT,WINNER,  - WINNER -  
  - LOSER -  , , ,  - VS -  ,BETMGM,0.00,0.00,,,,,,,,,0,0,0,0.00%,,,WINNER,,LOSER,,0,WINNER,1,,0.00%,TOURNAMENT,WINNER,  - WINNER -  
  - LOSER -  , , ,  - VS -  ,BETMGM,0.00,0.00,,,,,,,,,0,0,0,0.00%,,,WINNER,,LOSER,,0,WINNER,1,,0.00%,TOURNAMENT,WINNER,  - WINNER -  
  - LOSER -  , , ,  - VS -  ,BETMGM,0.00,0.00,,,,,,,,,0,0,0,0.00%,,,WINNER,,LOSER,,0,WINNER,1,,0.00%,TOURNAMENT,WINNER,  - WINNER -  
  - LOSER -  , , ,  - VS -  ,BETMGM,0.00,0.00,,,,,,,,,0,0,0,0.00%,,,WINNER,,LOSER,,0,WINNER,1,,0.00%,TOURNAMENT,WINNER,  - WINNER -  
  - LOSER -  , , ,  - VS -  ,BETMGM,0.00,0.00,,,,,,,,,0,0,0,0.00%,,,WINNER,,LOSER,,0,WINNER,1,,0.00%,TOURNAMENT,WINNER,  - WINNER -  
  - LOSER -  , , ,  - VS -  ,BETMGM,0.00,0.00,,,,,,,,,0,0,0,0.00%,,,WINNER,,LOSER,,0,WINNER,1,,0.00%,TOURNAMENT,WINNER,  - WINNER -  
  - LOSER -  , , ,  - VS -  ,BETMGM,0.00,0.00,,,,,,,,,0,0,0,0.00%,,,WINNER,,LOSER,,0,WINNER,1,,0.00%,TOURNAMENT,WINNER,  - WINNER -  
  - LOSER -  , , ,  - VS -  ,BETMGM,0.00,0.00,,,,,,,,,0,0,0,0.00%,,,WINNER,,LOSER,,0,WINNER,1,,0.00%,TOURNAMENT,WINNER,  - WINNER -  
  - LOSER -  , , ,  - VS -  ,BETMGM,0.00,0.00,,,,,,,,,0,0,0,0.00%,,,WINNER,,LOSER,,0,WINNER,1,,0.00%,TOURNAMENT,WINNER,  - WINNER -  
  - LOSER -  , , ,  - VS -  ,BETMGM,0.00,0.00,,,,,,,,,0,0,0,0.00%,,,WINNER,,LOSER,,0,WINNER,1,,0.00%,TOURNAMENT,WINNER,  - WINNER -  
  - LOSER -  , , ,  - VS -  ,BETMGM,0.00,0.00,,,,,,,,,0,0,0,0.00%,,,WINNER,,LOSER,,0,WINNER,1,,0.00%,TOURNAMENT,WINNER,  - WINNER -  
  - LOSER -  , , ,  - VS -  ,BETMGM,0.00,0.00,,,,,,,,,0,0,0,0.00%,,,WINNER,,LOSER,,0,WINNER,1,,0.00%,TOURNAMENT,WINNER,  - WINNER -  
  - LOSER -  , , ,  - VS -  ,BETMGM,0.00,0.00,,,,,,,,,0,0,0,0.00%,,,WINNER,,LOSER,,0,WINNER,1,,0.00%,TOURNAMENT,WINNER,  - WINNER -  
  - LOSER -  , , ,  - VS -  ,BETMGM,0.00,0.00,,,,,,,,,0,0,0,0.00%,,,WINNER,,LOSER,,0,WINNER,1,,0.00%,TOURNAMENT,WINNER,  - WINNER -  
  - LOSER -  , , ,  - VS -  ,BETMGM,0.00,0.00,,,,,,,,,0,0,0,0.00%,,,WINNER,,LOSER,,0,WINNER,1,,0.00%,TOURNAMENT,WINNER,  - WINNER -  
  - LOSER -  , , ,  - VS -  ,BETMGM,0.00,0.00,,,,,,,,,0,0,0,0.00%,,,WINNER,,LOSER,,0,WINNER,1,,0.00%,TOURNAMENT,WINNER,  - WINNER -  
  - LOSER -  , , ,  - VS -  ,BETMGM,0.00,0.00,,,,,,,,,0,0,0,0.00%,,,WINNER,,LOSER,,0,WINNER,1,,0.00%,TOURNAMENT,WINNER,  - WINNER -  
  - LOSER -  , , ,  - VS -  ,BETMGM,0.00,0.00,,,,,,,,,0,0,0,0.00%,,,WINNER,,LOSER,,0,WINNER,1,,0.00%,TOURNAMENT,WINNER,  - WINNER -  
  - LOSER -  , , ,  - VS -  ,BETMGM,0.00,0.00,,,,,,,,,0,0,0,0.00%,,,WINNER,,LOSER,,0,WINNER,1,,0.00%,TOURNAMENT,WINNER,  - WINNER -  
  - LOSER -  , , ,  - VS -  ,BETMGM,0.00,0.00,,,,,,,,,0,0,0,0.00%,,,WINNER,,LOSER,,0,WINNER,1,,0.00%,TOURNAMENT,WINNER,  - WINNER -  
  - LOSER -  , , ,  - VS -  ,BETMGM,0.00,0.00,,,,,,,,,0,0,0,0.00%,,,WINNER,,LOSER,,0,WINNER,1,,0.00%,TOURNAMENT,WINNER,  - WINNER -  
  - LOSER -  , , ,  - VS -  ,BETMGM,0.00,0.00,,,,,,,,,0,0,0,0.00%,,,WINNER,,LOSER,,0,WINNER,1,,0.00%,TOURNAMENT,WINNER,  - WINNER -  
  - LOSER -  , , ,  - VS -  ,BETMGM,0.00,0.00,,,,,,,,,0,0,0,0.00%,,,WINNER,,LOSER,,0,WINNER,1,,0.00%,TOURNAMENT,WINNER,  - WINNER -  
  - LOSER -  , , ,  - VS -  ,BETMGM,0.00,0.00,,,,,,,,,0,0,0,0.00%,,,WINNER,,LOSER,,0,WINNER,1,,0.00%,TOURNAMENT,WINNER,  - WINNER -  
  - LOSER -  , , ,  - VS -  ,BETMGM,0.00,0.00,,,,,,,,,0,0,0,0.00%,,,WINNER,,LOSER,,0,WINNER,1,,0.00%,TOURNAMENT,WINNER,  - WINNER -  
  - LOSER -  , , ,  - VS -  ,BETMGM,0.00,0.00,,,,,,,,,0,0,0,0.00%,,,WINNER,,LOSER,,0,WINNER,1,,0.00%,TOURNAMENT,WINNER,  - WINNER -  
  - LOSER -  , , ,  - VS -  ,BETMGM,0.00,0.00,,,,,,,,,0,0,0,0.00%,,,WINNER,,LOSER,,0,WINNER,1,,0.00%,TOURNAMENT,WINNER,  - WINNER -  
  - LOSER -  , , ,  - VS -  ,BETMGM,0.00,0.00,,,,,,,,,0,0,0,0.00%,,,WINNER,,LOSER,,0,WINNER,1,,0.00%,TOURNAMENT,WINNER,  - WINNER -  
  - LOSER -  , , ,  - VS -  ,BETMGM,0.00,0.00,,,,,,,,,0,0,0,0.00%,,,WINNER,,LOSER,,0,WINNER,1,,0.00%,TOURNAMENT,WINNER,  - WINNER -  
  - LOSER -  , , ,  - VS -  ,BETMGM,0.00,0.00,,,,,,,,,0,0,0,0.00%,,,WINNER,,LOSER,,0,WINNER,1,,0.00%,TOURNAMENT,WINNER,  - WINNER -  
  - LOSER -  , , ,  - VS -  ,BETMGM,0.00,0.00,,,,,,,,,0,0,0,0.00%,,,WINNER,,LOSER,,0,WINNER,1,,0.00%,TOURNAMENT,WINNER,  - WINNER -  
  - LOSER -  , , ,  - VS -  ,BETMGM,0.00,0.00,,,,,,,,,0,0,0,0.00%,,,WINNER,,LOSER,,0,WINNER,1,,0.00%,TOURNAMENT,WINNER,  - WINNER -  
  - LOSER -  , , ,  - VS -  ,BETMGM,0.00,0.00,,,,,,,,,0,0,0,0.00%,,,WINNER,,LOSER,,0,WINNER,1,,0.00%,TOURNAMENT,WINNER,  - WINNER -  
  - LOSER -  , , ,  - VS -  ,BETMGM,0.00,0.00,,,,,,,,,0,0,0,0.00%,,,WINNER,,LOSER,,0,WINNER,1,,0.00%,TOURNAMENT,WINNER,  - WINNER -  
  - LOSER -  , , ,  - VS -  ,BETMGM,0.00,0.00,,,,,,,,,0,0,0,0.00%,,,WINNER,,LOSER,,0,WINNER,1,,0.00%,TOURNAMENT,WINNER,  - WINNER -  
  - LOSER -  , , ,  - VS -  ,BETMGM,0.00,0.00,,,,,,,,,0,0,0,0.00%,,,WINNER,,LOSER,,0,WINNER,1,,0.00%,TOURNAMENT,WINNER,  - WINNER -  
  - LOSER -  , , ,  - VS -  ,BETMGM,0.00,0.00,,,,,,,,,0,0,0,0.00%,,,WINNER,,LOSER,,0,WINNER,1,,0.00%,TOURNAMENT,WINNER,  - WINNER -  
  - LOSER -  , , ,  - VS -  ,BETMGM,0.00,0.00,,,,,,,,,0,0,0,0.00%,,,WINNER,,LOSER,,0,WINNER,1,,0.00%,TOURNAMENT,WINNER,  - WINNER -  
  - LOSER -  , , ,  - VS -  ,BETMGM,0.00,0.00,,,,,,,,,0,0,0,0.00%,,,WINNER,,LOSER,,0,WINNER,1,,0.00%,TOURNAMENT,WINNER,  - WINNER -  
  - LOSER -  , , ,  - VS -  ,BETMGM,0.00,0.00,,,,,,,,,0,0,0,0.00%,,,WINNER,,LOSER,,0,WINNER,1,,0.00%,TOURNAMENT,WINNER,  - WINNER -  
  - LOSER -  , , ,  - VS -  ,BETMGM,0.00,0.00,,,,,,,,,0,0,0,0.00%,,,WINNER,,LOSER,,0,WINNER,1,,0.00%,TOURNAMENT,WINNER,  - WINNER -  
  - LOSER -  , , ,  - VS -  ,BETMGM,0.00,0.00,,,,,,,,,0,0,0,0.00%,,,WINNER,,LOSER,,0,WINNER,1,,0.00%,TOURNAMENT,WINNER,  - WINNER -  
  - LOSER -  , , ,  - VS -  ,BETMGM,0.00,0.00,,,,,,,,,0,0,0,0.00%,,,WINNER,,LOSER,,0,WINNER,1,,0.00%,TOURNAMENT,WINNER,  - WINNER -  
  - LOSER -  , , ,  - VS -  ,BETMGM,0.00,0.00,,,,,,,,,0,0,0,0.00%,,,WINNER,,LOSER,,0,WINNER,1,,0.00%,TOURNAMENT,WINNER,  - WINNER -  
  - LOSER -  , , ,  - VS -  ,BETMGM,0.00,0.00,,,,,,,,,0,0,0,0.00%,,,WINNER,,LOSER,,0,WINNER,1,,0.00%,TOURNAMENT,WINNER,  - WINNER -  
  - LOSER -  , , ,  - VS -  ,BETMGM,0.00,0.00,,,,,,,,,0,0,0,0.00%,,,WINNER,,LOSER,,0,WINNER,1,,0.00%,TOURNAMENT,WINNER,  - WINNER -  
  - LOSER -  , , ,  - VS -  ,BETMGM,0.00,0.00,,,,,,,,,0,0,0,0.00%,,,WINNER,,LOSER,,0,WINNER,1,,0.00%,TOURNAMENT,WINNER,  - WINNER -  
  - LOSER -  , , ,  - VS -  ,BETMGM,0.00,0.00,,,,,,,,,0,0,0,0.00%,,,WINNER,,LOSER,,0,WINNER,1,,0.00%,TOURNAMENT,WINNER,  - WINNER -  
  - LOSER -  , , ,  - VS -  ,BETMGM,0.00,0.00,,,,,,,,,0,0,0,0.00%,,,WINNER,,LOSER,,0,WINNER,1,,0.00%,TOURNAMENT,WINNER,  - WINNER -  
  - LOSER -  , , ,  - VS -  ,BETMGM,0.00,0.00,,,,,,,,,0,0,0,0.00%,,,WINNER,,LOSER,,0,WINNER,1,,0.00%,TOURNAMENT,WINNER,  - WINNER -  
  - LOSER -  , , ,  - VS -  ,BETMGM,0.00,0.00,,,,,,,,,0,0,0,0.00%,,,WINNER,,LOSER,,0,WINNER,1,,0.00%,TOURNAMENT,WINNER,  - WINNER -  
  - LOSER -  , , ,  - VS -  ,BETMGM,0.00,0.00,,,,,,,,,0,0,0,0.00%,,,WINNER,,LOSER,,0,WINNER,1,,0.00%,TOURNAMENT,WINNER,  - WINNER -  
  - LOSER -  , , ,  - VS -  ,BETMGM,0.00,0.00,,,,,0.4900258217,0.5099741783,,,0,0,0,0.00%,,,WINNER,,LOSER,,0,WINNER,1,,0.00%,TOURNAMENT,WINNER,  - WINNER -  
  - LOSER -  , , ,  - VS -  ,BETMGM,0.00,0.00,,,,,0.4643728144,0.5356271856,,,0,0,0,0.00%,,,WINNER,,LOSER,,0,WINNER,1,,0.00%,TOURNAMENT,WINNER,  - WINNER -  
  - LOSER -  , , ,  - VS -  ,BETMGM,0.00,0.00,,,,,0.4989476318,0.5010523682,,,0,0,0,0.00%,,,WINNER,,LOSER,,0,WINNER,1,,0.00%,TOURNAMENT,WINNER,  - WINNER -  
  - LOSER -  , , ,  - VS -  ,BETMGM,0.00,0.00,,,,,0.4938609954,0.5061390046,,,0,0,0,0.00%,,,WINNER,,LOSER,,0,WINNER,1,,0.00%,TOURNAMENT,WINNER,  - WINNER -  
  - LOSER -  , , ,  - VS -  ,BETMGM,0.00,0.00,,,,,0.4530535598,0.5469464402,,,0,0,0,0.00%,,,WINNER,,LOSER,,0,WINNER,1,,0.00%,TOURNAMENT,WINNER,  - WINNER -  
  - LOSER -  , , ,  - VS -  ,BETMGM,0.00,0.00,,,,,0.5059456117,0.4940543883,,,0,0,0,0.00%,,,WINNER,,LOSER,,0,WINNER,1,,0.00%,TOURNAMENT,WINNER,  - WINNER -  
  - LOSER -  , , ,  - VS -  ,BETMGM,0.00,0.00,,,,,0.5222786615,0.4777213385,,,0,0,0,0.00%,,,WINNER,,LOSER,,0,WINNER,1,,0.00%,TOURNAMENT,WINNER,  - WINNER -  
  - LOSER -  , , ,  - VS -  ,BETMGM,0.00,0.00,,,,,0.5337945217,0.4662054783,,,0,0,0,0.00%,,,WINNER,,LOSER,,0,WINNER,1,,0.00%,TOURNAMENT,WINNER,  - WINNER -  
,,,,,,,,,,,0.4851076095,0.5148923905,,,,0,0,0.00%,,,WINNER,,LOSER,,0,WINNER,1,,0.00%,TOURNAMENT,,
,,,,,,,,,,,0.5396638655,0.4603361345,,,,0,0,0.00%,,,WINNER,,LOSER,,0,WINNER,1,,0.00%,TOURNAMENT,,
,,,,,,,,,,,0.4155376799,0.5844623201,,,,0,0,0.00%,,,WINNER,,LOSER,,0,WINNER,1,,0.00%,TOURNAMENT,,
,,,,,,,,,,,,,,,,0,0,0.00%,,,WINNER,,LOSER,,0,WINNER,1,,0.00%,TOURNAMENT,,
Tyler Duncan - LOSER - Ben Silverman,Tyler Duncan,Ben Silverman,Ben Silverman - VS - Tyler Duncan,BOVADA,190.00,240.00,2.9,3.4,0.4813710879,0.518628912,0.4900258217,0.5099741783,33.35,33.35,66.7,0.5,0.5,0.00%,0.87%,-0.87%,LOSER,1.86%,LOSER,,0,WINNER,0,1.86%,-0.87%,TOURNAMENT,WINNER,Tyler Duncan - WINNER - Ben Silverman
Christiaan Bezuidenhout - WINNER - Erik Van Rooyen,Christiaan Bezuidenhout,Erik Van Rooyen,Erik Van Rooyen - VS - Christiaan Bezuidenhout,BOVADA,170.00,225.00,2.7,3.25,0.4762931034,0.523706897,0.4643728144,0.5356271856,34.14833333,41.08166667,75.23,0.4539190926,0.5460809074,0.00%,-1.19%,1.19%,LOSER,-2.24%,WINNER,,-0.09216181488,WINNER,0,-2.24%,1.19%,TOURNAMENT,LOSER,Christiaan Bezuidenhout - LOSER - Erik Van Rooyen
Chris Kirk - WINNER - Billy Horschel,Chris Kirk,Billy Horschel,Billy Horschel - VS - Chris Kirk,BOVADA,160.00,130.00,2.6,2.3,0.5212464589,0.478753541,0.4989476318,0.5010523682,41.305,42.29833333,83.60333333,0.494059248,0.505940752,0.00%,-2.23%,2.23%,WINNER,-2.72%,WINNER,2.72%,-0.01188150393,WINNER,1,-2.72%,2.23%,TOURNAMENT,LOSER,Chris Kirk - LOSER - Billy Horschel
Max Homa - LOSER - Nick Taylor,Max Homa,Nick Taylor,Nick Taylor - VS - Max Homa,BOVADA,175.00,190.00,2.75,2.9,0.4927184466,0.507281553,0.4938609954,0.5061390046,41.82166667,42.85333333,84.675,0.4939080799,0.5060919201,0.00%,0.11%,-0.11%,LOSER,0.12%,LOSER,,-0.01218384017,WINNER,0,0.12%,-0.11%,TOURNAMENT,WINNER,Max Homa - WINNER - Nick Taylor
Eric Cole - WINNER - Tony Finau,Eric Cole,Tony Finau,Tony Finau - VS - Eric Cole,BOVADA,125.00,200.00,2.25,3,0.4545454545,0.545454545,0.4530535598,0.5469464402,38.155,43.53333333,81.68833333,0.4670801624,0.5329198376,0.00%,-0.15%,0.15%,LOSER,1.25%,WINNER,,-0.06583967519,WINNER,0,1.25%,0.15%,TOURNAMENT,WINNER,Eric Cole - WINNER - Tony Finau
Kevin Streelman - LOSER - Lucas Glover,Kevin Streelman,Lucas Glover,Lucas Glover - VS - Kevin Streelman,BOVADA,135.00,145.00,2.35,2.45,0.4925539836,0.507446016,0.5059456117,0.4940543883,36.30166667,33.49,69.79166667,0.5201432836,0.4798567164,0.00%,1.34%,-1.34%,LOSER,2.76%,LOSER,2.76%,0.04028656716,LOSER,1,2.76%,-1.34%,TOURNAMENT,WINNER,Kevin Streelman - WINNER - Lucas Glover
Lee Hodges - WINNER - Ben Kohles,Lee Hodges,Ben Kohles,Ben Kohles - VS - Lee Hodges,BOVADA,180.00,125.00,2.8,2.25,0.5364238411,0.463576159,0.5222786615,0.4777213385,42.53166667,39.33666667,81.86833333,0.5195130392,0.4804869608,0.00%,-1.41%,1.41%,WINNER,-1.69%,WINNER,,0.03902607846,LOSER,0,-1.69%,1.41%,TOURNAMENT,LOSER,Lee Hodges - LOSER - Ben Kohles
Takumi Kanaya - WINNER - Emiliano Grillo,Takumi Kanaya,Emiliano Grillo,Emiliano Grillo - VS - Takumi Kanaya,BOVADA,300.00,145.00,4,2.45,0.5589353612,0.441064639,0.5337945217,0.4662054783,40.33166667,35.14,75.47166667,0.534394806,0.465605194,0.00%,-2.51%,2.51%,WINNER,-2.45%,WINNER,,0.068789612,LOSER,0,-2.45%,2.51%,TOURNAMENT,LOSER,Takumi Kanaya - LOSER - Emiliano Grillo
Adam Svensson - LOSER - Brice Garnett,Adam Svensson,Brice Garnett,Brice Garnett - VS - Adam Svensson,BOVADA,180.00,250.00,2.8,3.5,0.4736842105,0.526315789,0.4851076095,0.5148923905,31.62833333,32.4,64.02833333,0.4939740219,0.5060259781,0.00%,1.14%,-1.14%,LOSER,2.03%,LOSER,,-0.01205195617,WINNER,0,2.03%,-1.14%,TOURNAMENT,WINNER,Adam Svensson - WINNER - Brice Garnett
Justin Lower - LOSER - Beau Hossler,Justin Lower,Beau Hossler,Beau Hossler - VS - Justin Lower,BOVADA,200.00,150.00,3,2.5,0.5263157895,0.473684211,0.5396638655,0.4603361345,43.22333333,35.285,78.50833333,0.5505572657,0.4494427343,0.00%,1.33%,-1.33%,WINNER,2.42%,LOSER,,0.1011145314,LOSER,0,2.42%,-1.33%,TOURNAMENT,WINNER,Justin Lower - WINNER - Beau Hossler
Marco Penge - WINNER - David Lingmerth,Marco Penge,David Lingmerth,David Lingmerth - VS - Marco Penge,BOVADA,-150.00,500.00,1.666666667,6,0.4186046512,0.581395349,0.4155376799,0.5844623201,25.75333333,44.98333333,70.73666667,0.3640733236,0.6359266764,0.00%,-0.31%,0.31%,LOSER,-5.45%,WINNER,,-0.2718533528,WINNER,0,-5.45%,0.31%,TOURNAMENT,LOSER,Marco Penge - LOSER - David Lingmerth
A.J. Ewart - LOSER - Kristoffer Ventura,A.J. Ewart,Kristoffer Ventura,Kristoffer Ventura - VS - A.J. Ewart,BOVADA,140.00,-130.00,2.4,1.769230769,0.5078864353,0.492113565,0.5070555033,0.4929444967,34.95666667,34.95666667,69.91333333,0.5,0.5,0.00%,-0.08%,0.08%,WINNER,-0.79%,LOSER,0.79%,0,WINNER,1,-0.79%,0.08%,TOURNAMENT,LOSER,A.J. Ewart - LOSER - Kristoffer Ventura
Tyson Shelley - LOSER - Davis Chatfield,Tyson Shelley,Davis Chatfield,Davis Chatfield - VS - Tyson Shelley,BOVADA,320.00,170.00,4.2,2.7,0.5475285171,0.452471483,0.555868692,0.444131308,35.55833333,35.55833333,71.11666667,0.5,0.5,0.00%,0.83%,-0.83%,WINNER,-4.75%,LOSER,4.75%,0,WINNER,1,-4.75%,-0.83%,TOURNAMENT,LOSER,Tyson Shelley - LOSER - Davis Chatfield
Hayden Springer - LOSER - Marcelo Rozo,Hayden Springer,Marcelo Rozo,Marcelo Rozo - VS - Hayden Springer,BOVADA,-115.00,350.00,1.869565217,4.5,0.407480315,0.592519685,0.4095948827,0.5904051173,28.805,37.68166667,66.48666667,0.4332447609,0.5667552391,0.00%,0.21%,-0.21%,LOSER,2.58%,LOSER,,-0.1335104783,WINNER,0,2.58%,-0.21%,TOURNAMENT,WINNER,Hayden Springer - WINNER - Marcelo Rozo
Chandler Blanchet - LOSER - Christo Lamprecht,Chandler Blanchet,Christo Lamprecht,Christo Lamprecht - VS - Chandler Blanchet,BOVADA,-120.00,230.00,1.833333333,3.3,0.4390243902,0.560975610,0.4390243902,0.5609756098,29.31,34.205,63.515,0.4614657955,0.5385342045,0.00%,0.00%,0.00%,LOSER,2.24%,LOSER,,-0.07706840904,WINNER,0,2.24%,0.00%,TOURNAMENT,WINNER,Chandler Blanchet - WINNER - Christo Lamprecht
Zach J. Johnson - LOSER - Zecheng Dou,Zach J. Johnson,Zecheng Dou,Zecheng Dou - VS - Zach J. Johnson,BOVADA,0.00,0.00,,,,,0.6285714286,0.3714285714,39.76333333,28.20833333,67.97166667,0.5849986514,0.4150013486,0.00%,,,WINNER,,LOSER,,0.1699973028,LOSER,0,,0.00%,TOURNAMENT,WINNER,Zach J. Johnson - WINNER - Zecheng Dou
Dylan Wu - WINNER - Patton Kizzire,Dylan Wu,Patton Kizzire,Patton Kizzire - VS - Dylan Wu,BOVADA,260.00,280.00,3.6,3.8,0.49498998,0.505010020,0.4938296997,0.5061703003,30.06333333,31.53,61.59333333,0.4880939496,0.5119060504,0.00%,-0.12%,0.12%,LOSER,-0.69%,WINNER,,-0.02381210088,WINNER,0,-0.69%,0.12%,TOURNAMENT,LOSER,Dylan Wu - LOSER - Patton Kizzire
Doug Ghim - WINNER - Peter Malnati,Doug Ghim,Peter Malnati,Peter Malnati - VS - Doug Ghim,BOVADA,-172.00,320.00,1.581395349,4.2,0.4535409342,0.546459066,0.4496476676,0.5503523324,30.115,45.57333333,75.68833333,0.3978816638,0.6021183362,0.00%,-0.39%,0.39%,LOSER,-5.57%,WINNER,,-0.2042366723,WINNER,0,-5.57%,0.39%,TOURNAMENT,LOSER,Doug Ghim - LOSER - Peter Malnati
Patrick Rodgers - LOSER - Rafael Campos,Patrick Rodgers,Rafael Campos,Rafael Campos - VS - Patrick Rodgers,BOVADA,150.00,250.00,2.5,3.5,0.4565217391,0.543478261,0.4570629435,0.5429370565,23.96333333,36.56666667,60.53,0.3958918443,0.6041081557,0.00%,0.05%,-0.05%,LOSER,-6.06%,LOSER,,-0.2082163115,WINNER,0,-6.06%,-0.05%,TOURNAMENT,LOSER,Patrick Rodgers - LOSER - Rafael Campos
Mac Meissner - WINNER - Tom Hoge,Mac Meissner,Tom Hoge,Tom Hoge - VS - Mac Meissner,BOVADA,150.00,225.00,2.5,3.25,0.4642857143,0.535714286,0.4544147902,0.5455852098,35.16,41.38333333,76.54333333,0.4593476462,0.5406523538,0.00%,-0.99%,0.99%,LOSER,-0.49%,WINNER,,-0.08130470757,WINNER,0,-0.49%,0.99%,TOURNAMENT,LOSER,Mac Meissner - LOSER - Tom Hoge
Rasmus Hojgaard - WINNER - Max Greyserman,Rasmus Hojgaard,Max Greyserman,Max Greyserman - VS - Rasmus Hojgaard,BOVADA,220.00,200.00,3.2,3,0.5076923077,0.492307692,0.5037861189,0.4962138811,40.47666667,41.64166667,82.11833333,0.4929065779,0.5070934221,0.00%,-0.39%,0.39%,WINNER,-1.48%,WINNER,1.48%,-0.01418684419,WINNER,1,-1.48%,0.39%,TOURNAMENT,LOSER,Rasmus Hojgaard - LOSER - Max Greyserman
David Lipsky - WINNER - David Skinns,David Lipsky,David Skinns,David Skinns - VS - David Lipsky,BOVADA,175.00,175.00,2.75,2.75,0.5,0.500000000,0.4921824662,0.5078175338,31.88333333,31.82,63.70333333,0.5004970959,0.4995029041,0.00%,-0.78%,0.78%,LOSER,0.05%,WINNER,0.05%,0.0009941918267,LOSER,1,0.05%,0.78%,TOURNAMENT,LOSER,David Lipsky - LOSER - David Skinns
Ben James - LOSER - Michael Brennan,Ben James,Michael Brennan,Michael Brennan - VS - Ben James,BOVADA,175.00,175.00,2.75,2.75,0.5,0.500000000,0.5011297812,0.4988702188,44.11,44.11,88.22,0.5,0.5,0.00%,0.11%,-0.11%,LOSER,0.00%,LOSER,,0,WINNER,0,0.00%,-0.11%,TOURNAMENT,LOSER,Ben James - LOSER - Michael Brennan
Aaron Wise - WINNER - Kevin Yu,Aaron Wise,Kevin Yu,Kevin Yu - VS - Aaron Wise,BOVADA,400.00,-110.00,5,1.909090909,0.6043165468,0.395683453,0.5989847716,0.4010152284,42.54166667,30.795,73.33666667,0.5800872688,0.4199127312,0.00%,-0.53%,0.53%,WINNER,-2.42%,WINNER,,0.1601745375,LOSER,0,-2.42%,0.53%,TOURNAMENT,LOSER,Aaron Wise - LOSER - Kevin Yu
Matt McCarty - LOSER - Harry Hall,Matt McCarty,Harry Hall,Harry Hall - VS - Matt McCarty,BOVADA,175.00,175.00,2.75,2.75,0.5,0.500000000,0.5084491652,0.4915508348,41.46333333,0,41.46333333,1,0,0.00%,0.84%,-0.84%,LOSER,,LOSER,,1,LOSER,1,50.00%,-0.84%,TOURNAMENT,WINNER,Matt McCarty - WINNER - Harry Hall
Davis Riley - WINNER - Stephan Jaeger,Davis Riley,Stephan Jaeger,Stephan Jaeger - VS - Davis Riley,BOVADA,300.00,145.00,4,2.45,0.5589353612,0.441064639,0.5528525448,0.4471474552,40.02833333,30.30333333,70.33166667,0.5691367094,0.4308632906,0.00%,-0.61%,0.61%,WINNER,1.02%,WINNER,,0.1382734188,LOSER,0,1.02%,0.61%,TOURNAMENT,WINNER,Davis Riley - WINNER - Stephan Jaeger
Max McGreevy - LOSER - Zac Blair,Max McGreevy,Zac Blair,Zac Blair - VS - Max McGreevy,BOVADA,130.00,135.00,2.3,2.35,0.4959415584,0.504058442,0.4961735715,0.5038264285,35.95833333,35.68666667,71.645,0.501895922,0.498104078,0.00%,0.02%,-0.02%,LOSER,0.60%,LOSER,0.60%,0.003791844046,LOSER,1,0.60%,-0.02%,TOURNAMENT,WINNER,Max McGreevy - WINNER - Zac Blair
Joe Highsmith - WINNER - Steven Fisk,Joe Highsmith,Steven Fisk,Steven Fisk - VS - Joe Highsmith,BOVADA,300.00,125.00,4,2.25,0.5744680851,0.425531915,0.562384921,0.437615079,37.37166667,30.33,67.70166667,0.5520051205,0.4479948795,0.00%,-1.21%,1.21%,WINNER,-2.25%,WINNER,,0.104010241,LOSER,0,-2.25%,1.21%,TOURNAMENT,LOSER,Joe Highsmith - LOSER - Steven Fisk
Andrew Putnam - WINNER - Joel Dahmen,Andrew Putnam,Joel Dahmen,Joel Dahmen - VS - Andrew Putnam,BOVADA,225.00,135.00,3.25,2.35,0.5465116279,0.453488372,0.5257075371,0.4742924629,34.33166667,34.53833333,68.87,0.4984995886,0.5015004114,0.00%,-2.08%,2.08%,WINNER,-4.80%,WINNER,4.80%,-0.003000822806,WINNER,1,-4.80%,2.08%,TOURNAMENT,LOSER,Andrew Putnam - LOSER - Joel Dahmen
Matt Wallace - WINNER - Seamus Power,Matt Wallace,Seamus Power,Seamus Power - VS - Matt Wallace,BOVADA,150.00,225.00,2.5,3.25,0.4642857143,0.535714286,0.451378297,0.548621703,37.32,43.17,80.49,0.463660082,0.536339918,0.00%,-1.29%,1.29%,LOSER,-0.06%,WINNER,,-0.072679836,WINNER,0,-0.06%,1.29%,TOURNAMENT,LOSER,Matt Wallace - LOSER - Seamus Power
Patrick Fishburn - LOSER - Kensei Hirata,Patrick Fishburn,Kensei Hirata,Kensei Hirata - VS - Patrick Fishburn,BOVADA,130.00,375.00,2.3,4.75,0.4172297297,0.582770270,0.4266503667,0.5733496333,25.44,35.695,61.135,0.4161282408,0.5838717592,0.00%,0.94%,-0.94%,LOSER,-0.11%,LOSER,,-0.1677435184,WINNER,0,-0.11%,-0.94%,TOURNAMENT,LOSER,Patrick Fishburn - LOSER - Kensei Hirata
Haotong Li - LOSER - Michael Thompson,Haotong Li,Michael Thompson,Michael Thompson - VS - Haotong Li,BOVADA,-130.00,350.00,1.769230769,4.5,0.4208633094,0.579136691,0.4216738197,0.5783261803,27.39833333,27.39833333,54.79666667,0.5,0.5,0.00%,0.08%,-0.08%,LOSER,7.91%,LOSER,,0,WINNER,0,7.91%,-0.08%,TOURNAMENT,WINNER,Haotong Li - WINNER - Michael Thompson
Adrien Dumont De Chassart - LOSER - Paul Peterson,Adrien Dumont De Chassart,Paul Peterson,Paul Peterson - VS - Adrien Dumont De Chassart,BOVADA,105.00,120.00,2.05,2.2,0.4842767296,0.515723270,0.4842767296,0.5157232704,31.175,34.34,65.515,0.4758452263,0.5241547737,0.00%,0.00%,0.00%,LOSER,-0.84%,LOSER,,-0.04830954743,WINNER,0,-0.84%,0.00%,TOURNAMENT,LOSER,Adrien Dumont De Chassart - LOSER - Paul Peterson
David Ford - LOSER - Jimmy Stanger,David Ford,Jimmy Stanger,Jimmy Stanger - VS - David Ford,BOVADA,115.00,280.00,2.15,3.8,0.4205967276,0.579403272,0.4296572876,0.5703427124,29.33,36.44333333,65.77333333,0.4459254004,0.5540745996,0.00%,0.91%,-0.91%,LOSER,2.53%,LOSER,,-0.1081491993,WINNER,0,2.53%,-0.91%,TOURNAMENT,WINNER,David Ford - WINNER - Jimmy Stanger
Pontus Nyholm - LOSER - John VanDerLaan,Pontus Nyholm,John VanDerLaan,John VanDerLaan - VS - Pontus Nyholm,BOVADA,130.00,105.00,2.3,2.05,0.5246062992,0.475393701,0.5246062992,0.4753937008,33.92166667,32.805,66.72666667,0.5083674693,0.4916325307,0.00%,0.00%,0.00%,WINNER,-1.62%,LOSER,,0.01673493856,LOSER,0,-1.62%,0.00%,TOURNAMENT,LOSER,Pontus Nyholm - LOSER - John VanDerLaan
Jesper Svensson - LOSER - Alejandro Tosti,Jesper Svensson,Alejandro Tosti,Alejandro Tosti - VS - Jesper Svensson,BOVADA,100.00,160.00,2,2.6,0.4482758621,0.551724138,0.4482758621,0.5517241379,29.63333333,35.69833333,65.33166667,0.4535829996,0.5464170004,0.00%,0.00%,0.00%,LOSER,0.53%,LOSER,,-0.09283400087,WINNER,0,0.53%,0.00%,TOURNAMENT,WINNER,Jesper Svensson - WINNER - Alejandro Tosti
Hank Lebioda - LOSER - Harry Higgs,Hank Lebioda,Harry Higgs,Harry Higgs - VS - Hank Lebioda,BOVADA,0.00,0.00,,,,,0.5020980977,0.4979019023,31.485,31.485,62.97,0.5,0.5,0.00%,,,WINNER,,LOSER,,0,WINNER,1,,0.00%,TOURNAMENT,WINNER,Hank Lebioda - WINNER - Harry Higgs
  - LOSER -  , , ,  - VS -  ,BOVADA,0.00,0.00,,,,,,,,,0,0,0,0.00%,,,WINNER,,LOSER,,0,WINNER,1,,0.00%,TOURNAMENT,WINNER,  - WINNER -  
  - LOSER -  , , ,  - VS -  ,BOVADA,0.00,0.00,,,,,,,,,0,0,0,0.00%,,,WINNER,,LOSER,,0,WINNER,1,,0.00%,TOURNAMENT,WINNER,  - WINNER -  
  - LOSER -  , , ,  - VS -  ,BOVADA,0.00,0.00,,,,,,,,,0,0,0,0.00%,,,WINNER,,LOSER,,0,WINNER,1,,0.00%,TOURNAMENT,WINNER,  - WINNER -  
  - LOSER -  , , ,  - VS -  ,BOVADA,0.00,0.00,,,,,,,,,0,0,0,0.00%,,,WINNER,,LOSER,,0,WINNER,1,,0.00%,TOURNAMENT,WINNER,  - WINNER -  
  - LOSER -  , , ,  - VS -  ,BOVADA,0.00,0.00,,,,,,,,,0,0,0,0.00%,,,WINNER,,LOSER,,0,WINNER,1,,0.00%,TOURNAMENT,WINNER,  - WINNER -  
  - LOSER -  , , ,  - VS -  ,BOVADA,0.00,0.00,,,,,,,,,0,0,0,0.00%,,,WINNER,,LOSER,,0,WINNER,1,,0.00%,TOURNAMENT,WINNER,  - WINNER -  
  - LOSER -  , , ,  - VS -  ,BOVADA,0.00,0.00,,,,,,,,,0,0,0,0.00%,,,WINNER,,LOSER,,0,WINNER,1,,0.00%,TOURNAMENT,WINNER,  - WINNER -  
  - LOSER -  , , ,  - VS -  ,BOVADA,0.00,0.00,,,,,,,,,0,0,0,0.00%,,,WINNER,,LOSER,,0,WINNER,1,,0.00%,TOURNAMENT,WINNER,  - WINNER -  
  - LOSER -  , , ,  - VS -  ,BOVADA,0.00,0.00,,,,,,,,,0,0,0,0.00%,,,WINNER,,LOSER,,0,WINNER,1,,0.00%,TOURNAMENT,WINNER,  - WINNER -  
  - LOSER -  , , ,  - VS -  ,BOVADA,0.00,0.00,,,,,,,,,0,0,0,0.00%,,,WINNER,,LOSER,,0,WINNER,1,,0.00%,TOURNAMENT,WINNER,  - WINNER -  
  - LOSER -  , , ,  - VS -  ,BOVADA,0.00,0.00,,,,,,,,,0,0,0,0.00%,,,WINNER,,LOSER,,0,WINNER,1,,0.00%,TOURNAMENT,WINNER,  - WINNER -  
  - LOSER -  , , ,  - VS -  ,BOVADA,0.00,0.00,,,,,,,,,0,0,0,0.00%,,,WINNER,,LOSER,,0,WINNER,1,,0.00%,TOURNAMENT,WINNER,  - WINNER -  
  - LOSER -  , , ,  - VS -  ,BOVADA,0.00,0.00,,,,,,,,,0,0,0,0.00%,,,WINNER,,LOSER,,0,WINNER,1,,0.00%,TOURNAMENT,WINNER,  - WINNER -  
  - LOSER -  , , ,  - VS -  ,BOVADA,0.00,0.00,,,,,,,,,0,0,0,0.00%,,,WINNER,,LOSER,,0,WINNER,1,,0.00%,TOURNAMENT,WINNER,  - WINNER -  
  - LOSER -  , , ,  - VS -  ,BOVADA,0.00,0.00,,,,,,,,,0,0,0,0.00%,,,WINNER,,LOSER,,0,WINNER,1,,0.00%,TOURNAMENT,WINNER,  - WINNER -  
  - LOSER -  , , ,  - VS -  ,BOVADA,0.00,0.00,,,,,,,,,0,0,0,0.00%,,,WINNER,,LOSER,,0,WINNER,1,,0.00%,TOURNAMENT,WINNER,  - WINNER -  
  - LOSER -  , , ,  - VS -  ,BOVADA,0.00,0.00,,,,,,,,,0,0,0,0.00%,,,WINNER,,LOSER,,0,WINNER,1,,0.00%,TOURNAMENT,WINNER,  - WINNER -  
  - LOSER -  , , ,  - VS -  ,BOVADA,0.00,0.00,,,,,,,,,0,0,0,0.00%,,,WINNER,,LOSER,,0,WINNER,1,,0.00%,TOURNAMENT,WINNER,  - WINNER -  
  - LOSER -  , , ,  - VS -  ,BOVADA,0.00,0.00,,,,,,,,,0,0,0,0.00%,,,WINNER,,LOSER,,0,WINNER,1,,0.00%,TOURNAMENT,WINNER,  - WINNER -  
  - LOSER -  , , ,  - VS -  ,BOVADA,0.00,0.00,,,,,,,,,0,0,0,0.00%,,,WINNER,,LOSER,,0,WINNER,1,,0.00%,TOURNAMENT,WINNER,  - WINNER -  
  - LOSER -  , , ,  - VS -  ,BOVADA,0.00,0.00,,,,,,,,,0,0,0,0.00%,,,WINNER,,LOSER,,0,WINNER,1,,0.00%,TOURNAMENT,WINNER,  - WINNER -  
  - LOSER -  , , ,  - VS -  ,BOVADA,0.00,0.00,,,,,,,,,0,0,0,0.00%,,,WINNER,,LOSER,,0,WINNER,1,,0.00%,TOURNAMENT,WINNER,  - WINNER -  
  - LOSER -  , , ,  - VS -  ,BOVADA,0.00,0.00,,,,,,,,,0,0,0,0.00%,,,WINNER,,LOSER,,0,WINNER,1,,0.00%,TOURNAMENT,WINNER,  - WINNER -  
  - LOSER -  , , ,  - VS -  ,BOVADA,0.00,0.00,,,,,,,,,0,0,0,0.00%,,,WINNER,,LOSER,,0,WINNER,1,,0.00%,TOURNAMENT,WINNER,  - WINNER -  
  - LOSER -  , , ,  - VS -  ,BOVADA,0.00,0.00,,,,,,,,,0,0,0,0.00%,,,WINNER,,LOSER,,0,WINNER,1,,0.00%,TOURNAMENT,WINNER,  - WINNER -  
  - LOSER -  , , ,  - VS -  ,BOVADA,0.00,0.00,,,,,,,,,0,0,0,0.00%,,,WINNER,,LOSER,,0,WINNER,1,,0.00%,TOURNAMENT,WINNER,  - WINNER -  
  - LOSER -  , , ,  - VS -  ,BOVADA,0.00,0.00,,,,,,,,,0,0,0,0.00%,,,WINNER,,LOSER,,0,WINNER,1,,0.00%,TOURNAMENT,WINNER,  - WINNER -  
  - LOSER -  , , ,  - VS -  ,BOVADA,0.00,0.00,,,,,,,,,0,0,0,0.00%,,,WINNER,,LOSER,,0,WINNER,1,,0.00%,TOURNAMENT,WINNER,  - WINNER -  
  - LOSER -  , , ,  - VS -  ,BOVADA,0.00,0.00,,,,,,,,,0,0,0,0.00%,,,WINNER,,LOSER,,0,WINNER,1,,0.00%,TOURNAMENT,WINNER,  - WINNER -  
  - LOSER -  , , ,  - VS -  ,BOVADA,0.00,0.00,,,,,,,,,0,0,0,0.00%,,,WINNER,,LOSER,,0,WINNER,1,,0.00%,TOURNAMENT,WINNER,  - WINNER -  
  - LOSER -  , , ,  - VS -  ,BOVADA,0.00,0.00,,,,,,,,,0,0,0,0.00%,,,WINNER,,LOSER,,0,WINNER,1,,0.00%,TOURNAMENT,WINNER,  - WINNER -  
  - LOSER -  , , ,  - VS -  ,BOVADA,0.00,0.00,,,,,,,,,0,0,0,0.00%,,,WINNER,,LOSER,,0,WINNER,1,,0.00%,TOURNAMENT,WINNER,  - WINNER -  
  - LOSER -  , , ,  - VS -  ,BOVADA,0.00,0.00,,,,,,,,,0,0,0,0.00%,,,WINNER,,LOSER,,0,WINNER,1,,0.00%,TOURNAMENT,WINNER,  - WINNER -  
  - LOSER -  , , ,  - VS -  ,BOVADA,0.00,0.00,,,,,,,,,0,0,0,0.00%,,,WINNER,,LOSER,,0,WINNER,1,,0.00%,TOURNAMENT,WINNER,  - WINNER -  
  - LOSER -  , , ,  - VS -  ,BOVADA,0.00,0.00,,,,,,,,,0,0,0,0.00%,,,WINNER,,LOSER,,0,WINNER,1,,0.00%,TOURNAMENT,WINNER,  - WINNER -  
  - LOSER -  , , ,  - VS -  ,BOVADA,0.00,0.00,,,,,,,,,0,0,0,0.00%,,,WINNER,,LOSER,,0,WINNER,1,,0.00%,TOURNAMENT,WINNER,  - WINNER -  
  - LOSER -  , , ,  - VS -  ,BOVADA,0.00,0.00,,,,,,,,,0,0,0,0.00%,,,WINNER,,LOSER,,0,WINNER,1,,0.00%,TOURNAMENT,WINNER,  - WINNER -  
  - LOSER -  , , ,  - VS -  ,BOVADA,0.00,0.00,,,,,,,,,0,0,0,0.00%,,,WINNER,,LOSER,,0,WINNER,1,,0.00%,TOURNAMENT,WINNER,  - WINNER -  
  - LOSER -  , , ,  - VS -  ,BOVADA,0.00,0.00,,,,,,,,,0,0,0,0.00%,,,WINNER,,LOSER,,0,WINNER,1,,0.00%,TOURNAMENT,WINNER,  - WINNER -  
  - LOSER -  , , ,  - VS -  ,BOVADA,0.00,0.00,,,,,,,,,0,0,0,0.00%,,,WINNER,,LOSER,,0,WINNER,1,,0.00%,TOURNAMENT,WINNER,  - WINNER -  
  - LOSER -  , , ,  - VS -  ,BOVADA,0.00,0.00,,,,,,,,,0,0,0,0.00%,,,WINNER,,LOSER,,0,WINNER,1,,0.00%,TOURNAMENT,WINNER,  - WINNER -  
  - LOSER -  , , ,  - VS -  ,BOVADA,0.00,0.00,,,,,,,,,0,0,0,0.00%,,,WINNER,,LOSER,,0,WINNER,1,,0.00%,TOURNAMENT,WINNER,  - WINNER -  
  - LOSER -  , , ,  - VS -  ,BOVADA,0.00,0.00,,,,,,,,,0,0,0,0.00%,,,WINNER,,LOSER,,0,WINNER,1,,0.00%,TOURNAMENT,WINNER,  - WINNER -  
  - LOSER -  , , ,  - VS -  ,BOVADA,0.00,0.00,,,,,,,,,0,0,0,0.00%,,,WINNER,,LOSER,,0,WINNER,1,,0.00%,TOURNAMENT,WINNER,  - WINNER -  
  - LOSER -  , , ,  - VS -  ,BOVADA,0.00,0.00,,,,,,,,,0,0,0,0.00%,,,WINNER,,LOSER,,0,WINNER,1,,0.00%,TOURNAMENT,WINNER,  - WINNER -  
  - LOSER -  , , ,  - VS -  ,BOVADA,0.00,0.00,,,,,,,,,0,0,0,0.00%,,,WINNER,,LOSER,,0,WINNER,1,,0.00%,TOURNAMENT,WINNER,  - WINNER -  
  - LOSER -  , , ,  - VS -  ,BOVADA,0.00,0.00,,,,,,,,,0,0,0,0.00%,,,WINNER,,LOSER,,0,WINNER,1,,0.00%,TOURNAMENT,WINNER,  - WINNER -  
  - LOSER -  , , ,  - VS -  ,BOVADA,0.00,0.00,,,,,,,,,0,0,0,0.00%,,,WINNER,,LOSER,,0,WINNER,1,,0.00%,TOURNAMENT,WINNER,  - WINNER -  
  - LOSER -  , , ,  - VS -  ,BOVADA,0.00,0.00,,,,,,,,,0,0,0,0.00%,,,WINNER,,LOSER,,0,WINNER,1,,0.00%,TOURNAMENT,WINNER,  - WINNER -  
  - LOSER -  , , ,  - VS -  ,BOVADA,0.00,0.00,,,,,,,,,0,0,0,0.00%,,,WINNER,,LOSER,,0,WINNER,1,,0.00%,TOURNAMENT,WINNER,  - WINNER -  
  - LOSER -  , , ,  - VS -  ,BOVADA,0.00,0.00,,,,,,,,,0,0,0,0.00%,,,WINNER,,LOSER,,0,WINNER,1,,0.00%,TOURNAMENT,WINNER,  - WINNER -  
  - LOSER -  , , ,  - VS -  ,BOVADA,0.00,0.00,,,,,,,,,0,0,0,0.00%,,,WINNER,,LOSER,,0,WINNER,1,,0.00%,TOURNAMENT,WINNER,  - WINNER -  
  - LOSER -  , , ,  - VS -  ,BOVADA,0.00,0.00,,,,,,,,,0,0,0,0.00%,,,WINNER,,LOSER,,0,WINNER,1,,0.00%,TOURNAMENT,WINNER,  - WINNER -  
  - LOSER -  , , ,  - VS -  ,BOVADA,0.00,0.00,,,,,,,,,0,0,0,0.00%,,,WINNER,,LOSER,,0,WINNER,1,,0.00%,TOURNAMENT,WINNER,  - WINNER -  
  - LOSER -  , , ,  - VS -  ,BOVADA,0.00,0.00,,,,,,,,,0,0,0,0.00%,,,WINNER,,LOSER,,0,WINNER,1,,0.00%,TOURNAMENT,WINNER,  - WINNER -  
  - LOSER -  , , ,  - VS -  ,BOVADA,0.00,0.00,,,,,,,,,0,0,0,0.00%,,,WINNER,,LOSER,,0,WINNER,1,,0.00%,TOURNAMENT,WINNER,  - WINNER -  
  - LOSER -  , , ,  - VS -  ,BOVADA,0.00,0.00,,,,,,,,,0,0,0,0.00%,,,WINNER,,LOSER,,0,WINNER,1,,0.00%,TOURNAMENT,WINNER,  - WINNER -  
  - LOSER -  , , ,  - VS -  ,BOVADA,0.00,0.00,,,,,,,,,0,0,0,0.00%,,,WINNER,,LOSER,,0,WINNER,1,,0.00%,TOURNAMENT,WINNER,  - WINNER -  
  - LOSER -  , , ,  - VS -  ,BOVADA,0.00,0.00,,,,,,,,,0,0,0,0.00%,,,WINNER,,LOSER,,0,WINNER,1,,0.00%,TOURNAMENT,WINNER,  - WINNER -  
  - LOSER -  , , ,  - VS -  ,BOVADA,0.00,0.00,,,,,,,,,0,0,0,0.00%,,,WINNER,,LOSER,,0,WINNER,1,,0.00%,TOURNAMENT,WINNER,  - WINNER -  
  - LOSER -  , , ,  - VS -  ,BOVADA,0.00,0.00,,,,,,,,,0,0,0,0.00%,,,WINNER,,LOSER,,0,WINNER,1,,0.00%,TOURNAMENT,WINNER,  - WINNER -  
  - LOSER -  , , ,  - VS -  ,BOVADA,0.00,0.00,,,,,,,,,0,0,0,0.00%,,,WINNER,,LOSER,,0,WINNER,1,,0.00%,TOURNAMENT,WINNER,  - WINNER -  
  - LOSER -  , , ,  - VS -  ,BOVADA,0.00,0.00,,,,,,,,,0,0,0,0.00%,,,WINNER,,LOSER,,0,WINNER,1,,0.00%,TOURNAMENT,WINNER,  - WINNER -  
  - LOSER -  , , ,  - VS -  ,BOVADA,0.00,0.00,,,,,,,,,0,0,0,0.00%,,,WINNER,,LOSER,,0,WINNER,1,,0.00%,TOURNAMENT,WINNER,  - WINNER -  
  - LOSER -  , , ,  - VS -  ,BOVADA,0.00,0.00,,,,,,,,,0,0,0,0.00%,,,WINNER,,LOSER,,0,WINNER,1,,0.00%,TOURNAMENT,WINNER,  - WINNER -  
  - LOSER -  , , ,  - VS -  ,BOVADA,0.00,0.00,,,,,,,,,0,0,0,0.00%,,,WINNER,,LOSER,,0,WINNER,1,,0.00%,TOURNAMENT,WINNER,  - WINNER -  
  - LOSER -  , , ,  - VS -  ,BOVADA,0.00,0.00,,,,,,,,,0,0,0,0.00%,,,WINNER,,LOSER,,0,WINNER,1,,0.00%,TOURNAMENT,WINNER,  - WINNER -  
  - LOSER -  , , ,  - VS -  ,BOVADA,0.00,0.00,,,,,,,,,0,0,0,0.00%,,,WINNER,,LOSER,,0,WINNER,1,,0.00%,TOURNAMENT,WINNER,  - WINNER -  
  - LOSER -  , , ,  - VS -  ,BOVADA,0.00,0.00,,,,,,,,,0,0,0,0.00%,,,WINNER,,LOSER,,0,WINNER,1,,0.00%,TOURNAMENT,WINNER,  - WINNER -  
  - LOSER -  , , ,  - VS -  ,BOVADA,0.00,0.00,,,,,,,,,0,0,0,0.00%,,,WINNER,,LOSER,,0,WINNER,1,,0.00%,TOURNAMENT,WINNER,  - WINNER -  
  - LOSER -  , , ,  - VS -  ,BOVADA,0.00,0.00,,,,,,,,,0,0,0,0.00%,,,WINNER,,LOSER,,0,WINNER,1,,0.00%,TOURNAMENT,WINNER,  - WINNER -  
  - LOSER -  , , ,  - VS -  ,BOVADA,0.00,0.00,,,,,,,,,0,0,0,0.00%,,,WINNER,,LOSER,,0,WINNER,1,,0.00%,TOURNAMENT,WINNER,  - WINNER -  
  - LOSER -  , , ,  - VS -  ,BOVADA,0.00,0.00,,,,,,,,,0,0,0,0.00%,,,WINNER,,LOSER,,0,WINNER,1,,0.00%,TOURNAMENT,WINNER,  - WINNER -  
  - LOSER -  , , ,  - VS -  ,BOVADA,0.00,0.00,,,,,,,,,0,0,0,0.00%,,,WINNER,,LOSER,,0,WINNER,1,,0.00%,TOURNAMENT,WINNER,  - WINNER -  
  - LOSER -  , , ,  - VS -  ,BOVADA,0.00,0.00,,,,,,,,,0,0,0,0.00%,,,WINNER,,LOSER,,0,WINNER,1,,0.00%,TOURNAMENT,WINNER,  - WINNER -  
  - LOSER -  , , ,  - VS -  ,BOVADA,0.00,0.00,,,,,,,,,0,0,0,0.00%,,,WINNER,,LOSER,,0,WINNER,1,,0.00%,TOURNAMENT,WINNER,  - WINNER -  
  - LOSER -  , , ,  - VS -  ,BOVADA,0.00,0.00,,,,,,,,,0,0,0,0.00%,,,WINNER,,LOSER,,0,WINNER,1,,0.00%,TOURNAMENT,WINNER,  - WINNER -  
  - LOSER -  , , ,  - VS -  ,BOVADA,0.00,0.00,,,,,,,,,0,0,0,0.00%,,,WINNER,,LOSER,,0,WINNER,1,,0.00%,TOURNAMENT,WINNER,  - WINNER -  
  - LOSER -  , , ,  - VS -  ,BOVADA,0.00,0.00,,,,,,,,,0,0,0,0.00%,,,WINNER,,LOSER,,0,WINNER,1,,0.00%,TOURNAMENT,WINNER,  - WINNER -  
  - LOSER -  , , ,  - VS -  ,BOVADA,0.00,0.00,,,,,,,,,0,0,0,0.00%,,,WINNER,,LOSER,,0,WINNER,1,,0.00%,TOURNAMENT,WINNER,  - WINNER -  
  - LOSER -  , , ,  - VS -  ,BOVADA,0.00,0.00,,,,,,,,,0,0,0,0.00%,,,WINNER,,LOSER,,0,WINNER,1,,0.00%,TOURNAMENT,WINNER,  - WINNER -  
  - LOSER -  , , ,  - VS -  ,BOVADA,0.00,0.00,,,,,,,,,0,0,0,0.00%,,,WINNER,,LOSER,,0,WINNER,1,,0.00%,TOURNAMENT,WINNER,  - WINNER -  
  - LOSER -  , , ,  - VS -  ,BOVADA,0.00,0.00,,,,,,,,,0,0,0,0.00%,,,WINNER,,LOSER,,0,WINNER,1,,0.00%,TOURNAMENT,WINNER,  - WINNER -  
  - LOSER -  , , ,  - VS -  ,BOVADA,0.00,0.00,,,,,,,,,0,0,0,0.00%,,,WINNER,,LOSER,,0,WINNER,1,,0.00%,TOURNAMENT,WINNER,  - WINNER -  
  - LOSER -  , , ,  - VS -  ,BOVADA,0.00,0.00,,,,,,,,,0,0,0,0.00%,,,WINNER,,LOSER,,0,WINNER,1,,0.00%,TOURNAMENT,WINNER,  - WINNER -  
  - LOSER -  , , ,  - VS -  ,BOVADA,0.00,0.00,,,,,,,,,0,0,0,0.00%,,,WINNER,,LOSER,,0,WINNER,1,,0.00%,TOURNAMENT,WINNER,  - WINNER -  
  - LOSER -  , , ,  - VS -  ,BOVADA,0.00,0.00,,,,,,,,,0,0,0,0.00%,,,WINNER,,LOSER,,0,WINNER,1,,0.00%,TOURNAMENT,WINNER,  - WINNER -  
  - LOSER -  , , ,  - VS -  ,BOVADA,0.00,0.00,,,,,,,,,0,0,0,0.00%,,,WINNER,,LOSER,,0,WINNER,1,,0.00%,TOURNAMENT,WINNER,  - WINNER -  
  - LOSER -  , , ,  - VS -  ,BOVADA,0.00,0.00,,,,,,,,,0,0,0,0.00%,,,WINNER,,LOSER,,0,WINNER,1,,0.00%,TOURNAMENT,WINNER,  - WINNER -  
  - LOSER -  , , ,  - VS -  ,BOVADA,0.00,0.00,,,,,,,,,0,0,0,0.00%,,,WINNER,,LOSER,,0,WINNER,1,,0.00%,TOURNAMENT,WINNER,  - WINNER -  
  - LOSER -  , , ,  - VS -  ,BOVADA,0.00,0.00,,,,,,,,,0,0,0,0.00%,,,WINNER,,LOSER,,0,WINNER,1,,0.00%,TOURNAMENT,WINNER,  - WINNER -  
  - LOSER -  , , ,  - VS -  ,BOVADA,0.00,0.00,,,,,,,,,0,0,0,0.00%,,,WINNER,,LOSER,,0,WINNER,1,,0.00%,TOURNAMENT,WINNER,  - WINNER -  
  - LOSER -  , , ,  - VS -  ,BOVADA,0.00,0.00,,,,,,,,,0,0,0,0.00%,,,WINNER,,LOSER,,0,WINNER,1,,0.00%,TOURNAMENT,WINNER,  - WINNER -  
  - LOSER -  , , ,  - VS -  ,BOVADA,0.00,0.00,,,,,,,,,0,0,0,0.00%,,,WINNER,,LOSER,,0,WINNER,1,,0.00%,TOURNAMENT,WINNER,  - WINNER -  
  - LOSER -  , , ,  - VS -  ,BOVADA,0.00,0.00,,,,,,,,,0,0,0,0.00%,,,WINNER,,LOSER,,0,WINNER,1,,0.00%,TOURNAMENT,WINNER,  - WINNER -  
  - LOSER -  , , ,  - VS -  ,BOVADA,0.00,0.00,,,,,,,,,0,0,0,0.00%,,,WINNER,,LOSER,,0,WINNER,1,,0.00%,TOURNAMENT,WINNER,  - WINNER -  
  - LOSER -  , , ,  - VS -  ,BOVADA,0.00,0.00,,,,,,,,,0,0,0,0.00%,,,WINNER,,LOSER,,0,WINNER,1,,0.00%,TOURNAMENT,WINNER,  - WINNER -  
  - LOSER -  , , ,  - VS -  ,BOVADA,0.00,0.00,,,,,,,,,0,0,0,0.00%,,,WINNER,,LOSER,,0,WINNER,1,,0.00%,TOURNAMENT,WINNER,  - WINNER -  
  - LOSER -  , , ,  - VS -  ,BOVADA,0.00,0.00,,,,,,,,,0,0,0,0.00%,,,WINNER,,LOSER,,0,WINNER,1,,0.00%,TOURNAMENT,WINNER,  - WINNER -  
  - LOSER -  , , ,  - VS -  ,BOVADA,0.00,0.00,,,,,,,,,0,0,0,0.00%,,,WINNER,,LOSER,,0,WINNER,1,,0.00%,TOURNAMENT,WINNER,  - WINNER -  
  - LOSER -  , , ,  - VS -  ,BOVADA,0.00,0.00,,,,,,,,,0,0,0,0.00%,,,WINNER,,LOSER,,0,WINNER,1,,0.00%,TOURNAMENT,WINNER,  - WINNER -  
  - LOSER -  , , ,  - VS -  ,BOVADA,0.00,0.00,,,,,,,,,0,0,0,0.00%,,,WINNER,,LOSER,,0,WINNER,1,,0.00%,TOURNAMENT,WINNER,  - WINNER -  
  - LOSER -  , , ,  - VS -  ,BOVADA,0.00,0.00,,,,,,,,,0,0,0,0.00%,,,WINNER,,LOSER,,0,WINNER,1,,0.00%,TOURNAMENT,WINNER,  - WINNER -  
  - LOSER -  , , ,  - VS -  ,BOVADA,0.00,0.00,,,,,,,,,0,0,0,0.00%,,,WINNER,,LOSER,,0,WINNER,1,,0.00%,TOURNAMENT,WINNER,  - WINNER -  
  - LOSER -  , , ,  - VS -  ,BOVADA,0.00,0.00,,,,,,,,,0,0,0,0.00%,,,WINNER,,LOSER,,0,WINNER,1,,0.00%,TOURNAMENT,WINNER,  - WINNER -  
  - LOSER -  , , ,  - VS -  ,BOVADA,0.00,0.00,,,,,,,,,0,0,0,0.00%,,,WINNER,,LOSER,,0,WINNER,1,,0.00%,TOURNAMENT,WINNER,  - WINNER -  
  - LOSER -  , , ,  - VS -  ,BOVADA,0.00,0.00,,,,,,,,,0,0,0,0.00%,,,WINNER,,LOSER,,0,WINNER,1,,0.00%,TOURNAMENT,WINNER,  - WINNER -  
  - LOSER -  , , ,  - VS -  ,BOVADA,0.00,0.00,,,,,,,,,0,0,0,0.00%,,,WINNER,,LOSER,,0,WINNER,1,,0.00%,TOURNAMENT,WINNER,  - WINNER -  
  - LOSER -  , , ,  - VS -  ,BOVADA,0.00,0.00,,,,,,,,,0,0,0,0.00%,,,WINNER,,LOSER,,0,WINNER,1,,0.00%,TOURNAMENT,WINNER,  - WINNER -  
  - LOSER -  , , ,  - VS -  ,BOVADA,0.00,0.00,,,,,,,,,0,0,0,0.00%,,,WINNER,,LOSER,,0,WINNER,1,,0.00%,TOURNAMENT,WINNER,  - WINNER -  
  - LOSER -  , , ,  - VS -  ,BOVADA,0.00,0.00,,,,,,,,,0,0,0,0.00%,,,WINNER,,LOSER,,0,WINNER,1,,0.00%,TOURNAMENT,WINNER,  - WINNER -  
  - LOSER -  , , ,  - VS -  ,BOVADA,0.00,0.00,,,,,,,,,0,0,0,0.00%,,,WINNER,,LOSER,,0,WINNER,1,,0.00%,TOURNAMENT,WINNER,  - WINNER -  
  - LOSER -  , , ,  - VS -  ,BOVADA,0.00,0.00,,,,,,,,,0,0,0,0.00%,,,WINNER,,LOSER,,0,WINNER,1,,0.00%,TOURNAMENT,WINNER,  - WINNER -  
  - LOSER -  , , ,  - VS -  ,BOVADA,0.00,0.00,,,,,,,,,0,0,0,0.00%,,,WINNER,,LOSER,,0,WINNER,1,,0.00%,TOURNAMENT,WINNER,  - WINNER -  
  - LOSER -  , , ,  - VS -  ,BOVADA,0.00,0.00,,,,,,,,,0,0,0,0.00%,,,WINNER,,LOSER,,0,WINNER,1,,0.00%,TOURNAMENT,WINNER,  - WINNER -  
  - LOSER -  , , ,  - VS -  ,BOVADA,0.00,0.00,,,,,,,,,0,0,0,0.00%,,,WINNER,,LOSER,,0,WINNER,1,,0.00%,TOURNAMENT,WINNER,  - WINNER -  
  - LOSER -  , , ,  - VS -  ,BOVADA,0.00,0.00,,,,,,,,,0,0,0,0.00%,,,WINNER,,LOSER,,0,WINNER,1,,0.00%,TOURNAMENT,WINNER,  - WINNER -  
  - LOSER -  , , ,  - VS -  ,BOVADA,0.00,0.00,,,,,,,,,0,0,0,0.00%,,,WINNER,,LOSER,,0,WINNER,1,,0.00%,TOURNAMENT,WINNER,  - WINNER -  
  - LOSER -  , , ,  - VS -  ,BOVADA,0.00,0.00,,,,,,,,,0,0,0,0.00%,,,WINNER,,LOSER,,0,WINNER,1,,0.00%,TOURNAMENT,WINNER,  - WINNER -  
  - LOSER -  , , ,  - VS -  ,BOVADA,0.00,0.00,,,,,,,,,0,0,0,0.00%,,,WINNER,,LOSER,,0,WINNER,1,,0.00%,TOURNAMENT,WINNER,  - WINNER -  
  - LOSER -  , , ,  - VS -  ,BOVADA,0.00,0.00,,,,,,,,,0,0,0,0.00%,,,WINNER,,LOSER,,0,WINNER,1,,0.00%,TOURNAMENT,WINNER,  - WINNER -  
  - LOSER -  , , ,  - VS -  ,BOVADA,0.00,0.00,,,,,,,,,0,0,0,0.00%,,,WINNER,,LOSER,,0,WINNER,1,,0.00%,TOURNAMENT,WINNER,  - WINNER -  
  - LOSER -  , , ,  - VS -  ,BOVADA,0.00,0.00,,,,,,,,,0,0,0,0.00%,,,WINNER,,LOSER,,0,WINNER,1,,0.00%,TOURNAMENT,WINNER,  - WINNER -  
  - LOSER -  , , ,  - VS -  ,BOVADA,0.00,0.00,,,,,,,,,0,0,0,0.00%,,,WINNER,,LOSER,,0,WINNER,1,,0.00%,TOURNAMENT,WINNER,  - WINNER -  
  - LOSER -  , , ,  - VS -  ,BOVADA,0.00,0.00,,,,,,,,,0,0,0,0.00%,,,WINNER,,LOSER,,0,WINNER,1,,0.00%,TOURNAMENT,WINNER,  - WINNER -  
  - LOSER -  , , ,  - VS -  ,BOVADA,0.00,0.00,,,,,,,,,0,0,0,0.00%,,,WINNER,,LOSER,,0,WINNER,1,,0.00%,TOURNAMENT,WINNER,  - WINNER -  
,,,,,,,,,,,,,,,,0,0,0.00%,,,WINNER,,LOSER,,0,WINNER,1,,0.00%,TOURNAMENT,,
Tyler Duncan - LOSER - Ben Silverman,Tyler Duncan,Ben Silverman,Ben Silverman - VS - Tyler Duncan,CASESARS,180.00,200.00,2.8,3,0.4909090909,0.509090909,0.4900258217,0.5099741783,33.35,33.35,66.7,0.5,0.5,0.00%,-0.09%,0.09%,LOSER,0.91%,LOSER,,0,WINNER,0,0.91%,0.09%,TOURNAMENT,WINNER,Tyler Duncan - WINNER - Ben Silverman
Christiaan Bezuidenhout - LOSER - Erik Van Rooyen,Christiaan Bezuidenhout,Erik Van Rooyen,Erik Van Rooyen - VS - Christiaan Bezuidenhout,CASESARS,150.00,235.00,2.5,3.35,0.4610091743,0.538990826,0.4643728144,0.5356271856,34.14833333,41.08166667,75.23,0.4539190926,0.5460809074,0.00%,0.34%,-0.34%,LOSER,-0.71%,LOSER,,-0.09216181488,WINNER,0,-0.71%,-0.34%,TOURNAMENT,LOSER,Christiaan Bezuidenhout - LOSER - Erik Van Rooyen
Chris Kirk - LOSER - Billy Horschel,Chris Kirk,Billy Horschel,Billy Horschel - VS - Chris Kirk,CASESARS,130.00,140.00,2.3,2.4,0.4921135647,0.507886435,0.4989476318,0.5010523682,41.305,42.29833333,83.60333333,0.494059248,0.505940752,0.00%,0.68%,-0.68%,LOSER,0.19%,LOSER,,-0.01188150393,WINNER,0,0.19%,-0.68%,TOURNAMENT,WINNER,Chris Kirk - WINNER - Billy Horschel
Max Homa - LOSER - Nick Taylor,Max Homa,Nick Taylor,Nick Taylor - VS - Max Homa,CASESARS,180.00,205.00,2.8,3.05,0.4888691006,0.511130899,0.4938609954,0.5061390046,41.82166667,42.85333333,84.675,0.4939080799,0.5060919201,0.00%,0.50%,-0.50%,LOSER,0.50%,LOSER,,-0.01218384017,WINNER,0,0.50%,-0.50%,TOURNAMENT,WINNER,Max Homa - WINNER - Nick Taylor
Eric Cole - LOSER - Tony Finau,Eric Cole,Tony Finau,Tony Finau - VS - Eric Cole,CASESARS,130.00,220.00,2.3,3.2,0.4511930586,0.548806941,0.4530535598,0.5469464402,38.155,43.53333333,81.68833333,0.4670801624,0.5329198376,0.00%,0.19%,-0.19%,LOSER,1.59%,LOSER,,-0.06583967519,WINNER,0,1.59%,-0.19%,TOURNAMENT,WINNER,Eric Cole - WINNER - Tony Finau
Kevin Streelman - WINNER - Lucas Glover,Kevin Streelman,Lucas Glover,Lucas Glover - VS - Kevin Streelman,CASESARS,160.00,140.00,2.6,2.4,0.513368984,0.486631016,0.5059456117,0.4940543883,36.30166667,33.49,69.79166667,0.5201432836,0.4798567164,0.00%,-0.74%,0.74%,WINNER,0.68%,WINNER,,0.04028656716,LOSER,0,0.68%,0.74%,TOURNAMENT,WINNER,Kevin Streelman - WINNER - Lucas Glover
Lee Hodges - LOSER - Ben Kohles,Lee Hodges,Ben Kohles,Ben Kohles - VS - Lee Hodges,CASESARS,150.00,140.00,2.5,2.4,0.5070422535,0.492957746,0.5222786615,0.4777213385,42.53166667,39.33666667,81.86833333,0.5195130392,0.4804869608,0.00%,1.52%,-1.52%,WINNER,1.25%,LOSER,,0.03902607846,LOSER,0,1.25%,-1.52%,TOURNAMENT,WINNER,Lee Hodges - WINNER - Ben Kohles
Takumi Kanaya - LOSER - Emiliano Grillo,Takumi Kanaya,Emiliano Grillo,Emiliano Grillo - VS - Takumi Kanaya,CASESARS,220.00,170.00,3.2,2.7,0.5219683656,0.478031634,0.5337945217,0.4662054783,40.33166667,35.14,75.47166667,0.534394806,0.465605194,0.00%,1.18%,-1.18%,WINNER,1.24%,LOSER,,0.068789612,LOSER,0,1.24%,-1.18%,TOURNAMENT,WINNER,Takumi Kanaya - WINNER - Emiliano Grillo
Adam Svensson - WINNER - Brice Garnett,Adam Svensson,Brice Garnett,Brice Garnett - VS - Adam Svensson,CASESARS,190.00,215.00,2.9,3.15,0.4897708674,0.510229133,0.4851076095,0.5148923905,31.62833333,32.4,64.02833333,0.4939740219,0.5060259781,0.00%,-0.47%,0.47%,LOSER,0.42%,WINNER,,-0.01205195617,WINNER,0,0.42%,0.47%,TOURNAMENT,WINNER,Adam Svensson - WINNER - Brice Garnett
Justin Lower - WINNER - Beau Hossler,Justin Lower,Beau Hossler,Beau Hossler - VS - Justin Lower,CASESARS,205.00,125.00,3.05,2.25,0.5474777448,0.452522255,0.5396638655,0.4603361345,43.22333333,35.285,78.50833333,0.5505572657,0.4494427343,0.00%,-0.78%,0.78%,WINNER,0.31%,WINNER,,0.1011145314,LOSER,0,0.31%,0.78%,TOURNAMENT,WINNER,Justin Lower - WINNER - Beau Hossler
Marco Penge - LOSER - David Lingmerth,Marco Penge,David Lingmerth,David Lingmerth - VS - Marco Penge,CASESARS,0.00,0.00,,,,,0.4155376799,0.5844623201,25.75333333,44.98333333,70.73666667,0.3640733236,0.6359266764,0.00%,,,WINNER,,LOSER,,-0.2718533528,WINNER,1,,0.00%,TOURNAMENT,WINNER,Marco Penge - WINNER - David Lingmerth
A.J. Ewart - LOSER - Kristoffer Ventura,A.J. Ewart,Kristoffer Ventura,Kristoffer Ventura - VS - A.J. Ewart,CASESARS,0.00,0.00,,,,,0.5070555033,0.4929444967,34.95666667,34.95666667,69.91333333,0.5,0.5,0.00%,,,WINNER,,LOSER,,0,WINNER,1,,0.00%,TOURNAMENT,WINNER,A.J. Ewart - WINNER - Kristoffer Ventura
Tyson Shelley - LOSER - Davis Chatfield,Tyson Shelley,Davis Chatfield,Davis Chatfield - VS - Tyson Shelley,CASESARS,0.00,0.00,,,,,0.555868692,0.444131308,35.55833333,35.55833333,71.11666667,0.5,0.5,0.00%,,,WINNER,,LOSER,,0,WINNER,1,,0.00%,TOURNAMENT,WINNER,Tyson Shelley - WINNER - Davis Chatfield
Hayden Springer - LOSER - Marcelo Rozo,Hayden Springer,Marcelo Rozo,Marcelo Rozo - VS - Hayden Springer,CASESARS,0.00,0.00,,,,,0.4095948827,0.5904051173,28.805,37.68166667,66.48666667,0.4332447609,0.5667552391,0.00%,,,WINNER,,LOSER,,-0.1335104783,WINNER,1,,0.00%,TOURNAMENT,WINNER,Hayden Springer - WINNER - Marcelo Rozo
Chandler Blanchet - LOSER - Christo Lamprecht,Chandler Blanchet,Christo Lamprecht,Christo Lamprecht - VS - Chandler Blanchet,CASESARS,0.00,0.00,,,,,0.4390243902,0.5609756098,29.31,34.205,63.515,0.4614657955,0.5385342045,0.00%,,,WINNER,,LOSER,,-0.07706840904,WINNER,1,,0.00%,TOURNAMENT,WINNER,Chandler Blanchet - WINNER - Christo Lamprecht
Zach J. Johnson - LOSER - Zecheng Dou,Zach J. Johnson,Zecheng Dou,Zecheng Dou - VS - Zach J. Johnson,CASESARS,0.00,0.00,,,,,0.6285714286,0.3714285714,39.76333333,28.20833333,67.97166667,0.5849986514,0.4150013486,0.00%,,,WINNER,,LOSER,,0.1699973028,LOSER,0,,0.00%,TOURNAMENT,WINNER,Zach J. Johnson - WINNER - Zecheng Dou
Dylan Wu - WINNER - Patton Kizzire,Dylan Wu,Patton Kizzire,Patton Kizzire - VS - Dylan Wu,CASESARS,230.00,245.00,3.3,3.45,0.4953183521,0.504681648,0.4938296997,0.5061703003,30.06333333,31.53,61.59333333,0.4880939496,0.5119060504,0.00%,-0.15%,0.15%,LOSER,-0.72%,WINNER,,-0.02381210088,WINNER,0,-0.72%,0.15%,TOURNAMENT,LOSER,Dylan Wu - LOSER - Patton Kizzire
Doug Ghim - WINNER - Peter Malnati,Doug Ghim,Peter Malnati,Peter Malnati - VS - Doug Ghim,CASESARS,-180.00,320.00,1.555555556,4.2,0.4576271186,0.542372881,0.4496476676,0.5503523324,30.115,45.57333333,75.68833333,0.3978816638,0.6021183362,0.00%,-0.80%,0.80%,LOSER,-5.97%,WINNER,,-0.2042366723,WINNER,0,-5.97%,0.80%,TOURNAMENT,LOSER,Doug Ghim - LOSER - Peter Malnati
Patrick Rodgers - LOSER - Rafael Campos,Patrick Rodgers,Rafael Campos,Rafael Campos - VS - Patrick Rodgers,CASESARS,150.00,255.00,2.5,3.55,0.4551282051,0.544871795,0.4570629435,0.5429370565,23.96333333,36.56666667,60.53,0.3958918443,0.6041081557,0.00%,0.19%,-0.19%,LOSER,-5.92%,LOSER,,-0.2082163115,WINNER,0,-5.92%,-0.19%,TOURNAMENT,LOSER,Patrick Rodgers - LOSER - Rafael Campos
Mac Meissner - WINNER - Tom Hoge,Mac Meissner,Tom Hoge,Tom Hoge - VS - Mac Meissner,CASESARS,140.00,220.00,2.4,3.2,0.4590163934,0.540983607,0.4544147902,0.5455852098,35.16,41.38333333,76.54333333,0.4593476462,0.5406523538,0.00%,-0.46%,0.46%,LOSER,0.03%,WINNER,,-0.08130470757,WINNER,0,0.03%,0.46%,TOURNAMENT,LOSER,Mac Meissner - LOSER - Tom Hoge
Rasmus Hojgaard - LOSER - Max Greyserman,Rasmus Hojgaard,Max Greyserman,Max Greyserman - VS - Rasmus Hojgaard,CASESARS,180.00,180.00,2.8,2.8,0.5,0.500000000,0.5037861189,0.4962138811,40.47666667,41.64166667,82.11833333,0.4929065779,0.5070934221,0.00%,0.38%,-0.38%,LOSER,-0.71%,LOSER,,-0.01418684419,WINNER,0,-0.71%,-0.38%,TOURNAMENT,LOSER,Rasmus Hojgaard - LOSER - Max Greyserman
David Lipsky - LOSER - David Skinns,David Lipsky,David Skinns,David Skinns - VS - David Lipsky,CASESARS,155.00,180.00,2.55,2.8,0.4860022396,0.513997760,0.4921824662,0.5078175338,31.88333333,31.82,63.70333333,0.5004970959,0.4995029041,0.00%,0.62%,-0.62%,LOSER,1.45%,LOSER,1.45%,0.0009941918267,LOSER,1,1.45%,-0.62%,TOURNAMENT,WINNER,David Lipsky - WINNER - David Skinns
Ben James - LOSER - Michael Brennan,Ben James,Michael Brennan,Michael Brennan - VS - Ben James,CASESARS,0.00,0.00,,,,,0.5011297812,0.4988702188,44.11,44.11,88.22,0.5,0.5,0.00%,,,WINNER,,LOSER,,0,WINNER,1,,0.00%,TOURNAMENT,WINNER,Ben James - WINNER - Michael Brennan
Aaron Wise - LOSER - Kevin Yu,Aaron Wise,Kevin Yu,Kevin Yu - VS - Aaron Wise,CASESARS,245.00,100.00,3.45,2,0.5868263473,0.413173653,0.5989847716,0.4010152284,42.54166667,30.795,73.33666667,0.5800872688,0.4199127312,0.00%,1.22%,-1.22%,WINNER,-0.67%,LOSER,,0.1601745375,LOSER,0,-0.67%,-1.22%,TOURNAMENT,LOSER,Aaron Wise - LOSER - Kevin Yu
Matt McCarty - WINNER - Harry Hall,Matt McCarty,Harry Hall,Harry Hall - VS - Matt McCarty,CASESARS,180.00,160.00,2.8,2.6,0.5109170306,0.489082969,0.5084491652,0.4915508348,41.46333333,0,41.46333333,1,0,0.00%,-0.25%,0.25%,WINNER,,WINNER,,1,LOSER,0,48.91%,0.25%,TOURNAMENT,WINNER,Matt McCarty - WINNER - Harry Hall
Davis Riley - LOSER - Stephan Jaeger,Davis Riley,Stephan Jaeger,Stephan Jaeger - VS - Davis Riley,CASESARS,0.00,0.00,,,,,0.5528525448,0.4471474552,40.02833333,30.30333333,70.33166667,0.5691367094,0.4308632906,0.00%,,,WINNER,,LOSER,,0.1382734188,LOSER,0,,0.00%,TOURNAMENT,WINNER,Davis Riley - WINNER - Stephan Jaeger
Max McGreevy - LOSER - Zac Blair,Max McGreevy,Zac Blair,Zac Blair - VS - Max McGreevy,CASESARS,0.00,0.00,,,,,0.4961735715,0.5038264285,35.95833333,35.68666667,71.645,0.501895922,0.498104078,0.00%,,,WINNER,,LOSER,,0.003791844046,LOSER,0,,0.00%,TOURNAMENT,WINNER,Max McGreevy - WINNER - Zac Blair
Joe Highsmith - LOSER - Steven Fisk,Joe Highsmith,Steven Fisk,Steven Fisk - VS - Joe Highsmith,CASESARS,0.00,0.00,,,,,0.562384921,0.437615079,37.37166667,30.33,67.70166667,0.5520051205,0.4479948795,0.00%,,,WINNER,,LOSER,,0.104010241,LOSER,0,,0.00%,TOURNAMENT,WINNER,Joe Highsmith - WINNER - Steven Fisk
Andrew Putnam - LOSER - Joel Dahmen,Andrew Putnam,Joel Dahmen,Joel Dahmen - VS - Andrew Putnam,CASESARS,0.00,0.00,,,,,0.5257075371,0.4742924629,34.33166667,34.53833333,68.87,0.4984995886,0.5015004114,0.00%,,,WINNER,,LOSER,,-0.003000822806,WINNER,1,,0.00%,TOURNAMENT,WINNER,Andrew Putnam - WINNER - Joel Dahmen
Matt Wallace - WINNER - Seamus Power,Matt Wallace,Seamus Power,Seamus Power - VS - Matt Wallace,CASESARS,140.00,220.00,2.4,3.2,0.4590163934,0.540983607,0.451378297,0.548621703,37.32,43.17,80.49,0.463660082,0.536339918,0.00%,-0.76%,0.76%,LOSER,0.46%,WINNER,,-0.072679836,WINNER,0,0.46%,0.76%,TOURNAMENT,WINNER,Matt Wallace - WINNER - Seamus Power
Patrick Fishburn - WINNER - Kensei Hirata,Patrick Fishburn,Kensei Hirata,Kensei Hirata - VS - Patrick Fishburn,CASESARS,140.00,280.00,2.4,3.8,0.4418604651,0.558139535,0.4266503667,0.5733496333,25.44,35.695,61.135,0.4161282408,0.5838717592,0.00%,-1.52%,1.52%,LOSER,-2.57%,WINNER,,-0.1677435184,WINNER,0,-2.57%,1.52%,TOURNAMENT,LOSER,Patrick Fishburn - LOSER - Kensei Hirata
Haotong Li - LOSER - Michael Thompson,Haotong Li,Michael Thompson,Michael Thompson - VS - Haotong Li,CASESARS,0.00,0.00,,,,,0.4216738197,0.5783261803,27.39833333,27.39833333,54.79666667,0.5,0.5,0.00%,,,WINNER,,LOSER,,0,WINNER,1,,0.00%,TOURNAMENT,WINNER,Haotong Li - WINNER - Michael Thompson
Adrien Dumont De Chassart - LOSER - Paul Peterson,Adrien Dumont De Chassart,Paul Peterson,Paul Peterson - VS - Adrien Dumont De Chassart,CASESARS,0.00,0.00,,,,,0.4842767296,0.5157232704,31.175,34.34,65.515,0.4758452263,0.5241547737,0.00%,,,WINNER,,LOSER,,-0.04830954743,WINNER,1,,0.00%,TOURNAMENT,WINNER,Adrien Dumont De Chassart - WINNER - Paul Peterson
David Ford - LOSER - Jimmy Stanger,David Ford,Jimmy Stanger,Jimmy Stanger - VS - David Ford,CASESARS,0.00,0.00,,,,,0.4296572876,0.5703427124,29.33,36.44333333,65.77333333,0.4459254004,0.5540745996,0.00%,,,WINNER,,LOSER,,-0.1081491993,WINNER,1,,0.00%,TOURNAMENT,WINNER,David Ford - WINNER - Jimmy Stanger
Pontus Nyholm - LOSER - John VanDerLaan,Pontus Nyholm,John VanDerLaan,John VanDerLaan - VS - Pontus Nyholm,CASESARS,0.00,0.00,,,,,0.5246062992,0.4753937008,33.92166667,32.805,66.72666667,0.5083674693,0.4916325307,0.00%,,,WINNER,,LOSER,,0.01673493856,LOSER,0,,0.00%,TOURNAMENT,WINNER,Pontus Nyholm - WINNER - John VanDerLaan
Jesper Svensson - LOSER - Alejandro Tosti,Jesper Svensson,Alejandro Tosti,Alejandro Tosti - VS - Jesper Svensson,CASESARS,0.00,0.00,,,,,0.4482758621,0.5517241379,29.63333333,35.69833333,65.33166667,0.4535829996,0.5464170004,0.00%,,,WINNER,,LOSER,,-0.09283400087,WINNER,1,,0.00%,TOURNAMENT,WINNER,Jesper Svensson - WINNER - Alejandro Tosti
Hank Lebioda - LOSER - Harry Higgs,Hank Lebioda,Harry Higgs,Harry Higgs - VS - Hank Lebioda,CASESARS,185.00,205.00,2.85,3.05,0.4912929909,0.508707009,0.5020980977,0.4979019023,31.485,31.485,62.97,0.5,0.5,0.00%,1.08%,-1.08%,LOSER,0.87%,LOSER,,0,WINNER,0,0.87%,-1.08%,TOURNAMENT,WINNER,Hank Lebioda - WINNER - Harry Higgs
  - LOSER -  , , ,  - VS -  ,CASESARS,0.00,0.00,,,,,,,,,0,0,0,0.00%,,,WINNER,,LOSER,,0,WINNER,1,,0.00%,TOURNAMENT,WINNER,  - WINNER -  
  - LOSER -  , , ,  - VS -  ,CASESARS,0.00,0.00,,,,,,,,,0,0,0,0.00%,,,WINNER,,LOSER,,0,WINNER,1,,0.00%,TOURNAMENT,WINNER,  - WINNER -  
  - LOSER -  , , ,  - VS -  ,CASESARS,0.00,0.00,,,,,,,,,0,0,0,0.00%,,,WINNER,,LOSER,,0,WINNER,1,,0.00%,TOURNAMENT,WINNER,  - WINNER -  
  - LOSER -  , , ,  - VS -  ,CASESARS,0.00,0.00,,,,,,,,,0,0,0,0.00%,,,WINNER,,LOSER,,0,WINNER,1,,0.00%,TOURNAMENT,WINNER,  - WINNER -  
  - LOSER -  , , ,  - VS -  ,CASESARS,0.00,0.00,,,,,,,,,0,0,0,0.00%,,,WINNER,,LOSER,,0,WINNER,1,,0.00%,TOURNAMENT,WINNER,  - WINNER -  
  - LOSER -  , , ,  - VS -  ,CASESARS,0.00,0.00,,,,,,,,,0,0,0,0.00%,,,WINNER,,LOSER,,0,WINNER,1,,0.00%,TOURNAMENT,WINNER,  - WINNER -  
  - LOSER -  , , ,  - VS -  ,CASESARS,0.00,0.00,,,,,,,,,0,0,0,0.00%,,,WINNER,,LOSER,,0,WINNER,1,,0.00%,TOURNAMENT,WINNER,  - WINNER -  
  - LOSER -  , , ,  - VS -  ,CASESARS,0.00,0.00,,,,,,,,,0,0,0,0.00%,,,WINNER,,LOSER,,0,WINNER,1,,0.00%,TOURNAMENT,WINNER,  - WINNER -  
  - LOSER -  , , ,  - VS -  ,CASESARS,0.00,0.00,,,,,,,,,0,0,0,0.00%,,,WINNER,,LOSER,,0,WINNER,1,,0.00%,TOURNAMENT,WINNER,  - WINNER -  
  - LOSER -  , , ,  - VS -  ,CASESARS,0.00,0.00,,,,,,,,,0,0,0,0.00%,,,WINNER,,LOSER,,0,WINNER,1,,0.00%,TOURNAMENT,WINNER,  - WINNER -  
  - LOSER -  , , ,  - VS -  ,CASESARS,0.00,0.00,,,,,,,,,0,0,0,0.00%,,,WINNER,,LOSER,,0,WINNER,1,,0.00%,TOURNAMENT,WINNER,  - WINNER -  
  - LOSER -  , , ,  - VS -  ,CASESARS,0.00,0.00,,,,,,,,,0,0,0,0.00%,,,WINNER,,LOSER,,0,WINNER,1,,0.00%,TOURNAMENT,WINNER,  - WINNER -  
  - LOSER -  , , ,  - VS -  ,CASESARS,0.00,0.00,,,,,,,,,0,0,0,0.00%,,,WINNER,,LOSER,,0,WINNER,1,,0.00%,TOURNAMENT,WINNER,  - WINNER -  
  - LOSER -  , , ,  - VS -  ,CASESARS,0.00,0.00,,,,,,,,,0,0,0,0.00%,,,WINNER,,LOSER,,0,WINNER,1,,0.00%,TOURNAMENT,WINNER,  - WINNER -  
  - LOSER -  , , ,  - VS -  ,CASESARS,0.00,0.00,,,,,,,,,0,0,0,0.00%,,,WINNER,,LOSER,,0,WINNER,1,,0.00%,TOURNAMENT,WINNER,  - WINNER -  
  - LOSER -  , , ,  - VS -  ,CASESARS,0.00,0.00,,,,,,,,,0,0,0,0.00%,,,WINNER,,LOSER,,0,WINNER,1,,0.00%,TOURNAMENT,WINNER,  - WINNER -  
  - LOSER -  , , ,  - VS -  ,CASESARS,0.00,0.00,,,,,,,,,0,0,0,0.00%,,,WINNER,,LOSER,,0,WINNER,1,,0.00%,TOURNAMENT,WINNER,  - WINNER -  
  - LOSER -  , , ,  - VS -  ,CASESARS,0.00,0.00,,,,,,,,,0,0,0,0.00%,,,WINNER,,LOSER,,0,WINNER,1,,0.00%,TOURNAMENT,WINNER,  - WINNER -  
  - LOSER -  , , ,  - VS -  ,CASESARS,0.00,0.00,,,,,,,,,0,0,0,0.00%,,,WINNER,,LOSER,,0,WINNER,1,,0.00%,TOURNAMENT,WINNER,  - WINNER -  
  - LOSER -  , , ,  - VS -  ,CASESARS,0.00,0.00,,,,,,,,,0,0,0,0.00%,,,WINNER,,LOSER,,0,WINNER,1,,0.00%,TOURNAMENT,WINNER,  - WINNER -  
  - LOSER -  , , ,  - VS -  ,CASESARS,0.00,0.00,,,,,,,,,0,0,0,0.00%,,,WINNER,,LOSER,,0,WINNER,1,,0.00%,TOURNAMENT,WINNER,  - WINNER -  
  - LOSER -  , , ,  - VS -  ,CASESARS,0.00,0.00,,,,,,,,,0,0,0,0.00%,,,WINNER,,LOSER,,0,WINNER,1,,0.00%,TOURNAMENT,WINNER,  - WINNER -  
  - LOSER -  , , ,  - VS -  ,CASESARS,0.00,0.00,,,,,,,,,0,0,0,0.00%,,,WINNER,,LOSER,,0,WINNER,1,,0.00%,TOURNAMENT,WINNER,  - WINNER -  
  - LOSER -  , , ,  - VS -  ,CASESARS,0.00,0.00,,,,,,,,,0,0,0,0.00%,,,WINNER,,LOSER,,0,WINNER,1,,0.00%,TOURNAMENT,WINNER,  - WINNER -  
  - LOSER -  , , ,  - VS -  ,CASESARS,0.00,0.00,,,,,,,,,0,0,0,0.00%,,,WINNER,,LOSER,,0,WINNER,1,,0.00%,TOURNAMENT,WINNER,  - WINNER -  
  - LOSER -  , , ,  - VS -  ,CASESARS,0.00,0.00,,,,,,,,,0,0,0,0.00%,,,WINNER,,LOSER,,0,WINNER,1,,0.00%,TOURNAMENT,WINNER,  - WINNER -  
  - LOSER -  , , ,  - VS -  ,CASESARS,0.00,0.00,,,,,,,,,0,0,0,0.00%,,,WINNER,,LOSER,,0,WINNER,1,,0.00%,TOURNAMENT,WINNER,  - WINNER -  
  - LOSER -  , , ,  - VS -  ,CASESARS,0.00,0.00,,,,,,,,,0,0,0,0.00%,,,WINNER,,LOSER,,0,WINNER,1,,0.00%,TOURNAMENT,WINNER,  - WINNER -  
  - LOSER -  , , ,  - VS -  ,CASESARS,0.00,0.00,,,,,,,,,0,0,0,0.00%,,,WINNER,,LOSER,,0,WINNER,1,,0.00%,TOURNAMENT,WINNER,  - WINNER -  
  - LOSER -  , , ,  - VS -  ,CASESARS,0.00,0.00,,,,,,,,,0,0,0,0.00%,,,WINNER,,LOSER,,0,WINNER,1,,0.00%,TOURNAMENT,WINNER,  - WINNER -  
  - LOSER -  , , ,  - VS -  ,CASESARS,0.00,0.00,,,,,,,,,0,0,0,0.00%,,,WINNER,,LOSER,,0,WINNER,1,,0.00%,TOURNAMENT,WINNER,  - WINNER -  
  - LOSER -  , , ,  - VS -  ,CASESARS,0.00,0.00,,,,,,,,,0,0,0,0.00%,,,WINNER,,LOSER,,0,WINNER,1,,0.00%,TOURNAMENT,WINNER,  - WINNER -  
  - LOSER -  , , ,  - VS -  ,CASESARS,0.00,0.00,,,,,,,,,0,0,0,0.00%,,,WINNER,,LOSER,,0,WINNER,1,,0.00%,TOURNAMENT,WINNER,  - WINNER -  
  - LOSER -  , , ,  - VS -  ,CASESARS,0.00,0.00,,,,,,,,,0,0,0,0.00%,,,WINNER,,LOSER,,0,WINNER,1,,0.00%,TOURNAMENT,WINNER,  - WINNER -  
  - LOSER -  , , ,  - VS -  ,CASESARS,0.00,0.00,,,,,,,,,0,0,0,0.00%,,,WINNER,,LOSER,,0,WINNER,1,,0.00%,TOURNAMENT,WINNER,  - WINNER -  
  - LOSER -  , , ,  - VS -  ,CASESARS,0.00,0.00,,,,,,,,,0,0,0,0.00%,,,WINNER,,LOSER,,0,WINNER,1,,0.00%,TOURNAMENT,WINNER,  - WINNER -  
  - LOSER -  , , ,  - VS -  ,CASESARS,0.00,0.00,,,,,,,,,0,0,0,0.00%,,,WINNER,,LOSER,,0,WINNER,1,,0.00%,TOURNAMENT,WINNER,  - WINNER -  
  - LOSER -  , , ,  - VS -  ,CASESARS,0.00,0.00,,,,,,,,,0,0,0,0.00%,,,WINNER,,LOSER,,0,WINNER,1,,0.00%,TOURNAMENT,WINNER,  - WINNER -  
  - LOSER -  , , ,  - VS -  ,CASESARS,0.00,0.00,,,,,,,,,0,0,0,0.00%,,,WINNER,,LOSER,,0,WINNER,1,,0.00%,TOURNAMENT,WINNER,  - WINNER -  
  - LOSER -  , , ,  - VS -  ,CASESARS,0.00,0.00,,,,,,,,,0,0,0,0.00%,,,WINNER,,LOSER,,0,WINNER,1,,0.00%,TOURNAMENT,WINNER,  - WINNER -  
  - LOSER -  , , ,  - VS -  ,CASESARS,0.00,0.00,,,,,,,,,0,0,0,0.00%,,,WINNER,,LOSER,,0,WINNER,1,,0.00%,TOURNAMENT,WINNER,  - WINNER -  
  - LOSER -  , , ,  - VS -  ,CASESARS,0.00,0.00,,,,,,,,,0,0,0,0.00%,,,WINNER,,LOSER,,0,WINNER,1,,0.00%,TOURNAMENT,WINNER,  - WINNER -  
  - LOSER -  , , ,  - VS -  ,CASESARS,0.00,0.00,,,,,,,,,0,0,0,0.00%,,,WINNER,,LOSER,,0,WINNER,1,,0.00%,TOURNAMENT,WINNER,  - WINNER -  
  - LOSER -  , , ,  - VS -  ,CASESARS,0.00,0.00,,,,,,,,,0,0,0,0.00%,,,WINNER,,LOSER,,0,WINNER,1,,0.00%,TOURNAMENT,WINNER,  - WINNER -  
  - LOSER -  , , ,  - VS -  ,CASESARS,0.00,0.00,,,,,,,,,0,0,0,0.00%,,,WINNER,,LOSER,,0,WINNER,1,,0.00%,TOURNAMENT,WINNER,  - WINNER -  
  - LOSER -  , , ,  - VS -  ,CASESARS,0.00,0.00,,,,,,,,,0,0,0,0.00%,,,WINNER,,LOSER,,0,WINNER,1,,0.00%,TOURNAMENT,WINNER,  - WINNER -  
  - LOSER -  , , ,  - VS -  ,CASESARS,0.00,0.00,,,,,,,,,0,0,0,0.00%,,,WINNER,,LOSER,,0,WINNER,1,,0.00%,TOURNAMENT,WINNER,  - WINNER -  
  - LOSER -  , , ,  - VS -  ,CASESARS,0.00,0.00,,,,,,,,,0,0,0,0.00%,,,WINNER,,LOSER,,0,WINNER,1,,0.00%,TOURNAMENT,WINNER,  - WINNER -  
  - LOSER -  , , ,  - VS -  ,CASESARS,0.00,0.00,,,,,,,,,0,0,0,0.00%,,,WINNER,,LOSER,,0,WINNER,1,,0.00%,TOURNAMENT,WINNER,  - WINNER -  
  - LOSER -  , , ,  - VS -  ,CASESARS,0.00,0.00,,,,,,,,,0,0,0,0.00%,,,WINNER,,LOSER,,0,WINNER,1,,0.00%,TOURNAMENT,WINNER,  - WINNER -  
  - LOSER -  , , ,  - VS -  ,CASESARS,0.00,0.00,,,,,,,,,0,0,0,0.00%,,,WINNER,,LOSER,,0,WINNER,1,,0.00%,TOURNAMENT,WINNER,  - WINNER -  
  - LOSER -  , , ,  - VS -  ,CASESARS,0.00,0.00,,,,,,,,,0,0,0,0.00%,,,WINNER,,LOSER,,0,WINNER,1,,0.00%,TOURNAMENT,WINNER,  - WINNER -  
  - LOSER -  , , ,  - VS -  ,CASESARS,0.00,0.00,,,,,,,,,0,0,0,0.00%,,,WINNER,,LOSER,,0,WINNER,1,,0.00%,TOURNAMENT,WINNER,  - WINNER -  
  - LOSER -  , , ,  - VS -  ,CASESARS,0.00,0.00,,,,,,,,,0,0,0,0.00%,,,WINNER,,LOSER,,0,WINNER,1,,0.00%,TOURNAMENT,WINNER,  - WINNER -  
  - LOSER -  , , ,  - VS -  ,CASESARS,0.00,0.00,,,,,,,,,0,0,0,0.00%,,,WINNER,,LOSER,,0,WINNER,1,,0.00%,TOURNAMENT,WINNER,  - WINNER -  
  - LOSER -  , , ,  - VS -  ,CASESARS,0.00,0.00,,,,,,,,,0,0,0,0.00%,,,WINNER,,LOSER,,0,WINNER,1,,0.00%,TOURNAMENT,WINNER,  - WINNER -  
  - LOSER -  , , ,  - VS -  ,CASESARS,0.00,0.00,,,,,,,,,0,0,0,0.00%,,,WINNER,,LOSER,,0,WINNER,1,,0.00%,TOURNAMENT,WINNER,  - WINNER -  
  - LOSER -  , , ,  - VS -  ,CASESARS,0.00,0.00,,,,,,,,,0,0,0,0.00%,,,WINNER,,LOSER,,0,WINNER,1,,0.00%,TOURNAMENT,WINNER,  - WINNER -  
  - LOSER -  , , ,  - VS -  ,CASESARS,0.00,0.00,,,,,,,,,0,0,0,0.00%,,,WINNER,,LOSER,,0,WINNER,1,,0.00%,TOURNAMENT,WINNER,  - WINNER -  
  - LOSER -  , , ,  - VS -  ,CASESARS,0.00,0.00,,,,,,,,,0,0,0,0.00%,,,WINNER,,LOSER,,0,WINNER,1,,0.00%,TOURNAMENT,WINNER,  - WINNER -  
  - LOSER -  , , ,  - VS -  ,CASESARS,0.00,0.00,,,,,,,,,0,0,0,0.00%,,,WINNER,,LOSER,,0,WINNER,1,,0.00%,TOURNAMENT,WINNER,  - WINNER -  
  - LOSER -  , , ,  - VS -  ,CASESARS,0.00,0.00,,,,,,,,,0,0,0,0.00%,,,WINNER,,LOSER,,0,WINNER,1,,0.00%,TOURNAMENT,WINNER,  - WINNER -  
  - LOSER -  , , ,  - VS -  ,CASESARS,0.00,0.00,,,,,,,,,0,0,0,0.00%,,,WINNER,,LOSER,,0,WINNER,1,,0.00%,TOURNAMENT,WINNER,  - WINNER -  
  - LOSER -  , , ,  - VS -  ,CASESARS,0.00,0.00,,,,,,,,,0,0,0,0.00%,,,WINNER,,LOSER,,0,WINNER,1,,0.00%,TOURNAMENT,WINNER,  - WINNER -  
  - LOSER -  , , ,  - VS -  ,CASESARS,0.00,0.00,,,,,,,,,0,0,0,0.00%,,,WINNER,,LOSER,,0,WINNER,1,,0.00%,TOURNAMENT,WINNER,  - WINNER -  
  - LOSER -  , , ,  - VS -  ,CASESARS,0.00,0.00,,,,,,,,,0,0,0,0.00%,,,WINNER,,LOSER,,0,WINNER,1,,0.00%,TOURNAMENT,WINNER,  - WINNER -  
  - LOSER -  , , ,  - VS -  ,CASESARS,0.00,0.00,,,,,,,,,0,0,0,0.00%,,,WINNER,,LOSER,,0,WINNER,1,,0.00%,TOURNAMENT,WINNER,  - WINNER -  
  - LOSER -  , , ,  - VS -  ,CASESARS,0.00,0.00,,,,,,,,,0,0,0,0.00%,,,WINNER,,LOSER,,0,WINNER,1,,0.00%,TOURNAMENT,WINNER,  - WINNER -  
  - LOSER -  , , ,  - VS -  ,CASESARS,0.00,0.00,,,,,,,,,0,0,0,0.00%,,,WINNER,,LOSER,,0,WINNER,1,,0.00%,TOURNAMENT,WINNER,  - WINNER -  
  - LOSER -  , , ,  - VS -  ,CASESARS,0.00,0.00,,,,,,,,,0,0,0,0.00%,,,WINNER,,LOSER,,0,WINNER,1,,0.00%,TOURNAMENT,WINNER,  - WINNER -  
  - LOSER -  , , ,  - VS -  ,CASESARS,0.00,0.00,,,,,,,,,0,0,0,0.00%,,,WINNER,,LOSER,,0,WINNER,1,,0.00%,TOURNAMENT,WINNER,  - WINNER -  
  - LOSER -  , , ,  - VS -  ,CASESARS,0.00,0.00,,,,,,,,,0,0,0,0.00%,,,WINNER,,LOSER,,0,WINNER,1,,0.00%,TOURNAMENT,WINNER,  - WINNER -  
  - LOSER -  , , ,  - VS -  ,CASESARS,0.00,0.00,,,,,,,,,0,0,0,0.00%,,,WINNER,,LOSER,,0,WINNER,1,,0.00%,TOURNAMENT,WINNER,  - WINNER -  
  - LOSER -  , , ,  - VS -  ,CASESARS,0.00,0.00,,,,,,,,,0,0,0,0.00%,,,WINNER,,LOSER,,0,WINNER,1,,0.00%,TOURNAMENT,WINNER,  - WINNER -  
  - LOSER -  , , ,  - VS -  ,CASESARS,0.00,0.00,,,,,,,,,0,0,0,0.00%,,,WINNER,,LOSER,,0,WINNER,1,,0.00%,TOURNAMENT,WINNER,  - WINNER -  
  - LOSER -  , , ,  - VS -  ,CASESARS,0.00,0.00,,,,,,,,,0,0,0,0.00%,,,WINNER,,LOSER,,0,WINNER,1,,0.00%,TOURNAMENT,WINNER,  - WINNER -  
  - LOSER -  , , ,  - VS -  ,CASESARS,0.00,0.00,,,,,,,,,0,0,0,0.00%,,,WINNER,,LOSER,,0,WINNER,1,,0.00%,TOURNAMENT,WINNER,  - WINNER -  
  - LOSER -  , , ,  - VS -  ,CASESARS,0.00,0.00,,,,,,,,,0,0,0,0.00%,,,WINNER,,LOSER,,0,WINNER,1,,0.00%,TOURNAMENT,WINNER,  - WINNER -  
  - LOSER -  , , ,  - VS -  ,CASESARS,0.00,0.00,,,,,,,,,0,0,0,0.00%,,,WINNER,,LOSER,,0,WINNER,1,,0.00%,TOURNAMENT,WINNER,  - WINNER -  
  - LOSER -  , , ,  - VS -  ,CASESARS,0.00,0.00,,,,,,,,,0,0,0,0.00%,,,WINNER,,LOSER,,0,WINNER,1,,0.00%,TOURNAMENT,WINNER,  - WINNER -  
  - LOSER -  , , ,  - VS -  ,CASESARS,0.00,0.00,,,,,,,,,0,0,0,0.00%,,,WINNER,,LOSER,,0,WINNER,1,,0.00%,TOURNAMENT,WINNER,  - WINNER -  
  - LOSER -  , , ,  - VS -  ,CASESARS,0.00,0.00,,,,,,,,,0,0,0,0.00%,,,WINNER,,LOSER,,0,WINNER,1,,0.00%,TOURNAMENT,WINNER,  - WINNER -  
  - LOSER -  , , ,  - VS -  ,CASESARS,0.00,0.00,,,,,,,,,0,0,0,0.00%,,,WINNER,,LOSER,,0,WINNER,1,,0.00%,TOURNAMENT,WINNER,  - WINNER -  
  - LOSER -  , , ,  - VS -  ,CASESARS,0.00,0.00,,,,,,,,,0,0,0,0.00%,,,WINNER,,LOSER,,0,WINNER,1,,0.00%,TOURNAMENT,WINNER,  - WINNER -  
  - LOSER -  , , ,  - VS -  ,CASESARS,0.00,0.00,,,,,,,,,0,0,0,0.00%,,,WINNER,,LOSER,,0,WINNER,1,,0.00%,TOURNAMENT,WINNER,  - WINNER -  
  - LOSER -  , , ,  - VS -  ,CASESARS,0.00,0.00,,,,,,,,,0,0,0,0.00%,,,WINNER,,LOSER,,0,WINNER,1,,0.00%,TOURNAMENT,WINNER,  - WINNER -  
  - LOSER -  , , ,  - VS -  ,CASESARS,0.00,0.00,,,,,,,,,0,0,0,0.00%,,,WINNER,,LOSER,,0,WINNER,1,,0.00%,TOURNAMENT,WINNER,  - WINNER -  
  - LOSER -  , , ,  - VS -  ,CASESARS,0.00,0.00,,,,,,,,,0,0,0,0.00%,,,WINNER,,LOSER,,0,WINNER,1,,0.00%,TOURNAMENT,WINNER,  - WINNER -  
  - LOSER -  , , ,  - VS -  ,CASESARS,0.00,0.00,,,,,,,,,0,0,0,0.00%,,,WINNER,,LOSER,,0,WINNER,1,,0.00%,TOURNAMENT,WINNER,  - WINNER -  
  - LOSER -  , , ,  - VS -  ,CASESARS,0.00,0.00,,,,,,,,,0,0,0,0.00%,,,WINNER,,LOSER,,0,WINNER,1,,0.00%,TOURNAMENT,WINNER,  - WINNER -  
  - LOSER -  , , ,  - VS -  ,CASESARS,0.00,0.00,,,,,,,,,0,0,0,0.00%,,,WINNER,,LOSER,,0,WINNER,1,,0.00%,TOURNAMENT,WINNER,  - WINNER -  
  - LOSER -  , , ,  - VS -  ,CASESARS,0.00,0.00,,,,,,,,,0,0,0,0.00%,,,WINNER,,LOSER,,0,WINNER,1,,0.00%,TOURNAMENT,WINNER,  - WINNER -  
  - LOSER -  , , ,  - VS -  ,CASESARS,0.00,0.00,,,,,,,,,0,0,0,0.00%,,,WINNER,,LOSER,,0,WINNER,1,,0.00%,TOURNAMENT,WINNER,  - WINNER -  
  - LOSER -  , , ,  - VS -  ,CASESARS,0.00,0.00,,,,,,,,,0,0,0,0.00%,,,WINNER,,LOSER,,0,WINNER,1,,0.00%,TOURNAMENT,WINNER,  - WINNER -  
  - LOSER -  , , ,  - VS -  ,CASESARS,0.00,0.00,,,,,,,,,0,0,0,0.00%,,,WINNER,,LOSER,,0,WINNER,1,,0.00%,TOURNAMENT,WINNER,  - WINNER -  
  - LOSER -  , , ,  - VS -  ,CASESARS,0.00,0.00,,,,,,,,,0,0,0,0.00%,,,WINNER,,LOSER,,0,WINNER,1,,0.00%,TOURNAMENT,WINNER,  - WINNER -  
  - LOSER -  , , ,  - VS -  ,CASESARS,0.00,0.00,,,,,,,,,0,0,0,0.00%,,,WINNER,,LOSER,,0,WINNER,1,,0.00%,TOURNAMENT,WINNER,  - WINNER -  
  - LOSER -  , , ,  - VS -  ,CASESARS,0.00,0.00,,,,,,,,,0,0,0,0.00%,,,WINNER,,LOSER,,0,WINNER,1,,0.00%,TOURNAMENT,WINNER,  - WINNER -  
  - LOSER -  , , ,  - VS -  ,CASESARS,0.00,0.00,,,,,,,,,0,0,0,0.00%,,,WINNER,,LOSER,,0,WINNER,1,,0.00%,TOURNAMENT,WINNER,  - WINNER -  
  - LOSER -  , , ,  - VS -  ,CASESARS,0.00,0.00,,,,,,,,,0,0,0,0.00%,,,WINNER,,LOSER,,0,WINNER,1,,0.00%,TOURNAMENT,WINNER,  - WINNER -  
  - LOSER -  , , ,  - VS -  ,CASESARS,0.00,0.00,,,,,,,,,0,0,0,0.00%,,,WINNER,,LOSER,,0,WINNER,1,,0.00%,TOURNAMENT,WINNER,  - WINNER -  
  - LOSER -  , , ,  - VS -  ,CASESARS,0.00,0.00,,,,,,,,,0,0,0,0.00%,,,WINNER,,LOSER,,0,WINNER,1,,0.00%,TOURNAMENT,WINNER,  - WINNER -  
  - LOSER -  , , ,  - VS -  ,CASESARS,0.00,0.00,,,,,,,,,0,0,0,0.00%,,,WINNER,,LOSER,,0,WINNER,1,,0.00%,TOURNAMENT,WINNER,  - WINNER -  
  - LOSER -  , , ,  - VS -  ,CASESARS,0.00,0.00,,,,,,,,,0,0,0,0.00%,,,WINNER,,LOSER,,0,WINNER,1,,0.00%,TOURNAMENT,WINNER,  - WINNER -  
  - LOSER -  , , ,  - VS -  ,CASESARS,0.00,0.00,,,,,,,,,0,0,0,0.00%,,,WINNER,,LOSER,,0,WINNER,1,,0.00%,TOURNAMENT,WINNER,  - WINNER -  
  - LOSER -  , , ,  - VS -  ,CASESARS,0.00,0.00,,,,,,,,,0,0,0,0.00%,,,WINNER,,LOSER,,0,WINNER,1,,0.00%,TOURNAMENT,WINNER,  - WINNER -  
  - LOSER -  , , ,  - VS -  ,CASESARS,0.00,0.00,,,,,,,,,0,0,0,0.00%,,,WINNER,,LOSER,,0,WINNER,1,,0.00%,TOURNAMENT,WINNER,  - WINNER -  
  - LOSER -  , , ,  - VS -  ,CASESARS,0.00,0.00,,,,,,,,,0,0,0,0.00%,,,WINNER,,LOSER,,0,WINNER,1,,0.00%,TOURNAMENT,WINNER,  - WINNER -  
  - LOSER -  , , ,  - VS -  ,CASESARS,0.00,0.00,,,,,,,,,0,0,0,0.00%,,,WINNER,,LOSER,,0,WINNER,1,,0.00%,TOURNAMENT,WINNER,  - WINNER -  
  - LOSER -  , , ,  - VS -  ,CASESARS,0.00,0.00,,,,,,,,,0,0,0,0.00%,,,WINNER,,LOSER,,0,WINNER,1,,0.00%,TOURNAMENT,WINNER,  - WINNER -  
  - LOSER -  , , ,  - VS -  ,CASESARS,0.00,0.00,,,,,,,,,0,0,0,0.00%,,,WINNER,,LOSER,,0,WINNER,1,,0.00%,TOURNAMENT,WINNER,  - WINNER -  
  - LOSER -  , , ,  - VS -  ,CASESARS,0.00,0.00,,,,,,,,,0,0,0,0.00%,,,WINNER,,LOSER,,0,WINNER,1,,0.00%,TOURNAMENT,WINNER,  - WINNER -  
  - LOSER -  , , ,  - VS -  ,CASESARS,0.00,0.00,,,,,,,,,0,0,0,0.00%,,,WINNER,,LOSER,,0,WINNER,1,,0.00%,TOURNAMENT,WINNER,  - WINNER -  
  - LOSER -  , , ,  - VS -  ,CASESARS,0.00,0.00,,,,,,,,,0,0,0,0.00%,,,WINNER,,LOSER,,0,WINNER,1,,0.00%,TOURNAMENT,WINNER,  - WINNER -  
  - LOSER -  , , ,  - VS -  ,CASESARS,0.00,0.00,,,,,,,,,0,0,0,0.00%,,,WINNER,,LOSER,,0,WINNER,1,,0.00%,TOURNAMENT,WINNER,  - WINNER -  
  - LOSER -  , , ,  - VS -  ,CASESARS,0.00,0.00,,,,,,,,,0,0,0,0.00%,,,WINNER,,LOSER,,0,WINNER,1,,0.00%,TOURNAMENT,WINNER,  - WINNER -  
  - LOSER -  , , ,  - VS -  ,CASESARS,0.00,0.00,,,,,,,,,0,0,0,0.00%,,,WINNER,,LOSER,,0,WINNER,1,,0.00%,TOURNAMENT,WINNER,  - WINNER -  
  - LOSER -  , , ,  - VS -  ,CASESARS,0.00,0.00,,,,,,,,,0,0,0,0.00%,,,WINNER,,LOSER,,0,WINNER,1,,0.00%,TOURNAMENT,WINNER,  - WINNER -  
  - LOSER -  , , ,  - VS -  ,CASESARS,0.00,0.00,,,,,,,,,0,0,0,0.00%,,,WINNER,,LOSER,,0,WINNER,1,,0.00%,TOURNAMENT,WINNER,  - WINNER -  
  - LOSER -  , , ,  - VS -  ,CASESARS,0.00,0.00,,,,,,,,,0,0,0,0.00%,,,WINNER,,LOSER,,0,WINNER,1,,0.00%,TOURNAMENT,WINNER,  - WINNER -  
  - LOSER -  , , ,  - VS -  ,CASESARS,0.00,0.00,,,,,,,,,0,0,0,0.00%,,,WINNER,,LOSER,,0,WINNER,1,,0.00%,TOURNAMENT,WINNER,  - WINNER -  
  - LOSER -  , , ,  - VS -  ,CASESARS,0.00,0.00,,,,,,,,,0,0,0,0.00%,,,WINNER,,LOSER,,0,WINNER,1,,0.00%,TOURNAMENT,WINNER,  - WINNER -  
  - LOSER -  , , ,  - VS -  ,CASESARS,0.00,0.00,,,,,,,,,0,0,0,0.00%,,,WINNER,,LOSER,,0,WINNER,1,,0.00%,TOURNAMENT,WINNER,  - WINNER -  
  - LOSER -  , , ,  - VS -  ,CASESARS,0.00,0.00,,,,,,,,,0,0,0,0.00%,,,WINNER,,LOSER,,0,WINNER,1,,0.00%,TOURNAMENT,WINNER,  - WINNER -  
  - LOSER -  , , ,  - VS -  ,CASESARS,0.00,0.00,,,,,,,,,0,0,0,0.00%,,,WINNER,,LOSER,,0,WINNER,1,,0.00%,TOURNAMENT,WINNER,  - WINNER -  
  - LOSER -  , , ,  - VS -  ,CASESARS,0.00,0.00,,,,,,,,,0,0,0,0.00%,,,WINNER,,LOSER,,0,WINNER,1,,0.00%,TOURNAMENT,WINNER,  - WINNER -  
  - LOSER -  , , ,  - VS -  ,CASESARS,0.00,0.00,,,,,,,,,0,0,0,0.00%,,,WINNER,,LOSER,,0,WINNER,1,,0.00%,TOURNAMENT,WINNER,  - WINNER -  
,,,,,,,,,,,,,,,,0,0,0.00%,,,WINNER,,LOSER,,0,WINNER,1,,0.00%,TOURNAMENT,,
,,,,,,,,,,,,,,,,0,0,0.00%,,,WINNER,,LOSER,,0,WINNER,1,,0.00%,TOURNAMENT,,
,,,,,,,,,,,,,,,,0,0,0.00%,,,WINNER,,LOSER,,0,WINNER,1,,0.00%,TOURNAMENT,,
,,,,,,,,,,,,,,,,0,0,0.00%,,,WINNER,,LOSER,,0,WINNER,1,,0.00%,TOURNAMENT,,
,,,,,,,,,,,,,,,,0,0,0.00%,,,WINNER,,LOSER,,0,WINNER,1,,0.00%,TOURNAMENT,,
Tyler Duncan - LOSER - Ben Silverman,Tyler Duncan,Ben Silverman,Ben Silverman - VS - Tyler Duncan,BETONLINE,0.00,0.00,,,,,0.4900258217,0.5099741783,33.35,33.35,66.7,0.5,0.5,0.00%,,,WINNER,,LOSER,,0,WINNER,1,,0.00%,TOURNAMENT,WINNER,Tyler Duncan - WINNER - Ben Silverman
Christiaan Bezuidenhout - WINNER - Erik Van Rooyen,Christiaan Bezuidenhout,Erik Van Rooyen,Erik Van Rooyen - VS - Christiaan Bezuidenhout,BETONLINE,170.00,250.00,2.7,3.5,0.468503937,0.531496063,0.4643728144,0.5356271856,34.14833333,41.08166667,75.23,0.4539190926,0.5460809074,0.00%,-0.41%,0.41%,LOSER,-1.46%,WINNER,,-0.09216181488,WINNER,0,-1.46%,0.41%,TOURNAMENT,LOSER,Christiaan Bezuidenhout - LOSER - Erik Van Rooyen
Chris Kirk - LOSER - Billy Horschel,Chris Kirk,Billy Horschel,Billy Horschel - VS - Chris Kirk,BETONLINE,0.00,0.00,,,,,0.4989476318,0.5010523682,41.305,42.29833333,83.60333333,0.494059248,0.505940752,0.00%,,,WINNER,,LOSER,,-0.01188150393,WINNER,1,,0.00%,TOURNAMENT,WINNER,Chris Kirk - WINNER - Billy Horschel
Max Homa - WINNER - Nick Taylor,Max Homa,Nick Taylor,Nick Taylor - VS - Max Homa,BETONLINE,195.00,200.00,2.95,3,0.4978723404,0.502127660,0.4938609954,0.5061390046,41.82166667,42.85333333,84.675,0.4939080799,0.5060919201,0.00%,-0.40%,0.40%,LOSER,-0.40%,WINNER,,-0.01218384017,WINNER,0,-0.40%,0.40%,TOURNAMENT,LOSER,Max Homa - LOSER - Nick Taylor
Eric Cole - LOSER - Tony Finau,Eric Cole,Tony Finau,Tony Finau - VS - Eric Cole,BETONLINE,115.00,225.00,2.15,3.25,0.4358600583,0.564139942,0.4530535598,0.5469464402,38.155,43.53333333,81.68833333,0.4670801624,0.5329198376,0.00%,1.72%,-1.72%,LOSER,3.12%,LOSER,,-0.06583967519,WINNER,0,3.12%,-1.72%,TOURNAMENT,WINNER,Eric Cole - WINNER - Tony Finau
Kevin Streelman - LOSER - Lucas Glover,Kevin Streelman,Lucas Glover,Lucas Glover - VS - Kevin Streelman,BETONLINE,0.00,0.00,,,,,0.5059456117,0.4940543883,36.30166667,33.49,69.79166667,0.5201432836,0.4798567164,0.00%,,,WINNER,,LOSER,,0.04028656716,LOSER,0,,0.00%,TOURNAMENT,WINNER,Kevin Streelman - WINNER - Lucas Glover
Lee Hodges - LOSER - Ben Kohles,Lee Hodges,Ben Kohles,Ben Kohles - VS - Lee Hodges,BETONLINE,0.00,0.00,,,,,0.5222786615,0.4777213385,42.53166667,39.33666667,81.86833333,0.5195130392,0.4804869608,0.00%,,,WINNER,,LOSER,,0.03902607846,LOSER,0,,0.00%,TOURNAMENT,WINNER,Lee Hodges - WINNER - Ben Kohles
Takumi Kanaya - LOSER - Emiliano Grillo,Takumi Kanaya,Emiliano Grillo,Emiliano Grillo - VS - Takumi Kanaya,BETONLINE,240.00,170.00,3.4,2.7,0.528548124,0.471451876,0.5337945217,0.4662054783,40.33166667,35.14,75.47166667,0.534394806,0.465605194,0.00%,0.52%,-0.52%,WINNER,0.58%,LOSER,,0.068789612,LOSER,0,0.58%,-0.52%,TOURNAMENT,WINNER,Takumi Kanaya - WINNER - Emiliano Grillo
Adam Svensson - LOSER - Brice Garnett,Adam Svensson,Brice Garnett,Brice Garnett - VS - Adam Svensson,BETONLINE,0.00,0.00,,,,,0.4851076095,0.5148923905,31.62833333,32.4,64.02833333,0.4939740219,0.5060259781,0.00%,,,WINNER,,LOSER,,-0.01205195617,WINNER,1,,0.00%,TOURNAMENT,WINNER,Adam Svensson - WINNER - Brice Garnett
Justin Lower - LOSER - Beau Hossler,Justin Lower,Beau Hossler,Beau Hossler - VS - Justin Lower,BETONLINE,0.00,0.00,,,,,0.5396638655,0.4603361345,43.22333333,35.285,78.50833333,0.5505572657,0.4494427343,0.00%,,,WINNER,,LOSER,,0.1011145314,LOSER,0,,0.00%,TOURNAMENT,WINNER,Justin Lower - WINNER - Beau Hossler
Marco Penge - LOSER - David Lingmerth,Marco Penge,David Lingmerth,David Lingmerth - VS - Marco Penge,BETONLINE,0.00,0.00,,,,,0.4155376799,0.5844623201,25.75333333,44.98333333,70.73666667,0.3640733236,0.6359266764,0.00%,,,WINNER,,LOSER,,-0.2718533528,WINNER,1,,0.00%,TOURNAMENT,WINNER,Marco Penge - WINNER - David Lingmerth
A.J. Ewart - LOSER - Kristoffer Ventura,A.J. Ewart,Kristoffer Ventura,Kristoffer Ventura - VS - A.J. Ewart,BETONLINE,0.00,0.00,,,,,0.5070555033,0.4929444967,34.95666667,34.95666667,69.91333333,0.5,0.5,0.00%,,,WINNER,,LOSER,,0,WINNER,1,,0.00%,TOURNAMENT,WINNER,A.J. Ewart - WINNER - Kristoffer Ventura
Tyson Shelley - LOSER - Davis Chatfield,Tyson Shelley,Davis Chatfield,Davis Chatfield - VS - Tyson Shelley,BETONLINE,0.00,0.00,,,,,0.555868692,0.444131308,35.55833333,35.55833333,71.11666667,0.5,0.5,0.00%,,,WINNER,,LOSER,,0,WINNER,1,,0.00%,TOURNAMENT,WINNER,Tyson Shelley - WINNER - Davis Chatfield
Hayden Springer - LOSER - Marcelo Rozo,Hayden Springer,Marcelo Rozo,Marcelo Rozo - VS - Hayden Springer,BETONLINE,0.00,0.00,,,,,0.4095948827,0.5904051173,28.805,37.68166667,66.48666667,0.4332447609,0.5667552391,0.00%,,,WINNER,,LOSER,,-0.1335104783,WINNER,1,,0.00%,TOURNAMENT,WINNER,Hayden Springer - WINNER - Marcelo Rozo
Chandler Blanchet - LOSER - Christo Lamprecht,Chandler Blanchet,Christo Lamprecht,Christo Lamprecht - VS - Chandler Blanchet,BETONLINE,0.00,0.00,,,,,0.4390243902,0.5609756098,29.31,34.205,63.515,0.4614657955,0.5385342045,0.00%,,,WINNER,,LOSER,,-0.07706840904,WINNER,1,,0.00%,TOURNAMENT,WINNER,Chandler Blanchet - WINNER - Christo Lamprecht
Zach J. Johnson - LOSER - Zecheng Dou,Zach J. Johnson,Zecheng Dou,Zecheng Dou - VS - Zach J. Johnson,BETONLINE,0.00,0.00,,,,,0.6285714286,0.3714285714,39.76333333,28.20833333,67.97166667,0.5849986514,0.4150013486,0.00%,,,WINNER,,LOSER,,0.1699973028,LOSER,0,,0.00%,TOURNAMENT,WINNER,Zach J. Johnson - WINNER - Zecheng Dou
Dylan Wu - LOSER - Patton Kizzire,Dylan Wu,Patton Kizzire,Patton Kizzire - VS - Dylan Wu,BETONLINE,0.00,0.00,,,,,0.4938296997,0.5061703003,30.06333333,31.53,61.59333333,0.4880939496,0.5119060504,0.00%,,,WINNER,,LOSER,,-0.02381210088,WINNER,1,,0.00%,TOURNAMENT,WINNER,Dylan Wu - WINNER - Patton Kizzire
Doug Ghim - LOSER - Peter Malnati,Doug Ghim,Peter Malnati,Peter Malnati - VS - Doug Ghim,BETONLINE,0.00,0.00,,,,,0.4496476676,0.5503523324,30.115,45.57333333,75.68833333,0.3978816638,0.6021183362,0.00%,,,WINNER,,LOSER,,-0.2042366723,WINNER,1,,0.00%,TOURNAMENT,WINNER,Doug Ghim - WINNER - Peter Malnati
Patrick Rodgers - WINNER - Rafael Campos,Patrick Rodgers,Rafael Campos,Rafael Campos - VS - Patrick Rodgers,BETONLINE,160.00,260.00,2.6,3.6,0.4600638978,0.539936102,0.4570629435,0.5429370565,23.96333333,36.56666667,60.53,0.3958918443,0.6041081557,0.00%,-0.30%,0.30%,LOSER,-6.42%,WINNER,,-0.2082163115,WINNER,0,-6.42%,0.30%,TOURNAMENT,LOSER,Patrick Rodgers - LOSER - Rafael Campos
Mac Meissner - LOSER - Tom Hoge,Mac Meissner,Tom Hoge,Tom Hoge - VS - Mac Meissner,BETONLINE,135.00,250.00,2.35,3.5,0.445754717,0.554245283,0.4544147902,0.5455852098,35.16,41.38333333,76.54333333,0.4593476462,0.5406523538,0.00%,0.87%,-0.87%,LOSER,1.36%,LOSER,,-0.08130470757,WINNER,0,1.36%,-0.87%,TOURNAMENT,WINNER,Mac Meissner - WINNER - Tom Hoge
Rasmus Hojgaard - WINNER - Max Greyserman,Rasmus Hojgaard,Max Greyserman,Max Greyserman - VS - Rasmus Hojgaard,BETONLINE,225.00,200.00,3.25,3,0.5094339623,0.490566038,0.5037861189,0.4962138811,40.47666667,41.64166667,82.11833333,0.4929065779,0.5070934221,0.00%,-0.56%,0.56%,WINNER,-1.65%,WINNER,1.65%,-0.01418684419,WINNER,1,-1.65%,0.56%,TOURNAMENT,LOSER,Rasmus Hojgaard - LOSER - Max Greyserman
David Lipsky - LOSER - David Skinns,David Lipsky,David Skinns,David Skinns - VS - David Lipsky,BETONLINE,0.00,0.00,,,,,0.4921824662,0.5078175338,31.88333333,31.82,63.70333333,0.5004970959,0.4995029041,0.00%,,,WINNER,,LOSER,,0.0009941918267,LOSER,0,,0.00%,TOURNAMENT,WINNER,David Lipsky - WINNER - David Skinns
Ben James - WINNER - Michael Brennan,Ben James,Michael Brennan,Michael Brennan - VS - Ben James,BETONLINE,185.00,175.00,2.85,2.75,0.5049627792,0.495037221,0.5011297812,0.4988702188,44.11,44.11,88.22,0.5,0.5,0.00%,-0.38%,0.38%,WINNER,-0.50%,WINNER,0.50%,0,WINNER,1,-0.50%,0.38%,TOURNAMENT,LOSER,Ben James - LOSER - Michael Brennan
Aaron Wise - LOSER - Kevin Yu,Aaron Wise,Kevin Yu,Kevin Yu - VS - Aaron Wise,BETONLINE,0.00,0.00,,,,,0.5989847716,0.4010152284,42.54166667,30.795,73.33666667,0.5800872688,0.4199127312,0.00%,,,WINNER,,LOSER,,0.1601745375,LOSER,0,,0.00%,TOURNAMENT,WINNER,Aaron Wise - WINNER - Kevin Yu
Matt McCarty - LOSER - Harry Hall,Matt McCarty,Harry Hall,Harry Hall - VS - Matt McCarty,BETONLINE,190.00,175.00,2.9,2.75,0.5072815534,0.492718447,0.5084491652,0.4915508348,41.46333333,0,41.46333333,1,0,0.00%,0.12%,-0.12%,WINNER,,LOSER,,1,LOSER,0,49.27%,-0.12%,TOURNAMENT,WINNER,Matt McCarty - WINNER - Harry Hall
Davis Riley - LOSER - Stephan Jaeger,Davis Riley,Stephan Jaeger,Stephan Jaeger - VS - Davis Riley,BETONLINE,275.00,150.00,3.75,2.5,0.55,0.450000000,0.5528525448,0.4471474552,40.02833333,30.30333333,70.33166667,0.5691367094,0.4308632906,0.00%,0.29%,-0.29%,WINNER,1.91%,LOSER,,0.1382734188,LOSER,0,1.91%,-0.29%,TOURNAMENT,WINNER,Davis Riley - WINNER - Stephan Jaeger
Max McGreevy - LOSER - Zac Blair,Max McGreevy,Zac Blair,Zac Blair - VS - Max McGreevy,BETONLINE,0.00,0.00,,,,,0.4961735715,0.5038264285,35.95833333,35.68666667,71.645,0.501895922,0.498104078,0.00%,,,WINNER,,LOSER,,0.003791844046,LOSER,0,,0.00%,TOURNAMENT,WINNER,Max McGreevy - WINNER - Zac Blair
Joe Highsmith - LOSER - Steven Fisk,Joe Highsmith,Steven Fisk,Steven Fisk - VS - Joe Highsmith,BETONLINE,0.00,0.00,,,,,0.562384921,0.437615079,37.37166667,30.33,67.70166667,0.5520051205,0.4479948795,0.00%,,,WINNER,,LOSER,,0.104010241,LOSER,0,,0.00%,TOURNAMENT,WINNER,Joe Highsmith - WINNER - Steven Fisk
Andrew Putnam - LOSER - Joel Dahmen,Andrew Putnam,Joel Dahmen,Joel Dahmen - VS - Andrew Putnam,BETONLINE,0.00,0.00,,,,,0.5257075371,0.4742924629,34.33166667,34.53833333,68.87,0.4984995886,0.5015004114,0.00%,,,WINNER,,LOSER,,-0.003000822806,WINNER,1,,0.00%,TOURNAMENT,WINNER,Andrew Putnam - WINNER - Joel Dahmen
Matt Wallace - LOSER - Seamus Power,Matt Wallace,Seamus Power,Seamus Power - VS - Matt Wallace,BETONLINE,0.00,0.00,,,,,0.451378297,0.548621703,37.32,43.17,80.49,0.463660082,0.536339918,0.00%,,,WINNER,,LOSER,,-0.072679836,WINNER,1,,0.00%,TOURNAMENT,WINNER,Matt Wallace - WINNER - Seamus Power
Patrick Fishburn - LOSER - Kensei Hirata,Patrick Fishburn,Kensei Hirata,Kensei Hirata - VS - Patrick Fishburn,BETONLINE,0.00,0.00,,,,,0.4266503667,0.5733496333,25.44,35.695,61.135,0.4161282408,0.5838717592,0.00%,,,WINNER,,LOSER,,-0.1677435184,WINNER,1,,0.00%,TOURNAMENT,WINNER,Patrick Fishburn - WINNER - Kensei Hirata
Haotong Li - LOSER - Michael Thompson,Haotong Li,Michael Thompson,Michael Thompson - VS - Haotong Li,BETONLINE,0.00,0.00,,,,,0.4216738197,0.5783261803,27.39833333,27.39833333,54.79666667,0.5,0.5,0.00%,,,WINNER,,LOSER,,0,WINNER,1,,0.00%,TOURNAMENT,WINNER,Haotong Li - WINNER - Michael Thompson
Adrien Dumont De Chassart - LOSER - Paul Peterson,Adrien Dumont De Chassart,Paul Peterson,Paul Peterson - VS - Adrien Dumont De Chassart,BETONLINE,0.00,0.00,,,,,0.4842767296,0.5157232704,31.175,34.34,65.515,0.4758452263,0.5241547737,0.00%,,,WINNER,,LOSER,,-0.04830954743,WINNER,1,,0.00%,TOURNAMENT,WINNER,Adrien Dumont De Chassart - WINNER - Paul Peterson
David Ford - LOSER - Jimmy Stanger,David Ford,Jimmy Stanger,Jimmy Stanger - VS - David Ford,BETONLINE,0.00,0.00,,,,,0.4296572876,0.5703427124,29.33,36.44333333,65.77333333,0.4459254004,0.5540745996,0.00%,,,WINNER,,LOSER,,-0.1081491993,WINNER,1,,0.00%,TOURNAMENT,WINNER,David Ford - WINNER - Jimmy Stanger
Pontus Nyholm - LOSER - John VanDerLaan,Pontus Nyholm,John VanDerLaan,John VanDerLaan - VS - Pontus Nyholm,BETONLINE,0.00,0.00,,,,,0.5246062992,0.4753937008,33.92166667,32.805,66.72666667,0.5083674693,0.4916325307,0.00%,,,WINNER,,LOSER,,0.01673493856,LOSER,0,,0.00%,TOURNAMENT,WINNER,Pontus Nyholm - WINNER - John VanDerLaan
Jesper Svensson - LOSER - Alejandro Tosti,Jesper Svensson,Alejandro Tosti,Alejandro Tosti - VS - Jesper Svensson,BETONLINE,0.00,0.00,,,,,0.4482758621,0.5517241379,29.63333333,35.69833333,65.33166667,0.4535829996,0.5464170004,0.00%,,,WINNER,,LOSER,,-0.09283400087,WINNER,1,,0.00%,TOURNAMENT,WINNER,Jesper Svensson - WINNER - Alejandro Tosti
Hank Lebioda - LOSER - Harry Higgs,Hank Lebioda,Harry Higgs,Harry Higgs - VS - Hank Lebioda,BETONLINE,0.00,0.00,,,,,0.5020980977,0.4979019023,31.485,31.485,62.97,0.5,0.5,0.00%,,,WINNER,,LOSER,,0,WINNER,1,,0.00%,TOURNAMENT,WINNER,Hank Lebioda - WINNER - Harry Higgs
  - LOSER -  , , ,  - VS -  ,BETONLINE,0.00,0.00,,,,,,,,,0,0,0,0.00%,,,WINNER,,LOSER,,0,WINNER,1,,0.00%,TOURNAMENT,WINNER,  - WINNER -  
  - LOSER -  , , ,  - VS -  ,BETONLINE,0.00,0.00,,,,,,,,,0,0,0,0.00%,,,WINNER,,LOSER,,0,WINNER,1,,0.00%,TOURNAMENT,WINNER,  - WINNER -  
  - LOSER -  , , ,  - VS -  ,BETONLINE,0.00,0.00,,,,,,,,,0,0,0,0.00%,,,WINNER,,LOSER,,0,WINNER,1,,0.00%,TOURNAMENT,WINNER,  - WINNER -  
  - LOSER -  , , ,  - VS -  ,BETONLINE,0.00,0.00,,,,,,,,,0,0,0,0.00%,,,WINNER,,LOSER,,0,WINNER,1,,0.00%,TOURNAMENT,WINNER,  - WINNER -  
  - LOSER -  , , ,  - VS -  ,BETONLINE,0.00,0.00,,,,,,,,,0,0,0,0.00%,,,WINNER,,LOSER,,0,WINNER,1,,0.00%,TOURNAMENT,WINNER,  - WINNER -  
  - LOSER -  , , ,  - VS -  ,BETONLINE,0.00,0.00,,,,,,,,,0,0,0,0.00%,,,WINNER,,LOSER,,0,WINNER,1,,0.00%,TOURNAMENT,WINNER,  - WINNER -  
  - LOSER -  , , ,  - VS -  ,BETONLINE,0.00,0.00,,,,,,,,,0,0,0,0.00%,,,WINNER,,LOSER,,0,WINNER,1,,0.00%,TOURNAMENT,WINNER,  - WINNER -  
  - LOSER -  , , ,  - VS -  ,BETONLINE,0.00,0.00,,,,,,,,,0,0,0,0.00%,,,WINNER,,LOSER,,0,WINNER,1,,0.00%,TOURNAMENT,WINNER,  - WINNER -  
  - LOSER -  , , ,  - VS -  ,BETONLINE,0.00,0.00,,,,,,,,,0,0,0,0.00%,,,WINNER,,LOSER,,0,WINNER,1,,0.00%,TOURNAMENT,WINNER,  - WINNER -  
  - LOSER -  , , ,  - VS -  ,BETONLINE,0.00,0.00,,,,,,,,,0,0,0,0.00%,,,WINNER,,LOSER,,0,WINNER,1,,0.00%,TOURNAMENT,WINNER,  - WINNER -  
  - LOSER -  , , ,  - VS -  ,BETONLINE,0.00,0.00,,,,,,,,,0,0,0,0.00%,,,WINNER,,LOSER,,0,WINNER,1,,0.00%,TOURNAMENT,WINNER,  - WINNER -  
  - LOSER -  , , ,  - VS -  ,BETONLINE,0.00,0.00,,,,,,,,,0,0,0,0.00%,,,WINNER,,LOSER,,0,WINNER,1,,0.00%,TOURNAMENT,WINNER,  - WINNER -  
  - LOSER -  , , ,  - VS -  ,BETONLINE,0.00,0.00,,,,,,,,,0,0,0,0.00%,,,WINNER,,LOSER,,0,WINNER,1,,0.00%,TOURNAMENT,WINNER,  - WINNER -  
  - LOSER -  , , ,  - VS -  ,BETONLINE,0.00,0.00,,,,,,,,,0,0,0,0.00%,,,WINNER,,LOSER,,0,WINNER,1,,0.00%,TOURNAMENT,WINNER,  - WINNER -  
  - LOSER -  , , ,  - VS -  ,BETONLINE,0.00,0.00,,,,,,,,,0,0,0,0.00%,,,WINNER,,LOSER,,0,WINNER,1,,0.00%,TOURNAMENT,WINNER,  - WINNER -  
  - LOSER -  , , ,  - VS -  ,BETONLINE,0.00,0.00,,,,,,,,,0,0,0,0.00%,,,WINNER,,LOSER,,0,WINNER,1,,0.00%,TOURNAMENT,WINNER,  - WINNER -  
  - LOSER -  , , ,  - VS -  ,BETONLINE,0.00,0.00,,,,,,,,,0,0,0,0.00%,,,WINNER,,LOSER,,0,WINNER,1,,0.00%,TOURNAMENT,WINNER,  - WINNER -  
  - LOSER -  , , ,  - VS -  ,BETONLINE,0.00,0.00,,,,,,,,,0,0,0,0.00%,,,WINNER,,LOSER,,0,WINNER,1,,0.00%,TOURNAMENT,WINNER,  - WINNER -  
  - LOSER -  , , ,  - VS -  ,BETONLINE,0.00,0.00,,,,,,,,,0,0,0,0.00%,,,WINNER,,LOSER,,0,WINNER,1,,0.00%,TOURNAMENT,WINNER,  - WINNER -  
  - LOSER -  , , ,  - VS -  ,BETONLINE,0.00,0.00,,,,,,,,,0,0,0,0.00%,,,WINNER,,LOSER,,0,WINNER,1,,0.00%,TOURNAMENT,WINNER,  - WINNER -  
  - LOSER -  , , ,  - VS -  ,BETONLINE,0.00,0.00,,,,,,,,,0,0,0,0.00%,,,WINNER,,LOSER,,0,WINNER,1,,0.00%,TOURNAMENT,WINNER,  - WINNER -  
  - LOSER -  , , ,  - VS -  ,BETONLINE,0.00,0.00,,,,,,,,,0,0,0,0.00%,,,WINNER,,LOSER,,0,WINNER,1,,0.00%,TOURNAMENT,WINNER,  - WINNER -  
  - LOSER -  , , ,  - VS -  ,BETONLINE,0.00,0.00,,,,,,,,,0,0,0,0.00%,,,WINNER,,LOSER,,0,WINNER,1,,0.00%,TOURNAMENT,WINNER,  - WINNER -  
  - LOSER -  , , ,  - VS -  ,BETONLINE,0.00,0.00,,,,,,,,,0,0,0,0.00%,,,WINNER,,LOSER,,0,WINNER,1,,0.00%,TOURNAMENT,WINNER,  - WINNER -  
  - LOSER -  , , ,  - VS -  ,BETONLINE,0.00,0.00,,,,,,,,,0,0,0,0.00%,,,WINNER,,LOSER,,0,WINNER,1,,0.00%,TOURNAMENT,WINNER,  - WINNER -  
  - LOSER -  , , ,  - VS -  ,BETONLINE,0.00,0.00,,,,,,,,,0,0,0,0.00%,,,WINNER,,LOSER,,0,WINNER,1,,0.00%,TOURNAMENT,WINNER,  - WINNER -  
  - LOSER -  , , ,  - VS -  ,BETONLINE,0.00,0.00,,,,,,,,,0,0,0,0.00%,,,WINNER,,LOSER,,0,WINNER,1,,0.00%,TOURNAMENT,WINNER,  - WINNER -  
  - LOSER -  , , ,  - VS -  ,BETONLINE,0.00,0.00,,,,,,,,,0,0,0,0.00%,,,WINNER,,LOSER,,0,WINNER,1,,0.00%,TOURNAMENT,WINNER,  - WINNER -  
  - LOSER -  , , ,  - VS -  ,BETONLINE,0.00,0.00,,,,,,,,,0,0,0,0.00%,,,WINNER,,LOSER,,0,WINNER,1,,0.00%,TOURNAMENT,WINNER,  - WINNER -  
  - LOSER -  , , ,  - VS -  ,BETONLINE,0.00,0.00,,,,,,,,,0,0,0,0.00%,,,WINNER,,LOSER,,0,WINNER,1,,0.00%,TOURNAMENT,WINNER,  - WINNER -  
  - LOSER -  , , ,  - VS -  ,BETONLINE,0.00,0.00,,,,,,,,,0,0,0,0.00%,,,WINNER,,LOSER,,0,WINNER,1,,0.00%,TOURNAMENT,WINNER,  - WINNER -  
  - LOSER -  , , ,  - VS -  ,BETONLINE,0.00,0.00,,,,,,,,,0,0,0,0.00%,,,WINNER,,LOSER,,0,WINNER,1,,0.00%,TOURNAMENT,WINNER,  - WINNER -  
  - LOSER -  , , ,  - VS -  ,BETONLINE,0.00,0.00,,,,,,,,,0,0,0,0.00%,,,WINNER,,LOSER,,0,WINNER,1,,0.00%,TOURNAMENT,WINNER,  - WINNER -  
  - LOSER -  , , ,  - VS -  ,BETONLINE,0.00,0.00,,,,,,,,,0,0,0,0.00%,,,WINNER,,LOSER,,0,WINNER,1,,0.00%,TOURNAMENT,WINNER,  - WINNER -  
  - LOSER -  , , ,  - VS -  ,BETONLINE,0.00,0.00,,,,,,,,,0,0,0,0.00%,,,WINNER,,LOSER,,0,WINNER,1,,0.00%,TOURNAMENT,WINNER,  - WINNER -  
  - LOSER -  , , ,  - VS -  ,BETONLINE,0.00,0.00,,,,,,,,,0,0,0,0.00%,,,WINNER,,LOSER,,0,WINNER,1,,0.00%,TOURNAMENT,WINNER,  - WINNER -  
  - LOSER -  , , ,  - VS -  ,BETONLINE,0.00,0.00,,,,,,,,,0,0,0,0.00%,,,WINNER,,LOSER,,0,WINNER,1,,0.00%,TOURNAMENT,WINNER,  - WINNER -  
  - LOSER -  , , ,  - VS -  ,BETONLINE,0.00,0.00,,,,,,,,,0,0,0,0.00%,,,WINNER,,LOSER,,0,WINNER,1,,0.00%,TOURNAMENT,WINNER,  - WINNER -  
  - LOSER -  , , ,  - VS -  ,BETONLINE,0.00,0.00,,,,,,,,,0,0,0,0.00%,,,WINNER,,LOSER,,0,WINNER,1,,0.00%,TOURNAMENT,WINNER,  - WINNER -  
  - LOSER -  , , ,  - VS -  ,BETONLINE,0.00,0.00,,,,,,,,,0,0,0,0.00%,,,WINNER,,LOSER,,0,WINNER,1,,0.00%,TOURNAMENT,WINNER,  - WINNER -  
  - LOSER -  , , ,  - VS -  ,BETONLINE,0.00,0.00,,,,,,,,,0,0,0,0.00%,,,WINNER,,LOSER,,0,WINNER,1,,0.00%,TOURNAMENT,WINNER,  - WINNER -  
  - LOSER -  , , ,  - VS -  ,BETONLINE,0.00,0.00,,,,,,,,,0,0,0,0.00%,,,WINNER,,LOSER,,0,WINNER,1,,0.00%,TOURNAMENT,WINNER,  - WINNER -  
  - LOSER -  , , ,  - VS -  ,BETONLINE,0.00,0.00,,,,,,,,,0,0,0,0.00%,,,WINNER,,LOSER,,0,WINNER,1,,0.00%,TOURNAMENT,WINNER,  - WINNER -  
  - LOSER -  , , ,  - VS -  ,BETONLINE,0.00,0.00,,,,,,,,,0,0,0,0.00%,,,WINNER,,LOSER,,0,WINNER,1,,0.00%,TOURNAMENT,WINNER,  - WINNER -  
  - LOSER -  , , ,  - VS -  ,BETONLINE,0.00,0.00,,,,,,,,,0,0,0,0.00%,,,WINNER,,LOSER,,0,WINNER,1,,0.00%,TOURNAMENT,WINNER,  - WINNER -  
  - LOSER -  , , ,  - VS -  ,BETONLINE,0.00,0.00,,,,,,,,,0,0,0,0.00%,,,WINNER,,LOSER,,0,WINNER,1,,0.00%,TOURNAMENT,WINNER,  - WINNER -  
  - LOSER -  , , ,  - VS -  ,BETONLINE,0.00,0.00,,,,,,,,,0,0,0,0.00%,,,WINNER,,LOSER,,0,WINNER,1,,0.00%,TOURNAMENT,WINNER,  - WINNER -  
  - LOSER -  , , ,  - VS -  ,BETONLINE,0.00,0.00,,,,,,,,,0,0,0,0.00%,,,WINNER,,LOSER,,0,WINNER,1,,0.00%,TOURNAMENT,WINNER,  - WINNER -  
  - LOSER -  , , ,  - VS -  ,BETONLINE,0.00,0.00,,,,,,,,,0,0,0,0.00%,,,WINNER,,LOSER,,0,WINNER,1,,0.00%,TOURNAMENT,WINNER,  - WINNER -  
  - LOSER -  , , ,  - VS -  ,BETONLINE,0.00,0.00,,,,,,,,,0,0,0,0.00%,,,WINNER,,LOSER,,0,WINNER,1,,0.00%,TOURNAMENT,WINNER,  - WINNER -  
  - LOSER -  , , ,  - VS -  ,BETONLINE,0.00,0.00,,,,,,,,,0,0,0,0.00%,,,WINNER,,LOSER,,0,WINNER,1,,0.00%,TOURNAMENT,WINNER,  - WINNER -  
  - LOSER -  , , ,  - VS -  ,BETONLINE,0.00,0.00,,,,,,,,,0,0,0,0.00%,,,WINNER,,LOSER,,0,WINNER,1,,0.00%,TOURNAMENT,WINNER,  - WINNER -  
  - LOSER -  , , ,  - VS -  ,BETONLINE,0.00,0.00,,,,,,,,,0,0,0,0.00%,,,WINNER,,LOSER,,0,WINNER,1,,0.00%,TOURNAMENT,WINNER,  - WINNER -  
  - LOSER -  , , ,  - VS -  ,BETONLINE,0.00,0.00,,,,,,,,,0,0,0,0.00%,,,WINNER,,LOSER,,0,WINNER,1,,0.00%,TOURNAMENT,WINNER,  - WINNER -  
  - LOSER -  , , ,  - VS -  ,BETONLINE,0.00,0.00,,,,,,,,,0,0,0,0.00%,,,WINNER,,LOSER,,0,WINNER,1,,0.00%,TOURNAMENT,WINNER,  - WINNER -  
  - LOSER -  , , ,  - VS -  ,BETONLINE,0.00,0.00,,,,,,,,,0,0,0,0.00%,,,WINNER,,LOSER,,0,WINNER,1,,0.00%,TOURNAMENT,WINNER,  - WINNER -  
  - LOSER -  , , ,  - VS -  ,BETONLINE,0.00,0.00,,,,,,,,,0,0,0,0.00%,,,WINNER,,LOSER,,0,WINNER,1,,0.00%,TOURNAMENT,WINNER,  - WINNER -  
  - LOSER -  , , ,  - VS -  ,BETONLINE,0.00,0.00,,,,,,,,,0,0,0,0.00%,,,WINNER,,LOSER,,0,WINNER,1,,0.00%,TOURNAMENT,WINNER,  - WINNER -  
  - LOSER -  , , ,  - VS -  ,BETONLINE,0.00,0.00,,,,,,,,,0,0,0,0.00%,,,WINNER,,LOSER,,0,WINNER,1,,0.00%,TOURNAMENT,WINNER,  - WINNER -  
  - LOSER -  , , ,  - VS -  ,BETONLINE,0.00,0.00,,,,,,,,,0,0,0,0.00%,,,WINNER,,LOSER,,0,WINNER,1,,0.00%,TOURNAMENT,WINNER,  - WINNER -  
  - LOSER -  , , ,  - VS -  ,BETONLINE,0.00,0.00,,,,,,,,,0,0,0,0.00%,,,WINNER,,LOSER,,0,WINNER,1,,0.00%,TOURNAMENT,WINNER,  - WINNER -  
  - LOSER -  , , ,  - VS -  ,BETONLINE,0.00,0.00,,,,,,,,,0,0,0,0.00%,,,WINNER,,LOSER,,0,WINNER,1,,0.00%,TOURNAMENT,WINNER,  - WINNER -  
  - LOSER -  , , ,  - VS -  ,BETONLINE,0.00,0.00,,,,,,,,,0,0,0,0.00%,,,WINNER,,LOSER,,0,WINNER,1,,0.00%,TOURNAMENT,WINNER,  - WINNER -  
  - LOSER -  , , ,  - VS -  ,BETONLINE,0.00,0.00,,,,,,,,,0,0,0,0.00%,,,WINNER,,LOSER,,0,WINNER,1,,0.00%,TOURNAMENT,WINNER,  - WINNER -  
  - LOSER -  , , ,  - VS -  ,BETONLINE,0.00,0.00,,,,,,,,,0,0,0,0.00%,,,WINNER,,LOSER,,0,WINNER,1,,0.00%,TOURNAMENT,WINNER,  - WINNER -  
  - LOSER -  , , ,  - VS -  ,BETONLINE,0.00,0.00,,,,,,,,,0,0,0,0.00%,,,WINNER,,LOSER,,0,WINNER,1,,0.00%,TOURNAMENT,WINNER,  - WINNER -  
  - LOSER -  , , ,  - VS -  ,BETONLINE,0.00,0.00,,,,,,,,,0,0,0,0.00%,,,WINNER,,LOSER,,0,WINNER,1,,0.00%,TOURNAMENT,WINNER,  - WINNER -  
  - LOSER -  , , ,  - VS -  ,BETONLINE,0.00,0.00,,,,,,,,,0,0,0,0.00%,,,WINNER,,LOSER,,0,WINNER,1,,0.00%,TOURNAMENT,WINNER,  - WINNER -  
  - LOSER -  , , ,  - VS -  ,BETONLINE,0.00,0.00,,,,,,,,,0,0,0,0.00%,,,WINNER,,LOSER,,0,WINNER,1,,0.00%,TOURNAMENT,WINNER,  - WINNER -  
  - LOSER -  , , ,  - VS -  ,BETONLINE,0.00,0.00,,,,,,,,,0,0,0,0.00%,,,WINNER,,LOSER,,0,WINNER,1,,0.00%,TOURNAMENT,WINNER,  - WINNER -  
  - LOSER -  , , ,  - VS -  ,BETONLINE,0.00,0.00,,,,,,,,,0,0,0,0.00%,,,WINNER,,LOSER,,0,WINNER,1,,0.00%,TOURNAMENT,WINNER,  - WINNER -  
  - LOSER -  , , ,  - VS -  ,BETONLINE,0.00,0.00,,,,,,,,,0,0,0,0.00%,,,WINNER,,LOSER,,0,WINNER,1,,0.00%,TOURNAMENT,WINNER,  - WINNER -  
  - LOSER -  , , ,  - VS -  ,BETONLINE,0.00,0.00,,,,,,,,,0,0,0,0.00%,,,WINNER,,LOSER,,0,WINNER,1,,0.00%,TOURNAMENT,WINNER,  - WINNER -  
  - LOSER -  , , ,  - VS -  ,BETONLINE,0.00,0.00,,,,,,,,,0,0,0,0.00%,,,WINNER,,LOSER,,0,WINNER,1,,0.00%,TOURNAMENT,WINNER,  - WINNER -  
  - LOSER -  , , ,  - VS -  ,BETONLINE,0.00,0.00,,,,,,,,,0,0,0,0.00%,,,WINNER,,LOSER,,0,WINNER,1,,0.00%,TOURNAMENT,WINNER,  - WINNER -  
  - LOSER -  , , ,  - VS -  ,BETONLINE,0.00,0.00,,,,,,,,,0,0,0,0.00%,,,WINNER,,LOSER,,0,WINNER,1,,0.00%,TOURNAMENT,WINNER,  - WINNER -  
  - LOSER -  , , ,  - VS -  ,BETONLINE,0.00,0.00,,,,,,,,,0,0,0,0.00%,,,WINNER,,LOSER,,0,WINNER,1,,0.00%,TOURNAMENT,WINNER,  - WINNER -  
  - LOSER -  , , ,  - VS -  ,BETONLINE,0.00,0.00,,,,,,,,,0,0,0,0.00%,,,WINNER,,LOSER,,0,WINNER,1,,0.00%,TOURNAMENT,WINNER,  - WINNER -  
  - LOSER -  , , ,  - VS -  ,BETONLINE,0.00,0.00,,,,,,,,,0,0,0,0.00%,,,WINNER,,LOSER,,0,WINNER,1,,0.00%,TOURNAMENT,WINNER,  - WINNER -  
  - LOSER -  , , ,  - VS -  ,BETONLINE,0.00,0.00,,,,,,,,,0,0,0,0.00%,,,WINNER,,LOSER,,0,WINNER,1,,0.00%,TOURNAMENT,WINNER,  - WINNER -  
  - LOSER -  , , ,  - VS -  ,BETONLINE,0.00,0.00,,,,,,,,,0,0,0,0.00%,,,WINNER,,LOSER,,0,WINNER,1,,0.00%,TOURNAMENT,WINNER,  - WINNER -  
  - LOSER -  , , ,  - VS -  ,BETONLINE,0.00,0.00,,,,,,,,,0,0,0,0.00%,,,WINNER,,LOSER,,0,WINNER,1,,0.00%,TOURNAMENT,WINNER,  - WINNER -  
  - LOSER -  , , ,  - VS -  ,BETONLINE,0.00,0.00,,,,,,,,,0,0,0,0.00%,,,WINNER,,LOSER,,0,WINNER,1,,0.00%,TOURNAMENT,WINNER,  - WINNER -  
  - LOSER -  , , ,  - VS -  ,BETONLINE,0.00,0.00,,,,,,,,,0,0,0,0.00%,,,WINNER,,LOSER,,0,WINNER,1,,0.00%,TOURNAMENT,WINNER,  - WINNER -  
  - LOSER -  , , ,  - VS -  ,BETONLINE,0.00,0.00,,,,,,,,,0,0,0,0.00%,,,WINNER,,LOSER,,0,WINNER,1,,0.00%,TOURNAMENT,WINNER,  - WINNER -  
  - LOSER -  , , ,  - VS -  ,BETONLINE,0.00,0.00,,,,,,,,,0,0,0,0.00%,,,WINNER,,LOSER,,0,WINNER,1,,0.00%,TOURNAMENT,WINNER,  - WINNER -  
  - LOSER -  , , ,  - VS -  ,BETONLINE,0.00,0.00,,,,,,,,,0,0,0,0.00%,,,WINNER,,LOSER,,0,WINNER,1,,0.00%,TOURNAMENT,WINNER,  - WINNER -  
  - LOSER -  , , ,  - VS -  ,BETONLINE,0.00,0.00,,,,,,,,,0,0,0,0.00%,,,WINNER,,LOSER,,0,WINNER,1,,0.00%,TOURNAMENT,WINNER,  - WINNER -  
  - LOSER -  , , ,  - VS -  ,BETONLINE,0.00,0.00,,,,,,,,,0,0,0,0.00%,,,WINNER,,LOSER,,0,WINNER,1,,0.00%,TOURNAMENT,WINNER,  - WINNER -  
  - LOSER -  , , ,  - VS -  ,BETONLINE,0.00,0.00,,,,,,,,,0,0,0,0.00%,,,WINNER,,LOSER,,0,WINNER,1,,0.00%,TOURNAMENT,WINNER,  - WINNER -  
  - LOSER -  , , ,  - VS -  ,BETONLINE,0.00,0.00,,,,,,,,,0,0,0,0.00%,,,WINNER,,LOSER,,0,WINNER,1,,0.00%,TOURNAMENT,WINNER,  - WINNER -  
  - LOSER -  , , ,  - VS -  ,BETONLINE,0.00,0.00,,,,,,,,,0,0,0,0.00%,,,WINNER,,LOSER,,0,WINNER,1,,0.00%,TOURNAMENT,WINNER,  - WINNER -  
  - LOSER -  , , ,  - VS -  ,BETONLINE,0.00,0.00,,,,,,,,,0,0,0,0.00%,,,WINNER,,LOSER,,0,WINNER,1,,0.00%,TOURNAMENT,WINNER,  - WINNER -  
  - LOSER -  , , ,  - VS -  ,BETONLINE,0.00,0.00,,,,,,,,,0,0,0,0.00%,,,WINNER,,LOSER,,0,WINNER,1,,0.00%,TOURNAMENT,WINNER,  - WINNER -  
  - LOSER -  , , ,  - VS -  ,BETONLINE,0.00,0.00,,,,,,,,,0,0,0,0.00%,,,WINNER,,LOSER,,0,WINNER,1,,0.00%,TOURNAMENT,WINNER,  - WINNER -  
  - LOSER -  , , ,  - VS -  ,BETONLINE,0.00,0.00,,,,,,,,,0,0,0,0.00%,,,WINNER,,LOSER,,0,WINNER,1,,0.00%,TOURNAMENT,WINNER,  - WINNER -  
  - LOSER -  , , ,  - VS -  ,BETONLINE,0.00,0.00,,,,,,,,,0,0,0,0.00%,,,WINNER,,LOSER,,0,WINNER,1,,0.00%,TOURNAMENT,WINNER,  - WINNER -  
  - LOSER -  , , ,  - VS -  ,BETONLINE,0.00,0.00,,,,,,,,,0,0,0,0.00%,,,WINNER,,LOSER,,0,WINNER,1,,0.00%,TOURNAMENT,WINNER,  - WINNER -  
  - LOSER -  , , ,  - VS -  ,BETONLINE,0.00,0.00,,,,,,,,,0,0,0,0.00%,,,WINNER,,LOSER,,0,WINNER,1,,0.00%,TOURNAMENT,WINNER,  - WINNER -  
  - LOSER -  , , ,  - VS -  ,BETONLINE,0.00,0.00,,,,,,,,,0,0,0,0.00%,,,WINNER,,LOSER,,0,WINNER,1,,0.00%,TOURNAMENT,WINNER,  - WINNER -  
  - LOSER -  , , ,  - VS -  ,BETONLINE,0.00,0.00,,,,,,,,,0,0,0,0.00%,,,WINNER,,LOSER,,0,WINNER,1,,0.00%,TOURNAMENT,WINNER,  - WINNER -  
  - LOSER -  , , ,  - VS -  ,BETONLINE,0.00,0.00,,,,,,,,,0,0,0,0.00%,,,WINNER,,LOSER,,0,WINNER,1,,0.00%,TOURNAMENT,WINNER,  - WINNER -  
  - LOSER -  , , ,  - VS -  ,BETONLINE,0.00,0.00,,,,,,,,,0,0,0,0.00%,,,WINNER,,LOSER,,0,WINNER,1,,0.00%,TOURNAMENT,WINNER,  - WINNER -  
  - LOSER -  , , ,  - VS -  ,BETONLINE,0.00,0.00,,,,,,,,,0,0,0,0.00%,,,WINNER,,LOSER,,0,WINNER,1,,0.00%,TOURNAMENT,WINNER,  - WINNER -  
  - LOSER -  , , ,  - VS -  ,BETONLINE,0.00,0.00,,,,,,,,,0,0,0,0.00%,,,WINNER,,LOSER,,0,WINNER,1,,0.00%,TOURNAMENT,WINNER,  - WINNER -  
  - LOSER -  , , ,  - VS -  ,BETONLINE,0.00,0.00,,,,,,,,,0,0,0,0.00%,,,WINNER,,LOSER,,0,WINNER,1,,0.00%,TOURNAMENT,WINNER,  - WINNER -  
  - LOSER -  , , ,  - VS -  ,BETONLINE,0.00,0.00,,,,,,,,,0,0,0,0.00%,,,WINNER,,LOSER,,0,WINNER,1,,0.00%,TOURNAMENT,WINNER,  - WINNER -  
  - LOSER -  , , ,  - VS -  ,BETONLINE,0.00,0.00,,,,,,,,,0,0,0,0.00%,,,WINNER,,LOSER,,0,WINNER,1,,0.00%,TOURNAMENT,WINNER,  - WINNER -  
  - LOSER -  , , ,  - VS -  ,BETONLINE,0.00,0.00,,,,,,,,,0,0,0,0.00%,,,WINNER,,LOSER,,0,WINNER,1,,0.00%,TOURNAMENT,WINNER,  - WINNER -  
  - LOSER -  , , ,  - VS -  ,BETONLINE,0.00,0.00,,,,,,,,,0,0,0,0.00%,,,WINNER,,LOSER,,0,WINNER,1,,0.00%,TOURNAMENT,WINNER,  - WINNER -  
  - LOSER -  , , ,  - VS -  ,BETONLINE,0.00,0.00,,,,,,,,,0,0,0,0.00%,,,WINNER,,LOSER,,0,WINNER,1,,0.00%,TOURNAMENT,WINNER,  - WINNER -  
  - LOSER -  , , ,  - VS -  ,BETONLINE,0.00,0.00,,,,,,,,,0,0,0,0.00%,,,WINNER,,LOSER,,0,WINNER,1,,0.00%,TOURNAMENT,WINNER,  - WINNER -  
  - LOSER -  , , ,  - VS -  ,BETONLINE,0.00,0.00,,,,,,,,,0,0,0,0.00%,,,WINNER,,LOSER,,0,WINNER,1,,0.00%,TOURNAMENT,WINNER,  - WINNER -  
  - LOSER -  , , ,  - VS -  ,BETONLINE,0.00,0.00,,,,,,,,,0,0,0,0.00%,,,WINNER,,LOSER,,0,WINNER,1,,0.00%,TOURNAMENT,WINNER,  - WINNER -  
  - LOSER -  , , ,  - VS -  ,BETONLINE,0.00,0.00,,,,,,,,,0,0,0,0.00%,,,WINNER,,LOSER,,0,WINNER,1,,0.00%,TOURNAMENT,WINNER,  - WINNER -  
  - LOSER -  , , ,  - VS -  ,BETONLINE,0.00,0.00,,,,,,,,,0,0,0,0.00%,,,WINNER,,LOSER,,0,WINNER,1,,0.00%,TOURNAMENT,WINNER,  - WINNER -  
  - LOSER -  , , ,  - VS -  ,BETONLINE,0.00,0.00,,,,,,,,,0,0,0,0.00%,,,WINNER,,LOSER,,0,WINNER,1,,0.00%,TOURNAMENT,WINNER,  - WINNER -  
  - LOSER -  , , ,  - VS -  ,BETONLINE,0.00,0.00,,,,,,,,,0,0,0,0.00%,,,WINNER,,LOSER,,0,WINNER,1,,0.00%,TOURNAMENT,WINNER,  - WINNER -  
  - LOSER -  , , ,  - VS -  ,BETONLINE,0.00,0.00,,,,,,,,,0,0,0,0.00%,,,WINNER,,LOSER,,0,WINNER,1,,0.00%,TOURNAMENT,WINNER,  - WINNER -  
  - LOSER -  , , ,  - VS -  ,BETONLINE,0.00,0.00,,,,,,,,,0,0,0,0.00%,,,WINNER,,LOSER,,0,WINNER,1,,0.00%,TOURNAMENT,WINNER,  - WINNER -  
  - LOSER -  , , ,  - VS -  ,BETONLINE,0.00,0.00,,,,,,,,,0,0,0,0.00%,,,WINNER,,LOSER,,0,WINNER,1,,0.00%,TOURNAMENT,WINNER,  - WINNER -  
  - LOSER -  , , ,  - VS -  ,BETONLINE,0.00,0.00,,,,,,,,,0,0,0,0.00%,,,WINNER,,LOSER,,0,WINNER,1,,0.00%,TOURNAMENT,WINNER,  - WINNER -  
  - LOSER -  , , ,  - VS -  ,BETONLINE,0.00,0.00,,,,,,,,,0,0,0,0.00%,,,WINNER,,LOSER,,0,WINNER,1,,0.00%,TOURNAMENT,WINNER,  - WINNER -  
  - LOSER -  , , ,  - VS -  ,BETONLINE,0.00,0.00,,,,,,,,,0,0,0,0.00%,,,WINNER,,LOSER,,0,WINNER,1,,0.00%,TOURNAMENT,WINNER,  - WINNER -  
  - LOSER -  , , ,  - VS -  ,BETONLINE,0.00,0.00,,,,,,,,,0,0,0,0.00%,,,WINNER,,LOSER,,0,WINNER,1,,0.00%,TOURNAMENT,WINNER,  - WINNER -  
  - LOSER -  , , ,  - VS -  ,BETONLINE,0.00,0.00,,,,,,,,,0,0,0,0.00%,,,WINNER,,LOSER,,0,WINNER,1,,0.00%,TOURNAMENT,WINNER,  - WINNER -  
  - LOSER -  , , ,  - VS -  ,BETONLINE,0.00,0.00,,,,,,,,,0,0,0,0.00%,,,WINNER,,LOSER,,0,WINNER,1,,0.00%,TOURNAMENT,WINNER,  - WINNER -  
  - LOSER -  , , ,  - VS -  ,BETONLINE,0.00,0.00,,,,,,,,,0,0,0,0.00%,,,WINNER,,LOSER,,0,WINNER,1,,0.00%,TOURNAMENT,WINNER,  - WINNER -  
  - LOSER -  , , ,  - VS -  ,BETONLINE,0.00,0.00,,,,,,,,,0,0,0,0.00%,,,WINNER,,LOSER,,0,WINNER,1,,0.00%,TOURNAMENT,WINNER,  - WINNER -  
  - LOSER -  , , ,  - VS -  ,BETONLINE,0.00,0.00,,,,,,,,,0,0,0,0.00%,,,WINNER,,LOSER,,0,WINNER,1,,0.00%,TOURNAMENT,WINNER,  - WINNER -  
  - LOSER -  , , ,  - VS -  ,BETONLINE,0.00,0.00,,,,,,,,,0,0,0,0.00%,,,WINNER,,LOSER,,0,WINNER,1,,0.00%,TOURNAMENT,WINNER,  - WINNER -  
 - LOSER - ,,,,BETONLINE,,,,,,,,,,,0,0,0,0.00%,,,WINNER,,LOSER,,0,WINNER,1,,0.00%,TOURNAMENT,WINNER, - WINNER - 
 - LOSER - ,,,,BETONLINE,,,,,,,,,,,0,0,0,0.00%,,,WINNER,,LOSER,,0,WINNER,1,,0.00%,TOURNAMENT,WINNER, - WINNER - 
 - LOSER - ,,,,BETONLINE,,,,,,,,,,,0,0,0,0.00%,,,WINNER,,LOSER,,0,WINNER,1,,0.00%,TOURNAMENT,WINNER, - WINNER - 
 - LOSER - ,,,,BETONLINE,,,,,,,,,,,0,0,0,0.00%,,,WINNER,,LOSER,,0,WINNER,1,,0.00%,TOURNAMENT,WINNER, - WINNER - 
 - LOSER - ,,,,BETONLINE,,,,,,,,,,,0,0,0,0.00%,,,WINNER,,LOSER,,0,WINNER,1,,0.00%,TOURNAMENT,WINNER, - WINNER - 
 - LOSER - ,,,,BETONLINE,,,,,,,,,,,0,0,0,0.00%,,,WINNER,,LOSER,,0,WINNER,1,,0.00%,TOURNAMENT,WINNER, - WINNER - 
 - LOSER - ,,,,BETONLINE,,,,,,,,,,,0,0,0,0.00%,,,WINNER,,LOSER,,0,WINNER,1,,0.00%,TOURNAMENT,WINNER, - WINNER - 
 - LOSER - ,,,,BETONLINE,,,,,,,,,,,0,0,0,0.00%,,,WINNER,,LOSER,,0,WINNER,1,,0.00%,TOURNAMENT,WINNER, - WINNER - 
 - LOSER - ,,,,BETONLINE,,,,,,,,,,,0,0,0,0.00%,,,WINNER,,LOSER,,0,WINNER,1,,0.00%,TOURNAMENT,WINNER, - WINNER - 
 - LOSER - ,,,,BETONLINE,,,,,,,,,,,0,0,0,0.00%,,,WINNER,,LOSER,,0,WINNER,1,,0.00%,TOURNAMENT,WINNER, - WINNER - 
 - LOSER - ,,,,BETONLINE,,,,,,,,,,,0,0,0,0.00%,,,WINNER,,LOSER,,0,WINNER,1,,0.00%,TOURNAMENT,WINNER, - WINNER - 
 - LOSER - ,,,,BETONLINE,,,,,,,,,,,0,0,0,0.00%,,,WINNER,,LOSER,,0,WINNER,1,,0.00%,TOURNAMENT,WINNER, - WINNER - 
,,,,,,,,,,,,,,,,0,0,0.00%,,,WINNER,,LOSER,,0,WINNER,1,,0.00%,TOURNAMENT,,
,,,,,,,,,,,,,,,,0,0,0.00%,,,WINNER,,LOSER,,0,WINNER,1,,0.00%,TOURNAMENT,,
,,,,,,,,,,,,,,,,0,0,0.00%,,,WINNER,,LOSER,,0,WINNER,1,,0.00%,TOURNAMENT,,
,,,,,,,,,,,,,,,,0,0,0.00%,,,WINNER,,LOSER,,0,WINNER,1,,0.00%,TOURNAMENT,,
Tyler Duncan - LOSER - Ben Silverman,Tyler Duncan,Ben Silverman,Ben Silverman - VS - Tyler Duncan,PINNACLE,0.00,0.00,,,,,0.4900258217,0.5099741783,33.35,33.35,66.7,0.5,0.5,0.00%,,,WINNER,,LOSER,,0,WINNER,1,,0.00%,TOURNAMENT,WINNER,Tyler Duncan - WINNER - Ben Silverman
Christiaan Bezuidenhout - LOSER - Erik Van Rooyen,Christiaan Bezuidenhout,Erik Van Rooyen,Erik Van Rooyen - VS - Christiaan Bezuidenhout,PINNACLE,0.00,0.00,,,,,0.4643728144,0.5356271856,34.14833333,41.08166667,75.23,0.4539190926,0.5460809074,0.00%,,,WINNER,,LOSER,,-0.09216181488,WINNER,1,,0.00%,TOURNAMENT,WINNER,Christiaan Bezuidenhout - WINNER - Erik Van Rooyen
Chris Kirk - LOSER - Billy Horschel,Chris Kirk,Billy Horschel,Billy Horschel - VS - Chris Kirk,PINNACLE,0.00,0.00,,,,,0.4989476318,0.5010523682,41.305,42.29833333,83.60333333,0.494059248,0.505940752,0.00%,,,WINNER,,LOSER,,-0.01188150393,WINNER,1,,0.00%,TOURNAMENT,WINNER,Chris Kirk - WINNER - Billy Horschel
Max Homa - LOSER - Nick Taylor,Max Homa,Nick Taylor,Nick Taylor - VS - Max Homa,PINNACLE,0.00,0.00,,,,,0.4938609954,0.5061390046,41.82166667,42.85333333,84.675,0.4939080799,0.5060919201,0.00%,,,WINNER,,LOSER,,-0.01218384017,WINNER,1,,0.00%,TOURNAMENT,WINNER,Max Homa - WINNER - Nick Taylor
Eric Cole - LOSER - Tony Finau,Eric Cole,Tony Finau,Tony Finau - VS - Eric Cole,PINNACLE,0.00,0.00,,,,,0.4530535598,0.5469464402,38.155,43.53333333,81.68833333,0.4670801624,0.5329198376,0.00%,,,WINNER,,LOSER,,-0.06583967519,WINNER,1,,0.00%,TOURNAMENT,WINNER,Eric Cole - WINNER - Tony Finau
Kevin Streelman - LOSER - Lucas Glover,Kevin Streelman,Lucas Glover,Lucas Glover - VS - Kevin Streelman,PINNACLE,0.00,0.00,,,,,0.5059456117,0.4940543883,36.30166667,33.49,69.79166667,0.5201432836,0.4798567164,0.00%,,,WINNER,,LOSER,,0.04028656716,LOSER,0,,0.00%,TOURNAMENT,WINNER,Kevin Streelman - WINNER - Lucas Glover
Lee Hodges - LOSER - Ben Kohles,Lee Hodges,Ben Kohles,Ben Kohles - VS - Lee Hodges,PINNACLE,0.00,0.00,,,,,0.5222786615,0.4777213385,42.53166667,39.33666667,81.86833333,0.5195130392,0.4804869608,0.00%,,,WINNER,,LOSER,,0.03902607846,LOSER,0,,0.00%,TOURNAMENT,WINNER,Lee Hodges - WINNER - Ben Kohles
Takumi Kanaya - LOSER - Emiliano Grillo,Takumi Kanaya,Emiliano Grillo,Emiliano Grillo - VS - Takumi Kanaya,PINNACLE,0.00,0.00,,,,,0.5337945217,0.4662054783,40.33166667,35.14,75.47166667,0.534394806,0.465605194,0.00%,,,WINNER,,LOSER,,0.068789612,LOSER,0,,0.00%,TOURNAMENT,WINNER,Takumi Kanaya - WINNER - Emiliano Grillo
Adam Svensson - LOSER - Brice Garnett,Adam Svensson,Brice Garnett,Brice Garnett - VS - Adam Svensson,PINNACLE,0.00,0.00,,,,,0.4851076095,0.5148923905,31.62833333,32.4,64.02833333,0.4939740219,0.5060259781,0.00%,,,WINNER,,LOSER,,-0.01205195617,WINNER,1,,0.00%,TOURNAMENT,WINNER,Adam Svensson - WINNER - Brice Garnett
Justin Lower - LOSER - Beau Hossler,Justin Lower,Beau Hossler,Beau Hossler - VS - Justin Lower,PINNACLE,0.00,0.00,,,,,0.5396638655,0.4603361345,43.22333333,35.285,78.50833333,0.5505572657,0.4494427343,0.00%,,,WINNER,,LOSER,,0.1011145314,LOSER,0,,0.00%,TOURNAMENT,WINNER,Justin Lower - WINNER - Beau Hossler
Marco Penge - LOSER - David Lingmerth,Marco Penge,David Lingmerth,David Lingmerth - VS - Marco Penge,PINNACLE,0.00,0.00,,,,,0.4155376799,0.5844623201,25.75333333,44.98333333,70.73666667,0.3640733236,0.6359266764,0.00%,,,WINNER,,LOSER,,-0.2718533528,WINNER,1,,0.00%,TOURNAMENT,WINNER,Marco Penge - WINNER - David Lingmerth
A.J. Ewart - LOSER - Kristoffer Ventura,A.J. Ewart,Kristoffer Ventura,Kristoffer Ventura - VS - A.J. Ewart,PINNACLE,0.00,0.00,,,,,0.5070555033,0.4929444967,34.95666667,34.95666667,69.91333333,0.5,0.5,0.00%,,,WINNER,,LOSER,,0,WINNER,1,,0.00%,TOURNAMENT,WINNER,A.J. Ewart - WINNER - Kristoffer Ventura
Tyson Shelley - LOSER - Davis Chatfield,Tyson Shelley,Davis Chatfield,Davis Chatfield - VS - Tyson Shelley,PINNACLE,0.00,0.00,,,,,0.555868692,0.444131308,35.55833333,35.55833333,71.11666667,0.5,0.5,0.00%,,,WINNER,,LOSER,,0,WINNER,1,,0.00%,TOURNAMENT,WINNER,Tyson Shelley - WINNER - Davis Chatfield
Hayden Springer - LOSER - Marcelo Rozo,Hayden Springer,Marcelo Rozo,Marcelo Rozo - VS - Hayden Springer,PINNACLE,0.00,0.00,,,,,0.4095948827,0.5904051173,28.805,37.68166667,66.48666667,0.4332447609,0.5667552391,0.00%,,,WINNER,,LOSER,,-0.1335104783,WINNER,1,,0.00%,TOURNAMENT,WINNER,Hayden Springer - WINNER - Marcelo Rozo
Chandler Blanchet - LOSER - Christo Lamprecht,Chandler Blanchet,Christo Lamprecht,Christo Lamprecht - VS - Chandler Blanchet,PINNACLE,0.00,0.00,,,,,0.4390243902,0.5609756098,29.31,34.205,63.515,0.4614657955,0.5385342045,0.00%,,,WINNER,,LOSER,,-0.07706840904,WINNER,1,,0.00%,TOURNAMENT,WINNER,Chandler Blanchet - WINNER - Christo Lamprecht
Zach J. Johnson - LOSER - Zecheng Dou,Zach J. Johnson,Zecheng Dou,Zecheng Dou - VS - Zach J. Johnson,PINNACLE,0.00,0.00,,,,,0.6285714286,0.3714285714,39.76333333,28.20833333,67.97166667,0.5849986514,0.4150013486,0.00%,,,WINNER,,LOSER,,0.1699973028,LOSER,0,,0.00%,TOURNAMENT,WINNER,Zach J. Johnson - WINNER - Zecheng Dou
Dylan Wu - LOSER - Patton Kizzire,Dylan Wu,Patton Kizzire,Patton Kizzire - VS - Dylan Wu,PINNACLE,0.00,0.00,,,,,0.4938296997,0.5061703003,30.06333333,31.53,61.59333333,0.4880939496,0.5119060504,0.00%,,,WINNER,,LOSER,,-0.02381210088,WINNER,1,,0.00%,TOURNAMENT,WINNER,Dylan Wu - WINNER - Patton Kizzire
Doug Ghim - LOSER - Peter Malnati,Doug Ghim,Peter Malnati,Peter Malnati - VS - Doug Ghim,PINNACLE,0.00,0.00,,,,,0.4496476676,0.5503523324,30.115,45.57333333,75.68833333,0.3978816638,0.6021183362,0.00%,,,WINNER,,LOSER,,-0.2042366723,WINNER,1,,0.00%,TOURNAMENT,WINNER,Doug Ghim - WINNER - Peter Malnati
Patrick Rodgers - LOSER - Rafael Campos,Patrick Rodgers,Rafael Campos,Rafael Campos - VS - Patrick Rodgers,PINNACLE,0.00,0.00,,,,,0.4570629435,0.5429370565,23.96333333,36.56666667,60.53,0.3958918443,0.6041081557,0.00%,,,WINNER,,LOSER,,-0.2082163115,WINNER,1,,0.00%,TOURNAMENT,WINNER,Patrick Rodgers - WINNER - Rafael Campos
Mac Meissner - LOSER - Tom Hoge,Mac Meissner,Tom Hoge,Tom Hoge - VS - Mac Meissner,PINNACLE,0.00,0.00,,,,,0.4544147902,0.5455852098,35.16,41.38333333,76.54333333,0.4593476462,0.5406523538,0.00%,,,WINNER,,LOSER,,-0.08130470757,WINNER,1,,0.00%,TOURNAMENT,WINNER,Mac Meissner - WINNER - Tom Hoge
Rasmus Hojgaard - LOSER - Max Greyserman,Rasmus Hojgaard,Max Greyserman,Max Greyserman - VS - Rasmus Hojgaard,PINNACLE,0.00,0.00,,,,,0.5037861189,0.4962138811,40.47666667,41.64166667,82.11833333,0.4929065779,0.5070934221,0.00%,,,WINNER,,LOSER,,-0.01418684419,WINNER,1,,0.00%,TOURNAMENT,WINNER,Rasmus Hojgaard - WINNER - Max Greyserman
David Lipsky - LOSER - David Skinns,David Lipsky,David Skinns,David Skinns - VS - David Lipsky,PINNACLE,0.00,0.00,,,,,0.4921824662,0.5078175338,31.88333333,31.82,63.70333333,0.5004970959,0.4995029041,0.00%,,,WINNER,,LOSER,,0.0009941918267,LOSER,0,,0.00%,TOURNAMENT,WINNER,David Lipsky - WINNER - David Skinns
Ben James - LOSER - Michael Brennan,Ben James,Michael Brennan,Michael Brennan - VS - Ben James,PINNACLE,0.00,0.00,,,,,0.5011297812,0.4988702188,44.11,44.11,88.22,0.5,0.5,0.00%,,,WINNER,,LOSER,,0,WINNER,1,,0.00%,TOURNAMENT,WINNER,Ben James - WINNER - Michael Brennan
Aaron Wise - LOSER - Kevin Yu,Aaron Wise,Kevin Yu,Kevin Yu - VS - Aaron Wise,PINNACLE,0.00,0.00,,,,,0.5989847716,0.4010152284,42.54166667,30.795,73.33666667,0.5800872688,0.4199127312,0.00%,,,WINNER,,LOSER,,0.1601745375,LOSER,0,,0.00%,TOURNAMENT,WINNER,Aaron Wise - WINNER - Kevin Yu
Matt McCarty - LOSER - Harry Hall,Matt McCarty,Harry Hall,Harry Hall - VS - Matt McCarty,PINNACLE,0.00,0.00,,,,,0.5084491652,0.4915508348,41.46333333,0,41.46333333,1,0,0.00%,,,WINNER,,LOSER,,1,LOSER,0,,0.00%,TOURNAMENT,WINNER,Matt McCarty - WINNER - Harry Hall
Davis Riley - LOSER - Stephan Jaeger,Davis Riley,Stephan Jaeger,Stephan Jaeger - VS - Davis Riley,PINNACLE,0.00,0.00,,,,,0.5528525448,0.4471474552,40.02833333,30.30333333,70.33166667,0.5691367094,0.4308632906,0.00%,,,WINNER,,LOSER,,0.1382734188,LOSER,0,,0.00%,TOURNAMENT,WINNER,Davis Riley - WINNER - Stephan Jaeger
Max McGreevy - LOSER - Zac Blair,Max McGreevy,Zac Blair,Zac Blair - VS - Max McGreevy,PINNACLE,0.00,0.00,,,,,0.4961735715,0.5038264285,35.95833333,35.68666667,71.645,0.501895922,0.498104078,0.00%,,,WINNER,,LOSER,,0.003791844046,LOSER,0,,0.00%,TOURNAMENT,WINNER,Max McGreevy - WINNER - Zac Blair
Joe Highsmith - LOSER - Steven Fisk,Joe Highsmith,Steven Fisk,Steven Fisk - VS - Joe Highsmith,PINNACLE,0.00,0.00,,,,,0.562384921,0.437615079,37.37166667,30.33,67.70166667,0.5520051205,0.4479948795,0.00%,,,WINNER,,LOSER,,0.104010241,LOSER,0,,0.00%,TOURNAMENT,WINNER,Joe Highsmith - WINNER - Steven Fisk
Andrew Putnam - LOSER - Joel Dahmen,Andrew Putnam,Joel Dahmen,Joel Dahmen - VS - Andrew Putnam,PINNACLE,0.00,0.00,,,,,0.5257075371,0.4742924629,34.33166667,34.53833333,68.87,0.4984995886,0.5015004114,0.00%,,,WINNER,,LOSER,,-0.003000822806,WINNER,1,,0.00%,TOURNAMENT,WINNER,Andrew Putnam - WINNER - Joel Dahmen
Matt Wallace - LOSER - Seamus Power,Matt Wallace,Seamus Power,Seamus Power - VS - Matt Wallace,PINNACLE,0.00,0.00,,,,,0.451378297,0.548621703,37.32,43.17,80.49,0.463660082,0.536339918,0.00%,,,WINNER,,LOSER,,-0.072679836,WINNER,1,,0.00%,TOURNAMENT,WINNER,Matt Wallace - WINNER - Seamus Power
Patrick Fishburn - LOSER - Kensei Hirata,Patrick Fishburn,Kensei Hirata,Kensei Hirata - VS - Patrick Fishburn,PINNACLE,0.00,0.00,,,,,0.4266503667,0.5733496333,25.44,35.695,61.135,0.4161282408,0.5838717592,0.00%,,,WINNER,,LOSER,,-0.1677435184,WINNER,1,,0.00%,TOURNAMENT,WINNER,Patrick Fishburn - WINNER - Kensei Hirata
Haotong Li - LOSER - Michael Thompson,Haotong Li,Michael Thompson,Michael Thompson - VS - Haotong Li,PINNACLE,0.00,0.00,,,,,0.4216738197,0.5783261803,27.39833333,27.39833333,54.79666667,0.5,0.5,0.00%,,,WINNER,,LOSER,,0,WINNER,1,,0.00%,TOURNAMENT,WINNER,Haotong Li - WINNER - Michael Thompson
Adrien Dumont De Chassart - LOSER - Paul Peterson,Adrien Dumont De Chassart,Paul Peterson,Paul Peterson - VS - Adrien Dumont De Chassart,PINNACLE,0.00,0.00,,,,,0.4842767296,0.5157232704,31.175,34.34,65.515,0.4758452263,0.5241547737,0.00%,,,WINNER,,LOSER,,-0.04830954743,WINNER,1,,0.00%,TOURNAMENT,WINNER,Adrien Dumont De Chassart - WINNER - Paul Peterson
David Ford - LOSER - Jimmy Stanger,David Ford,Jimmy Stanger,Jimmy Stanger - VS - David Ford,PINNACLE,0.00,0.00,,,,,0.4296572876,0.5703427124,29.33,36.44333333,65.77333333,0.4459254004,0.5540745996,0.00%,,,WINNER,,LOSER,,-0.1081491993,WINNER,1,,0.00%,TOURNAMENT,WINNER,David Ford - WINNER - Jimmy Stanger
Pontus Nyholm - LOSER - John VanDerLaan,Pontus Nyholm,John VanDerLaan,John VanDerLaan - VS - Pontus Nyholm,PINNACLE,0.00,0.00,,,,,0.5246062992,0.4753937008,33.92166667,32.805,66.72666667,0.5083674693,0.4916325307,0.00%,,,WINNER,,LOSER,,0.01673493856,LOSER,0,,0.00%,TOURNAMENT,WINNER,Pontus Nyholm - WINNER - John VanDerLaan
Jesper Svensson - LOSER - Alejandro Tosti,Jesper Svensson,Alejandro Tosti,Alejandro Tosti - VS - Jesper Svensson,PINNACLE,0.00,0.00,,,,,0.4482758621,0.5517241379,29.63333333,35.69833333,65.33166667,0.4535829996,0.5464170004,0.00%,,,WINNER,,LOSER,,-0.09283400087,WINNER,1,,0.00%,TOURNAMENT,WINNER,Jesper Svensson - WINNER - Alejandro Tosti
Hank Lebioda - LOSER - Harry Higgs,Hank Lebioda,Harry Higgs,Harry Higgs - VS - Hank Lebioda,PINNACLE,0.00,0.00,,,,,0.5020980977,0.4979019023,31.485,31.485,62.97,0.5,0.5,0.00%,,,WINNER,,LOSER,,0,WINNER,1,,0.00%,TOURNAMENT,WINNER,Hank Lebioda - WINNER - Harry Higgs
  - LOSER -  , , ,  - VS -  ,PINNACLE,0.00,0.00,,,,,,,,,0,0,0,0.00%,,,WINNER,,LOSER,,0,WINNER,1,,0.00%,TOURNAMENT,WINNER,  - WINNER -  
  - LOSER -  , , ,  - VS -  ,PINNACLE,0.00,0.00,,,,,,,,,0,0,0,0.00%,,,WINNER,,LOSER,,0,WINNER,1,,0.00%,TOURNAMENT,WINNER,  - WINNER -  
  - LOSER -  , , ,  - VS -  ,PINNACLE,0.00,0.00,,,,,,,,,0,0,0,0.00%,,,WINNER,,LOSER,,0,WINNER,1,,0.00%,TOURNAMENT,WINNER,  - WINNER -  
  - LOSER -  , , ,  - VS -  ,PINNACLE,0.00,0.00,,,,,,,,,0,0,0,0.00%,,,WINNER,,LOSER,,0,WINNER,1,,0.00%,TOURNAMENT,WINNER,  - WINNER -  
  - LOSER -  , , ,  - VS -  ,PINNACLE,0.00,0.00,,,,,,,,,0,0,0,0.00%,,,WINNER,,LOSER,,0,WINNER,1,,0.00%,TOURNAMENT,WINNER,  - WINNER -  
  - LOSER -  , , ,  - VS -  ,PINNACLE,0.00,0.00,,,,,,,,,0,0,0,0.00%,,,WINNER,,LOSER,,0,WINNER,1,,0.00%,TOURNAMENT,WINNER,  - WINNER -  
  - LOSER -  , , ,  - VS -  ,PINNACLE,0.00,0.00,,,,,,,,,0,0,0,0.00%,,,WINNER,,LOSER,,0,WINNER,1,,0.00%,TOURNAMENT,WINNER,  - WINNER -  
  - LOSER -  , , ,  - VS -  ,PINNACLE,0.00,0.00,,,,,,,,,0,0,0,0.00%,,,WINNER,,LOSER,,0,WINNER,1,,0.00%,TOURNAMENT,WINNER,  - WINNER -  
  - LOSER -  , , ,  - VS -  ,PINNACLE,0.00,0.00,,,,,,,,,0,0,0,0.00%,,,WINNER,,LOSER,,0,WINNER,1,,0.00%,TOURNAMENT,WINNER,  - WINNER -  
  - LOSER -  , , ,  - VS -  ,PINNACLE,0.00,0.00,,,,,,,,,0,0,0,0.00%,,,WINNER,,LOSER,,0,WINNER,1,,0.00%,TOURNAMENT,WINNER,  - WINNER -  
  - LOSER -  , , ,  - VS -  ,PINNACLE,0.00,0.00,,,,,,,,,0,0,0,0.00%,,,WINNER,,LOSER,,0,WINNER,1,,0.00%,TOURNAMENT,WINNER,  - WINNER -  
  - LOSER -  , , ,  - VS -  ,PINNACLE,0.00,0.00,,,,,,,,,0,0,0,0.00%,,,WINNER,,LOSER,,0,WINNER,1,,0.00%,TOURNAMENT,WINNER,  - WINNER -  
  - LOSER -  , , ,  - VS -  ,PINNACLE,0.00,0.00,,,,,,,,,0,0,0,0.00%,,,WINNER,,LOSER,,0,WINNER,1,,0.00%,TOURNAMENT,WINNER,  - WINNER -  
  - LOSER -  , , ,  - VS -  ,PINNACLE,0.00,0.00,,,,,,,,,0,0,0,0.00%,,,WINNER,,LOSER,,0,WINNER,1,,0.00%,TOURNAMENT,WINNER,  - WINNER -  
  - LOSER -  , , ,  - VS -  ,PINNACLE,0.00,0.00,,,,,,,,,0,0,0,0.00%,,,WINNER,,LOSER,,0,WINNER,1,,0.00%,TOURNAMENT,WINNER,  - WINNER -  
  - LOSER -  , , ,  - VS -  ,PINNACLE,0.00,0.00,,,,,,,,,0,0,0,0.00%,,,WINNER,,LOSER,,0,WINNER,1,,0.00%,TOURNAMENT,WINNER,  - WINNER -  
  - LOSER -  , , ,  - VS -  ,PINNACLE,0.00,0.00,,,,,,,,,0,0,0,0.00%,,,WINNER,,LOSER,,0,WINNER,1,,0.00%,TOURNAMENT,WINNER,  - WINNER -  
  - LOSER -  , , ,  - VS -  ,PINNACLE,0.00,0.00,,,,,,,,,0,0,0,0.00%,,,WINNER,,LOSER,,0,WINNER,1,,0.00%,TOURNAMENT,WINNER,  - WINNER -  
  - LOSER -  , , ,  - VS -  ,PINNACLE,0.00,0.00,,,,,,,,,0,0,0,0.00%,,,WINNER,,LOSER,,0,WINNER,1,,0.00%,TOURNAMENT,WINNER,  - WINNER -  
  - LOSER -  , , ,  - VS -  ,PINNACLE,0.00,0.00,,,,,,,,,0,0,0,0.00%,,,WINNER,,LOSER,,0,WINNER,1,,0.00%,TOURNAMENT,WINNER,  - WINNER -  
  - LOSER -  , , ,  - VS -  ,PINNACLE,0.00,0.00,,,,,,,,,0,0,0,0.00%,,,WINNER,,LOSER,,0,WINNER,1,,0.00%,TOURNAMENT,WINNER,  - WINNER -  
  - LOSER -  , , ,  - VS -  ,PINNACLE,0.00,0.00,,,,,,,,,0,0,0,0.00%,,,WINNER,,LOSER,,0,WINNER,1,,0.00%,TOURNAMENT,WINNER,  - WINNER -  
  - LOSER -  , , ,  - VS -  ,PINNACLE,0.00,0.00,,,,,,,,,0,0,0,0.00%,,,WINNER,,LOSER,,0,WINNER,1,,0.00%,TOURNAMENT,WINNER,  - WINNER -  
  - LOSER -  , , ,  - VS -  ,PINNACLE,0.00,0.00,,,,,,,,,0,0,0,0.00%,,,WINNER,,LOSER,,0,WINNER,1,,0.00%,TOURNAMENT,WINNER,  - WINNER -  
  - LOSER -  , , ,  - VS -  ,PINNACLE,0.00,0.00,,,,,,,,,0,0,0,0.00%,,,WINNER,,LOSER,,0,WINNER,1,,0.00%,TOURNAMENT,WINNER,  - WINNER -  
  - LOSER -  , , ,  - VS -  ,PINNACLE,0.00,0.00,,,,,,,,,0,0,0,0.00%,,,WINNER,,LOSER,,0,WINNER,1,,0.00%,TOURNAMENT,WINNER,  - WINNER -  
  - LOSER -  , , ,  - VS -  ,PINNACLE,0.00,0.00,,,,,,,,,0,0,0,0.00%,,,WINNER,,LOSER,,0,WINNER,1,,0.00%,TOURNAMENT,WINNER,  - WINNER -  
  - LOSER -  , , ,  - VS -  ,PINNACLE,0.00,0.00,,,,,,,,,0,0,0,0.00%,,,WINNER,,LOSER,,0,WINNER,1,,0.00%,TOURNAMENT,WINNER,  - WINNER -  
  - LOSER -  , , ,  - VS -  ,PINNACLE,0.00,0.00,,,,,,,,,0,0,0,0.00%,,,WINNER,,LOSER,,0,WINNER,1,,0.00%,TOURNAMENT,WINNER,  - WINNER -  
  - LOSER -  , , ,  - VS -  ,PINNACLE,0.00,0.00,,,,,,,,,0,0,0,0.00%,,,WINNER,,LOSER,,0,WINNER,1,,0.00%,TOURNAMENT,WINNER,  - WINNER -  
  - LOSER -  , , ,  - VS -  ,PINNACLE,0.00,0.00,,,,,,,,,0,0,0,0.00%,,,WINNER,,LOSER,,0,WINNER,1,,0.00%,TOURNAMENT,WINNER,  - WINNER -  
  - LOSER -  , , ,  - VS -  ,PINNACLE,0.00,0.00,,,,,,,,,0,0,0,0.00%,,,WINNER,,LOSER,,0,WINNER,1,,0.00%,TOURNAMENT,WINNER,  - WINNER -  
  - LOSER -  , , ,  - VS -  ,PINNACLE,0.00,0.00,,,,,,,,,0,0,0,0.00%,,,WINNER,,LOSER,,0,WINNER,1,,0.00%,TOURNAMENT,WINNER,  - WINNER -  
  - LOSER -  , , ,  - VS -  ,PINNACLE,0.00,0.00,,,,,,,,,0,0,0,0.00%,,,WINNER,,LOSER,,0,WINNER,1,,0.00%,TOURNAMENT,WINNER,  - WINNER -  
  - LOSER -  , , ,  - VS -  ,PINNACLE,0.00,0.00,,,,,,,,,0,0,0,0.00%,,,WINNER,,LOSER,,0,WINNER,1,,0.00%,TOURNAMENT,WINNER,  - WINNER -  
  - LOSER -  , , ,  - VS -  ,PINNACLE,0.00,0.00,,,,,,,,,0,0,0,0.00%,,,WINNER,,LOSER,,0,WINNER,1,,0.00%,TOURNAMENT,WINNER,  - WINNER -  
  - LOSER -  , , ,  - VS -  ,PINNACLE,0.00,0.00,,,,,,,,,0,0,0,0.00%,,,WINNER,,LOSER,,0,WINNER,1,,0.00%,TOURNAMENT,WINNER,  - WINNER -  
  - LOSER -  , , ,  - VS -  ,PINNACLE,0.00,0.00,,,,,,,,,0,0,0,0.00%,,,WINNER,,LOSER,,0,WINNER,1,,0.00%,TOURNAMENT,WINNER,  - WINNER -  
  - LOSER -  , , ,  - VS -  ,PINNACLE,0.00,0.00,,,,,,,,,0,0,0,0.00%,,,WINNER,,LOSER,,0,WINNER,1,,0.00%,TOURNAMENT,WINNER,  - WINNER -  
  - LOSER -  , , ,  - VS -  ,PINNACLE,0.00,0.00,,,,,,,,,0,0,0,0.00%,,,WINNER,,LOSER,,0,WINNER,1,,0.00%,TOURNAMENT,WINNER,  - WINNER -  
  - LOSER -  , , ,  - VS -  ,PINNACLE,0.00,0.00,,,,,,,,,0,0,0,0.00%,,,WINNER,,LOSER,,0,WINNER,1,,0.00%,TOURNAMENT,WINNER,  - WINNER -  
  - LOSER -  , , ,  - VS -  ,PINNACLE,0.00,0.00,,,,,,,,,0,0,0,0.00%,,,WINNER,,LOSER,,0,WINNER,1,,0.00%,TOURNAMENT,WINNER,  - WINNER -  
  - LOSER -  , , ,  - VS -  ,PINNACLE,0.00,0.00,,,,,,,,,0,0,0,0.00%,,,WINNER,,LOSER,,0,WINNER,1,,0.00%,TOURNAMENT,WINNER,  - WINNER -  
  - LOSER -  , , ,  - VS -  ,PINNACLE,0.00,0.00,,,,,,,,,0,0,0,0.00%,,,WINNER,,LOSER,,0,WINNER,1,,0.00%,TOURNAMENT,WINNER,  - WINNER -  
  - LOSER -  , , ,  - VS -  ,PINNACLE,0.00,0.00,,,,,,,,,0,0,0,0.00%,,,WINNER,,LOSER,,0,WINNER,1,,0.00%,TOURNAMENT,WINNER,  - WINNER -  
  - LOSER -  , , ,  - VS -  ,PINNACLE,0.00,0.00,,,,,,,,,0,0,0,0.00%,,,WINNER,,LOSER,,0,WINNER,1,,0.00%,TOURNAMENT,WINNER,  - WINNER -  
  - LOSER -  , , ,  - VS -  ,PINNACLE,0.00,0.00,,,,,,,,,0,0,0,0.00%,,,WINNER,,LOSER,,0,WINNER,1,,0.00%,TOURNAMENT,WINNER,  - WINNER -  
  - LOSER -  , , ,  - VS -  ,PINNACLE,0.00,0.00,,,,,,,,,0,0,0,0.00%,,,WINNER,,LOSER,,0,WINNER,1,,0.00%,TOURNAMENT,WINNER,  - WINNER -  
  - LOSER -  , , ,  - VS -  ,PINNACLE,0.00,0.00,,,,,,,,,0,0,0,0.00%,,,WINNER,,LOSER,,0,WINNER,1,,0.00%,TOURNAMENT,WINNER,  - WINNER -  
  - LOSER -  , , ,  - VS -  ,PINNACLE,0.00,0.00,,,,,,,,,0,0,0,0.00%,,,WINNER,,LOSER,,0,WINNER,1,,0.00%,TOURNAMENT,WINNER,  - WINNER -  
  - LOSER -  , , ,  - VS -  ,PINNACLE,0.00,0.00,,,,,,,,,0,0,0,0.00%,,,WINNER,,LOSER,,0,WINNER,1,,0.00%,TOURNAMENT,WINNER,  - WINNER -  
  - LOSER -  , , ,  - VS -  ,PINNACLE,0.00,0.00,,,,,,,,,0,0,0,0.00%,,,WINNER,,LOSER,,0,WINNER,1,,0.00%,TOURNAMENT,WINNER,  - WINNER -  
  - LOSER -  , , ,  - VS -  ,PINNACLE,0.00,0.00,,,,,,,,,0,0,0,0.00%,,,WINNER,,LOSER,,0,WINNER,1,,0.00%,TOURNAMENT,WINNER,  - WINNER -  
  - LOSER -  , , ,  - VS -  ,PINNACLE,0.00,0.00,,,,,,,,,0,0,0,0.00%,,,WINNER,,LOSER,,0,WINNER,1,,0.00%,TOURNAMENT,WINNER,  - WINNER -  
  - LOSER -  , , ,  - VS -  ,PINNACLE,0.00,0.00,,,,,,,,,0,0,0,0.00%,,,WINNER,,LOSER,,0,WINNER,1,,0.00%,TOURNAMENT,WINNER,  - WINNER -  
  - LOSER -  , , ,  - VS -  ,PINNACLE,0.00,0.00,,,,,,,,,0,0,0,0.00%,,,WINNER,,LOSER,,0,WINNER,1,,0.00%,TOURNAMENT,WINNER,  - WINNER -  
  - LOSER -  , , ,  - VS -  ,PINNACLE,0.00,0.00,,,,,,,,,0,0,0,0.00%,,,WINNER,,LOSER,,0,WINNER,1,,0.00%,TOURNAMENT,WINNER,  - WINNER -  
  - LOSER -  , , ,  - VS -  ,PINNACLE,0.00,0.00,,,,,,,,,0,0,0,0.00%,,,WINNER,,LOSER,,0,WINNER,1,,0.00%,TOURNAMENT,WINNER,  - WINNER -  
  - LOSER -  , , ,  - VS -  ,PINNACLE,0.00,0.00,,,,,,,,,0,0,0,0.00%,,,WINNER,,LOSER,,0,WINNER,1,,0.00%,TOURNAMENT,WINNER,  - WINNER -  
  - LOSER -  , , ,  - VS -  ,PINNACLE,0.00,0.00,,,,,,,,,0,0,0,0.00%,,,WINNER,,LOSER,,0,WINNER,1,,0.00%,TOURNAMENT,WINNER,  - WINNER -  
  - LOSER -  , , ,  - VS -  ,PINNACLE,0.00,0.00,,,,,,,,,0,0,0,0.00%,,,WINNER,,LOSER,,0,WINNER,1,,0.00%,TOURNAMENT,WINNER,  - WINNER -  
  - LOSER -  , , ,  - VS -  ,PINNACLE,0.00,0.00,,,,,,,,,0,0,0,0.00%,,,WINNER,,LOSER,,0,WINNER,1,,0.00%,TOURNAMENT,WINNER,  - WINNER -  
  - LOSER -  , , ,  - VS -  ,PINNACLE,0.00,0.00,,,,,,,,,0,0,0,0.00%,,,WINNER,,LOSER,,0,WINNER,1,,0.00%,TOURNAMENT,WINNER,  - WINNER -  
  - LOSER -  , , ,  - VS -  ,PINNACLE,0.00,0.00,,,,,,,,,0,0,0,0.00%,,,WINNER,,LOSER,,0,WINNER,1,,0.00%,TOURNAMENT,WINNER,  - WINNER -  
  - LOSER -  , , ,  - VS -  ,PINNACLE,0.00,0.00,,,,,,,,,0,0,0,0.00%,,,WINNER,,LOSER,,0,WINNER,1,,0.00%,TOURNAMENT,WINNER,  - WINNER -  
  - LOSER -  , , ,  - VS -  ,PINNACLE,0.00,0.00,,,,,,,,,0,0,0,0.00%,,,WINNER,,LOSER,,0,WINNER,1,,0.00%,TOURNAMENT,WINNER,  - WINNER -  
  - LOSER -  , , ,  - VS -  ,PINNACLE,0.00,0.00,,,,,,,,,0,0,0,0.00%,,,WINNER,,LOSER,,0,WINNER,1,,0.00%,TOURNAMENT,WINNER,  - WINNER -  
  - LOSER -  , , ,  - VS -  ,PINNACLE,0.00,0.00,,,,,,,,,0,0,0,0.00%,,,WINNER,,LOSER,,0,WINNER,1,,0.00%,TOURNAMENT,WINNER,  - WINNER -  
  - LOSER -  , , ,  - VS -  ,PINNACLE,0.00,0.00,,,,,,,,,0,0,0,0.00%,,,WINNER,,LOSER,,0,WINNER,1,,0.00%,TOURNAMENT,WINNER,  - WINNER -  
  - LOSER -  , , ,  - VS -  ,PINNACLE,0.00,0.00,,,,,,,,,0,0,0,0.00%,,,WINNER,,LOSER,,0,WINNER,1,,0.00%,TOURNAMENT,WINNER,  - WINNER -  
  - LOSER -  , , ,  - VS -  ,PINNACLE,0.00,0.00,,,,,,,,,0,0,0,0.00%,,,WINNER,,LOSER,,0,WINNER,1,,0.00%,TOURNAMENT,WINNER,  - WINNER -  
  - LOSER -  , , ,  - VS -  ,PINNACLE,0.00,0.00,,,,,,,,,0,0,0,0.00%,,,WINNER,,LOSER,,0,WINNER,1,,0.00%,TOURNAMENT,WINNER,  - WINNER -  
  - LOSER -  , , ,  - VS -  ,PINNACLE,0.00,0.00,,,,,,,,,0,0,0,0.00%,,,WINNER,,LOSER,,0,WINNER,1,,0.00%,TOURNAMENT,WINNER,  - WINNER -  
  - LOSER -  , , ,  - VS -  ,PINNACLE,0.00,0.00,,,,,,,,,0,0,0,0.00%,,,WINNER,,LOSER,,0,WINNER,1,,0.00%,TOURNAMENT,WINNER,  - WINNER -  
  - LOSER -  , , ,  - VS -  ,PINNACLE,0.00,0.00,,,,,,,,,0,0,0,0.00%,,,WINNER,,LOSER,,0,WINNER,1,,0.00%,TOURNAMENT,WINNER,  - WINNER -  
  - LOSER -  , , ,  - VS -  ,PINNACLE,0.00,0.00,,,,,,,,,0,0,0,0.00%,,,WINNER,,LOSER,,0,WINNER,1,,0.00%,TOURNAMENT,WINNER,  - WINNER -  
  - LOSER -  , , ,  - VS -  ,PINNACLE,0.00,0.00,,,,,,,,,0,0,0,0.00%,,,WINNER,,LOSER,,0,WINNER,1,,0.00%,TOURNAMENT,WINNER,  - WINNER -  
  - LOSER -  , , ,  - VS -  ,PINNACLE,0.00,0.00,,,,,,,,,0,0,0,0.00%,,,WINNER,,LOSER,,0,WINNER,1,,0.00%,TOURNAMENT,WINNER,  - WINNER -  
  - LOSER -  , , ,  - VS -  ,PINNACLE,0.00,0.00,,,,,,,,,0,0,0,0.00%,,,WINNER,,LOSER,,0,WINNER,1,,0.00%,TOURNAMENT,WINNER,  - WINNER -  
  - LOSER -  , , ,  - VS -  ,PINNACLE,0.00,0.00,,,,,,,,,0,0,0,0.00%,,,WINNER,,LOSER,,0,WINNER,1,,0.00%,TOURNAMENT,WINNER,  - WINNER -  
  - LOSER -  , , ,  - VS -  ,PINNACLE,0.00,0.00,,,,,,,,,0,0,0,0.00%,,,WINNER,,LOSER,,0,WINNER,1,,0.00%,TOURNAMENT,WINNER,  - WINNER -  
  - LOSER -  , , ,  - VS -  ,PINNACLE,0.00,0.00,,,,,,,,,0,0,0,0.00%,,,WINNER,,LOSER,,0,WINNER,1,,0.00%,TOURNAMENT,WINNER,  - WINNER -  
  - LOSER -  , , ,  - VS -  ,PINNACLE,0.00,0.00,,,,,,,,,0,0,0,0.00%,,,WINNER,,LOSER,,0,WINNER,1,,0.00%,TOURNAMENT,WINNER,  - WINNER -  
  - LOSER -  , , ,  - VS -  ,PINNACLE,0.00,0.00,,,,,,,,,0,0,0,0.00%,,,WINNER,,LOSER,,0,WINNER,1,,0.00%,TOURNAMENT,WINNER,  - WINNER -  
  - LOSER -  , , ,  - VS -  ,PINNACLE,0.00,0.00,,,,,,,,,0,0,0,0.00%,,,WINNER,,LOSER,,0,WINNER,1,,0.00%,TOURNAMENT,WINNER,  - WINNER -  
  - LOSER -  , , ,  - VS -  ,PINNACLE,0.00,0.00,,,,,,,,,0,0,0,0.00%,,,WINNER,,LOSER,,0,WINNER,1,,0.00%,TOURNAMENT,WINNER,  - WINNER -  
  - LOSER -  , , ,  - VS -  ,PINNACLE,0.00,0.00,,,,,,,,,0,0,0,0.00%,,,WINNER,,LOSER,,0,WINNER,1,,0.00%,TOURNAMENT,WINNER,  - WINNER -  
  - LOSER -  , , ,  - VS -  ,PINNACLE,0.00,0.00,,,,,,,,,0,0,0,0.00%,,,WINNER,,LOSER,,0,WINNER,1,,0.00%,TOURNAMENT,WINNER,  - WINNER -  
  - LOSER -  , , ,  - VS -  ,PINNACLE,0.00,0.00,,,,,,,,,0,0,0,0.00%,,,WINNER,,LOSER,,0,WINNER,1,,0.00%,TOURNAMENT,WINNER,  - WINNER -  
  - LOSER -  , , ,  - VS -  ,PINNACLE,0.00,0.00,,,,,,,,,0,0,0,0.00%,,,WINNER,,LOSER,,0,WINNER,1,,0.00%,TOURNAMENT,WINNER,  - WINNER -  
  - LOSER -  , , ,  - VS -  ,PINNACLE,0.00,0.00,,,,,,,,,0,0,0,0.00%,,,WINNER,,LOSER,,0,WINNER,1,,0.00%,TOURNAMENT,WINNER,  - WINNER -  
  - LOSER -  , , ,  - VS -  ,PINNACLE,0.00,0.00,,,,,,,,,0,0,0,0.00%,,,WINNER,,LOSER,,0,WINNER,1,,0.00%,TOURNAMENT,WINNER,  - WINNER -  
  - LOSER -  , , ,  - VS -  ,PINNACLE,0.00,0.00,,,,,,,,,0,0,0,0.00%,,,WINNER,,LOSER,,0,WINNER,1,,0.00%,TOURNAMENT,WINNER,  - WINNER -  
  - LOSER -  , , ,  - VS -  ,PINNACLE,0.00,0.00,,,,,,,,,0,0,0,0.00%,,,WINNER,,LOSER,,0,WINNER,1,,0.00%,TOURNAMENT,WINNER,  - WINNER -  
  - LOSER -  , , ,  - VS -  ,PINNACLE,0.00,0.00,,,,,,,,,0,0,0,0.00%,,,WINNER,,LOSER,,0,WINNER,1,,0.00%,TOURNAMENT,WINNER,  - WINNER -  
  - LOSER -  , , ,  - VS -  ,PINNACLE,0.00,0.00,,,,,,,,,0,0,0,0.00%,,,WINNER,,LOSER,,0,WINNER,1,,0.00%,TOURNAMENT,WINNER,  - WINNER -  
  - LOSER -  , , ,  - VS -  ,PINNACLE,0.00,0.00,,,,,,,,,0,0,0,0.00%,,,WINNER,,LOSER,,0,WINNER,1,,0.00%,TOURNAMENT,WINNER,  - WINNER -  
  - LOSER -  , , ,  - VS -  ,PINNACLE,0.00,0.00,,,,,,,,,0,0,0,0.00%,,,WINNER,,LOSER,,0,WINNER,1,,0.00%,TOURNAMENT,WINNER,  - WINNER -  
  - LOSER -  , , ,  - VS -  ,PINNACLE,0.00,0.00,,,,,,,,,0,0,0,0.00%,,,WINNER,,LOSER,,0,WINNER,1,,0.00%,TOURNAMENT,WINNER,  - WINNER -  
  - LOSER -  , , ,  - VS -  ,PINNACLE,0.00,0.00,,,,,,,,,0,0,0,0.00%,,,WINNER,,LOSER,,0,WINNER,1,,0.00%,TOURNAMENT,WINNER,  - WINNER -  
  - LOSER -  , , ,  - VS -  ,PINNACLE,0.00,0.00,,,,,,,,,0,0,0,0.00%,,,WINNER,,LOSER,,0,WINNER,1,,0.00%,TOURNAMENT,WINNER,  - WINNER -  
  - LOSER -  , , ,  - VS -  ,PINNACLE,0.00,0.00,,,,,,,,,0,0,0,0.00%,,,WINNER,,LOSER,,0,WINNER,1,,0.00%,TOURNAMENT,WINNER,  - WINNER -  
  - LOSER -  , , ,  - VS -  ,PINNACLE,0.00,0.00,,,,,,,,,0,0,0,0.00%,,,WINNER,,LOSER,,0,WINNER,1,,0.00%,TOURNAMENT,WINNER,  - WINNER -  
  - LOSER -  , , ,  - VS -  ,PINNACLE,0.00,0.00,,,,,,,,,0,0,0,0.00%,,,WINNER,,LOSER,,0,WINNER,1,,0.00%,TOURNAMENT,WINNER,  - WINNER -  
  - LOSER -  , , ,  - VS -  ,PINNACLE,0.00,0.00,,,,,,,,,0,0,0,0.00%,,,WINNER,,LOSER,,0,WINNER,1,,0.00%,TOURNAMENT,WINNER,  - WINNER -  
  - LOSER -  , , ,  - VS -  ,PINNACLE,0.00,0.00,,,,,,,,,0,0,0,0.00%,,,WINNER,,LOSER,,0,WINNER,1,,0.00%,TOURNAMENT,WINNER,  - WINNER -  
  - LOSER -  , , ,  - VS -  ,PINNACLE,0.00,0.00,,,,,,,,,0,0,0,0.00%,,,WINNER,,LOSER,,0,WINNER,1,,0.00%,TOURNAMENT,WINNER,  - WINNER -  
  - LOSER -  , , ,  - VS -  ,PINNACLE,0.00,0.00,,,,,,,,,0,0,0,0.00%,,,WINNER,,LOSER,,0,WINNER,1,,0.00%,TOURNAMENT,WINNER,  - WINNER -  
  - LOSER -  , , ,  - VS -  ,PINNACLE,0.00,0.00,,,,,,,,,0,0,0,0.00%,,,WINNER,,LOSER,,0,WINNER,1,,0.00%,TOURNAMENT,WINNER,  - WINNER -  
  - LOSER -  , , ,  - VS -  ,PINNACLE,0.00,0.00,,,,,,,,,0,0,0,0.00%,,,WINNER,,LOSER,,0,WINNER,1,,0.00%,TOURNAMENT,WINNER,  - WINNER -  
  - LOSER -  , , ,  - VS -  ,PINNACLE,0.00,0.00,,,,,,,,,0,0,0,0.00%,,,WINNER,,LOSER,,0,WINNER,1,,0.00%,TOURNAMENT,WINNER,  - WINNER -  
 - LOSER - ,,,,,,,,,,,,,,,,0,0,0.00%,,,WINNER,,LOSER,,0,WINNER,1,,0.00%,ROUND,WINNER, - WINNER - 
 - LOSER - ,,,,,,,,,,,,,,,,0,0,0.00%,,,WINNER,,LOSER,,0,WINNER,1,,0.00%,ROUND,WINNER, - WINNER - 
 - LOSER - ,,,,,,,,,,,,,,,,0,0,0.00%,,,WINNER,,LOSER,,0,WINNER,1,,0.00%,ROUND,WINNER, - WINNER - 
 - LOSER - ,,,,,,,,,,,,,,,,0,0,0.00%,,,WINNER,,LOSER,,0,WINNER,1,,0.00%,ROUND,WINNER, - WINNER - 
 - LOSER - ,,,,,,,,,,,,,,,,0,0,0.00%,,,WINNER,,LOSER,,0,WINNER,1,,0.00%,ROUND,WINNER, - WINNER - 
 - LOSER - ,,,,,,,,,,,,,,,,0,0,0.00%,,,WINNER,,LOSER,,0,WINNER,1,,0.00%,ROUND,WINNER, - WINNER - 
 - LOSER - ,,,,,,,,,,,,,,,,0,0,0.00%,,,WINNER,,LOSER,,0,WINNER,1,,0.00%,ROUND,WINNER, - WINNER - 
 - LOSER - ,,,,,,,,,,,,,,,,0,0,0.00%,,,WINNER,,LOSER,,0,WINNER,1,,0.00%,ROUND,WINNER, - WINNER - 
 - LOSER - ,,,,,,,,,,,,,,,,0,0,0.00%,,,WINNER,,LOSER,,0,WINNER,1,,0.00%,ROUND,WINNER, - WINNER - 
 - LOSER - ,,,,,,,,,,,,,,,,0,0,0.00%,,,WINNER,,LOSER,,0,WINNER,1,,0.00%,ROUND,WINNER, - WINNER - 
 - LOSER - ,,,,,,,,,,,,,,,,0,0,0.00%,,,WINNER,,LOSER,,0,WINNER,1,,0.00%,ROUND,WINNER, - WINNER - 
 - LOSER - ,,,,,,,,,,,,,,,,0,0,0.00%,,,WINNER,,LOSER,,0,WINNER,1,,0.00%,ROUND,WINNER, - WINNER - 
 - LOSER - ,,,,,,,,,,,,,,,,0,0,0.00%,,,WINNER,,LOSER,,0,WINNER,1,,0.00%,ROUND,WINNER, - WINNER - 
 - LOSER - ,,,,,,,,,,,,,,,,0,0,0.00%,,,WINNER,,LOSER,,0,WINNER,1,,0.00%,ROUND,WINNER, - WINNER - 
 - LOSER - ,,,,,,,,,,,,,,,,0,0,0.00%,,,WINNER,,LOSER,,0,WINNER,1,,0.00%,ROUND,WINNER, - WINNER - 
 - LOSER - ,,,,,,,,,,,,,,,,0,0,0.00%,,,WINNER,,LOSER,,0,WINNER,1,,0.00%,ROUND,WINNER, - WINNER - 
 - LOSER - ,,,,,,,,,,,,,,,,0,0,0.00%,,,WINNER,,LOSER,,0,WINNER,1,,0.00%,ROUND,WINNER, - WINNER - 
 - LOSER - ,,,,,,,,,,,,,,,,0,0,0.00%,,,WINNER,,LOSER,,0,WINNER,1,,0.00%,ROUND,WINNER, - WINNER - 
 - LOSER - ,,,,,,,,,,,,,,,,0,0,0.00%,,,WINNER,,LOSER,,0,WINNER,1,,0.00%,ROUND,WINNER, - WINNER - 
 - LOSER - ,,,,,,,,,,,,,,,,0,0,0.00%,,,WINNER,,LOSER,,0,WINNER,1,,0.00%,ROUND,WINNER, - WINNER - 
 - LOSER - ,,,,,,,,,,,,,,,,0,0,0.00%,,,WINNER,,LOSER,,0,WINNER,1,,0.00%,ROUND,WINNER, - WINNER - 
David Lipsky - LOSER - Johnny Keefer,David Lipsky,Johnny Keefer,David Lipsky - VS - Johnny Keefer,BET365,140.00,-167.00,2.4,1.598802395,0.4825716499,0.517428350,0.4825716499,0.5174283501,31.82,41.755,73.575,0.43248386,0.56751614,0.00%,0.00%,0.00%,LOSER,-5.01%,LOSER,,-0.13503228,WINNER,0,-5.01%,0.00%,ROUND,LOSER,David Lipsky - LOSER - Johnny Keefer
Doug Ghim - LOSER - Jackson Suber,Doug Ghim,Jackson Suber,Doug Ghim - VS - Jackson Suber,BET365,-111.00,-111.00,1.900900901,1.900900901,0.5,0.500000000,0.5222101842,0.4777898158,45.57333333,42.70833333,88.28166667,0.5162264721,0.4837735279,0.00%,2.22%,-2.22%,LOSER,1.62%,LOSER,1.62%,0.03245294417,LOSER,1,1.62%,-2.22%,ROUND,WINNER,Doug Ghim - WINNER - Jackson Suber
Patrick Rodgers - LOSER - Denny McCarthy,Patrick Rodgers,Denny McCarthy,Patrick Rodgers - VS - Denny McCarthy,BET365,-111.00,-111.00,1.900900901,1.900900901,0.5,0.500000000,0.5,0.5,36.56666667,37.44166667,74.00833333,0.4940885035,0.5059114965,0.00%,0.00%,0.00%,LOSER,-0.59%,LOSER,,-0.01182299291,WINNER,0,-0.59%,0.00%,ROUND,LOSER,Patrick Rodgers - LOSER - Denny McCarthy
Ben James - WINNER - Jackson Koivun,Ben James,Jackson Koivun,Ben James - VS - Jackson Koivun,BET365,-116.00,-105.00,1.862068966,1.952380952,0.5118381403,0.488161860,0.4702258727,0.5297741273,44.89675439,44.89675439,89.79350877,0.5,0.5,0.00%,-4.16%,4.16%,WINNER,-1.18%,WINNER,1.18%,0,WINNER,1,-1.18%,4.16%,ROUND,LOSER,Ben James - LOSER - Jackson Koivun
Kevin Yu - LOSER - Michael Brennan,Kevin Yu,Michael Brennan,Kevin Yu - VS - Michael Brennan,BET365,115.00,-135.00,2.15,1.740740741,0.4821587868,0.517841213,0.4811840294,0.5188159706,42.54166667,44.11,86.65166667,0.4909503568,0.5090496432,0.00%,-0.10%,0.10%,LOSER,0.88%,LOSER,,-0.01809928641,WINNER,0,0.88%,0.10%,ROUND,WINNER,Kevin Yu - WINNER - Michael Brennan
Stephan Jaeger - WINNER - Steven Fisk,Stephan Jaeger,Steven Fisk,Stephan Jaeger - VS - Steven Fisk,BET365,-116.00,-105.00,1.862068966,1.952380952,0.5118381403,0.488161860,0.500539258,0.499460742,40.02833333,37.37166667,77.4,0.5171619294,0.4828380706,0.00%,-1.13%,1.13%,WINNER,0.53%,WINNER,,0.03432385874,LOSER,0,0.53%,1.13%,ROUND,WINNER,Stephan Jaeger - WINNER - Steven Fisk
Harry Hall - WINNER - Neal Shipley,Harry Hall,Neal Shipley,Harry Hall - VS - Neal Shipley,BET365,-116.00,-105.00,1.862068966,1.952380952,0.5118381403,0.488161860,0.4911345668,0.5088654332,41.46333333,40.91333333,82.37666667,0.503338324,0.496661676,0.00%,-2.07%,2.07%,WINNER,-0.85%,WINNER,,0.006676647918,LOSER,0,-0.85%,2.07%,ROUND,LOSER,Harry Hall - LOSER - Neal Shipley
Zac Blair - LOSER - Matt McCarty,Zac Blair,Matt McCarty,Zac Blair - VS - Matt McCarty,BET365,110.00,-132.00,2.1,1.757575758,0.479338843,0.520661157,0.479338843,0.520661157,35.95833333,0,35.95833333,1,0,0.00%,0.00%,0.00%,LOSER,,LOSER,,1,LOSER,1,52.07%,0.00%,ROUND,WINNER,Zac Blair - WINNER - Matt McCarty
Matt Wallace - LOSER - Rico Hoey,Matt Wallace,Rico Hoey,Matt Wallace - VS - Rico Hoey,BET365,-125.00,105.00,1.8,2.05,0.5203045685,0.479695431,0.5193370166,0.4806629834,43.17,41.72,84.89,0.5085404641,0.4914595359,0.00%,-0.10%,0.10%,WINNER,-1.18%,LOSER,,0.01708092826,LOSER,0,-1.18%,0.10%,ROUND,LOSER,Matt Wallace - LOSER - Rico Hoey
Patrick Fishburn - LOSER - Trace Crowe,Patrick Fishburn,Trace Crowe,Patrick Fishburn - VS - Trace Crowe,BET365,-111.00,-111.00,1.900900901,1.900900901,0.5,0.500000000,0.5,0.5,35.695,35.26166667,70.95666667,0.5030535068,0.4969464932,0.00%,0.00%,0.00%,LOSER,0.31%,LOSER,0.31%,0.00610701367,LOSER,1,0.31%,0.00%,ROUND,WINNER,Patrick Fishburn - WINNER - Trace Crowe
Kevin Roy - LOSER - Jordan Smith,Kevin Roy,Jordan Smith,Kevin Roy - VS - Jordan Smith,BET365,0.00,0.00,,,,,0.4782608696,0.5217391304,41.215,41.215,82.43,0.5,0.5,0.00%,,,WINNER,,LOSER,,0,WINNER,1,,0.00%,ROUND,WINNER,Kevin Roy - WINNER - Jordan Smith
Matthieu Pavon - LOSER - Taylor Moore,Matthieu Pavon,Taylor Moore,Matthieu Pavon - VS - Taylor Moore,BET365,0.00,0.00,,,,,0.5,0.5,33.17333333,37.42666667,70.6,0.4698772427,0.5301227573,0.00%,,,WINNER,,LOSER,,-0.06024551464,WINNER,1,,0.00%,ROUND,WINNER,Matthieu Pavon - WINNER - Taylor Moore
John Parry - LOSER - Christiaan Bezuidenhout,John Parry,Christiaan Bezuidenhout,John Parry - VS - Christiaan Bezuidenhout,BET365,0.00,0.00,,,,,0.4796954315,0.5203045685,40.42,41.08166667,0,0,0,0.00%,,,WINNER,,LOSER,,0,WINNER,1,,0.00%,ROUND,WINNER,  - WINNER -  
Chris Kirk - LOSER - Maverick McNealy,Chris Kirk,Maverick McNealy,Chris Kirk - VS - Maverick McNealy,BET365,0.00,0.00,,,,,0.4791397221,0.5208602779,42.29833333,44.815,87.11333333,0.4855552154,0.5144447846,0.00%,,,WINNER,,LOSER,,-0.02888956914,WINNER,1,,0.00%,ROUND,WINNER,Chris Kirk - WINNER - Maverick McNealy
Billy Horschel - LOSER - Max Homa,Billy Horschel,Max Homa,Billy Horschel - VS - Max Homa,BET365,0.00,0.00,,,,,0.4782608696,0.5217391304,41.305,42.85333333,84.15833333,0.4908010694,0.5091989306,0.00%,,,WINNER,,LOSER,,-0.01839786117,WINNER,1,,0.00%,ROUND,WINNER,Billy Horschel - WINNER - Max Homa
Nick Taylor - LOSER - Eric Cole,Nick Taylor,Eric Cole,Nick Taylor - VS - Eric Cole,BET365,0.00,0.00,,,,,0.5217391304,0.4782608696,41.82166667,43.53333333,85.355,0.489973249,0.510026751,0.00%,,,WINNER,,LOSER,,-0.02005350204,WINNER,1,,0.00%,ROUND,WINNER,Nick Taylor - WINNER - Eric Cole
Tony Finau - LOSER - Aldrich Potgieter,Tony Finau,Aldrich Potgieter,Tony Finau - VS - Aldrich Potgieter,BET365,0.00,0.00,,,,,0.4853294072,0.5146705928,38.155,39.74333333,77.89833333,0.4898050878,0.5101949122,0.00%,,,WINNER,,LOSER,,-0.02038982434,WINNER,1,,0.00%,ROUND,WINNER,Tony Finau - WINNER - Aldrich Potgieter
Ben Kohles - LOSER - Pierceson Coody,Ben Kohles,Pierceson Coody,Ben Kohles - VS - Pierceson Coody,BET365,0.00,0.00,,,,,0.5217391304,0.4782608696,42.53166667,41.47833333,84.01,0.5062690949,0.4937309051,0.00%,,,WINNER,,LOSER,,0.0125381899,LOSER,0,,0.00%,ROUND,WINNER,Ben Kohles - WINNER - Pierceson Coody
Emiliano Grillo - LOSER - Lee Hodges,Emiliano Grillo,Lee Hodges,Emiliano Grillo - VS - Lee Hodges,BET365,0.00,0.00,,,,,0.5217391304,0.4782608696,40.33166667,39.33666667,79.66833333,0.5062446392,0.4937553608,0.00%,,,WINNER,,LOSER,,0.01248927847,LOSER,0,,0.00%,ROUND,WINNER,Emiliano Grillo - WINNER - Lee Hodges
Kristoffer Ventura - LOSER - Marco Penge,Kristoffer Ventura,Marco Penge,Kristoffer Ventura - VS - Marco Penge,BET365,0.00,0.00,,,,,0.4891657638,0.5108342362,44.98333333,44.98333333,89.96666667,0.5,0.5,0.00%,,,WINNER,,LOSER,,0,WINNER,1,,0.00%,ROUND,WINNER,Kristoffer Ventura - WINNER - Marco Penge
Mac Meissner - LOSER - Johnny Keefer,Mac Meissner,Johnny Keefer,Mac Meissner - VS - Johnny Keefer,BET365,0.00,0.00,,,,,0.4891657638,0.5108342362,41.38333333,41.755,83.13833333,0.4977647696,0.5022352304,0.00%,,,WINNER,,LOSER,,-0.004470460878,WINNER,1,,0.00%,ROUND,WINNER,Mac Meissner - WINNER - Johnny Keefer
Denny McCarthy - LOSER - Sudarshan Yellamaraju,Denny McCarthy,Sudarshan Yellamaraju,Denny McCarthy - VS - Sudarshan Yellamaraju,BET365,0.00,0.00,,,,,0.4826358743,0.5173641257,37.44166667,36.68333333,74.125,0.5051152333,0.4948847667,0.00%,,,WINNER,,LOSER,,0.01023046655,LOSER,0,,0.00%,ROUND,WINNER,Denny McCarthy - WINNER - Sudarshan Yellamaraju
Max Greyserman - LOSER - Rasmus Hojgaard,Max Greyserman,Rasmus Hojgaard,Max Greyserman - VS - Rasmus Hojgaard,BET365,0.00,0.00,,,,,0.5198879045,0.4801120955,40.47666667,41.64166667,82.11833333,0.4929065779,0.5070934221,0.00%,,,WINNER,,LOSER,,-0.01418684419,WINNER,1,,0.00%,ROUND,WINNER,Max Greyserman - WINNER - Rasmus Hojgaard
Harry Hall - LOSER - Davis Thompson,Harry Hall,Davis Thompson,Harry Hall - VS - Davis Thompson,BET365,0.00,0.00,,,,,0.5,0.5,41.46333333,41.78,83.24333333,0.4980979458,0.5019020542,0.00%,,,WINNER,,LOSER,,-0.003804108437,WINNER,1,,0.00%,ROUND,WINNER,Harry Hall - WINNER - Davis Thompson
Matt McCarty - LOSER - Neal Shipley,Matt McCarty,Neal Shipley,Matt McCarty - VS - Neal Shipley,BET365,0.00,0.00,,,,,0.4782608696,0.5217391304,0,40.91333333,40.91333333,0,1,0.00%,,,WINNER,,LOSER,,-1,WINNER,1,,0.00%,ROUND,WINNER,Matt McCarty - WINNER - Neal Shipley
Max McGreevy - LOSER - William Mouw,Max McGreevy,William Mouw,Max McGreevy - VS - William Mouw,BET365,0.00,0.00,,,,,0.5205795193,0.4794204807,35.68666667,36.83833333,72.525,0.4920602091,0.5079397909,0.00%,,,WINNER,,LOSER,,-0.01587958175,WINNER,1,,0.00%,ROUND,WINNER,Max McGreevy - WINNER - William Mouw
Seamus Power - LOSER - Chandler Phillips,Seamus Power,Chandler Phillips,Seamus Power - VS - Chandler Phillips,BET365,0.00,0.00,,,,,0.5043297541,0.4956702459,37.32,36.47833333,73.79833333,0.5057024775,0.4942975225,0.00%,,,WINNER,,LOSER,,0.01140495494,LOSER,0,,0.00%,ROUND,WINNER,Seamus Power - WINNER - Chandler Phillips
Joel Dahmen - LOSER - Haotong Li,Joel Dahmen,Haotong Li,Joel Dahmen - VS - Haotong Li,BET365,0.00,0.00,,,,,0.5064960374,0.4935039626,34.33166667,34.33166667,68.66333333,0.5,0.5,0.00%,,,WINNER,,LOSER,,0,WINNER,1,,0.00%,ROUND,WINNER,Joel Dahmen - WINNER - Haotong Li
Matthieu Pavon - LOSER - Hank Lebioda,Matthieu Pavon,Hank Lebioda,Matthieu Pavon - VS - Hank Lebioda,BET365,0.00,0.00,,,,,,,33.17333333,31.485,64.65833333,0.5130558062,0.4869441938,0.00%,,,WINNER,,LOSER,,0.02611161232,LOSER,0,,0.00%,ROUND,WINNER,Matthieu Pavon - WINNER - Hank Lebioda
Kevin Roy - LOSER - Taylor Moore,Kevin Roy,Taylor Moore,Kevin Roy - VS - Taylor Moore,BET365,0.00,0.00,,,,,,,41.215,37.42666667,78.64166667,0.5240860443,0.4759139557,0.00%,,,WINNER,,LOSER,,0.04817208859,LOSER,0,,0.00%,ROUND,WINNER,Kevin Roy - WINNER - Taylor Moore
Christiaan Bezuidenhout - LOSER - Zach Bauchou,Christiaan Bezuidenhout,Zach Bauchou,Christiaan Bezuidenhout - VS - Zach Bauchou,BET365,0.00,0.00,,,,,,,41.08166667,41.08166667,82.16333333,0.5,0.5,0.00%,,,WINNER,,LOSER,,0,WINNER,1,,0.00%,ROUND,WINNER,Christiaan Bezuidenhout - WINNER - Zach Bauchou
Tony Finau - LOSER - Pierceson Coody,Tony Finau,Pierceson Coody,Tony Finau - VS - Pierceson Coody,BET365,0.00,0.00,,,,,,,38.155,41.47833333,79.63333333,0.4791335287,0.5208664713,0.00%,,,WINNER,,LOSER,,-0.04173294265,WINNER,1,,0.00%,ROUND,WINNER,Tony Finau - WINNER - Pierceson Coody
Emiliano Grillo - LOSER - Ben Kohles,Emiliano Grillo,Ben Kohles,Emiliano Grillo - VS - Ben Kohles,BET365,0.00,0.00,,,,,,,40.33166667,42.53166667,82.86333333,0.4867251297,0.5132748703,0.00%,,,WINNER,,LOSER,,-0.02654974054,WINNER,1,,0.00%,ROUND,WINNER,Emiliano Grillo - WINNER - Ben Kohles
Doug Ghim - LOSER - Johnny Keefer,Doug Ghim,Johnny Keefer,Doug Ghim - VS - Johnny Keefer,BET365,0.00,0.00,,,,,,,45.57333333,41.755,87.32833333,0.5218619387,0.4781380613,0.00%,,,WINNER,,LOSER,,0.04372387732,LOSER,0,,0.00%,ROUND,WINNER,Doug Ghim - WINNER - Johnny Keefer
Jackson Suber - LOSER - Neal Shipley,Jackson Suber,Neal Shipley,Jackson Suber - VS - Neal Shipley,BET365,0.00,0.00,,,,,,,42.70833333,40.91333333,83.62166667,0.5107328643,0.4892671357,0.00%,,,WINNER,,LOSER,,0.02146572858,LOSER,0,,0.00%,ROUND,WINNER,Jackson Suber - WINNER - Neal Shipley
Michael Brennan - LOSER - Ben James,Michael Brennan,Ben James,Michael Brennan - VS - Ben James,BET365,0.00,0.00,,,,,,,44.11,44.11,88.22,0.5,0.5,0.00%,,,WINNER,,LOSER,,0,WINNER,1,,0.00%,ROUND,WINNER,Michael Brennan - WINNER - Ben James
Kevin Yu - LOSER - Matt McCarty,Kevin Yu,Matt McCarty,Kevin Yu - VS - Matt McCarty,BET365,0.00,0.00,,,,,,,42.54166667,0,42.54166667,1,0,0.00%,,,WINNER,,LOSER,,1,LOSER,0,,0.00%,ROUND,WINNER,Kevin Yu - WINNER - Matt McCarty
Rico Hoey - LOSER - Garrick Higgo,Rico Hoey,Garrick Higgo,Rico Hoey - VS - Garrick Higgo,BET365,0.00,0.00,,,,,,,41.72,33.325,75.045,0.5559331068,0.4440668932,0.00%,,,WINNER,,LOSER,,0.1118662136,LOSER,0,,0.00%,ROUND,WINNER,Rico Hoey - WINNER - Garrick Higgo
Max McGreevy - LOSER - Harry Hall,Max McGreevy,Harry Hall,Max McGreevy - VS - Harry Hall,BET365,0.00,0.00,,,,,,,35.68666667,41.46333333,77.15,0.4625621084,0.5374378916,0.00%,,,WINNER,,LOSER,,-0.07487578311,WINNER,1,,0.00%,ROUND,WINNER,Max McGreevy - WINNER - Harry Hall
Jesper Svensson - LOSER - David Ford,Jesper Svensson,David Ford,Jesper Svensson - VS - David Ford,BET365,0.00,0.00,,,,,,,35.69833333,36.44333333,72.14166667,0.4948365485,0.5051634515,0.00%,,,WINNER,,LOSER,,-0.01032690308,WINNER,1,,0.00%,ROUND,WINNER,Jesper Svensson - WINNER - David Ford
Mackenzie Hughes - LOSER - Christiaan Bezuidenhout,Mackenzie Hughes,Christiaan Bezuidenhout,Mackenzie Hughes - VS - Christiaan Bezuidenhout,BET365,0.00,0.00,,,,,0.4736842105,0.5263157895,40.705,41.08166667,81.78666667,0.4976972612,0.5023027388,0.00%,,,WINNER,,LOSER,,-0.004605477665,WINNER,1,,0.00%,ROUND,WINNER,Mackenzie Hughes - WINNER - Christiaan Bezuidenhout
Tony Finau - LOSER - Takumi Kanaya,Tony Finau,Takumi Kanaya,Tony Finau - VS - Takumi Kanaya,BET365,0.00,0.00,,,,,0.5,0.5,38.155,35.14,73.295,0.5205675694,0.4794324306,0.00%,,,WINNER,,LOSER,,0.04113513882,LOSER,0,,0.00%,ROUND,WINNER,Tony Finau - WINNER - Takumi Kanaya
Rasmus Hojgaard - LOSER - Jackson Koivun,Rasmus Hojgaard,Jackson Koivun,Rasmus Hojgaard - VS - Jackson Koivun,BET365,0.00,0.00,,,,,0.4726815241,0.5273184759,41.64166667,44.89675439,86.53842105,0.4811928177,0.5188071823,0.00%,,,WINNER,,LOSER,,-0.03761436458,WINNER,1,,0.00%,ROUND,WINNER,Rasmus Hojgaard - WINNER - Jackson Koivun
Billy Horschel - LOSER - Nick Taylor,Billy Horschel,Nick Taylor,Billy Horschel - VS - Nick Taylor,BET365,0.00,0.00,,,,,0.5,0.5,41.305,41.82166667,83.12666667,0.4968922929,0.5031077071,0.00%,,,WINNER,,LOSER,,-0.006215414227,WINNER,1,,0.00%,ROUND,WINNER,Billy Horschel - WINNER - Nick Taylor
Doug Ghim - LOSER - Sudarshan Yellamaraju,Doug Ghim,Sudarshan Yellamaraju,Doug Ghim - VS - Sudarshan Yellamaraju,BET365,0.00,0.00,,,,,0.5192307692,0.4807692308,45.57333333,36.68333333,82.25666667,0.5540381732,0.4459618268,0.00%,,,WINNER,,LOSER,,0.1080763464,LOSER,0,,0.00%,ROUND,WINNER,Doug Ghim - WINNER - Sudarshan Yellamaraju
Chris Kirk - LOSER - Max Homa,Chris Kirk,Max Homa,Chris Kirk - VS - Max Homa,BET365,0.00,0.00,,,,,0.4736842105,0.5263157895,42.29833333,42.85333333,85.15166667,0.496741109,0.503258891,0.00%,,,WINNER,,LOSER,,-0.006517781997,WINNER,1,,0.00%,ROUND,WINNER,Chris Kirk - WINNER - Max Homa
Kevin Yu - LOSER - Doug Ghim,Kevin Yu,Doug Ghim,Kevin Yu - VS - Doug Ghim,BET365,0.00,0.00,,,,,0.4769810268,0.5230189732,42.54166667,45.57333333,88.115,0.4827971023,0.5172028977,0.00%,,,WINNER,,LOSER,,-0.03440579546,WINNER,1,,0.00%,ROUND,WINNER,Kevin Yu - WINNER - Doug Ghim
Matt Wallace - LOSER - Davis Thompson,Matt Wallace,Davis Thompson,Matt Wallace - VS - Davis Thompson,BET365,0.00,0.00,,,,,0.5290292615,0.4709707385,43.17,41.78,84.95,0.5081812831,0.4918187169,0.00%,,,WINNER,,LOSER,,0.01636256622,LOSER,0,,0.00%,ROUND,WINNER,Matt Wallace - WINNER - Davis Thompson
Beau Hossler - LOSER - Kristoffer Ventura,Beau Hossler,Kristoffer Ventura,Beau Hossler - VS - Kristoffer Ventura,BET365,0.00,0.00,,,,,0.4796954315,0.5203045685,43.22333333,43.22333333,86.44666667,0.5,0.5,0.00%,,,WINNER,,LOSER,,0,WINNER,1,,0.00%,ROUND,WINNER,Beau Hossler - WINNER - Kristoffer Ventura
Rico Hoey - LOSER - Steven Fisk,Rico Hoey,Steven Fisk,Rico Hoey - VS - Steven Fisk,BET365,0.00,0.00,,,,,0.5162199424,0.4837800576,41.72,37.37166667,79.09166667,0.5274892003,0.4725107997,0.00%,,,WINNER,,LOSER,,0.05497840059,LOSER,0,,0.00%,ROUND,WINNER,Rico Hoey - WINNER - Steven Fisk
Christiaan Bezuidenhout - LOSER - Kevin Roy,Christiaan Bezuidenhout,Kevin Roy,Christiaan Bezuidenhout - VS - Kevin Roy,BET365,0.00,0.00,,,,,0.4979776735,0.5020223265,41.08166667,41.215,82.29666667,0.4991899226,0.5008100774,0.00%,,,WINNER,,LOSER,,-0.001620154725,WINNER,1,,0.00%,ROUND,WINNER,Christiaan Bezuidenhout - WINNER - Kevin Roy
Emiliano Grillo - LOSER - Pierceson Coody,Emiliano Grillo,Pierceson Coody,Emiliano Grillo - VS - Pierceson Coody,BET365,0.00,0.00,,,,,0.5223540888,0.4776459112,40.33166667,41.47833333,81.81,0.4929918918,0.5070081082,0.00%,,,WINNER,,LOSER,,-0.01401621644,WINNER,1,,0.00%,ROUND,WINNER,Emiliano Grillo - WINNER - Pierceson Coody
Seamus Power - LOSER - William Mouw,Seamus Power,William Mouw,Seamus Power - VS - William Mouw,BET365,0.00,0.00,,,,,0.4776459112,0.5223540888,37.32,36.83833333,74.15833333,0.5032475559,0.4967524441,0.00%,,,WINNER,,LOSER,,0.00649511181,LOSER,0,,0.00%,ROUND,WINNER,Seamus Power - WINNER - William Mouw
Max Homa - LOSER - Takumi Kanaya,Max Homa,Takumi Kanaya,Max Homa - VS - Takumi Kanaya,BET365,0.00,0.00,,,,,0.5040451438,0.4959548562,42.85333333,35.14,77.99333333,0.5494486708,0.4505513292,0.00%,,,WINNER,,LOSER,,0.09889734165,LOSER,0,,0.00%,ROUND,WINNER,Max Homa - WINNER - Takumi Kanaya
Chad Ramey - LOSER - Davis Chatfield,Chad Ramey,Davis Chatfield,Chad Ramey - VS - Davis Chatfield,BET365,0.00,0.00,,,,,0.5060689432,0.4939310568,35.85,35.55833333,71.40833333,0.5020422453,0.4979577547,0.00%,,,WINNER,,LOSER,,0.004084490606,LOSER,0,,0.00%,ROUND,WINNER,Chad Ramey - WINNER - Davis Chatfield
Mark Hubbard - LOSER - Stephan Jaeger,Mark Hubbard,Stephan Jaeger,Mark Hubbard - VS - Stephan Jaeger,BET365,0.00,0.00,,,,,0.4701955174,0.5298044826,33.04833333,40.02833333,73.07666667,0.4522419377,0.5477580623,0.00%,,,WINNER,,LOSER,,-0.09551612462,WINNER,1,,0.00%,ROUND,WINNER,Mark Hubbard - WINNER - Stephan Jaeger
Haotong Li - LOSER - Paul Peterson,Haotong Li,Paul Peterson,Haotong Li - VS - Paul Peterson,BET365,0.00,0.00,,,,,0.5302041803,0.4697958197,31.175,31.175,62.35,0.5,0.5,0.00%,,,WINNER,,LOSER,,0,WINNER,1,,0.00%,ROUND,WINNER,Haotong Li - WINNER - Paul Peterson
Hank Lebioda - LOSER - Taylor Moore,Hank Lebioda,Taylor Moore,Hank Lebioda - VS - Taylor Moore,BET365,0.00,0.00,,,,,0.4731182796,0.5268817204,31.485,37.42666667,68.91166667,0.4568892544,0.5431107456,0.00%,,,WINNER,,LOSER,,-0.08622149128,WINNER,1,,0.00%,ROUND,WINNER,Hank Lebioda - WINNER - Taylor Moore
Mac Meissner - LOSER - Michael Brennan,Mac Meissner,Michael Brennan,Mac Meissner - VS - Michael Brennan,BET365,0.00,0.00,,,,,0.4709707385,0.5290292615,41.38333333,44.11,85.49333333,0.4840533375,0.5159466625,0.00%,,,WINNER,,LOSER,,-0.03189332502,WINNER,1,,0.00%,ROUND,WINNER,Mac Meissner - WINNER - Michael Brennan
Jackson Suber - LOSER - Johnny Keefer,Jackson Suber,Johnny Keefer,Jackson Suber - VS - Johnny Keefer,BET365,0.00,0.00,,,,,0.4837800576,0.5162199424,42.70833333,41.755,84.46333333,0.5056434745,0.4943565255,0.00%,,,WINNER,,LOSER,,0.01128694897,LOSER,0,,0.00%,ROUND,WINNER,Jackson Suber - WINNER - Johnny Keefer
Mackenzie Hughes - LOSER - Jordan Smith,Mackenzie Hughes,Jordan Smith,Mackenzie Hughes - VS - Jordan Smith,BET365,0.00,0.00,,,,,0.4780533922,0.5219466078,40.705,40.705,81.41,0.5,0.5,0.00%,,,WINNER,,LOSER,,0,WINNER,1,,0.00%,ROUND,WINNER,Mackenzie Hughes - WINNER - Jordan Smith
Chris Kirk - LOSER - John Parry,Chris Kirk,John Parry,Chris Kirk - VS - John Parry,BET365,0.00,0.00,,,,,0.5162199424,0.4837800576,42.29833333,40.42,82.71833333,0.511353791,0.488646209,0.00%,,,WINNER,,LOSER,,0.02270758195,LOSER,0,,0.00%,ROUND,WINNER,Chris Kirk - WINNER - John Parry
Ben Kohles - LOSER - Marco Penge,Ben Kohles,Marco Penge,Ben Kohles - VS - Marco Penge,BET365,0.00,0.00,,,,,0.5182600227,0.4817399773,42.53166667,44.98333333,87.515,0.4859928774,0.5140071226,0.00%,,,WINNER,,LOSER,,-0.02801424518,WINNER,1,,0.00%,ROUND,WINNER,Ben Kohles - WINNER - Marco Penge
Austin Smotherman - LOSER - Lee Hodges,Austin Smotherman,Lee Hodges,Austin Smotherman - VS - Lee Hodges,BET365,0.00,0.00,,,,,0.5101214575,0.4898785425,37.10166667,39.33666667,76.43833333,0.485380372,0.514619628,0.00%,,,WINNER,,LOSER,,-0.02923925605,WINNER,1,,0.00%,ROUND,WINNER,Austin Smotherman - WINNER - Lee Hodges
Chandler Phillips - LOSER - Trace Crowe,Chandler Phillips,Trace Crowe,Chandler Phillips - VS - Trace Crowe,BET365,0.00,0.00,,,,,0.5275694751,0.4724305249,36.47833333,35.26166667,71.74,0.5084796952,0.4915203048,0.00%,,,WINNER,,LOSER,,0.01695939039,LOSER,0,,0.00%,ROUND,WINNER,Chandler Phillips - WINNER - Trace Crowe
Max Greyserman - LOSER - Sudarshan Yellamaraju,Max Greyserman,Sudarshan Yellamaraju,Max Greyserman - VS - Sudarshan Yellamaraju,BET365,0.00,0.00,,,,,0.4761904762,0.5238095238,40.47666667,36.68333333,77.16,0.5245809573,0.4754190427,0.00%,,,WINNER,,LOSER,,0.04916191464,LOSER,0,,0.00%,ROUND,WINNER,Max Greyserman - WINNER - Sudarshan Yellamaraju
Billy Horschel - LOSER - Matthieu Pavon,Billy Horschel,Matthieu Pavon,Billy Horschel - VS - Matthieu Pavon,BET365,0.00,0.00,,,,,0.4959548562,0.5040451438,41.305,33.17333333,74.47833333,0.5545908206,0.4454091794,0.00%,,,WINNER,,LOSER,,0.1091816412,LOSER,0,,0.00%,ROUND,WINNER,Billy Horschel - WINNER - Matthieu Pavon
Patrick Fishburn - LOSER - David Ford,Patrick Fishburn,David Ford,Patrick Fishburn - VS - David Ford,BET365,0.00,0.00,,,,,0.4724305249,0.5275694751,35.695,36.44333333,72.13833333,0.4948132061,0.5051867939,0.00%,,,WINNER,,LOSER,,-0.01037358778,WINNER,1,,0.00%,ROUND,WINNER,Patrick Fishburn - WINNER - David Ford
Zecheng Dou - LOSER - Gordon Sargent,Zecheng Dou,Gordon Sargent,Zecheng Dou - VS - Gordon Sargent,BET365,0.00,0.00,,,,,0.5243791445,0.4756208555,39.76333333,37.21166667,76.975,0.5165746454,0.4834253546,0.00%,,,WINNER,,LOSER,,0.0331492909,LOSER,0,,0.00%,ROUND,WINNER,Zecheng Dou - WINNER - Gordon Sargent
Andrew Putnam - LOSER - Joe Highsmith,Andrew Putnam,Joe Highsmith,Andrew Putnam - VS - Joe Highsmith,BET365,0.00,0.00,,,,,0.5228427078,0.4771572922,34.53833333,30.33,64.86833333,0.5324375016,0.4675624984,0.00%,,,WINNER,,LOSER,,0.06487500321,LOSER,0,,0.00%,ROUND,WINNER,Andrew Putnam - WINNER - Joe Highsmith
Joel Dahmen - LOSER - Zac Blair,Joel Dahmen,Zac Blair,Joel Dahmen - VS - Zac Blair,BET365,0.00,0.00,,,,,0.5162199424,0.4837800576,34.33166667,35.95833333,70.29,0.4884288898,0.5115711102,0.00%,,,WINNER,,LOSER,,-0.02314222033,WINNER,1,,0.00%,ROUND,WINNER,Joel Dahmen - WINNER - Zac Blair
Jordan Smith - LOSER - Zach Bauchou,Jordan Smith,Zach Bauchou,Jordan Smith - VS - Zach Bauchou,BET365,0.00,0.00,,,,,0.5240847784,0.4759152216,,,0,0,0,0.00%,,,WINNER,,LOSER,,0,WINNER,1,,0.00%,ROUND,WINNER,Jordan Smith - WINNER - Zach Bauchou
Nick Taylor - LOSER - Kevin Roy,Nick Taylor,Kevin Roy,Nick Taylor - VS - Kevin Roy,BET365,0.00,0.00,,,,,0.5060689432,0.4939310568,41.82166667,41.215,83.03666667,0.5036530047,0.4963469953,0.00%,,,WINNER,,LOSER,,0.007306009393,LOSER,0,,0.00%,ROUND,WINNER,Nick Taylor - WINNER - Kevin Roy
Emiliano Grillo - LOSER - Eric Cole,Emiliano Grillo,Eric Cole,Emiliano Grillo - VS - Eric Cole,BET365,0.00,0.00,,,,,0.4776459112,0.5223540888,40.33166667,43.53333333,83.865,0.4809117828,0.5190882172,0.00%,,,WINNER,,LOSER,,-0.03817643435,WINNER,1,,0.00%,ROUND,WINNER,Emiliano Grillo - WINNER - Eric Cole
Kristoffer Ventura - LOSER - Pierceson Coody,Kristoffer Ventura,Pierceson Coody,Kristoffer Ventura - VS - Pierceson Coody,BET365,0.00,0.00,,,,,0.5010179153,0.4989820847,41.47833333,41.47833333,82.95666667,0.5,0.5,0.00%,,,WINNER,,LOSER,,0,WINNER,1,,0.00%,ROUND,WINNER,Kristoffer Ventura - WINNER - Pierceson Coody
Matt McCarty - LOSER - Johnny Keefer,Matt McCarty,Johnny Keefer,Matt McCarty - VS - Johnny Keefer,BET365,0.00,0.00,,,,,0.4898785425,0.5101214575,0,41.755,41.755,0,1,0.00%,,,WINNER,,LOSER,,-1,WINNER,1,,0.00%,ROUND,WINNER,Matt McCarty - WINNER - Johnny Keefer
Doug Ghim - LOSER - Ben James,Doug Ghim,Ben James,Doug Ghim - VS - Ben James,BET365,0.00,0.00,,,,,0.4876847291,0.5123152709,45.57333333,45.57333333,91.14666667,0.5,0.5,0.00%,,,WINNER,,LOSER,,0,WINNER,1,,0.00%,ROUND,WINNER,Doug Ghim - WINNER - Ben James
Kevin Yu - LOSER - Jackson Suber,Kevin Yu,Jackson Suber,Kevin Yu - VS - Jackson Suber,BET365,0.00,0.00,,,,,0.4939310568,0.5060689432,42.54166667,42.70833333,85.25,0.4990224829,0.5009775171,0.00%,,,WINNER,,LOSER,,-0.001955034213,WINNER,1,,0.00%,ROUND,WINNER,Kevin Yu - WINNER - Jackson Suber
Stephan Jaeger - LOSER - Michael Brennan,Stephan Jaeger,Michael Brennan,Stephan Jaeger - VS - Michael Brennan,BET365,0.00,0.00,,,,,0.4713114754,0.5286885246,40.02833333,44.11,84.13833333,0.47574431,0.52425569,0.00%,,,WINNER,,LOSER,,-0.04851138007,WINNER,1,,0.00%,ROUND,WINNER,Stephan Jaeger - WINNER - Michael Brennan
Max McGreevy - LOSER - David Ford,Max McGreevy,David Ford,Max McGreevy - VS - David Ford,BET365,0.00,0.00,,,,,0.5040997048,0.4959002952,35.68666667,36.44333333,72.13,0.4947548408,0.5052451592,0.00%,,,WINNER,,LOSER,,-0.01049031841,WINNER,1,,0.00%,ROUND,WINNER,Max McGreevy - WINNER - David Ford
  - LOSER -  , , ,  - VS -  ,BET365,0.00,0.00,,,,,,,,,0,0,0,0.00%,,,WINNER,,LOSER,,0,WINNER,1,,0.00%,ROUND,WINNER,  - WINNER -  
  - LOSER -  , , ,  - VS -  ,BET365,0.00,0.00,,,,,,,,,0,0,0,0.00%,,,WINNER,,LOSER,,0,WINNER,1,,0.00%,ROUND,WINNER,  - WINNER -  
  - LOSER -  , , ,  - VS -  ,BET365,0.00,0.00,,,,,,,,,0,0,0,0.00%,,,WINNER,,LOSER,,0,WINNER,1,,0.00%,ROUND,WINNER,  - WINNER -  
  - LOSER -  , , ,  - VS -  ,BET365,0.00,0.00,,,,,,,,,0,0,0,0.00%,,,WINNER,,LOSER,,0,WINNER,1,,0.00%,ROUND,WINNER,  - WINNER -  
  - LOSER -  , , ,  - VS -  ,BET365,0.00,0.00,,,,,,,,,0,0,0,0.00%,,,WINNER,,LOSER,,0,WINNER,1,,0.00%,ROUND,WINNER,  - WINNER -  
  - LOSER -  , , ,  - VS -  ,BET365,0.00,0.00,,,,,,,,,0,0,0,0.00%,,,WINNER,,LOSER,,0,WINNER,1,,0.00%,ROUND,WINNER,  - WINNER -  
  - LOSER -  , , ,  - VS -  ,BET365,0.00,0.00,,,,,,,,,0,0,0,0.00%,,,WINNER,,LOSER,,0,WINNER,1,,0.00%,ROUND,WINNER,  - WINNER -  
  - LOSER -  , , ,  - VS -  ,BET365,0.00,0.00,,,,,,,,,0,0,0,0.00%,,,WINNER,,LOSER,,0,WINNER,1,,0.00%,ROUND,WINNER,  - WINNER -  
  - LOSER -  , , ,  - VS -  ,BET365,0.00,0.00,,,,,,,,,0,0,0,0.00%,,,WINNER,,LOSER,,0,WINNER,1,,0.00%,ROUND,WINNER,  - WINNER -  
  - LOSER -  , , ,  - VS -  ,BET365,0.00,0.00,,,,,,,,,0,0,0,0.00%,,,WINNER,,LOSER,,0,WINNER,1,,0.00%,ROUND,WINNER,  - WINNER -  
  - LOSER -  , , ,  - VS -  ,BET365,0.00,0.00,,,,,,,,,0,0,0,0.00%,,,WINNER,,LOSER,,0,WINNER,1,,0.00%,ROUND,WINNER,  - WINNER -  
  - LOSER -  , , ,  - VS -  ,BET365,0.00,0.00,,,,,,,,,0,0,0,0.00%,,,WINNER,,LOSER,,0,WINNER,1,,0.00%,ROUND,WINNER,  - WINNER -  
  - LOSER -  , , ,  - VS -  ,BET365,0.00,0.00,,,,,,,,,0,0,0,0.00%,,,WINNER,,LOSER,,0,WINNER,1,,0.00%,ROUND,WINNER,  - WINNER -  
  - LOSER -  , , ,  - VS -  ,BET365,0.00,0.00,,,,,,,,,0,0,0,0.00%,,,WINNER,,LOSER,,0,WINNER,1,,0.00%,ROUND,WINNER,  - WINNER -  
  - LOSER -  , , ,  - VS -  ,BET365,0.00,0.00,,,,,,,,,0,0,0,0.00%,,,WINNER,,LOSER,,0,WINNER,1,,0.00%,ROUND,WINNER,  - WINNER -  
  - LOSER -  , , ,  - VS -  ,BET365,0.00,0.00,,,,,,,,,0,0,0,0.00%,,,WINNER,,LOSER,,0,WINNER,1,,0.00%,ROUND,WINNER,  - WINNER -  
  - LOSER -  , , ,  - VS -  ,BET365,0.00,0.00,,,,,,,,,0,0,0,0.00%,,,WINNER,,LOSER,,0,WINNER,1,,0.00%,ROUND,WINNER,  - WINNER -  
  - LOSER -  , , ,  - VS -  ,BET365,0.00,0.00,,,,,,,,,0,0,0,0.00%,,,WINNER,,LOSER,,0,WINNER,1,,0.00%,ROUND,WINNER,  - WINNER -  
  - LOSER -  , , ,  - VS -  ,BET365,0.00,0.00,,,,,,,,,0,0,0,0.00%,,,WINNER,,LOSER,,0,WINNER,1,,0.00%,ROUND,WINNER,  - WINNER -  
  - LOSER -  , , ,  - VS -  ,BET365,0.00,0.00,,,,,,,,,0,0,0,0.00%,,,WINNER,,LOSER,,0,WINNER,1,,0.00%,ROUND,WINNER,  - WINNER -  
  - LOSER -  , , ,  - VS -  ,BET365,0.00,0.00,,,,,,,,,0,0,0,0.00%,,,WINNER,,LOSER,,0,WINNER,1,,0.00%,ROUND,WINNER,  - WINNER -  
  - LOSER -  , , ,  - VS -  ,BET365,0.00,0.00,,,,,,,,,0,0,0,0.00%,,,WINNER,,LOSER,,0,WINNER,1,,0.00%,ROUND,WINNER,  - WINNER -  
  - LOSER -  , , ,  - VS -  ,BET365,0.00,0.00,,,,,,,,,0,0,0,0.00%,,,WINNER,,LOSER,,0,WINNER,1,,0.00%,ROUND,WINNER,  - WINNER -  
  - LOSER -  , , ,  - VS -  ,BET365,0.00,0.00,,,,,,,,,0,0,0,0.00%,,,WINNER,,LOSER,,0,WINNER,1,,0.00%,ROUND,WINNER,  - WINNER -  
  - LOSER -  , , ,  - VS -  ,BET365,0.00,0.00,,,,,,,,,0,0,0,0.00%,,,WINNER,,LOSER,,0,WINNER,1,,0.00%,ROUND,WINNER,  - WINNER -  
  - LOSER -  , , ,  - VS -  ,BET365,0.00,0.00,,,,,,,,,0,0,0,0.00%,,,WINNER,,LOSER,,0,WINNER,1,,0.00%,ROUND,WINNER,  - WINNER -  
  - LOSER -  , , ,  - VS -  ,BET365,0.00,0.00,,,,,,,,,0,0,0,0.00%,,,WINNER,,LOSER,,0,WINNER,1,,0.00%,ROUND,WINNER,  - WINNER -  
  - LOSER -  , , ,  - VS -  ,BET365,0.00,0.00,,,,,,,,,0,0,0,0.00%,,,WINNER,,LOSER,,0,WINNER,1,,0.00%,ROUND,WINNER,  - WINNER -  
  - LOSER -  , , ,  - VS -  ,BET365,0.00,0.00,,,,,,,,,0,0,0,0.00%,,,WINNER,,LOSER,,0,WINNER,1,,0.00%,ROUND,WINNER,  - WINNER -  
  - LOSER -  , , ,  - VS -  ,BET365,0.00,0.00,,,,,,,,,0,0,0,0.00%,,,WINNER,,LOSER,,0,WINNER,1,,0.00%,ROUND,WINNER,  - WINNER -  
  - LOSER -  , , ,  - VS -  ,BET365,0.00,0.00,,,,,,,,,0,0,0,0.00%,,,WINNER,,LOSER,,0,WINNER,1,,0.00%,ROUND,WINNER,  - WINNER -  
  - LOSER -  , , ,  - VS -  ,BET365,0.00,0.00,,,,,,,,,0,0,0,0.00%,,,WINNER,,LOSER,,0,WINNER,1,,0.00%,ROUND,WINNER,  - WINNER -  
  - LOSER -  , , ,  - VS -  ,BET365,0.00,0.00,,,,,,,,,0,0,0,0.00%,,,WINNER,,LOSER,,0,WINNER,1,,0.00%,ROUND,WINNER,  - WINNER -  
  - LOSER -  , , ,  - VS -  ,BET365,0.00,0.00,,,,,,,,,0,0,0,0.00%,,,WINNER,,LOSER,,0,WINNER,1,,0.00%,ROUND,WINNER,  - WINNER -  
  - LOSER -  , , ,  - VS -  ,BET365,0.00,0.00,,,,,,,,,0,0,0,0.00%,,,WINNER,,LOSER,,0,WINNER,1,,0.00%,ROUND,WINNER,  - WINNER -  
  - LOSER -  , , ,  - VS -  ,BET365,0.00,0.00,,,,,,,,,0,0,0,0.00%,,,WINNER,,LOSER,,0,WINNER,1,,0.00%,ROUND,WINNER,  - WINNER -  
  - LOSER -  , , ,  - VS -  ,BET365,0.00,0.00,,,,,,,,,0,0,0,0.00%,,,WINNER,,LOSER,,0,WINNER,1,,0.00%,ROUND,WINNER,  - WINNER -  
  - LOSER -  , , ,  - VS -  ,BET365,0.00,0.00,,,,,,,,,0,0,0,0.00%,,,WINNER,,LOSER,,0,WINNER,1,,0.00%,ROUND,WINNER,  - WINNER -  
  - LOSER -  , , ,  - VS -  ,BET365,0.00,0.00,,,,,,,,,0,0,0,0.00%,,,WINNER,,LOSER,,0,WINNER,1,,0.00%,ROUND,WINNER,  - WINNER -  
  - LOSER -  , , ,  - VS -  ,BET365,0.00,0.00,,,,,,,,,0,0,0,0.00%,,,WINNER,,LOSER,,0,WINNER,1,,0.00%,ROUND,WINNER,  - WINNER -  
  - LOSER -  , , ,  - VS -  ,BET365,0.00,0.00,,,,,,,,,0,0,0,0.00%,,,WINNER,,LOSER,,0,WINNER,1,,0.00%,ROUND,WINNER,  - WINNER -  
  - LOSER -  , , ,  - VS -  ,BET365,0.00,0.00,,,,,,,,,0,0,0,0.00%,,,WINNER,,LOSER,,0,WINNER,1,,0.00%,ROUND,WINNER,  - WINNER -  
  - LOSER -  , , ,  - VS -  ,BET365,0.00,0.00,,,,,,,,,0,0,0,0.00%,,,WINNER,,LOSER,,0,WINNER,1,,0.00%,ROUND,WINNER,  - WINNER -  
  - LOSER -  , , ,  - VS -  ,BET365,0.00,0.00,,,,,,,,,0,0,0,0.00%,,,WINNER,,LOSER,,0,WINNER,1,,0.00%,ROUND,WINNER,  - WINNER -  
  - LOSER -  , , ,  - VS -  ,BET365,0.00,0.00,,,,,,,,,0,0,0,0.00%,,,WINNER,,LOSER,,0,WINNER,1,,0.00%,ROUND,WINNER,  - WINNER -  
  - LOSER -  , , ,  - VS -  ,BET365,0.00,0.00,,,,,,,,,0,0,0,0.00%,,,WINNER,,LOSER,,0,WINNER,1,,0.00%,ROUND,WINNER,  - WINNER -  
  - LOSER -  , , ,  - VS -  ,BET365,0.00,0.00,,,,,,,,,0,0,0,0.00%,,,WINNER,,LOSER,,0,WINNER,1,,0.00%,ROUND,WINNER,  - WINNER -  
  - LOSER -  , , ,  - VS -  ,BET365,0.00,0.00,,,,,,,,,0,0,0,0.00%,,,WINNER,,LOSER,,0,WINNER,1,,0.00%,ROUND,WINNER,  - WINNER -  
  - LOSER -  , , ,  - VS -  ,BET365,0.00,0.00,,,,,,,,,0,0,0,0.00%,,,WINNER,,LOSER,,0,WINNER,1,,0.00%,ROUND,WINNER,  - WINNER -  
  - LOSER -  , , ,  - VS -  ,BET365,0.00,0.00,,,,,,,,,0,0,0,0.00%,,,WINNER,,LOSER,,0,WINNER,1,,0.00%,ROUND,WINNER,  - WINNER -  
  - LOSER -  , , ,  - VS -  ,BET365,0.00,0.00,,,,,,,,,0,0,0,0.00%,,,WINNER,,LOSER,,0,WINNER,1,,0.00%,ROUND,WINNER,  - WINNER -  
  - LOSER -  , , ,  - VS -  ,BET365,0.00,0.00,,,,,,,,,0,0,0,0.00%,,,WINNER,,LOSER,,0,WINNER,1,,0.00%,ROUND,WINNER,  - WINNER -  
  - LOSER -  , , ,  - VS -  ,BET365,0.00,0.00,,,,,,,,,0,0,0,0.00%,,,WINNER,,LOSER,,0,WINNER,1,,0.00%,ROUND,WINNER,  - WINNER -  
  - LOSER -  , , ,  - VS -  ,BET365,0.00,0.00,,,,,,,,,0,0,0,0.00%,,,WINNER,,LOSER,,0,WINNER,1,,0.00%,ROUND,WINNER,  - WINNER -  
  - LOSER -  , , ,  - VS -  ,BET365,0.00,0.00,,,,,,,,,0,0,0,0.00%,,,WINNER,,LOSER,,0,WINNER,1,,0.00%,ROUND,WINNER,  - WINNER -  
  - LOSER -  , , ,  - VS -  ,BET365,0.00,0.00,,,,,,,,,0,0,0,0.00%,,,WINNER,,LOSER,,0,WINNER,1,,0.00%,ROUND,WINNER,  - WINNER -  
  - LOSER -  , , ,  - VS -  ,BET365,0.00,0.00,,,,,,,,,0,0,0,0.00%,,,WINNER,,LOSER,,0,WINNER,1,,0.00%,ROUND,WINNER,  - WINNER -  
  - LOSER -  , , ,  - VS -  ,BET365,0.00,0.00,,,,,,,,,0,0,0,0.00%,,,WINNER,,LOSER,,0,WINNER,1,,0.00%,ROUND,WINNER,  - WINNER -  
  - LOSER -  , , ,  - VS -  ,BET365,0.00,0.00,,,,,,,,,0,0,0,0.00%,,,WINNER,,LOSER,,0,WINNER,1,,0.00%,ROUND,WINNER,  - WINNER -  
  - LOSER -  , , ,  - VS -  ,BET365,0.00,0.00,,,,,,,,,0,0,0,0.00%,,,WINNER,,LOSER,,0,WINNER,1,,0.00%,ROUND,WINNER,  - WINNER -  
  - LOSER -  , , ,  - VS -  ,BET365,0.00,0.00,,,,,,,,,0,0,0,0.00%,,,WINNER,,LOSER,,0,WINNER,1,,0.00%,ROUND,WINNER,  - WINNER -  
  - LOSER -  , , ,  - VS -  ,BET365,0.00,0.00,,,,,,,,,0,0,0,0.00%,,,WINNER,,LOSER,,0,WINNER,1,,0.00%,ROUND,WINNER,  - WINNER -  
,,,,,,,,,,,,,,,,,,,,,,,,,,,,,0.00%,,,
,,,,,0.00,0.00,,,,,,,,,,0,0,0.00%,,,WINNER,,LOSER,,0,WINNER,1,,0.00%,,,
David Lipsky - LOSER - Johnny Keefer,David Lipsky,Johnny Keefer,David Lipsky - VS - Johnny Keefer,DRAFTKINGS,0.00,0.00,,,,,0.4825716499,0.5174283501,31.82,41.755,73.575,0.43248386,0.56751614,0.00%,,,WINNER,,LOSER,,-0.13503228,WINNER,1,,0.00%,ROUND,WINNER,David Lipsky - WINNER - Johnny Keefer
Doug Ghim - LOSER - Jackson Suber,Doug Ghim,Jackson Suber,Doug Ghim - VS - Jackson Suber,DRAFTKINGS,0.00,0.00,,,,,0.5222101842,0.4777898158,45.57333333,42.70833333,88.28166667,0.5162264721,0.4837735279,0.00%,,,WINNER,,LOSER,,0.03245294417,LOSER,0,,0.00%,ROUND,WINNER,Doug Ghim - WINNER - Jackson Suber
Patrick Rodgers - LOSER - Denny McCarthy,Patrick Rodgers,Denny McCarthy,Patrick Rodgers - VS - Denny McCarthy,DRAFTKINGS,0.00,0.00,,,,,0.5,0.5,36.56666667,37.44166667,74.00833333,0.4940885035,0.5059114965,0.00%,,,WINNER,,LOSER,,-0.01182299291,WINNER,1,,0.00%,ROUND,WINNER,Patrick Rodgers - WINNER - Denny McCarthy
Ben James - LOSER - Jackson Koivun,Ben James,Jackson Koivun,Ben James - VS - Jackson Koivun,DRAFTKINGS,0.00,0.00,,,,,0.4702258727,0.5297741273,44.89675439,44.89675439,89.79350877,0.5,0.5,0.00%,,,WINNER,,LOSER,,0,WINNER,1,,0.00%,ROUND,WINNER,Ben James - WINNER - Jackson Koivun
Kevin Yu - LOSER - Michael Brennan,Kevin Yu,Michael Brennan,Kevin Yu - VS - Michael Brennan,DRAFTKINGS,0.00,0.00,,,,,0.4811840294,0.5188159706,42.54166667,44.11,86.65166667,0.4909503568,0.5090496432,0.00%,,,WINNER,,LOSER,,-0.01809928641,WINNER,1,,0.00%,ROUND,WINNER,Kevin Yu - WINNER - Michael Brennan
Stephan Jaeger - LOSER - Steven Fisk,Stephan Jaeger,Steven Fisk,Stephan Jaeger - VS - Steven Fisk,DRAFTKINGS,0.00,0.00,,,,,0.500539258,0.499460742,40.02833333,37.37166667,77.4,0.5171619294,0.4828380706,0.00%,,,WINNER,,LOSER,,0.03432385874,LOSER,0,,0.00%,ROUND,WINNER,Stephan Jaeger - WINNER - Steven Fisk
Harry Hall - LOSER - Neal Shipley,Harry Hall,Neal Shipley,Harry Hall - VS - Neal Shipley,DRAFTKINGS,0.00,0.00,,,,,0.4911345668,0.5088654332,41.46333333,40.91333333,82.37666667,0.503338324,0.496661676,0.00%,,,WINNER,,LOSER,,0.006676647918,LOSER,0,,0.00%,ROUND,WINNER,Harry Hall - WINNER - Neal Shipley
Zac Blair - LOSER - Matt McCarty,Zac Blair,Matt McCarty,Zac Blair - VS - Matt McCarty,DRAFTKINGS,0.00,0.00,,,,,0.479338843,0.520661157,35.95833333,0,35.95833333,1,0,0.00%,,,WINNER,,LOSER,,1,LOSER,0,,0.00%,ROUND,WINNER,Zac Blair - WINNER - Matt McCarty
Matt Wallace - LOSER - Rico Hoey,Matt Wallace,Rico Hoey,Matt Wallace - VS - Rico Hoey,DRAFTKINGS,0.00,0.00,,,,,0.5193370166,0.4806629834,43.17,41.72,84.89,0.5085404641,0.4914595359,0.00%,,,WINNER,,LOSER,,0.01708092826,LOSER,0,,0.00%,ROUND,WINNER,Matt Wallace - WINNER - Rico Hoey
Patrick Fishburn - LOSER - Trace Crowe,Patrick Fishburn,Trace Crowe,Patrick Fishburn - VS - Trace Crowe,DRAFTKINGS,0.00,0.00,,,,,0.5,0.5,35.695,35.26166667,70.95666667,0.5030535068,0.4969464932,0.00%,,,WINNER,,LOSER,,0.00610701367,LOSER,0,,0.00%,ROUND,WINNER,Patrick Fishburn - WINNER - Trace Crowe
Kevin Roy - LOSER - Jordan Smith,Kevin Roy,Jordan Smith,Kevin Roy - VS - Jordan Smith,DRAFTKINGS,0.00,0.00,,,,,0.4782608696,0.5217391304,41.215,41.215,82.43,0.5,0.5,0.00%,,,WINNER,,LOSER,,0,WINNER,1,,0.00%,ROUND,WINNER,Kevin Roy - WINNER - Jordan Smith
Matthieu Pavon - LOSER - Taylor Moore,Matthieu Pavon,Taylor Moore,Matthieu Pavon - VS - Taylor Moore,DRAFTKINGS,0.00,0.00,,,,,0.5,0.5,33.17333333,37.42666667,70.6,0.4698772427,0.5301227573,0.00%,,,WINNER,,LOSER,,-0.06024551464,WINNER,1,,0.00%,ROUND,WINNER,Matthieu Pavon - WINNER - Taylor Moore
John Parry - LOSER - Christiaan Bezuidenhout,John Parry,Christiaan Bezuidenhout,John Parry - VS - Christiaan Bezuidenhout,DRAFTKINGS,0.00,0.00,,,,,0.4796954315,0.5203045685,40.42,41.08166667,81.50166667,0.4959407783,0.5040592217,0.00%,,,WINNER,,LOSER,,-0.008118443386,WINNER,1,,0.00%,ROUND,WINNER,John Parry - WINNER - Christiaan Bezuidenhout
Chris Kirk - LOSER - Maverick McNealy,Chris Kirk,Maverick McNealy,Chris Kirk - VS - Maverick McNealy,DRAFTKINGS,0.00,0.00,,,,,0.4791397221,0.5208602779,42.29833333,44.815,87.11333333,0.4855552154,0.5144447846,0.00%,,,WINNER,,LOSER,,-0.02888956914,WINNER,1,,0.00%,ROUND,WINNER,Chris Kirk - WINNER - Maverick McNealy
Billy Horschel - LOSER - Max Homa,Billy Horschel,Max Homa,Billy Horschel - VS - Max Homa,DRAFTKINGS,0.00,0.00,,,,,0.4782608696,0.5217391304,41.305,42.85333333,84.15833333,0.4908010694,0.5091989306,0.00%,,,WINNER,,LOSER,,-0.01839786117,WINNER,1,,0.00%,ROUND,WINNER,Billy Horschel - WINNER - Max Homa
Nick Taylor - LOSER - Eric Cole,Nick Taylor,Eric Cole,Nick Taylor - VS - Eric Cole,DRAFTKINGS,0.00,0.00,,,,,0.5217391304,0.4782608696,41.82166667,43.53333333,85.355,0.489973249,0.510026751,0.00%,,,WINNER,,LOSER,,-0.02005350204,WINNER,1,,0.00%,ROUND,WINNER,Nick Taylor - WINNER - Eric Cole
Tony Finau - LOSER - Aldrich Potgieter,Tony Finau,Aldrich Potgieter,Tony Finau - VS - Aldrich Potgieter,DRAFTKINGS,0.00,0.00,,,,,0.4853294072,0.5146705928,38.155,39.74333333,77.89833333,0.4898050878,0.5101949122,0.00%,,,WINNER,,LOSER,,-0.02038982434,WINNER,1,,0.00%,ROUND,WINNER,Tony Finau - WINNER - Aldrich Potgieter
Ben Kohles - LOSER - Pierceson Coody,Ben Kohles,Pierceson Coody,Ben Kohles - VS - Pierceson Coody,DRAFTKINGS,0.00,0.00,,,,,0.5217391304,0.4782608696,42.53166667,41.47833333,84.01,0.5062690949,0.4937309051,0.00%,,,WINNER,,LOSER,,0.0125381899,LOSER,0,,0.00%,ROUND,WINNER,Ben Kohles - WINNER - Pierceson Coody
Emiliano Grillo - LOSER - Lee Hodges,Emiliano Grillo,Lee Hodges,Emiliano Grillo - VS - Lee Hodges,DRAFTKINGS,0.00,0.00,,,,,0.5217391304,0.4782608696,40.33166667,39.33666667,79.66833333,0.5062446392,0.4937553608,0.00%,,,WINNER,,LOSER,,0.01248927847,LOSER,0,,0.00%,ROUND,WINNER,Emiliano Grillo - WINNER - Lee Hodges
Kristoffer Ventura - LOSER - Marco Penge,Kristoffer Ventura,Marco Penge,Kristoffer Ventura - VS - Marco Penge,DRAFTKINGS,0.00,0.00,,,,,0.4891657638,0.5108342362,44.98333333,44.98333333,89.96666667,0.5,0.5,0.00%,,,WINNER,,LOSER,,0,WINNER,1,,0.00%,ROUND,WINNER,Kristoffer Ventura - WINNER - Marco Penge
Mac Meissner - LOSER - Johnny Keefer,Mac Meissner,Johnny Keefer,Mac Meissner - VS - Johnny Keefer,DRAFTKINGS,0.00,0.00,,,,,0.4891657638,0.5108342362,41.38333333,41.755,83.13833333,0.4977647696,0.5022352304,0.00%,,,WINNER,,LOSER,,-0.004470460878,WINNER,1,,0.00%,ROUND,WINNER,Mac Meissner - WINNER - Johnny Keefer
Denny McCarthy - LOSER - Sudarshan Yellamaraju,Denny McCarthy,Sudarshan Yellamaraju,Denny McCarthy - VS - Sudarshan Yellamaraju,DRAFTKINGS,0.00,0.00,,,,,0.4826358743,0.5173641257,37.44166667,36.68333333,74.125,0.5051152333,0.4948847667,0.00%,,,WINNER,,LOSER,,0.01023046655,LOSER,0,,0.00%,ROUND,WINNER,Denny McCarthy - WINNER - Sudarshan Yellamaraju
Max Greyserman - LOSER - Rasmus Hojgaard,Max Greyserman,Rasmus Hojgaard,Max Greyserman - VS - Rasmus Hojgaard,DRAFTKINGS,0.00,0.00,,,,,0.5198879045,0.4801120955,40.47666667,41.64166667,82.11833333,0.4929065779,0.5070934221,0.00%,,,WINNER,,LOSER,,-0.01418684419,WINNER,1,,0.00%,ROUND,WINNER,Max Greyserman - WINNER - Rasmus Hojgaard
Harry Hall - LOSER - Davis Thompson,Harry Hall,Davis Thompson,Harry Hall - VS - Davis Thompson,DRAFTKINGS,0.00,0.00,,,,,0.5,0.5,41.46333333,41.78,83.24333333,0.4980979458,0.5019020542,0.00%,,,WINNER,,LOSER,,-0.003804108437,WINNER,1,,0.00%,ROUND,WINNER,Harry Hall - WINNER - Davis Thompson
Matt McCarty - LOSER - Neal Shipley,Matt McCarty,Neal Shipley,Matt McCarty - VS - Neal Shipley,DRAFTKINGS,0.00,0.00,,,,,0.4782608696,0.5217391304,0,40.91333333,40.91333333,0,1,0.00%,,,WINNER,,LOSER,,-1,WINNER,1,,0.00%,ROUND,WINNER,Matt McCarty - WINNER - Neal Shipley
Max McGreevy - LOSER - William Mouw,Max McGreevy,William Mouw,Max McGreevy - VS - William Mouw,DRAFTKINGS,0.00,0.00,,,,,0.5205795193,0.4794204807,35.68666667,36.83833333,72.525,0.4920602091,0.5079397909,0.00%,,,WINNER,,LOSER,,-0.01587958175,WINNER,1,,0.00%,ROUND,WINNER,Max McGreevy - WINNER - William Mouw
Seamus Power - LOSER - Chandler Phillips,Seamus Power,Chandler Phillips,Seamus Power - VS - Chandler Phillips,DRAFTKINGS,0.00,0.00,,,,,0.5043297541,0.4956702459,37.32,36.47833333,73.79833333,0.5057024775,0.4942975225,0.00%,,,WINNER,,LOSER,,0.01140495494,LOSER,0,,0.00%,ROUND,WINNER,Seamus Power - WINNER - Chandler Phillips
Joel Dahmen - LOSER - Haotong Li,Joel Dahmen,Haotong Li,Joel Dahmen - VS - Haotong Li,DRAFTKINGS,0.00,0.00,,,,,0.5064960374,0.4935039626,34.33166667,34.33166667,68.66333333,0.5,0.5,0.00%,,,WINNER,,LOSER,,0,WINNER,1,,0.00%,ROUND,WINNER,Joel Dahmen - WINNER - Haotong Li
Matthieu Pavon - LOSER - Hank Lebioda,Matthieu Pavon,Hank Lebioda,Matthieu Pavon - VS - Hank Lebioda,DRAFTKINGS,0.00,0.00,,,,,,,33.17333333,31.485,64.65833333,0.5130558062,0.4869441938,0.00%,,,WINNER,,LOSER,,0.02611161232,LOSER,0,,0.00%,ROUND,WINNER,Matthieu Pavon - WINNER - Hank Lebioda
Kevin Roy - LOSER - Taylor Moore,Kevin Roy,Taylor Moore,Kevin Roy - VS - Taylor Moore,DRAFTKINGS,0.00,0.00,,,,,,,41.215,37.42666667,78.64166667,0.5240860443,0.4759139557,0.00%,,,WINNER,,LOSER,,0.04817208859,LOSER,0,,0.00%,ROUND,WINNER,Kevin Roy - WINNER - Taylor Moore
Christiaan Bezuidenhout - LOSER - Zach Bauchou,Christiaan Bezuidenhout,Zach Bauchou,Christiaan Bezuidenhout - VS - Zach Bauchou,DRAFTKINGS,0.00,0.00,,,,,,,41.08166667,41.08166667,82.16333333,0.5,0.5,0.00%,,,WINNER,,LOSER,,0,WINNER,1,,0.00%,ROUND,WINNER,Christiaan Bezuidenhout - WINNER - Zach Bauchou
Tony Finau - LOSER - Pierceson Coody,Tony Finau,Pierceson Coody,Tony Finau - VS - Pierceson Coody,DRAFTKINGS,0.00,0.00,,,,,,,38.155,41.47833333,79.63333333,0.4791335287,0.5208664713,0.00%,,,WINNER,,LOSER,,-0.04173294265,WINNER,1,,0.00%,ROUND,WINNER,Tony Finau - WINNER - Pierceson Coody
Emiliano Grillo - LOSER - Ben Kohles,Emiliano Grillo,Ben Kohles,Emiliano Grillo - VS - Ben Kohles,DRAFTKINGS,0.00,0.00,,,,,,,40.33166667,42.53166667,82.86333333,0.4867251297,0.5132748703,0.00%,,,WINNER,,LOSER,,-0.02654974054,WINNER,1,,0.00%,ROUND,WINNER,Emiliano Grillo - WINNER - Ben Kohles
Doug Ghim - LOSER - Johnny Keefer,Doug Ghim,Johnny Keefer,Doug Ghim - VS - Johnny Keefer,DRAFTKINGS,0.00,0.00,,,,,,,45.57333333,41.755,87.32833333,0.5218619387,0.4781380613,0.00%,,,WINNER,,LOSER,,0.04372387732,LOSER,0,,0.00%,ROUND,WINNER,Doug Ghim - WINNER - Johnny Keefer
Jackson Suber - LOSER - Neal Shipley,Jackson Suber,Neal Shipley,Jackson Suber - VS - Neal Shipley,DRAFTKINGS,0.00,0.00,,,,,,,42.70833333,40.91333333,83.62166667,0.5107328643,0.4892671357,0.00%,,,WINNER,,LOSER,,0.02146572858,LOSER,0,,0.00%,ROUND,WINNER,Jackson Suber - WINNER - Neal Shipley
Michael Brennan - LOSER - Ben James,Michael Brennan,Ben James,Michael Brennan - VS - Ben James,DRAFTKINGS,0.00,0.00,,,,,,,44.11,44.11,88.22,0.5,0.5,0.00%,,,WINNER,,LOSER,,0,WINNER,1,,0.00%,ROUND,WINNER,Michael Brennan - WINNER - Ben James
Kevin Yu - LOSER - Matt McCarty,Kevin Yu,Matt McCarty,Kevin Yu - VS - Matt McCarty,DRAFTKINGS,0.00,0.00,,,,,,,42.54166667,0,42.54166667,1,0,0.00%,,,WINNER,,LOSER,,1,LOSER,0,,0.00%,ROUND,WINNER,Kevin Yu - WINNER - Matt McCarty
Rico Hoey - LOSER - Garrick Higgo,Rico Hoey,Garrick Higgo,Rico Hoey - VS - Garrick Higgo,DRAFTKINGS,0.00,0.00,,,,,,,41.72,33.325,75.045,0.5559331068,0.4440668932,0.00%,,,WINNER,,LOSER,,0.1118662136,LOSER,0,,0.00%,ROUND,WINNER,Rico Hoey - WINNER - Garrick Higgo
Max McGreevy - LOSER - Harry Hall,Max McGreevy,Harry Hall,Max McGreevy - VS - Harry Hall,DRAFTKINGS,0.00,0.00,,,,,,,35.68666667,41.46333333,77.15,0.4625621084,0.5374378916,0.00%,,,WINNER,,LOSER,,-0.07487578311,WINNER,1,,0.00%,ROUND,WINNER,Max McGreevy - WINNER - Harry Hall
Jesper Svensson - LOSER - David Ford,Jesper Svensson,David Ford,Jesper Svensson - VS - David Ford,DRAFTKINGS,0.00,0.00,,,,,,,35.69833333,36.44333333,72.14166667,0.4948365485,0.5051634515,0.00%,,,WINNER,,LOSER,,-0.01032690308,WINNER,1,,0.00%,ROUND,WINNER,Jesper Svensson - WINNER - David Ford
Mackenzie Hughes - LOSER - Christiaan Bezuidenhout,Mackenzie Hughes,Christiaan Bezuidenhout,Mackenzie Hughes - VS - Christiaan Bezuidenhout,DRAFTKINGS,0.00,0.00,,,,,0.4736842105,0.5263157895,40.705,41.08166667,81.78666667,0.4976972612,0.5023027388,0.00%,,,WINNER,,LOSER,,-0.004605477665,WINNER,1,,0.00%,ROUND,WINNER,Mackenzie Hughes - WINNER - Christiaan Bezuidenhout
Tony Finau - LOSER - Takumi Kanaya,Tony Finau,Takumi Kanaya,Tony Finau - VS - Takumi Kanaya,DRAFTKINGS,0.00,0.00,,,,,0.5,0.5,38.155,35.14,73.295,0.5205675694,0.4794324306,0.00%,,,WINNER,,LOSER,,0.04113513882,LOSER,0,,0.00%,ROUND,WINNER,Tony Finau - WINNER - Takumi Kanaya
Rasmus Hojgaard - LOSER - Jackson Koivun,Rasmus Hojgaard,Jackson Koivun,Rasmus Hojgaard - VS - Jackson Koivun,DRAFTKINGS,0.00,0.00,,,,,0.4726815241,0.5273184759,41.64166667,44.89675439,86.53842105,0.4811928177,0.5188071823,0.00%,,,WINNER,,LOSER,,-0.03761436458,WINNER,1,,0.00%,ROUND,WINNER,Rasmus Hojgaard - WINNER - Jackson Koivun
Billy Horschel - LOSER - Nick Taylor,Billy Horschel,Nick Taylor,Billy Horschel - VS - Nick Taylor,DRAFTKINGS,0.00,0.00,,,,,0.5,0.5,41.305,41.82166667,83.12666667,0.4968922929,0.5031077071,0.00%,,,WINNER,,LOSER,,-0.006215414227,WINNER,1,,0.00%,ROUND,WINNER,Billy Horschel - WINNER - Nick Taylor
Doug Ghim - LOSER - Sudarshan Yellamaraju,Doug Ghim,Sudarshan Yellamaraju,Doug Ghim - VS - Sudarshan Yellamaraju,DRAFTKINGS,0.00,0.00,,,,,0.5192307692,0.4807692308,45.57333333,36.68333333,82.25666667,0.5540381732,0.4459618268,0.00%,,,WINNER,,LOSER,,0.1080763464,LOSER,0,,0.00%,ROUND,WINNER,Doug Ghim - WINNER - Sudarshan Yellamaraju
Chris Kirk - LOSER - Max Homa,Chris Kirk,Max Homa,Chris Kirk - VS - Max Homa,DRAFTKINGS,0.00,0.00,,,,,0.4736842105,0.5263157895,42.29833333,42.85333333,85.15166667,0.496741109,0.503258891,0.00%,,,WINNER,,LOSER,,-0.006517781997,WINNER,1,,0.00%,ROUND,WINNER,Chris Kirk - WINNER - Max Homa
Kevin Yu - LOSER - Doug Ghim,Kevin Yu,Doug Ghim,Kevin Yu - VS - Doug Ghim,DRAFTKINGS,0.00,0.00,,,,,0.4769810268,0.5230189732,42.54166667,45.57333333,88.115,0.4827971023,0.5172028977,0.00%,,,WINNER,,LOSER,,-0.03440579546,WINNER,1,,0.00%,ROUND,WINNER,Kevin Yu - WINNER - Doug Ghim
Matt Wallace - LOSER - Davis Thompson,Matt Wallace,Davis Thompson,Matt Wallace - VS - Davis Thompson,DRAFTKINGS,0.00,0.00,,,,,0.5290292615,0.4709707385,43.17,41.78,84.95,0.5081812831,0.4918187169,0.00%,,,WINNER,,LOSER,,0.01636256622,LOSER,0,,0.00%,ROUND,WINNER,Matt Wallace - WINNER - Davis Thompson
Beau Hossler - LOSER - Kristoffer Ventura,Beau Hossler,Kristoffer Ventura,Beau Hossler - VS - Kristoffer Ventura,DRAFTKINGS,0.00,0.00,,,,,0.4796954315,0.5203045685,43.22333333,43.22333333,86.44666667,0.5,0.5,0.00%,,,WINNER,,LOSER,,0,WINNER,1,,0.00%,ROUND,WINNER,Beau Hossler - WINNER - Kristoffer Ventura
Rico Hoey - WINNER - Steven Fisk,Rico Hoey,Steven Fisk,Rico Hoey - VS - Steven Fisk,DRAFTKINGS,-124.00,-106.00,1.81,1.94,0.5182600227,0.481739977,0.5162199424,0.4837800576,41.72,37.37166667,79.09166667,0.5274892003,0.4725107997,0.00%,-0.20%,0.20%,WINNER,0.92%,WINNER,,0.05497840059,LOSER,0,0.92%,0.20%,ROUND,WINNER,Rico Hoey - WINNER - Steven Fisk
Christiaan Bezuidenhout - LOSER - Kevin Roy,Christiaan Bezuidenhout,Kevin Roy,Christiaan Bezuidenhout - VS - Kevin Roy,DRAFTKINGS,0.00,0.00,,,,,0.4979776735,0.5020223265,41.08166667,41.215,82.29666667,0.4991899226,0.5008100774,0.00%,,,WINNER,,LOSER,,-0.001620154725,WINNER,1,,0.00%,ROUND,WINNER,Christiaan Bezuidenhout - WINNER - Kevin Roy
Emiliano Grillo - LOSER - Pierceson Coody,Emiliano Grillo,Pierceson Coody,Emiliano Grillo - VS - Pierceson Coody,DRAFTKINGS,0.00,0.00,,,,,0.5223540888,0.4776459112,40.33166667,41.47833333,81.81,0.4929918918,0.5070081082,0.00%,,,WINNER,,LOSER,,-0.01401621644,WINNER,1,,0.00%,ROUND,WINNER,Emiliano Grillo - WINNER - Pierceson Coody
Seamus Power - LOSER - William Mouw,Seamus Power,William Mouw,Seamus Power - VS - William Mouw,DRAFTKINGS,0.00,0.00,,,,,0.4776459112,0.5223540888,37.32,36.83833333,74.15833333,0.5032475559,0.4967524441,0.00%,,,WINNER,,LOSER,,0.00649511181,LOSER,0,,0.00%,ROUND,WINNER,Seamus Power - WINNER - William Mouw
Max Homa - LOSER - Takumi Kanaya,Max Homa,Takumi Kanaya,Max Homa - VS - Takumi Kanaya,DRAFTKINGS,0.00,0.00,,,,,0.5040451438,0.4959548562,42.85333333,35.14,77.99333333,0.5494486708,0.4505513292,0.00%,,,WINNER,,LOSER,,0.09889734165,LOSER,0,,0.00%,ROUND,WINNER,Max Homa - WINNER - Takumi Kanaya
Chad Ramey - LOSER - Davis Chatfield,Chad Ramey,Davis Chatfield,Chad Ramey - VS - Davis Chatfield,DRAFTKINGS,0.00,0.00,,,,,0.5060689432,0.4939310568,35.85,35.55833333,71.40833333,0.5020422453,0.4979577547,0.00%,,,WINNER,,LOSER,,0.004084490606,LOSER,0,,0.00%,ROUND,WINNER,Chad Ramey - WINNER - Davis Chatfield
Mark Hubbard - LOSER - Stephan Jaeger,Mark Hubbard,Stephan Jaeger,Mark Hubbard - VS - Stephan Jaeger,DRAFTKINGS,0.00,0.00,,,,,0.4701955174,0.5298044826,33.04833333,40.02833333,73.07666667,0.4522419377,0.5477580623,0.00%,,,WINNER,,LOSER,,-0.09551612462,WINNER,1,,0.00%,ROUND,WINNER,Mark Hubbard - WINNER - Stephan Jaeger
Haotong Li - LOSER - Paul Peterson,Haotong Li,Paul Peterson,Haotong Li - VS - Paul Peterson,DRAFTKINGS,0.00,0.00,,,,,0.5302041803,0.4697958197,31.175,31.175,62.35,0.5,0.5,0.00%,,,WINNER,,LOSER,,0,WINNER,1,,0.00%,ROUND,WINNER,Haotong Li - WINNER - Paul Peterson
Hank Lebioda - LOSER - Taylor Moore,Hank Lebioda,Taylor Moore,Hank Lebioda - VS - Taylor Moore,DRAFTKINGS,0.00,0.00,,,,,0.4731182796,0.5268817204,31.485,37.42666667,68.91166667,0.4568892544,0.5431107456,0.00%,,,WINNER,,LOSER,,-0.08622149128,WINNER,1,,0.00%,ROUND,WINNER,Hank Lebioda - WINNER - Taylor Moore
Mac Meissner - LOSER - Michael Brennan,Mac Meissner,Michael Brennan,Mac Meissner - VS - Michael Brennan,DRAFTKINGS,0.00,0.00,,,,,0.4709707385,0.5290292615,41.38333333,44.11,85.49333333,0.4840533375,0.5159466625,0.00%,,,WINNER,,LOSER,,-0.03189332502,WINNER,1,,0.00%,ROUND,WINNER,Mac Meissner - WINNER - Michael Brennan
Jackson Suber - LOSER - Johnny Keefer,Jackson Suber,Johnny Keefer,Jackson Suber - VS - Johnny Keefer,DRAFTKINGS,0.00,0.00,,,,,0.4837800576,0.5162199424,42.70833333,41.755,84.46333333,0.5056434745,0.4943565255,0.00%,,,WINNER,,LOSER,,0.01128694897,LOSER,0,,0.00%,ROUND,WINNER,Jackson Suber - WINNER - Johnny Keefer
Mackenzie Hughes - LOSER - Jordan Smith,Mackenzie Hughes,Jordan Smith,Mackenzie Hughes - VS - Jordan Smith,DRAFTKINGS,0.00,0.00,,,,,0.4780533922,0.5219466078,40.705,40.705,81.41,0.5,0.5,0.00%,,,WINNER,,LOSER,,0,WINNER,1,,0.00%,ROUND,WINNER,Mackenzie Hughes - WINNER - Jordan Smith
Chris Kirk - LOSER - John Parry,Chris Kirk,John Parry,Chris Kirk - VS - John Parry,DRAFTKINGS,0.00,0.00,,,,,0.5162199424,0.4837800576,42.29833333,40.42,82.71833333,0.511353791,0.488646209,0.00%,,,WINNER,,LOSER,,0.02270758195,LOSER,0,,0.00%,ROUND,WINNER,Chris Kirk - WINNER - John Parry
Ben Kohles - LOSER - Marco Penge,Ben Kohles,Marco Penge,Ben Kohles - VS - Marco Penge,DRAFTKINGS,0.00,0.00,,,,,0.5182600227,0.4817399773,42.53166667,44.98333333,87.515,0.4859928774,0.5140071226,0.00%,,,WINNER,,LOSER,,-0.02801424518,WINNER,1,,0.00%,ROUND,WINNER,Ben Kohles - WINNER - Marco Penge
Austin Smotherman - LOSER - Lee Hodges,Austin Smotherman,Lee Hodges,Austin Smotherman - VS - Lee Hodges,DRAFTKINGS,0.00,0.00,,,,,0.5101214575,0.4898785425,37.10166667,39.33666667,76.43833333,0.485380372,0.514619628,0.00%,,,WINNER,,LOSER,,-0.02923925605,WINNER,1,,0.00%,ROUND,WINNER,Austin Smotherman - WINNER - Lee Hodges
Chandler Phillips - LOSER - Trace Crowe,Chandler Phillips,Trace Crowe,Chandler Phillips - VS - Trace Crowe,DRAFTKINGS,0.00,0.00,,,,,0.5275694751,0.4724305249,36.47833333,35.26166667,71.74,0.5084796952,0.4915203048,0.00%,,,WINNER,,LOSER,,0.01695939039,LOSER,0,,0.00%,ROUND,WINNER,Chandler Phillips - WINNER - Trace Crowe
Max Greyserman - LOSER - Sudarshan Yellamaraju,Max Greyserman,Sudarshan Yellamaraju,Max Greyserman - VS - Sudarshan Yellamaraju,DRAFTKINGS,0.00,0.00,,,,,0.4761904762,0.5238095238,40.47666667,36.68333333,77.16,0.5245809573,0.4754190427,0.00%,,,WINNER,,LOSER,,0.04916191464,LOSER,0,,0.00%,ROUND,WINNER,Max Greyserman - WINNER - Sudarshan Yellamaraju
Billy Horschel - LOSER - Matthieu Pavon,Billy Horschel,Matthieu Pavon,Billy Horschel - VS - Matthieu Pavon,DRAFTKINGS,0.00,0.00,,,,,0.4959548562,0.5040451438,41.305,33.17333333,74.47833333,0.5545908206,0.4454091794,0.00%,,,WINNER,,LOSER,,0.1091816412,LOSER,0,,0.00%,ROUND,WINNER,Billy Horschel - WINNER - Matthieu Pavon
Patrick Fishburn - LOSER - David Ford,Patrick Fishburn,David Ford,Patrick Fishburn - VS - David Ford,DRAFTKINGS,0.00,0.00,,,,,0.4724305249,0.5275694751,35.695,36.44333333,72.13833333,0.4948132061,0.5051867939,0.00%,,,WINNER,,LOSER,,-0.01037358778,WINNER,1,,0.00%,ROUND,WINNER,Patrick Fishburn - WINNER - David Ford
Zecheng Dou - LOSER - Gordon Sargent,Zecheng Dou,Gordon Sargent,Zecheng Dou - VS - Gordon Sargent,DRAFTKINGS,0.00,0.00,,,,,0.5243791445,0.4756208555,39.76333333,37.21166667,76.975,0.5165746454,0.4834253546,0.00%,,,WINNER,,LOSER,,0.0331492909,LOSER,0,,0.00%,ROUND,WINNER,Zecheng Dou - WINNER - Gordon Sargent
Andrew Putnam - LOSER - Joe Highsmith,Andrew Putnam,Joe Highsmith,Andrew Putnam - VS - Joe Highsmith,DRAFTKINGS,0.00,0.00,,,,,0.5228427078,0.4771572922,34.53833333,30.33,64.86833333,0.5324375016,0.4675624984,0.00%,,,WINNER,,LOSER,,0.06487500321,LOSER,0,,0.00%,ROUND,WINNER,Andrew Putnam - WINNER - Joe Highsmith
Joel Dahmen - LOSER - Zac Blair,Joel Dahmen,Zac Blair,Joel Dahmen - VS - Zac Blair,DRAFTKINGS,0.00,0.00,,,,,0.5162199424,0.4837800576,34.33166667,35.95833333,70.29,0.4884288898,0.5115711102,0.00%,,,WINNER,,LOSER,,-0.02314222033,WINNER,1,,0.00%,ROUND,WINNER,Joel Dahmen - WINNER - Zac Blair
Jordan Smith - LOSER - Zach Bauchou,Jordan Smith,Zach Bauchou,Jordan Smith - VS - Zach Bauchou,DRAFTKINGS,-128.00,-104.00,1.78,1.96,0.5240847784,0.475915222,0.5240847784,0.4759152216,,,0,0,0,100.00%,0.00%,0.00%,WINNER,,LOSER,,0,WINNER,1,,0.00%,ROUND,WINNER,Jordan Smith - WINNER - Zach Bauchou
Nick Taylor - LOSER - Kevin Roy,Nick Taylor,Kevin Roy,Nick Taylor - VS - Kevin Roy,DRAFTKINGS,-118.00,-112.00,1.85,1.89,0.5060689432,0.493931057,0.5060689432,0.4939310568,41.82166667,41.215,83.03666667,0.5036530047,0.4963469953,0.00%,0.00%,0.00%,WINNER,-0.24%,LOSER,,0.007306009393,LOSER,0,-0.24%,0.00%,ROUND,LOSER,Nick Taylor - LOSER - Kevin Roy
Emiliano Grillo - LOSER - Eric Cole,Emiliano Grillo,Eric Cole,Emiliano Grillo - VS - Eric Cole,DRAFTKINGS,-104.00,-126.00,1.96,1.79,0.4776459112,0.522354089,0.4776459112,0.5223540888,40.33166667,43.53333333,83.865,0.4809117828,0.5190882172,0.00%,0.00%,0.00%,LOSER,0.33%,LOSER,,-0.03817643435,WINNER,0,0.33%,0.00%,ROUND,WINNER,Emiliano Grillo - WINNER - Eric Cole
Kristoffer Ventura - LOSER - Pierceson Coody,Kristoffer Ventura,Pierceson Coody,Kristoffer Ventura - VS - Pierceson Coody,DRAFTKINGS,-115.00,-114.00,1.87,1.88,0.5010179153,0.498982085,0.5010179153,0.4989820847,41.47833333,41.47833333,82.95666667,0.5,0.5,0.00%,0.00%,0.00%,WINNER,-0.10%,LOSER,0.10%,0,WINNER,1,-0.10%,0.00%,ROUND,LOSER,Kristoffer Ventura - LOSER - Pierceson Coody
Matt McCarty - LOSER - Johnny Keefer,Matt McCarty,Johnny Keefer,Matt McCarty - VS - Johnny Keefer,DRAFTKINGS,-110.00,-120.00,1.91,1.83,0.4898785425,0.510121457,0.4898785425,0.5101214575,0,41.755,41.755,0,1,0.00%,0.00%,0.00%,LOSER,,LOSER,,-1,WINNER,0,,0.00%,ROUND,WINNER,Matt McCarty - WINNER - Johnny Keefer
Doug Ghim - LOSER - Ben James,Doug Ghim,Ben James,Doug Ghim - VS - Ben James,DRAFTKINGS,-108.00,-120.00,1.93,1.83,0.4876847291,0.512315271,0.4876847291,0.5123152709,45.57333333,45.57333333,91.14666667,0.5,0.5,0.00%,0.00%,0.00%,LOSER,1.23%,LOSER,,0,WINNER,0,1.23%,0.00%,ROUND,WINNER,Doug Ghim - WINNER - Ben James
Kevin Yu - LOSER - Jackson Suber,Kevin Yu,Jackson Suber,Kevin Yu - VS - Jackson Suber,DRAFTKINGS,-112.00,-118.00,1.89,1.85,0.4939310568,0.506068943,0.4939310568,0.5060689432,42.54166667,42.70833333,85.25,0.4990224829,0.5009775171,0.00%,0.00%,0.00%,LOSER,0.51%,LOSER,,-0.001955034213,WINNER,0,0.51%,0.00%,ROUND,WINNER,Kevin Yu - WINNER - Jackson Suber
Stephan Jaeger - LOSER - Michael Brennan,Stephan Jaeger,Michael Brennan,Stephan Jaeger - VS - Michael Brennan,DRAFTKINGS,115.00,-150.00,2.15,1.67,0.4713114754,0.528688525,0.4713114754,0.5286885246,40.02833333,44.11,84.13833333,0.47574431,0.52425569,0.00%,0.00%,0.00%,LOSER,0.44%,LOSER,,-0.04851138007,WINNER,0,0.44%,0.00%,ROUND,WINNER,Stephan Jaeger - WINNER - Michael Brennan
Max McGreevy - LOSER - David Ford,Max McGreevy,David Ford,Max McGreevy - VS - David Ford,DRAFTKINGS,-116.00,-112.00,1.86,1.89,0.5040997048,0.495900295,0.5040997048,0.4959002952,35.68666667,36.44333333,72.13,0.4947548408,0.5052451592,0.00%,0.00%,0.00%,WINNER,-0.93%,LOSER,0.93%,-0.01049031841,WINNER,1,-0.93%,0.00%,ROUND,LOSER,Max McGreevy - LOSER - David Ford
  - LOSER -  , , ,  - VS -  ,DRAFTKINGS,0.00,0.00,,,,,,,,,0,0,0,0.00%,,,WINNER,,LOSER,,0,WINNER,1,,0.00%,ROUND,WINNER,  - WINNER -  
  - LOSER -  , , ,  - VS -  ,DRAFTKINGS,0.00,0.00,,,,,,,,,0,0,0,0.00%,,,WINNER,,LOSER,,0,WINNER,1,,0.00%,ROUND,WINNER,  - WINNER -  
  - LOSER -  , , ,  - VS -  ,DRAFTKINGS,0.00,0.00,,,,,,,,,0,0,0,0.00%,,,WINNER,,LOSER,,0,WINNER,1,,0.00%,ROUND,WINNER,  - WINNER -  
  - LOSER -  , , ,  - VS -  ,DRAFTKINGS,0.00,0.00,,,,,,,,,0,0,0,0.00%,,,WINNER,,LOSER,,0,WINNER,1,,0.00%,ROUND,WINNER,  - WINNER -  
  - LOSER -  , , ,  - VS -  ,DRAFTKINGS,0.00,0.00,,,,,,,,,0,0,0,0.00%,,,WINNER,,LOSER,,0,WINNER,1,,0.00%,ROUND,WINNER,  - WINNER -  
  - LOSER -  , , ,  - VS -  ,DRAFTKINGS,0.00,0.00,,,,,,,,,0,0,0,0.00%,,,WINNER,,LOSER,,0,WINNER,1,,0.00%,ROUND,WINNER,  - WINNER -  
  - LOSER -  , , ,  - VS -  ,DRAFTKINGS,0.00,0.00,,,,,,,,,0,0,0,0.00%,,,WINNER,,LOSER,,0,WINNER,1,,0.00%,ROUND,WINNER,  - WINNER -  
  - LOSER -  , , ,  - VS -  ,DRAFTKINGS,0.00,0.00,,,,,,,,,0,0,0,0.00%,,,WINNER,,LOSER,,0,WINNER,1,,0.00%,ROUND,WINNER,  - WINNER -  
  - LOSER -  , , ,  - VS -  ,DRAFTKINGS,0.00,0.00,,,,,,,,,0,0,0,0.00%,,,WINNER,,LOSER,,0,WINNER,1,,0.00%,ROUND,WINNER,  - WINNER -  
  - LOSER -  , , ,  - VS -  ,DRAFTKINGS,0.00,0.00,,,,,,,,,0,0,0,0.00%,,,WINNER,,LOSER,,0,WINNER,1,,0.00%,ROUND,WINNER,  - WINNER -  
  - LOSER -  , , ,  - VS -  ,DRAFTKINGS,0.00,0.00,,,,,,,,,0,0,0,0.00%,,,WINNER,,LOSER,,0,WINNER,1,,0.00%,ROUND,WINNER,  - WINNER -  
  - LOSER -  , , ,  - VS -  ,DRAFTKINGS,0.00,0.00,,,,,,,,,0,0,0,0.00%,,,WINNER,,LOSER,,0,WINNER,1,,0.00%,ROUND,WINNER,  - WINNER -  
  - LOSER -  , , ,  - VS -  ,DRAFTKINGS,0.00,0.00,,,,,,,,,0,0,0,0.00%,,,WINNER,,LOSER,,0,WINNER,1,,0.00%,ROUND,WINNER,  - WINNER -  
  - LOSER -  , , ,  - VS -  ,DRAFTKINGS,0.00,0.00,,,,,,,,,0,0,0,0.00%,,,WINNER,,LOSER,,0,WINNER,1,,0.00%,ROUND,WINNER,  - WINNER -  
  - LOSER -  , , ,  - VS -  ,DRAFTKINGS,0.00,0.00,,,,,,,,,0,0,0,0.00%,,,WINNER,,LOSER,,0,WINNER,1,,0.00%,ROUND,WINNER,  - WINNER -  
  - LOSER -  , , ,  - VS -  ,DRAFTKINGS,0.00,0.00,,,,,,,,,0,0,0,0.00%,,,WINNER,,LOSER,,0,WINNER,1,,0.00%,ROUND,WINNER,  - WINNER -  
  - LOSER -  , , ,  - VS -  ,DRAFTKINGS,0.00,0.00,,,,,,,,,0,0,0,0.00%,,,WINNER,,LOSER,,0,WINNER,1,,0.00%,ROUND,WINNER,  - WINNER -  
  - LOSER -  , , ,  - VS -  ,DRAFTKINGS,0.00,0.00,,,,,,,,,0,0,0,0.00%,,,WINNER,,LOSER,,0,WINNER,1,,0.00%,ROUND,WINNER,  - WINNER -  
  - LOSER -  , , ,  - VS -  ,DRAFTKINGS,0.00,0.00,,,,,,,,,0,0,0,0.00%,,,WINNER,,LOSER,,0,WINNER,1,,0.00%,ROUND,WINNER,  - WINNER -  
  - LOSER -  , , ,  - VS -  ,DRAFTKINGS,0.00,0.00,,,,,,,,,0,0,0,0.00%,,,WINNER,,LOSER,,0,WINNER,1,,0.00%,ROUND,WINNER,  - WINNER -  
  - LOSER -  , , ,  - VS -  ,DRAFTKINGS,0.00,0.00,,,,,,,,,0,0,0,0.00%,,,WINNER,,LOSER,,0,WINNER,1,,0.00%,ROUND,WINNER,  - WINNER -  
  - LOSER -  , , ,  - VS -  ,DRAFTKINGS,0.00,0.00,,,,,,,,,0,0,0,0.00%,,,WINNER,,LOSER,,0,WINNER,1,,0.00%,ROUND,WINNER,  - WINNER -  
  - LOSER -  , , ,  - VS -  ,DRAFTKINGS,0.00,0.00,,,,,,,,,0,0,0,0.00%,,,WINNER,,LOSER,,0,WINNER,1,,0.00%,ROUND,WINNER,  - WINNER -  
  - LOSER -  , , ,  - VS -  ,DRAFTKINGS,0.00,0.00,,,,,,,,,0,0,0,0.00%,,,WINNER,,LOSER,,0,WINNER,1,,0.00%,ROUND,WINNER,  - WINNER -  
  - LOSER -  , , ,  - VS -  ,DRAFTKINGS,0.00,0.00,,,,,,,,,0,0,0,0.00%,,,WINNER,,LOSER,,0,WINNER,1,,0.00%,ROUND,WINNER,  - WINNER -  
  - LOSER -  , , ,  - VS -  ,DRAFTKINGS,0.00,0.00,,,,,,,,,0,0,0,0.00%,,,WINNER,,LOSER,,0,WINNER,1,,0.00%,ROUND,WINNER,  - WINNER -  
  - LOSER -  , , ,  - VS -  ,DRAFTKINGS,0.00,0.00,,,,,,,,,0,0,0,0.00%,,,WINNER,,LOSER,,0,WINNER,1,,0.00%,ROUND,WINNER,  - WINNER -  
  - LOSER -  , , ,  - VS -  ,DRAFTKINGS,0.00,0.00,,,,,,,,,0,0,0,0.00%,,,WINNER,,LOSER,,0,WINNER,1,,0.00%,ROUND,WINNER,  - WINNER -  
  - LOSER -  , , ,  - VS -  ,DRAFTKINGS,0.00,0.00,,,,,,,,,0,0,0,0.00%,,,WINNER,,LOSER,,0,WINNER,1,,0.00%,ROUND,WINNER,  - WINNER -  
  - LOSER -  , , ,  - VS -  ,DRAFTKINGS,0.00,0.00,,,,,,,,,0,0,0,0.00%,,,WINNER,,LOSER,,0,WINNER,1,,0.00%,ROUND,WINNER,  - WINNER -  
  - LOSER -  , , ,  - VS -  ,DRAFTKINGS,0.00,0.00,,,,,,,,,0,0,0,0.00%,,,WINNER,,LOSER,,0,WINNER,1,,0.00%,ROUND,WINNER,  - WINNER -  
  - LOSER -  , , ,  - VS -  ,DRAFTKINGS,0.00,0.00,,,,,,,,,0,0,0,0.00%,,,WINNER,,LOSER,,0,WINNER,1,,0.00%,ROUND,WINNER,  - WINNER -  
  - LOSER -  , , ,  - VS -  ,DRAFTKINGS,0.00,0.00,,,,,,,,,0,0,0,0.00%,,,WINNER,,LOSER,,0,WINNER,1,,0.00%,ROUND,WINNER,  - WINNER -  
  - LOSER -  , , ,  - VS -  ,DRAFTKINGS,0.00,0.00,,,,,,,,,0,0,0,0.00%,,,WINNER,,LOSER,,0,WINNER,1,,0.00%,ROUND,WINNER,  - WINNER -  
  - LOSER -  , , ,  - VS -  ,DRAFTKINGS,0.00,0.00,,,,,,,,,0,0,0,0.00%,,,WINNER,,LOSER,,0,WINNER,1,,0.00%,ROUND,WINNER,  - WINNER -  
  - LOSER -  , , ,  - VS -  ,DRAFTKINGS,0.00,0.00,,,,,,,,,0,0,0,0.00%,,,WINNER,,LOSER,,0,WINNER,1,,0.00%,ROUND,WINNER,  - WINNER -  
  - LOSER -  , , ,  - VS -  ,DRAFTKINGS,0.00,0.00,,,,,,,,,0,0,0,0.00%,,,WINNER,,LOSER,,0,WINNER,1,,0.00%,ROUND,WINNER,  - WINNER -  
  - LOSER -  , , ,  - VS -  ,DRAFTKINGS,0.00,0.00,,,,,,,,,0,0,0,0.00%,,,WINNER,,LOSER,,0,WINNER,1,,0.00%,ROUND,WINNER,  - WINNER -  
  - LOSER -  , , ,  - VS -  ,DRAFTKINGS,0.00,0.00,,,,,,,,,0,0,0,0.00%,,,WINNER,,LOSER,,0,WINNER,1,,0.00%,ROUND,WINNER,  - WINNER -  
  - LOSER -  , , ,  - VS -  ,DRAFTKINGS,0.00,0.00,,,,,,,,,0,0,0,0.00%,,,WINNER,,LOSER,,0,WINNER,1,,0.00%,ROUND,WINNER,  - WINNER -  
  - LOSER -  , , ,  - VS -  ,DRAFTKINGS,0.00,0.00,,,,,,,,,0,0,0,0.00%,,,WINNER,,LOSER,,0,WINNER,1,,0.00%,ROUND,WINNER,  - WINNER -  
  - LOSER -  , , ,  - VS -  ,DRAFTKINGS,0.00,0.00,,,,,,,,,0,0,0,0.00%,,,WINNER,,LOSER,,0,WINNER,1,,0.00%,ROUND,WINNER,  - WINNER -  
  - LOSER -  , , ,  - VS -  ,DRAFTKINGS,0.00,0.00,,,,,,,,,0,0,0,0.00%,,,WINNER,,LOSER,,0,WINNER,1,,0.00%,ROUND,WINNER,  - WINNER -  
  - LOSER -  , , ,  - VS -  ,DRAFTKINGS,0.00,0.00,,,,,,,,,0,0,0,0.00%,,,WINNER,,LOSER,,0,WINNER,1,,0.00%,ROUND,WINNER,  - WINNER -  
  - LOSER -  , , ,  - VS -  ,DRAFTKINGS,0.00,0.00,,,,,,,,,0,0,0,0.00%,,,WINNER,,LOSER,,0,WINNER,1,,0.00%,ROUND,WINNER,  - WINNER -  
  - LOSER -  , , ,  - VS -  ,DRAFTKINGS,0.00,0.00,,,,,,,,,0,0,0,0.00%,,,WINNER,,LOSER,,0,WINNER,1,,0.00%,ROUND,WINNER,  - WINNER -  
  - LOSER -  , , ,  - VS -  ,DRAFTKINGS,0.00,0.00,,,,,,,,,0,0,0,0.00%,,,WINNER,,LOSER,,0,WINNER,1,,0.00%,ROUND,WINNER,  - WINNER -  
  - LOSER -  , , ,  - VS -  ,DRAFTKINGS,0.00,0.00,,,,,,,,,0,0,0,0.00%,,,WINNER,,LOSER,,0,WINNER,1,,0.00%,ROUND,WINNER,  - WINNER -  
  - LOSER -  , , ,  - VS -  ,DRAFTKINGS,0.00,0.00,,,,,,,,,0,0,0,0.00%,,,WINNER,,LOSER,,0,WINNER,1,,0.00%,ROUND,WINNER,  - WINNER -  
  - LOSER -  , , ,  - VS -  ,DRAFTKINGS,0.00,0.00,,,,,,,,,0,0,0,0.00%,,,WINNER,,LOSER,,0,WINNER,1,,0.00%,ROUND,WINNER,  - WINNER -  
  - LOSER -  , , ,  - VS -  ,DRAFTKINGS,0.00,0.00,,,,,,,,,0,0,0,0.00%,,,WINNER,,LOSER,,0,WINNER,1,,0.00%,ROUND,WINNER,  - WINNER -  
  - LOSER -  , , ,  - VS -  ,DRAFTKINGS,0.00,0.00,,,,,0.4825716499,0.5174283501,,,0,0,0,0.00%,,,WINNER,,LOSER,,0,WINNER,1,,0.00%,ROUND,WINNER,  - WINNER -  
  - LOSER -  , , ,  - VS -  ,DRAFTKINGS,0.00,0.00,,,,,0.5222101842,0.4777898158,,,0,0,0,0.00%,,,WINNER,,LOSER,,0,WINNER,1,,0.00%,ROUND,WINNER,  - WINNER -  
  - LOSER -  , , ,  - VS -  ,DRAFTKINGS,0.00,0.00,,,,,0.5,0.5,,,0,0,0,0.00%,,,WINNER,,LOSER,,0,WINNER,1,,0.00%,ROUND,WINNER,  - WINNER -  
  - LOSER -  , , ,  - VS -  ,DRAFTKINGS,0.00,0.00,,,,,0.4702258727,0.5297741273,,,0,0,0,0.00%,,,WINNER,,LOSER,,0,WINNER,1,,0.00%,ROUND,WINNER,  - WINNER -  
  - LOSER -  , , ,  - VS -  ,DRAFTKINGS,0.00,0.00,,,,,0.4811840294,0.5188159706,,,0,0,0,0.00%,,,WINNER,,LOSER,,0,WINNER,1,,0.00%,ROUND,WINNER,  - WINNER -  
  - LOSER -  , , ,  - VS -  ,DRAFTKINGS,0.00,0.00,,,,,0.500539258,0.499460742,,,0,0,0,0.00%,,,WINNER,,LOSER,,0,WINNER,1,,0.00%,ROUND,WINNER,  - WINNER -  
  - LOSER -  , , ,  - VS -  ,DRAFTKINGS,0.00,0.00,,,,,0.4911345668,0.5088654332,,,0,0,0,0.00%,,,WINNER,,LOSER,,0,WINNER,1,,0.00%,ROUND,WINNER,  - WINNER -  
  - LOSER -  , , ,  - VS -  ,DRAFTKINGS,0.00,0.00,,,,,0.479338843,0.520661157,,,0,0,0,0.00%,,,WINNER,,LOSER,,0,WINNER,1,,0.00%,ROUND,WINNER,  - WINNER -  
  - LOSER -  , , ,  - VS -  ,DRAFTKINGS,0.00,0.00,,,,,0.5193370166,0.4806629834,,,0,0,0,0.00%,,,WINNER,,LOSER,,0,WINNER,1,,0.00%,ROUND,WINNER,  - WINNER -  
David Lipsky - LOSER - Johnny Keefer,David Lipsky,Johnny Keefer,David Lipsky - VS - Johnny Keefer,BETMGM,0.00,0.00,,,,,0.4825716499,0.5174283501,31.82,41.755,73.575,0.43248386,0.56751614,0.00%,,,WINNER,,LOSER,,-0.13503228,WINNER,1,,0.00%,ROUND,WINNER,David Lipsky - WINNER - Johnny Keefer
Doug Ghim - LOSER - Jackson Suber,Doug Ghim,Jackson Suber,Doug Ghim - VS - Jackson Suber,BETMGM,0.00,0.00,,,,,0.5222101842,0.4777898158,45.57333333,42.70833333,88.28166667,0.5162264721,0.4837735279,0.00%,,,WINNER,,LOSER,,0.03245294417,LOSER,0,,0.00%,ROUND,WINNER,Doug Ghim - WINNER - Jackson Suber
Patrick Rodgers - LOSER - Denny McCarthy,Patrick Rodgers,Denny McCarthy,Patrick Rodgers - VS - Denny McCarthy,BETMGM,0.00,0.00,,,,,0.5,0.5,36.56666667,37.44166667,74.00833333,0.4940885035,0.5059114965,0.00%,,,WINNER,,LOSER,,-0.01182299291,WINNER,1,,0.00%,ROUND,WINNER,Patrick Rodgers - WINNER - Denny McCarthy
Ben James - LOSER - Jackson Koivun,Ben James,Jackson Koivun,Ben James - VS - Jackson Koivun,BETMGM,0.00,0.00,,,,,0.4702258727,0.5297741273,44.89675439,44.89675439,89.79350877,0.5,0.5,0.00%,,,WINNER,,LOSER,,0,WINNER,1,,0.00%,ROUND,WINNER,Ben James - WINNER - Jackson Koivun
Kevin Yu - LOSER - Michael Brennan,Kevin Yu,Michael Brennan,Kevin Yu - VS - Michael Brennan,BETMGM,0.00,0.00,,,,,0.4811840294,0.5188159706,42.54166667,44.11,86.65166667,0.4909503568,0.5090496432,0.00%,,,WINNER,,LOSER,,-0.01809928641,WINNER,1,,0.00%,ROUND,WINNER,Kevin Yu - WINNER - Michael Brennan
Stephan Jaeger - LOSER - Steven Fisk,Stephan Jaeger,Steven Fisk,Stephan Jaeger - VS - Steven Fisk,BETMGM,0.00,0.00,,,,,0.500539258,0.499460742,40.02833333,37.37166667,77.4,0.5171619294,0.4828380706,0.00%,,,WINNER,,LOSER,,0.03432385874,LOSER,0,,0.00%,ROUND,WINNER,Stephan Jaeger - WINNER - Steven Fisk
Harry Hall - LOSER - Neal Shipley,Harry Hall,Neal Shipley,Harry Hall - VS - Neal Shipley,BETMGM,0.00,0.00,,,,,0.4911345668,0.5088654332,41.46333333,40.91333333,82.37666667,0.503338324,0.496661676,0.00%,,,WINNER,,LOSER,,0.006676647918,LOSER,0,,0.00%,ROUND,WINNER,Harry Hall - WINNER - Neal Shipley
Zac Blair - LOSER - Matt McCarty,Zac Blair,Matt McCarty,Zac Blair - VS - Matt McCarty,BETMGM,0.00,0.00,,,,,0.479338843,0.520661157,35.95833333,0,35.95833333,1,0,0.00%,,,WINNER,,LOSER,,1,LOSER,0,,0.00%,ROUND,WINNER,Zac Blair - WINNER - Matt McCarty
Matt Wallace - LOSER - Rico Hoey,Matt Wallace,Rico Hoey,Matt Wallace - VS - Rico Hoey,BETMGM,0.00,0.00,,,,,0.5193370166,0.4806629834,43.17,41.72,84.89,0.5085404641,0.4914595359,0.00%,,,WINNER,,LOSER,,0.01708092826,LOSER,0,,0.00%,ROUND,WINNER,Matt Wallace - WINNER - Rico Hoey
Patrick Fishburn - LOSER - Trace Crowe,Patrick Fishburn,Trace Crowe,Patrick Fishburn - VS - Trace Crowe,BETMGM,0.00,0.00,,,,,0.5,0.5,35.695,35.26166667,70.95666667,0.5030535068,0.4969464932,0.00%,,,WINNER,,LOSER,,0.00610701367,LOSER,0,,0.00%,ROUND,WINNER,Patrick Fishburn - WINNER - Trace Crowe
Kevin Roy - LOSER - Jordan Smith,Kevin Roy,Jordan Smith,Kevin Roy - VS - Jordan Smith,BETMGM,0.00,0.00,,,,,0.4782608696,0.5217391304,41.215,41.215,82.43,0.5,0.5,0.00%,,,WINNER,,LOSER,,0,WINNER,1,,0.00%,ROUND,WINNER,Kevin Roy - WINNER - Jordan Smith
Matthieu Pavon - LOSER - Taylor Moore,Matthieu Pavon,Taylor Moore,Matthieu Pavon - VS - Taylor Moore,BETMGM,0.00,0.00,,,,,0.5,0.5,33.17333333,37.42666667,70.6,0.4698772427,0.5301227573,0.00%,,,WINNER,,LOSER,,-0.06024551464,WINNER,1,,0.00%,ROUND,WINNER,Matthieu Pavon - WINNER - Taylor Moore
John Parry - LOSER - Christiaan Bezuidenhout,John Parry,Christiaan Bezuidenhout,John Parry - VS - Christiaan Bezuidenhout,BETMGM,0.00,0.00,,,,,0.4796954315,0.5203045685,40.42,41.08166667,81.50166667,0.4959407783,0.5040592217,0.00%,,,WINNER,,LOSER,,-0.008118443386,WINNER,1,,0.00%,ROUND,WINNER,John Parry - WINNER - Christiaan Bezuidenhout
Chris Kirk - LOSER - Maverick McNealy,Chris Kirk,Maverick McNealy,Chris Kirk - VS - Maverick McNealy,BETMGM,0.00,0.00,,,,,0.4791397221,0.5208602779,42.29833333,44.815,87.11333333,0.4855552154,0.5144447846,0.00%,,,WINNER,,LOSER,,-0.02888956914,WINNER,1,,0.00%,ROUND,WINNER,Chris Kirk - WINNER - Maverick McNealy
Billy Horschel - LOSER - Max Homa,Billy Horschel,Max Homa,Billy Horschel - VS - Max Homa,BETMGM,0.00,0.00,,,,,0.4782608696,0.5217391304,41.305,42.85333333,84.15833333,0.4908010694,0.5091989306,0.00%,,,WINNER,,LOSER,,-0.01839786117,WINNER,1,,0.00%,ROUND,WINNER,Billy Horschel - WINNER - Max Homa
Nick Taylor - LOSER - Eric Cole,Nick Taylor,Eric Cole,Nick Taylor - VS - Eric Cole,BETMGM,0.00,0.00,,,,,0.5217391304,0.4782608696,41.82166667,43.53333333,85.355,0.489973249,0.510026751,0.00%,,,WINNER,,LOSER,,-0.02005350204,WINNER,1,,0.00%,ROUND,WINNER,Nick Taylor - WINNER - Eric Cole
Tony Finau - LOSER - Aldrich Potgieter,Tony Finau,Aldrich Potgieter,Tony Finau - VS - Aldrich Potgieter,BETMGM,0.00,0.00,,,,,0.4853294072,0.5146705928,38.155,39.74333333,77.89833333,0.4898050878,0.5101949122,0.00%,,,WINNER,,LOSER,,-0.02038982434,WINNER,1,,0.00%,ROUND,WINNER,Tony Finau - WINNER - Aldrich Potgieter
Ben Kohles - LOSER - Pierceson Coody,Ben Kohles,Pierceson Coody,Ben Kohles - VS - Pierceson Coody,BETMGM,0.00,0.00,,,,,0.5217391304,0.4782608696,42.53166667,41.47833333,84.01,0.5062690949,0.4937309051,0.00%,,,WINNER,,LOSER,,0.0125381899,LOSER,0,,0.00%,ROUND,WINNER,Ben Kohles - WINNER - Pierceson Coody
Emiliano Grillo - LOSER - Lee Hodges,Emiliano Grillo,Lee Hodges,Emiliano Grillo - VS - Lee Hodges,BETMGM,0.00,0.00,,,,,0.5217391304,0.4782608696,40.33166667,39.33666667,79.66833333,0.5062446392,0.4937553608,0.00%,,,WINNER,,LOSER,,0.01248927847,LOSER,0,,0.00%,ROUND,WINNER,Emiliano Grillo - WINNER - Lee Hodges
Kristoffer Ventura - LOSER - Marco Penge,Kristoffer Ventura,Marco Penge,Kristoffer Ventura - VS - Marco Penge,BETMGM,0.00,0.00,,,,,0.4891657638,0.5108342362,44.98333333,44.98333333,89.96666667,0.5,0.5,0.00%,,,WINNER,,LOSER,,0,WINNER,1,,0.00%,ROUND,WINNER,Kristoffer Ventura - WINNER - Marco Penge
Mac Meissner - LOSER - Johnny Keefer,Mac Meissner,Johnny Keefer,Mac Meissner - VS - Johnny Keefer,BETMGM,0.00,0.00,,,,,0.4891657638,0.5108342362,41.38333333,41.755,83.13833333,0.4977647696,0.5022352304,0.00%,,,WINNER,,LOSER,,-0.004470460878,WINNER,1,,0.00%,ROUND,WINNER,Mac Meissner - WINNER - Johnny Keefer
Denny McCarthy - LOSER - Sudarshan Yellamaraju,Denny McCarthy,Sudarshan Yellamaraju,Denny McCarthy - VS - Sudarshan Yellamaraju,BETMGM,0.00,0.00,,,,,0.4826358743,0.5173641257,37.44166667,36.68333333,74.125,0.5051152333,0.4948847667,0.00%,,,WINNER,,LOSER,,0.01023046655,LOSER,0,,0.00%,ROUND,WINNER,Denny McCarthy - WINNER - Sudarshan Yellamaraju
Max Greyserman - LOSER - Rasmus Hojgaard,Max Greyserman,Rasmus Hojgaard,Max Greyserman - VS - Rasmus Hojgaard,BETMGM,0.00,0.00,,,,,0.5198879045,0.4801120955,40.47666667,41.64166667,82.11833333,0.4929065779,0.5070934221,0.00%,,,WINNER,,LOSER,,-0.01418684419,WINNER,1,,0.00%,ROUND,WINNER,Max Greyserman - WINNER - Rasmus Hojgaard
Harry Hall - LOSER - Davis Thompson,Harry Hall,Davis Thompson,Harry Hall - VS - Davis Thompson,BETMGM,0.00,0.00,,,,,0.5,0.5,41.46333333,41.78,83.24333333,0.4980979458,0.5019020542,0.00%,,,WINNER,,LOSER,,-0.003804108437,WINNER,1,,0.00%,ROUND,WINNER,Harry Hall - WINNER - Davis Thompson
Matt McCarty - LOSER - Neal Shipley,Matt McCarty,Neal Shipley,Matt McCarty - VS - Neal Shipley,BETMGM,0.00,0.00,,,,,0.4782608696,0.5217391304,0,40.91333333,40.91333333,0,1,0.00%,,,WINNER,,LOSER,,-1,WINNER,1,,0.00%,ROUND,WINNER,Matt McCarty - WINNER - Neal Shipley
Max McGreevy - LOSER - William Mouw,Max McGreevy,William Mouw,Max McGreevy - VS - William Mouw,BETMGM,0.00,0.00,,,,,0.5205795193,0.4794204807,35.68666667,36.83833333,72.525,0.4920602091,0.5079397909,0.00%,,,WINNER,,LOSER,,-0.01587958175,WINNER,1,,0.00%,ROUND,WINNER,Max McGreevy - WINNER - William Mouw
Seamus Power - LOSER - Chandler Phillips,Seamus Power,Chandler Phillips,Seamus Power - VS - Chandler Phillips,BETMGM,0.00,0.00,,,,,0.5043297541,0.4956702459,37.32,36.47833333,73.79833333,0.5057024775,0.4942975225,0.00%,,,WINNER,,LOSER,,0.01140495494,LOSER,0,,0.00%,ROUND,WINNER,Seamus Power - WINNER - Chandler Phillips
Joel Dahmen - LOSER - Haotong Li,Joel Dahmen,Haotong Li,Joel Dahmen - VS - Haotong Li,BETMGM,0.00,0.00,,,,,0.5064960374,0.4935039626,34.33166667,34.33166667,68.66333333,0.5,0.5,0.00%,,,WINNER,,LOSER,,0,WINNER,1,,0.00%,ROUND,WINNER,Joel Dahmen - WINNER - Haotong Li
Matthieu Pavon - LOSER - Hank Lebioda,Matthieu Pavon,Hank Lebioda,Matthieu Pavon - VS - Hank Lebioda,BETMGM,0.00,0.00,,,,,,,33.17333333,31.485,64.65833333,0.5130558062,0.4869441938,0.00%,,,WINNER,,LOSER,,0.02611161232,LOSER,0,,0.00%,ROUND,WINNER,Matthieu Pavon - WINNER - Hank Lebioda
Kevin Roy - LOSER - Taylor Moore,Kevin Roy,Taylor Moore,Kevin Roy - VS - Taylor Moore,BETMGM,0.00,0.00,,,,,,,41.215,37.42666667,78.64166667,0.5240860443,0.4759139557,0.00%,,,WINNER,,LOSER,,0.04817208859,LOSER,0,,0.00%,ROUND,WINNER,Kevin Roy - WINNER - Taylor Moore
Christiaan Bezuidenhout - LOSER - Zach Bauchou,Christiaan Bezuidenhout,Zach Bauchou,Christiaan Bezuidenhout - VS - Zach Bauchou,BETMGM,0.00,0.00,,,,,,,41.08166667,41.08166667,82.16333333,0.5,0.5,0.00%,,,WINNER,,LOSER,,0,WINNER,1,,0.00%,ROUND,WINNER,Christiaan Bezuidenhout - WINNER - Zach Bauchou
Tony Finau - LOSER - Pierceson Coody,Tony Finau,Pierceson Coody,Tony Finau - VS - Pierceson Coody,BETMGM,0.00,0.00,,,,,,,38.155,41.47833333,79.63333333,0.4791335287,0.5208664713,0.00%,,,WINNER,,LOSER,,-0.04173294265,WINNER,1,,0.00%,ROUND,WINNER,Tony Finau - WINNER - Pierceson Coody
Emiliano Grillo - LOSER - Ben Kohles,Emiliano Grillo,Ben Kohles,Emiliano Grillo - VS - Ben Kohles,BETMGM,0.00,0.00,,,,,,,40.33166667,42.53166667,82.86333333,0.4867251297,0.5132748703,0.00%,,,WINNER,,LOSER,,-0.02654974054,WINNER,1,,0.00%,ROUND,WINNER,Emiliano Grillo - WINNER - Ben Kohles
Doug Ghim - LOSER - Johnny Keefer,Doug Ghim,Johnny Keefer,Doug Ghim - VS - Johnny Keefer,BETMGM,0.00,0.00,,,,,,,45.57333333,41.755,87.32833333,0.5218619387,0.4781380613,0.00%,,,WINNER,,LOSER,,0.04372387732,LOSER,0,,0.00%,ROUND,WINNER,Doug Ghim - WINNER - Johnny Keefer
Jackson Suber - LOSER - Neal Shipley,Jackson Suber,Neal Shipley,Jackson Suber - VS - Neal Shipley,BETMGM,0.00,0.00,,,,,,,42.70833333,40.91333333,83.62166667,0.5107328643,0.4892671357,0.00%,,,WINNER,,LOSER,,0.02146572858,LOSER,0,,0.00%,ROUND,WINNER,Jackson Suber - WINNER - Neal Shipley
Michael Brennan - LOSER - Ben James,Michael Brennan,Ben James,Michael Brennan - VS - Ben James,BETMGM,0.00,0.00,,,,,,,44.11,44.11,88.22,0.5,0.5,0.00%,,,WINNER,,LOSER,,0,WINNER,1,,0.00%,ROUND,WINNER,Michael Brennan - WINNER - Ben James
Kevin Yu - LOSER - Matt McCarty,Kevin Yu,Matt McCarty,Kevin Yu - VS - Matt McCarty,BETMGM,0.00,0.00,,,,,,,42.54166667,0,42.54166667,1,0,0.00%,,,WINNER,,LOSER,,1,LOSER,0,,0.00%,ROUND,WINNER,Kevin Yu - WINNER - Matt McCarty
Rico Hoey - LOSER - Garrick Higgo,Rico Hoey,Garrick Higgo,Rico Hoey - VS - Garrick Higgo,BETMGM,0.00,0.00,,,,,,,41.72,33.325,75.045,0.5559331068,0.4440668932,0.00%,,,WINNER,,LOSER,,0.1118662136,LOSER,0,,0.00%,ROUND,WINNER,Rico Hoey - WINNER - Garrick Higgo
Max McGreevy - LOSER - Harry Hall,Max McGreevy,Harry Hall,Max McGreevy - VS - Harry Hall,BETMGM,0.00,0.00,,,,,,,35.68666667,41.46333333,77.15,0.4625621084,0.5374378916,0.00%,,,WINNER,,LOSER,,-0.07487578311,WINNER,1,,0.00%,ROUND,WINNER,Max McGreevy - WINNER - Harry Hall
Jesper Svensson - LOSER - David Ford,Jesper Svensson,David Ford,Jesper Svensson - VS - David Ford,BETMGM,0.00,0.00,,,,,,,35.69833333,36.44333333,72.14166667,0.4948365485,0.5051634515,0.00%,,,WINNER,,LOSER,,-0.01032690308,WINNER,1,,0.00%,ROUND,WINNER,Jesper Svensson - WINNER - David Ford
Mackenzie Hughes - LOSER - Christiaan Bezuidenhout,Mackenzie Hughes,Christiaan Bezuidenhout,Mackenzie Hughes - VS - Christiaan Bezuidenhout,BETMGM,0.00,0.00,,,,,0.4736842105,0.5263157895,40.705,41.08166667,81.78666667,0.4976972612,0.5023027388,0.00%,,,WINNER,,LOSER,,-0.004605477665,WINNER,1,,0.00%,ROUND,WINNER,Mackenzie Hughes - WINNER - Christiaan Bezuidenhout
Tony Finau - LOSER - Takumi Kanaya,Tony Finau,Takumi Kanaya,Tony Finau - VS - Takumi Kanaya,BETMGM,0.00,0.00,,,,,0.5,0.5,38.155,35.14,73.295,0.5205675694,0.4794324306,0.00%,,,WINNER,,LOSER,,0.04113513882,LOSER,0,,0.00%,ROUND,WINNER,Tony Finau - WINNER - Takumi Kanaya
Rasmus Hojgaard - LOSER - Jackson Koivun,Rasmus Hojgaard,Jackson Koivun,Rasmus Hojgaard - VS - Jackson Koivun,BETMGM,0.00,0.00,,,,,0.4726815241,0.5273184759,41.64166667,44.89675439,86.53842105,0.4811928177,0.5188071823,0.00%,,,WINNER,,LOSER,,-0.03761436458,WINNER,1,,0.00%,ROUND,WINNER,Rasmus Hojgaard - WINNER - Jackson Koivun
Billy Horschel - LOSER - Nick Taylor,Billy Horschel,Nick Taylor,Billy Horschel - VS - Nick Taylor,BETMGM,0.00,0.00,,,,,0.5,0.5,41.305,41.82166667,83.12666667,0.4968922929,0.5031077071,0.00%,,,WINNER,,LOSER,,-0.006215414227,WINNER,1,,0.00%,ROUND,WINNER,Billy Horschel - WINNER - Nick Taylor
Doug Ghim - LOSER - Sudarshan Yellamaraju,Doug Ghim,Sudarshan Yellamaraju,Doug Ghim - VS - Sudarshan Yellamaraju,BETMGM,0.00,0.00,,,,,0.5192307692,0.4807692308,45.57333333,36.68333333,82.25666667,0.5540381732,0.4459618268,0.00%,,,WINNER,,LOSER,,0.1080763464,LOSER,0,,0.00%,ROUND,WINNER,Doug Ghim - WINNER - Sudarshan Yellamaraju
Chris Kirk - LOSER - Max Homa,Chris Kirk,Max Homa,Chris Kirk - VS - Max Homa,BETMGM,0.00,0.00,,,,,0.4736842105,0.5263157895,42.29833333,42.85333333,85.15166667,0.496741109,0.503258891,0.00%,,,WINNER,,LOSER,,-0.006517781997,WINNER,1,,0.00%,ROUND,WINNER,Chris Kirk - WINNER - Max Homa
Kevin Yu - LOSER - Doug Ghim,Kevin Yu,Doug Ghim,Kevin Yu - VS - Doug Ghim,BETMGM,0.00,0.00,,,,,0.4769810268,0.5230189732,42.54166667,45.57333333,88.115,0.4827971023,0.5172028977,0.00%,,,WINNER,,LOSER,,-0.03440579546,WINNER,1,,0.00%,ROUND,WINNER,Kevin Yu - WINNER - Doug Ghim
Matt Wallace - LOSER - Davis Thompson,Matt Wallace,Davis Thompson,Matt Wallace - VS - Davis Thompson,BETMGM,0.00,0.00,,,,,0.5290292615,0.4709707385,43.17,41.78,84.95,0.5081812831,0.4918187169,0.00%,,,WINNER,,LOSER,,0.01636256622,LOSER,0,,0.00%,ROUND,WINNER,Matt Wallace - WINNER - Davis Thompson
Beau Hossler - LOSER - Kristoffer Ventura,Beau Hossler,Kristoffer Ventura,Beau Hossler - VS - Kristoffer Ventura,BETMGM,0.00,0.00,,,,,0.4796954315,0.5203045685,43.22333333,43.22333333,86.44666667,0.5,0.5,0.00%,,,WINNER,,LOSER,,0,WINNER,1,,0.00%,ROUND,WINNER,Beau Hossler - WINNER - Kristoffer Ventura
Rico Hoey - LOSER - Steven Fisk,Rico Hoey,Steven Fisk,Rico Hoey - VS - Steven Fisk,BETMGM,0.00,0.00,,,,,0.5162199424,0.4837800576,41.72,37.37166667,79.09166667,0.5274892003,0.4725107997,0.00%,,,WINNER,,LOSER,,0.05497840059,LOSER,0,,0.00%,ROUND,WINNER,Rico Hoey - WINNER - Steven Fisk
Christiaan Bezuidenhout - LOSER - Kevin Roy,Christiaan Bezuidenhout,Kevin Roy,Christiaan Bezuidenhout - VS - Kevin Roy,BETMGM,0.00,0.00,,,,,0.4979776735,0.5020223265,41.08166667,41.215,82.29666667,0.4991899226,0.5008100774,0.00%,,,WINNER,,LOSER,,-0.001620154725,WINNER,1,,0.00%,ROUND,WINNER,Christiaan Bezuidenhout - WINNER - Kevin Roy
Emiliano Grillo - LOSER - Pierceson Coody,Emiliano Grillo,Pierceson Coody,Emiliano Grillo - VS - Pierceson Coody,BETMGM,0.00,0.00,,,,,0.5223540888,0.4776459112,40.33166667,41.47833333,81.81,0.4929918918,0.5070081082,0.00%,,,WINNER,,LOSER,,-0.01401621644,WINNER,1,,0.00%,ROUND,WINNER,Emiliano Grillo - WINNER - Pierceson Coody
Seamus Power - LOSER - William Mouw,Seamus Power,William Mouw,Seamus Power - VS - William Mouw,BETMGM,0.00,0.00,,,,,0.4776459112,0.5223540888,37.32,36.83833333,74.15833333,0.5032475559,0.4967524441,0.00%,,,WINNER,,LOSER,,0.00649511181,LOSER,0,,0.00%,ROUND,WINNER,Seamus Power - WINNER - William Mouw
Max Homa - LOSER - Takumi Kanaya,Max Homa,Takumi Kanaya,Max Homa - VS - Takumi Kanaya,BETMGM,0.00,0.00,,,,,0.5040451438,0.4959548562,42.85333333,35.14,77.99333333,0.5494486708,0.4505513292,0.00%,,,WINNER,,LOSER,,0.09889734165,LOSER,0,,0.00%,ROUND,WINNER,Max Homa - WINNER - Takumi Kanaya
Chad Ramey - LOSER - Davis Chatfield,Chad Ramey,Davis Chatfield,Chad Ramey - VS - Davis Chatfield,BETMGM,0.00,0.00,,,,,0.5060689432,0.4939310568,35.85,35.55833333,71.40833333,0.5020422453,0.4979577547,0.00%,,,WINNER,,LOSER,,0.004084490606,LOSER,0,,0.00%,ROUND,WINNER,Chad Ramey - WINNER - Davis Chatfield
Mark Hubbard - LOSER - Stephan Jaeger,Mark Hubbard,Stephan Jaeger,Mark Hubbard - VS - Stephan Jaeger,BETMGM,0.00,0.00,,,,,0.4701955174,0.5298044826,33.04833333,40.02833333,73.07666667,0.4522419377,0.5477580623,0.00%,,,WINNER,,LOSER,,-0.09551612462,WINNER,1,,0.00%,ROUND,WINNER,Mark Hubbard - WINNER - Stephan Jaeger
Haotong Li - LOSER - Paul Peterson,Haotong Li,Paul Peterson,Haotong Li - VS - Paul Peterson,BETMGM,0.00,0.00,,,,,0.5302041803,0.4697958197,31.175,31.175,62.35,0.5,0.5,0.00%,,,WINNER,,LOSER,,0,WINNER,1,,0.00%,ROUND,WINNER,Haotong Li - WINNER - Paul Peterson
Hank Lebioda - LOSER - Taylor Moore,Hank Lebioda,Taylor Moore,Hank Lebioda - VS - Taylor Moore,BETMGM,0.00,0.00,,,,,0.4731182796,0.5268817204,31.485,37.42666667,68.91166667,0.4568892544,0.5431107456,0.00%,,,WINNER,,LOSER,,-0.08622149128,WINNER,1,,0.00%,ROUND,WINNER,Hank Lebioda - WINNER - Taylor Moore
Mac Meissner - LOSER - Michael Brennan,Mac Meissner,Michael Brennan,Mac Meissner - VS - Michael Brennan,BETMGM,0.00,0.00,,,,,0.4709707385,0.5290292615,41.38333333,44.11,85.49333333,0.4840533375,0.5159466625,0.00%,,,WINNER,,LOSER,,-0.03189332502,WINNER,1,,0.00%,ROUND,WINNER,Mac Meissner - WINNER - Michael Brennan
Jackson Suber - LOSER - Johnny Keefer,Jackson Suber,Johnny Keefer,Jackson Suber - VS - Johnny Keefer,BETMGM,0.00,0.00,,,,,0.4837800576,0.5162199424,42.70833333,41.755,84.46333333,0.5056434745,0.4943565255,0.00%,,,WINNER,,LOSER,,0.01128694897,LOSER,0,,0.00%,ROUND,WINNER,Jackson Suber - WINNER - Johnny Keefer
Mackenzie Hughes - LOSER - Jordan Smith,Mackenzie Hughes,Jordan Smith,Mackenzie Hughes - VS - Jordan Smith,BETMGM,0.00,0.00,,,,,0.4780533922,0.5219466078,40.705,40.705,81.41,0.5,0.5,0.00%,,,WINNER,,LOSER,,0,WINNER,1,,0.00%,ROUND,WINNER,Mackenzie Hughes - WINNER - Jordan Smith
Chris Kirk - LOSER - John Parry,Chris Kirk,John Parry,Chris Kirk - VS - John Parry,BETMGM,0.00,0.00,,,,,0.5162199424,0.4837800576,42.29833333,40.42,82.71833333,0.511353791,0.488646209,0.00%,,,WINNER,,LOSER,,0.02270758195,LOSER,0,,0.00%,ROUND,WINNER,Chris Kirk - WINNER - John Parry
Ben Kohles - LOSER - Marco Penge,Ben Kohles,Marco Penge,Ben Kohles - VS - Marco Penge,BETMGM,0.00,0.00,,,,,0.5182600227,0.4817399773,42.53166667,44.98333333,87.515,0.4859928774,0.5140071226,0.00%,,,WINNER,,LOSER,,-0.02801424518,WINNER,1,,0.00%,ROUND,WINNER,Ben Kohles - WINNER - Marco Penge
Austin Smotherman - LOSER - Lee Hodges,Austin Smotherman,Lee Hodges,Austin Smotherman - VS - Lee Hodges,BETMGM,0.00,0.00,,,,,0.5101214575,0.4898785425,37.10166667,39.33666667,76.43833333,0.485380372,0.514619628,0.00%,,,WINNER,,LOSER,,-0.02923925605,WINNER,1,,0.00%,ROUND,WINNER,Austin Smotherman - WINNER - Lee Hodges
Chandler Phillips - LOSER - Trace Crowe,Chandler Phillips,Trace Crowe,Chandler Phillips - VS - Trace Crowe,BETMGM,0.00,0.00,,,,,0.5275694751,0.4724305249,36.47833333,35.26166667,71.74,0.5084796952,0.4915203048,0.00%,,,WINNER,,LOSER,,0.01695939039,LOSER,0,,0.00%,ROUND,WINNER,Chandler Phillips - WINNER - Trace Crowe
Max Greyserman - LOSER - Sudarshan Yellamaraju,Max Greyserman,Sudarshan Yellamaraju,Max Greyserman - VS - Sudarshan Yellamaraju,BETMGM,0.00,0.00,,,,,0.4761904762,0.5238095238,40.47666667,36.68333333,77.16,0.5245809573,0.4754190427,0.00%,,,WINNER,,LOSER,,0.04916191464,LOSER,0,,0.00%,ROUND,WINNER,Max Greyserman - WINNER - Sudarshan Yellamaraju
Billy Horschel - LOSER - Matthieu Pavon,Billy Horschel,Matthieu Pavon,Billy Horschel - VS - Matthieu Pavon,BETMGM,0.00,0.00,,,,,0.4959548562,0.5040451438,41.305,33.17333333,74.47833333,0.5545908206,0.4454091794,0.00%,,,WINNER,,LOSER,,0.1091816412,LOSER,0,,0.00%,ROUND,WINNER,Billy Horschel - WINNER - Matthieu Pavon
Patrick Fishburn - LOSER - David Ford,Patrick Fishburn,David Ford,Patrick Fishburn - VS - David Ford,BETMGM,0.00,0.00,,,,,0.4724305249,0.5275694751,35.695,36.44333333,72.13833333,0.4948132061,0.5051867939,0.00%,,,WINNER,,LOSER,,-0.01037358778,WINNER,1,,0.00%,ROUND,WINNER,Patrick Fishburn - WINNER - David Ford
Zecheng Dou - LOSER - Gordon Sargent,Zecheng Dou,Gordon Sargent,Zecheng Dou - VS - Gordon Sargent,BETMGM,0.00,0.00,,,,,0.5243791445,0.4756208555,39.76333333,37.21166667,76.975,0.5165746454,0.4834253546,0.00%,,,WINNER,,LOSER,,0.0331492909,LOSER,0,,0.00%,ROUND,WINNER,Zecheng Dou - WINNER - Gordon Sargent
Andrew Putnam - LOSER - Joe Highsmith,Andrew Putnam,Joe Highsmith,Andrew Putnam - VS - Joe Highsmith,BETMGM,0.00,0.00,,,,,0.5228427078,0.4771572922,34.53833333,30.33,64.86833333,0.5324375016,0.4675624984,0.00%,,,WINNER,,LOSER,,0.06487500321,LOSER,0,,0.00%,ROUND,WINNER,Andrew Putnam - WINNER - Joe Highsmith
Joel Dahmen - LOSER - Zac Blair,Joel Dahmen,Zac Blair,Joel Dahmen - VS - Zac Blair,BETMGM,0.00,0.00,,,,,0.5162199424,0.4837800576,34.33166667,35.95833333,70.29,0.4884288898,0.5115711102,0.00%,,,WINNER,,LOSER,,-0.02314222033,WINNER,1,,0.00%,ROUND,WINNER,Joel Dahmen - WINNER - Zac Blair
Jordan Smith - LOSER - Zach Bauchou,Jordan Smith,Zach Bauchou,Jordan Smith - VS - Zach Bauchou,BETMGM,0.00,0.00,,,,,0.5240847784,0.4759152216,,,0,0,0,0.00%,,,WINNER,,LOSER,,0,WINNER,1,,0.00%,ROUND,WINNER,Jordan Smith - WINNER - Zach Bauchou
Nick Taylor - LOSER - Kevin Roy,Nick Taylor,Kevin Roy,Nick Taylor - VS - Kevin Roy,BETMGM,0.00,0.00,,,,,0.5060689432,0.4939310568,41.82166667,41.215,83.03666667,0.5036530047,0.4963469953,0.00%,,,WINNER,,LOSER,,0.007306009393,LOSER,0,,0.00%,ROUND,WINNER,Nick Taylor - WINNER - Kevin Roy
Emiliano Grillo - LOSER - Eric Cole,Emiliano Grillo,Eric Cole,Emiliano Grillo - VS - Eric Cole,BETMGM,0.00,0.00,,,,,0.4776459112,0.5223540888,40.33166667,43.53333333,83.865,0.4809117828,0.5190882172,0.00%,,,WINNER,,LOSER,,-0.03817643435,WINNER,1,,0.00%,ROUND,WINNER,Emiliano Grillo - WINNER - Eric Cole
Kristoffer Ventura - LOSER - Pierceson Coody,Kristoffer Ventura,Pierceson Coody,Kristoffer Ventura - VS - Pierceson Coody,BETMGM,0.00,0.00,,,,,0.5010179153,0.4989820847,41.47833333,41.47833333,82.95666667,0.5,0.5,0.00%,,,WINNER,,LOSER,,0,WINNER,1,,0.00%,ROUND,WINNER,Kristoffer Ventura - WINNER - Pierceson Coody
Matt McCarty - LOSER - Johnny Keefer,Matt McCarty,Johnny Keefer,Matt McCarty - VS - Johnny Keefer,BETMGM,0.00,0.00,,,,,0.4898785425,0.5101214575,0,41.755,41.755,0,1,0.00%,,,WINNER,,LOSER,,-1,WINNER,1,,0.00%,ROUND,WINNER,Matt McCarty - WINNER - Johnny Keefer
Doug Ghim - LOSER - Ben James,Doug Ghim,Ben James,Doug Ghim - VS - Ben James,BETMGM,0.00,0.00,,,,,0.4876847291,0.5123152709,45.57333333,45.57333333,91.14666667,0.5,0.5,0.00%,,,WINNER,,LOSER,,0,WINNER,1,,0.00%,ROUND,WINNER,Doug Ghim - WINNER - Ben James
Kevin Yu - LOSER - Jackson Suber,Kevin Yu,Jackson Suber,Kevin Yu - VS - Jackson Suber,BETMGM,0.00,0.00,,,,,0.4939310568,0.5060689432,42.54166667,42.70833333,85.25,0.4990224829,0.5009775171,0.00%,,,WINNER,,LOSER,,-0.001955034213,WINNER,1,,0.00%,ROUND,WINNER,Kevin Yu - WINNER - Jackson Suber
Stephan Jaeger - LOSER - Michael Brennan,Stephan Jaeger,Michael Brennan,Stephan Jaeger - VS - Michael Brennan,BETMGM,0.00,0.00,,,,,0.4713114754,0.5286885246,40.02833333,44.11,84.13833333,0.47574431,0.52425569,0.00%,,,WINNER,,LOSER,,-0.04851138007,WINNER,1,,0.00%,ROUND,WINNER,Stephan Jaeger - WINNER - Michael Brennan
Max McGreevy - LOSER - David Ford,Max McGreevy,David Ford,Max McGreevy - VS - David Ford,BETMGM,0.00,0.00,,,,,0.5040997048,0.4959002952,35.68666667,36.44333333,72.13,0.4947548408,0.5052451592,0.00%,,,WINNER,,LOSER,,-0.01049031841,WINNER,1,,0.00%,ROUND,WINNER,Max McGreevy - WINNER - David Ford
  - LOSER -  , , ,  - VS -  ,BETMGM,0.00,0.00,,,,,,,,,0,0,0,0.00%,,,WINNER,,LOSER,,0,WINNER,1,,0.00%,ROUND,WINNER,  - WINNER -  
  - LOSER -  , , ,  - VS -  ,BETMGM,0.00,0.00,,,,,,,,,0,0,0,0.00%,,,WINNER,,LOSER,,0,WINNER,1,,0.00%,ROUND,WINNER,  - WINNER -  
  - LOSER -  , , ,  - VS -  ,BETMGM,0.00,0.00,,,,,,,,,0,0,0,0.00%,,,WINNER,,LOSER,,0,WINNER,1,,0.00%,ROUND,WINNER,  - WINNER -  
  - LOSER -  , , ,  - VS -  ,BETMGM,0.00,0.00,,,,,,,,,0,0,0,0.00%,,,WINNER,,LOSER,,0,WINNER,1,,0.00%,ROUND,WINNER,  - WINNER -  
  - LOSER -  , , ,  - VS -  ,BETMGM,0.00,0.00,,,,,,,,,0,0,0,0.00%,,,WINNER,,LOSER,,0,WINNER,1,,0.00%,ROUND,WINNER,  - WINNER -  
  - LOSER -  , , ,  - VS -  ,BETMGM,0.00,0.00,,,,,,,,,0,0,0,0.00%,,,WINNER,,LOSER,,0,WINNER,1,,0.00%,ROUND,WINNER,  - WINNER -  
  - LOSER -  , , ,  - VS -  ,BETMGM,0.00,0.00,,,,,,,,,0,0,0,0.00%,,,WINNER,,LOSER,,0,WINNER,1,,0.00%,ROUND,WINNER,  - WINNER -  
  - LOSER -  , , ,  - VS -  ,BETMGM,0.00,0.00,,,,,,,,,0,0,0,0.00%,,,WINNER,,LOSER,,0,WINNER,1,,0.00%,ROUND,WINNER,  - WINNER -  
  - LOSER -  , , ,  - VS -  ,BETMGM,0.00,0.00,,,,,,,,,0,0,0,0.00%,,,WINNER,,LOSER,,0,WINNER,1,,0.00%,ROUND,WINNER,  - WINNER -  
  - LOSER -  , , ,  - VS -  ,BETMGM,0.00,0.00,,,,,,,,,0,0,0,0.00%,,,WINNER,,LOSER,,0,WINNER,1,,0.00%,ROUND,WINNER,  - WINNER -  
  - LOSER -  , , ,  - VS -  ,BETMGM,0.00,0.00,,,,,,,,,0,0,0,0.00%,,,WINNER,,LOSER,,0,WINNER,1,,0.00%,ROUND,WINNER,  - WINNER -  
  - LOSER -  , , ,  - VS -  ,BETMGM,0.00,0.00,,,,,,,,,0,0,0,0.00%,,,WINNER,,LOSER,,0,WINNER,1,,0.00%,ROUND,WINNER,  - WINNER -  
  - LOSER -  , , ,  - VS -  ,BETMGM,0.00,0.00,,,,,,,,,0,0,0,0.00%,,,WINNER,,LOSER,,0,WINNER,1,,0.00%,ROUND,WINNER,  - WINNER -  
  - LOSER -  , , ,  - VS -  ,BETMGM,0.00,0.00,,,,,,,,,0,0,0,0.00%,,,WINNER,,LOSER,,0,WINNER,1,,0.00%,ROUND,WINNER,  - WINNER -  
  - LOSER -  , , ,  - VS -  ,BETMGM,0.00,0.00,,,,,,,,,0,0,0,0.00%,,,WINNER,,LOSER,,0,WINNER,1,,0.00%,ROUND,WINNER,  - WINNER -  
  - LOSER -  , , ,  - VS -  ,BETMGM,0.00,0.00,,,,,,,,,0,0,0,0.00%,,,WINNER,,LOSER,,0,WINNER,1,,0.00%,ROUND,WINNER,  - WINNER -  
  - LOSER -  , , ,  - VS -  ,BETMGM,0.00,0.00,,,,,,,,,0,0,0,0.00%,,,WINNER,,LOSER,,0,WINNER,1,,0.00%,ROUND,WINNER,  - WINNER -  
  - LOSER -  , , ,  - VS -  ,BETMGM,0.00,0.00,,,,,,,,,0,0,0,0.00%,,,WINNER,,LOSER,,0,WINNER,1,,0.00%,ROUND,WINNER,  - WINNER -  
  - LOSER -  , , ,  - VS -  ,BETMGM,0.00,0.00,,,,,,,,,0,0,0,0.00%,,,WINNER,,LOSER,,0,WINNER,1,,0.00%,ROUND,WINNER,  - WINNER -  
  - LOSER -  , , ,  - VS -  ,BETMGM,0.00,0.00,,,,,,,,,0,0,0,0.00%,,,WINNER,,LOSER,,0,WINNER,1,,0.00%,ROUND,WINNER,  - WINNER -  
  - LOSER -  , , ,  - VS -  ,BETMGM,0.00,0.00,,,,,,,,,0,0,0,0.00%,,,WINNER,,LOSER,,0,WINNER,1,,0.00%,ROUND,WINNER,  - WINNER -  
  - LOSER -  , , ,  - VS -  ,BETMGM,0.00,0.00,,,,,,,,,0,0,0,0.00%,,,WINNER,,LOSER,,0,WINNER,1,,0.00%,ROUND,WINNER,  - WINNER -  
  - LOSER -  , , ,  - VS -  ,BETMGM,0.00,0.00,,,,,,,,,0,0,0,0.00%,,,WINNER,,LOSER,,0,WINNER,1,,0.00%,ROUND,WINNER,  - WINNER -  
  - LOSER -  , , ,  - VS -  ,BETMGM,0.00,0.00,,,,,,,,,0,0,0,0.00%,,,WINNER,,LOSER,,0,WINNER,1,,0.00%,ROUND,WINNER,  - WINNER -  
  - LOSER -  , , ,  - VS -  ,BETMGM,0.00,0.00,,,,,,,,,0,0,0,0.00%,,,WINNER,,LOSER,,0,WINNER,1,,0.00%,ROUND,WINNER,  - WINNER -  
  - LOSER -  , , ,  - VS -  ,BETMGM,0.00,0.00,,,,,,,,,0,0,0,0.00%,,,WINNER,,LOSER,,0,WINNER,1,,0.00%,ROUND,WINNER,  - WINNER -  
  - LOSER -  , , ,  - VS -  ,BETMGM,0.00,0.00,,,,,,,,,0,0,0,0.00%,,,WINNER,,LOSER,,0,WINNER,1,,0.00%,ROUND,WINNER,  - WINNER -  
  - LOSER -  , , ,  - VS -  ,BETMGM,0.00,0.00,,,,,,,,,0,0,0,0.00%,,,WINNER,,LOSER,,0,WINNER,1,,0.00%,ROUND,WINNER,  - WINNER -  
  - LOSER -  , , ,  - VS -  ,BETMGM,0.00,0.00,,,,,,,,,0,0,0,0.00%,,,WINNER,,LOSER,,0,WINNER,1,,0.00%,ROUND,WINNER,  - WINNER -  
  - LOSER -  , , ,  - VS -  ,BETMGM,0.00,0.00,,,,,,,,,0,0,0,0.00%,,,WINNER,,LOSER,,0,WINNER,1,,0.00%,ROUND,WINNER,  - WINNER -  
  - LOSER -  , , ,  - VS -  ,BETMGM,0.00,0.00,,,,,,,,,0,0,0,0.00%,,,WINNER,,LOSER,,0,WINNER,1,,0.00%,ROUND,WINNER,  - WINNER -  
  - LOSER -  , , ,  - VS -  ,BETMGM,0.00,0.00,,,,,,,,,0,0,0,0.00%,,,WINNER,,LOSER,,0,WINNER,1,,0.00%,ROUND,WINNER,  - WINNER -  
  - LOSER -  , , ,  - VS -  ,BETMGM,0.00,0.00,,,,,,,,,0,0,0,0.00%,,,WINNER,,LOSER,,0,WINNER,1,,0.00%,ROUND,WINNER,  - WINNER -  
  - LOSER -  , , ,  - VS -  ,BETMGM,0.00,0.00,,,,,,,,,0,0,0,0.00%,,,WINNER,,LOSER,,0,WINNER,1,,0.00%,ROUND,WINNER,  - WINNER -  
  - LOSER -  , , ,  - VS -  ,BETMGM,0.00,0.00,,,,,,,,,0,0,0,0.00%,,,WINNER,,LOSER,,0,WINNER,1,,0.00%,ROUND,WINNER,  - WINNER -  
  - LOSER -  , , ,  - VS -  ,BETMGM,0.00,0.00,,,,,,,,,0,0,0,0.00%,,,WINNER,,LOSER,,0,WINNER,1,,0.00%,ROUND,WINNER,  - WINNER -  
  - LOSER -  , , ,  - VS -  ,BETMGM,0.00,0.00,,,,,,,,,0,0,0,0.00%,,,WINNER,,LOSER,,0,WINNER,1,,0.00%,ROUND,WINNER,  - WINNER -  
  - LOSER -  , , ,  - VS -  ,BETMGM,0.00,0.00,,,,,,,,,0,0,0,0.00%,,,WINNER,,LOSER,,0,WINNER,1,,0.00%,ROUND,WINNER,  - WINNER -  
  - LOSER -  , , ,  - VS -  ,BETMGM,0.00,0.00,,,,,,,,,0,0,0,0.00%,,,WINNER,,LOSER,,0,WINNER,1,,0.00%,ROUND,WINNER,  - WINNER -  
  - LOSER -  , , ,  - VS -  ,BETMGM,0.00,0.00,,,,,,,,,0,0,0,0.00%,,,WINNER,,LOSER,,0,WINNER,1,,0.00%,ROUND,WINNER,  - WINNER -  
  - LOSER -  , , ,  - VS -  ,BETMGM,0.00,0.00,,,,,,,,,0,0,0,0.00%,,,WINNER,,LOSER,,0,WINNER,1,,0.00%,ROUND,WINNER,  - WINNER -  
  - LOSER -  , , ,  - VS -  ,BETMGM,0.00,0.00,,,,,,,,,0,0,0,0.00%,,,WINNER,,LOSER,,0,WINNER,1,,0.00%,ROUND,WINNER,  - WINNER -  
  - LOSER -  , , ,  - VS -  ,BETMGM,0.00,0.00,,,,,,,,,0,0,0,0.00%,,,WINNER,,LOSER,,0,WINNER,1,,0.00%,ROUND,WINNER,  - WINNER -  
  - LOSER -  , , ,  - VS -  ,BETMGM,0.00,0.00,,,,,,,,,0,0,0,0.00%,,,WINNER,,LOSER,,0,WINNER,1,,0.00%,ROUND,WINNER,  - WINNER -  
  - LOSER -  , , ,  - VS -  ,BETMGM,0.00,0.00,,,,,,,,,0,0,0,0.00%,,,WINNER,,LOSER,,0,WINNER,1,,0.00%,ROUND,WINNER,  - WINNER -  
  - LOSER -  , , ,  - VS -  ,BETMGM,0.00,0.00,,,,,,,,,0,0,0,0.00%,,,WINNER,,LOSER,,0,WINNER,1,,0.00%,ROUND,WINNER,  - WINNER -  
  - LOSER -  , , ,  - VS -  ,BETMGM,0.00,0.00,,,,,,,,,0,0,0,0.00%,,,WINNER,,LOSER,,0,WINNER,1,,0.00%,ROUND,WINNER,  - WINNER -  
  - LOSER -  , , ,  - VS -  ,BETMGM,0.00,0.00,,,,,,,,,0,0,0,0.00%,,,WINNER,,LOSER,,0,WINNER,1,,0.00%,ROUND,WINNER,  - WINNER -  
  - LOSER -  , , ,  - VS -  ,BETMGM,0.00,0.00,,,,,,,,,0,0,0,0.00%,,,WINNER,,LOSER,,0,WINNER,1,,0.00%,ROUND,WINNER,  - WINNER -  
  - LOSER -  , , ,  - VS -  ,BETMGM,0.00,0.00,,,,,,,,,0,0,0,0.00%,,,WINNER,,LOSER,,0,WINNER,1,,0.00%,ROUND,WINNER,  - WINNER -  
  - LOSER -  , , ,  - VS -  ,BETMGM,0.00,0.00,,,,,,,,,0,0,0,0.00%,,,WINNER,,LOSER,,0,WINNER,1,,0.00%,ROUND,WINNER,  - WINNER -  
  - LOSER -  , , ,  - VS -  ,BETMGM,0.00,0.00,,,,,0.4825716499,0.5174283501,,,0,0,0,0.00%,,,WINNER,,LOSER,,0,WINNER,1,,0.00%,ROUND,WINNER,  - WINNER -  
  - LOSER -  , , ,  - VS -  ,BETMGM,0.00,0.00,,,,,0.5222101842,0.4777898158,,,0,0,0,0.00%,,,WINNER,,LOSER,,0,WINNER,1,,0.00%,ROUND,WINNER,  - WINNER -  
  - LOSER -  , , ,  - VS -  ,BETMGM,0.00,0.00,,,,,0.5,0.5,,,0,0,0,0.00%,,,WINNER,,LOSER,,0,WINNER,1,,0.00%,ROUND,WINNER,  - WINNER -  
  - LOSER -  , , ,  - VS -  ,BETMGM,0.00,0.00,,,,,0.4702258727,0.5297741273,,,0,0,0,0.00%,,,WINNER,,LOSER,,0,WINNER,1,,0.00%,ROUND,WINNER,  - WINNER -  
  - LOSER -  , , ,  - VS -  ,BETMGM,0.00,0.00,,,,,0.4811840294,0.5188159706,,,0,0,0,0.00%,,,WINNER,,LOSER,,0,WINNER,1,,0.00%,ROUND,WINNER,  - WINNER -  
  - LOSER -  , , ,  - VS -  ,BETMGM,0.00,0.00,,,,,0.500539258,0.499460742,,,0,0,0,0.00%,,,WINNER,,LOSER,,0,WINNER,1,,0.00%,ROUND,WINNER,  - WINNER -  
  - LOSER -  , , ,  - VS -  ,BETMGM,0.00,0.00,,,,,0.4911345668,0.5088654332,,,0,0,0,0.00%,,,WINNER,,LOSER,,0,WINNER,1,,0.00%,ROUND,WINNER,  - WINNER -  
  - LOSER -  , , ,  - VS -  ,BETMGM,0.00,0.00,,,,,0.479338843,0.520661157,,,0,0,0,0.00%,,,WINNER,,LOSER,,0,WINNER,1,,0.00%,ROUND,WINNER,  - WINNER -  
  - LOSER -  , , ,  - VS -  ,BETMGM,0.00,0.00,,,,,0.5193370166,0.4806629834,,,0,0,0,0.00%,,,WINNER,,LOSER,,0,WINNER,1,,0.00%,ROUND,WINNER,  - WINNER -  
  - LOSER -  , , ,  - VS -  ,BETMGM,0.00,0.00,,,,,0.5,0.5,,,0,0,0,0.00%,,,WINNER,,LOSER,,0,WINNER,1,,0.00%,ROUND,WINNER,  - WINNER -  
  - LOSER -  , , ,  - VS -  ,BETMGM,0.00,0.00,,,,,0.4782608696,0.5217391304,,,0,0,0,0.00%,,,WINNER,,LOSER,,0,WINNER,1,,0.00%,ROUND,WINNER,  - WINNER -  
  - LOSER - , ,,  - VS - ,BETMGM,0.00,0.00,,,,,0.5,0.5,,,0,0,0,0.00%,,,WINNER,,LOSER,,0,WINNER,1,,0.00%,ROUND,WINNER,  - WINNER - 
  - LOSER - , ,,  - VS - ,BETMGM,0.00,0.00,,,,,0.4796954315,0.5203045685,,,0,0,0,0.00%,,,WINNER,,LOSER,,0,WINNER,1,,0.00%,ROUND,WINNER,  - WINNER - 
  - LOSER - , ,,  - VS - ,BETMGM,0.00,0.00,,,,,0.4791397221,0.5208602779,,,0,0,0,0.00%,,,WINNER,,LOSER,,0,WINNER,1,,0.00%,ROUND,WINNER,  - WINNER - 
  - LOSER - , ,,  - VS - ,BETMGM,0.00,0.00,,,,,0.4782608696,0.5217391304,,,0,0,0,0.00%,,,WINNER,,LOSER,,0,WINNER,1,,0.00%,ROUND,WINNER,  - WINNER - 
  - LOSER - , ,,  - VS - ,BETMGM,0.00,0.00,,,,,0.5217391304,0.4782608696,,,0,0,0,0.00%,,,WINNER,,LOSER,,0,WINNER,1,,0.00%,ROUND,WINNER,  - WINNER - 
  - LOSER - , ,,  - VS - ,BETMGM,0.00,0.00,,,,,0.4853294072,0.5146705928,,,0,0,0,0.00%,,,WINNER,,LOSER,,0,WINNER,1,,0.00%,ROUND,WINNER,  - WINNER - 
  - LOSER - , ,,  - VS - ,BETMGM,0.00,0.00,,,,,0.5217391304,0.4782608696,,,0,0,0,0.00%,,,WINNER,,LOSER,,0,WINNER,1,,0.00%,ROUND,WINNER,  - WINNER - 
  - LOSER - , ,,  - VS - ,BETMGM,0.00,0.00,,,,,0.5217391304,0.4782608696,,,0,0,0,0.00%,,,WINNER,,LOSER,,0,WINNER,1,,0.00%,ROUND,WINNER,  - WINNER - 
  - LOSER - , ,,  - VS - ,BETMGM,0.00,0.00,,,,,0.4891657638,0.5108342362,,,0,0,0,0.00%,,,WINNER,,LOSER,,0,WINNER,1,,0.00%,ROUND,WINNER,  - WINNER - 
  - LOSER - , ,,  - VS - ,BETMGM,0.00,0.00,,,,,0.4891657638,0.5108342362,,,0,0,0,0.00%,,,WINNER,,LOSER,,0,WINNER,1,,0.00%,ROUND,WINNER,  - WINNER - 
  - LOSER - , ,,  - VS - ,BETMGM,0.00,0.00,,,,,0.4826358743,0.5173641257,,,0,0,0,0.00%,,,WINNER,,LOSER,,0,WINNER,1,,0.00%,ROUND,WINNER,  - WINNER - 
  - LOSER - , ,,  - VS - ,BETMGM,0.00,0.00,,,,,0.5198879045,0.4801120955,,,0,0,0,0.00%,,,WINNER,,LOSER,,0,WINNER,1,,0.00%,ROUND,WINNER,  - WINNER - 
  - LOSER - , ,,  - VS - ,BETMGM,0.00,0.00,,,,,0.5,0.5,,,0,0,0,0.00%,,,WINNER,,LOSER,,0,WINNER,1,,0.00%,ROUND,WINNER,  - WINNER - 
  - LOSER - , ,,  - VS - ,BETMGM,0.00,0.00,,,,,0.4782608696,0.5217391304,,,0,0,0,0.00%,,,WINNER,,LOSER,,0,WINNER,1,,0.00%,ROUND,WINNER,  - WINNER - 
  - LOSER - , ,,  - VS - ,BETMGM,0.00,0.00,,,,,0.5205795193,0.4794204807,,,0,0,0,0.00%,,,WINNER,,LOSER,,0,WINNER,1,,0.00%,ROUND,WINNER,  - WINNER - 
  - LOSER - , ,,  - VS - ,BETMGM,0.00,0.00,,,,,0.5043297541,0.4956702459,,,0,0,0,0.00%,,,WINNER,,LOSER,,0,WINNER,1,,0.00%,ROUND,WINNER,  - WINNER - 
  - LOSER - , ,,  - VS - ,BETMGM,0.00,0.00,,,,,0.5064960374,0.4935039626,,,0,0,0,0.00%,,,WINNER,,LOSER,,0,WINNER,1,,0.00%,ROUND,WINNER,  - WINNER - 
  - LOSER - , ,,  - VS - ,BETMGM,0.00,0.00,,,,,,,,,0,0,0,0.00%,,,WINNER,,LOSER,,0,WINNER,1,,0.00%,ROUND,WINNER,  - WINNER - 
  - LOSER - , ,,  - VS - ,BETMGM,0.00,0.00,,,,,,,,,0,0,0,0.00%,,,WINNER,,LOSER,,0,WINNER,1,,0.00%,ROUND,WINNER,  - WINNER - 
  - LOSER - , ,,  - VS - ,BETMGM,0.00,0.00,,,,,,,,,0,0,0,0.00%,,,WINNER,,LOSER,,0,WINNER,1,,0.00%,ROUND,WINNER,  - WINNER - 
  - LOSER - , ,,  - VS - ,BETMGM,0.00,0.00,,,,,,,,,0,0,0,0.00%,,,WINNER,,LOSER,,0,WINNER,1,,0.00%,ROUND,WINNER,  - WINNER - 
  - LOSER - , ,,  - VS - ,BETMGM,0.00,0.00,,,,,,,,,0,0,0,0.00%,,,WINNER,,LOSER,,0,WINNER,1,,0.00%,ROUND,WINNER,  - WINNER - 
  - LOSER - , ,,  - VS - ,BETMGM,0.00,0.00,,,,,,,,,0,0,0,0.00%,,,WINNER,,LOSER,,0,WINNER,1,,0.00%,ROUND,WINNER,  - WINNER - 
  - LOSER - , ,,  - VS - ,BETMGM,0.00,0.00,,,,,,,,,0,0,0,0.00%,,,WINNER,,LOSER,,0,WINNER,1,,0.00%,ROUND,WINNER,  - WINNER - 
  - LOSER - , ,,  - VS - ,BETMGM,0.00,0.00,,,,,,,,,0,0,0,0.00%,,,WINNER,,LOSER,,0,WINNER,1,,0.00%,ROUND,WINNER,  - WINNER - 
  - LOSER - , ,,  - VS - ,BETMGM,0.00,0.00,,,,,,,,,0,0,0,0.00%,,,WINNER,,LOSER,,0,WINNER,1,,0.00%,ROUND,WINNER,  - WINNER - 
  - LOSER - , ,,  - VS - ,BETMGM,0.00,0.00,,,,,,,,,0,0,0,0.00%,,,WINNER,,LOSER,,0,WINNER,1,,0.00%,ROUND,WINNER,  - WINNER - 
  - LOSER - , ,,  - VS - ,BETMGM,0.00,0.00,,,,,,,,,0,0,0,0.00%,,,WINNER,,LOSER,,0,WINNER,1,,0.00%,ROUND,WINNER,  - WINNER - 
  - LOSER - , ,,  - VS - ,BETMGM,0.00,0.00,,,,,,,,,0,0,0,0.00%,,,WINNER,,LOSER,,0,WINNER,1,,0.00%,ROUND,WINNER,  - WINNER - 
  - LOSER - , ,,  - VS - ,BETMGM,0.00,0.00,,,,,0.4736842105,0.5263157895,,,0,0,0,0.00%,,,WINNER,,LOSER,,0,WINNER,1,,0.00%,ROUND,WINNER,  - WINNER - 
  - LOSER - , ,,  - VS - ,BETMGM,0.00,0.00,,,,,0.5,0.5,,,0,0,0,0.00%,,,WINNER,,LOSER,,0,WINNER,1,,0.00%,ROUND,WINNER,  - WINNER - 
  - LOSER - , ,,  - VS - ,BETMGM,0.00,0.00,,,,,0.4726815241,0.5273184759,,,0,0,0,0.00%,,,WINNER,,LOSER,,0,WINNER,1,,0.00%,ROUND,WINNER,  - WINNER - 
  - LOSER - , ,,  - VS - ,BETMGM,0.00,0.00,,,,,0.5,0.5,,,0,0,0,0.00%,,,WINNER,,LOSER,,0,WINNER,1,,0.00%,ROUND,WINNER,  - WINNER - 
  - LOSER - , ,,  - VS - ,BETMGM,0.00,0.00,,,,,0.5192307692,0.4807692308,,,0,0,0,0.00%,,,WINNER,,LOSER,,0,WINNER,1,,0.00%,ROUND,WINNER,  - WINNER - 
  - LOSER - , ,,  - VS - ,BETMGM,0.00,0.00,,,,,0.4736842105,0.5263157895,,,0,0,0,0.00%,,,WINNER,,LOSER,,0,WINNER,1,,0.00%,ROUND,WINNER,  - WINNER - 
  - LOSER - , ,,  - VS - ,BETMGM,0.00,0.00,,,,,0.4769810268,0.5230189732,,,0,0,0,0.00%,,,WINNER,,LOSER,,0,WINNER,1,,0.00%,ROUND,WINNER,  - WINNER - 
  - LOSER - , ,,  - VS - ,BETMGM,0.00,0.00,,,,,0.5290292615,0.4709707385,,,0,0,0,0.00%,,,WINNER,,LOSER,,0,WINNER,1,,0.00%,ROUND,WINNER,  - WINNER - 
  - LOSER - , ,,  - VS - ,BETMGM,0.00,0.00,,,,,0.4796954315,0.5203045685,,,0,0,0,0.00%,,,WINNER,,LOSER,,0,WINNER,1,,0.00%,ROUND,WINNER,  - WINNER - 
  - LOSER - , ,,  - VS - ,BETMGM,0.00,0.00,,,,,0.5162199424,0.4837800576,,,0,0,0,0.00%,,,WINNER,,LOSER,,0,WINNER,1,,0.00%,ROUND,WINNER,  - WINNER - 
  - LOSER - , ,,  - VS - ,BETMGM,0.00,0.00,,,,,0.4979776735,0.5020223265,,,0,0,0,0.00%,,,WINNER,,LOSER,,0,WINNER,1,,0.00%,ROUND,WINNER,  - WINNER - 
  - LOSER - , ,,  - VS - ,BETMGM,0.00,0.00,,,,,0.5223540888,0.4776459112,,,0,0,0,0.00%,,,WINNER,,LOSER,,0,WINNER,1,,0.00%,ROUND,WINNER,  - WINNER - 
  - LOSER - , ,,  - VS - ,BETMGM,0.00,0.00,,,,,0.4776459112,0.5223540888,,,0,0,0,0.00%,,,WINNER,,LOSER,,0,WINNER,1,,0.00%,ROUND,WINNER,  - WINNER - 
  - LOSER - , ,,  - VS - ,BETMGM,0.00,0.00,,,,,0.5040451438,0.4959548562,,,0,0,0,0.00%,,,WINNER,,LOSER,,0,WINNER,1,,0.00%,ROUND,WINNER,  - WINNER - 
  - LOSER - , ,,  - VS - ,BETMGM,0.00,0.00,,,,,0.5060689432,0.4939310568,,,0,0,0,0.00%,,,WINNER,,LOSER,,0,WINNER,1,,0.00%,ROUND,WINNER,  - WINNER - 
  - LOSER - , ,,  - VS - ,BETMGM,0.00,0.00,,,,,0.4701955174,0.5298044826,,,0,0,0,0.00%,,,WINNER,,LOSER,,0,WINNER,1,,0.00%,ROUND,WINNER,  - WINNER - 
  - LOSER - , ,,  - VS - ,BETMGM,0.00,0.00,,,,,0.5302041803,0.4697958197,,,0,0,0,0.00%,,,WINNER,,LOSER,,0,WINNER,1,,0.00%,ROUND,WINNER,  - WINNER - 
  - LOSER - , ,,  - VS - ,BETMGM,0.00,0.00,,,,,0.4731182796,0.5268817204,,,0,0,0,0.00%,,,WINNER,,LOSER,,0,WINNER,1,,0.00%,ROUND,WINNER,  - WINNER - 
David Lipsky - LOSER - Johnny Keefer,David Lipsky,Johnny Keefer,David Lipsky - VS - Johnny Keefer,BOVADA,0.00,,,,,,0.4825716499,0.5174283501,31.82,41.755,73.575,0.43248386,0.56751614,0.00%,,,WINNER,,LOSER,,-0.13503228,WINNER,1,,0.00%,ROUND,WINNER,David Lipsky - WINNER - Johnny Keefer
Doug Ghim - LOSER - Jackson Suber,Doug Ghim,Jackson Suber,Doug Ghim - VS - Jackson Suber,BOVADA,0.00,,,,,,0.5222101842,0.4777898158,45.57333333,42.70833333,88.28166667,0.5162264721,0.4837735279,0.00%,,,WINNER,,LOSER,,0.03245294417,LOSER,0,,0.00%,ROUND,WINNER,Doug Ghim - WINNER - Jackson Suber
Patrick Rodgers - LOSER - Denny McCarthy,Patrick Rodgers,Denny McCarthy,Patrick Rodgers - VS - Denny McCarthy,BOVADA,0.00,,,,,,0.5,0.5,36.56666667,37.44166667,74.00833333,0.4940885035,0.5059114965,0.00%,,,WINNER,,LOSER,,-0.01182299291,WINNER,1,,0.00%,ROUND,WINNER,Patrick Rodgers - WINNER - Denny McCarthy
Ben James - LOSER - Jackson Koivun,Ben James,Jackson Koivun,Ben James - VS - Jackson Koivun,BOVADA,0.00,,,,,,0.4702258727,0.5297741273,44.89675439,44.89675439,89.79350877,0.5,0.5,0.00%,,,WINNER,,LOSER,,0,WINNER,1,,0.00%,ROUND,WINNER,Ben James - WINNER - Jackson Koivun
Kevin Yu - LOSER - Michael Brennan,Kevin Yu,Michael Brennan,Kevin Yu - VS - Michael Brennan,BOVADA,0.00,,,,,,0.4811840294,0.5188159706,42.54166667,44.11,86.65166667,0.4909503568,0.5090496432,0.00%,,,WINNER,,LOSER,,-0.01809928641,WINNER,1,,0.00%,ROUND,WINNER,Kevin Yu - WINNER - Michael Brennan
Stephan Jaeger - LOSER - Steven Fisk,Stephan Jaeger,Steven Fisk,Stephan Jaeger - VS - Steven Fisk,BOVADA,0.00,,,,,,0.500539258,0.499460742,40.02833333,37.37166667,77.4,0.5171619294,0.4828380706,0.00%,,,WINNER,,LOSER,,0.03432385874,LOSER,0,,0.00%,ROUND,WINNER,Stephan Jaeger - WINNER - Steven Fisk
Harry Hall - LOSER - Neal Shipley,Harry Hall,Neal Shipley,Harry Hall - VS - Neal Shipley,BOVADA,0.00,,,,,,0.4911345668,0.5088654332,41.46333333,40.91333333,82.37666667,0.503338324,0.496661676,0.00%,,,WINNER,,LOSER,,0.006676647918,LOSER,0,,0.00%,ROUND,WINNER,Harry Hall - WINNER - Neal Shipley
Zac Blair - LOSER - Matt McCarty,Zac Blair,Matt McCarty,Zac Blair - VS - Matt McCarty,BOVADA,0.00,,,,,,0.479338843,0.520661157,35.95833333,0,35.95833333,1,0,0.00%,,,WINNER,,LOSER,,1,LOSER,0,,0.00%,ROUND,WINNER,Zac Blair - WINNER - Matt McCarty
Matt Wallace - LOSER - Rico Hoey,Matt Wallace,Rico Hoey,Matt Wallace - VS - Rico Hoey,BOVADA,0.00,,,,,,0.5193370166,0.4806629834,43.17,41.72,84.89,0.5085404641,0.4914595359,0.00%,,,WINNER,,LOSER,,0.01708092826,LOSER,0,,0.00%,ROUND,WINNER,Matt Wallace - WINNER - Rico Hoey
Patrick Fishburn - LOSER - Trace Crowe,Patrick Fishburn,Trace Crowe,Patrick Fishburn - VS - Trace Crowe,BOVADA,0.00,,,,,,0.5,0.5,35.695,35.26166667,70.95666667,0.5030535068,0.4969464932,0.00%,,,WINNER,,LOSER,,0.00610701367,LOSER,0,,0.00%,ROUND,WINNER,Patrick Fishburn - WINNER - Trace Crowe
Kevin Roy - LOSER - Jordan Smith,Kevin Roy,Jordan Smith,Kevin Roy - VS - Jordan Smith,BOVADA,0.00,,,,,,0.4782608696,0.5217391304,41.215,41.215,82.43,0.5,0.5,0.00%,,,WINNER,,LOSER,,0,WINNER,1,,0.00%,ROUND,WINNER,Kevin Roy - WINNER - Jordan Smith
Matthieu Pavon - LOSER - Taylor Moore,Matthieu Pavon,Taylor Moore,Matthieu Pavon - VS - Taylor Moore,BOVADA,0.00,,,,,,0.5,0.5,33.17333333,37.42666667,70.6,0.4698772427,0.5301227573,0.00%,,,WINNER,,LOSER,,-0.06024551464,WINNER,1,,0.00%,ROUND,WINNER,Matthieu Pavon - WINNER - Taylor Moore
John Parry - LOSER - Christiaan Bezuidenhout,John Parry,Christiaan Bezuidenhout,John Parry - VS - Christiaan Bezuidenhout,BOVADA,0.00,,,,,,0.4796954315,0.5203045685,40.42,41.08166667,81.50166667,0.4959407783,0.5040592217,0.00%,,,WINNER,,LOSER,,-0.008118443386,WINNER,1,,0.00%,ROUND,WINNER,John Parry - WINNER - Christiaan Bezuidenhout
Chris Kirk - LOSER - Maverick McNealy,Chris Kirk,Maverick McNealy,Chris Kirk - VS - Maverick McNealy,BOVADA,0.00,,,,,,0.4791397221,0.5208602779,42.29833333,44.815,87.11333333,0.4855552154,0.5144447846,0.00%,,,WINNER,,LOSER,,-0.02888956914,WINNER,1,,0.00%,ROUND,WINNER,Chris Kirk - WINNER - Maverick McNealy
Billy Horschel - LOSER - Max Homa,Billy Horschel,Max Homa,Billy Horschel - VS - Max Homa,BOVADA,0.00,,,,,,0.4782608696,0.5217391304,41.305,42.85333333,84.15833333,0.4908010694,0.5091989306,0.00%,,,WINNER,,LOSER,,-0.01839786117,WINNER,1,,0.00%,ROUND,WINNER,Billy Horschel - WINNER - Max Homa
Nick Taylor - LOSER - Eric Cole,Nick Taylor,Eric Cole,Nick Taylor - VS - Eric Cole,BOVADA,0.00,,,,,,0.5217391304,0.4782608696,41.82166667,43.53333333,85.355,0.489973249,0.510026751,0.00%,,,WINNER,,LOSER,,-0.02005350204,WINNER,1,,0.00%,ROUND,WINNER,Nick Taylor - WINNER - Eric Cole
Tony Finau - LOSER - Aldrich Potgieter,Tony Finau,Aldrich Potgieter,Tony Finau - VS - Aldrich Potgieter,BOVADA,0.00,,,,,,0.4853294072,0.5146705928,38.155,39.74333333,77.89833333,0.4898050878,0.5101949122,0.00%,,,WINNER,,LOSER,,-0.02038982434,WINNER,1,,0.00%,ROUND,WINNER,Tony Finau - WINNER - Aldrich Potgieter
Ben Kohles - LOSER - Pierceson Coody,Ben Kohles,Pierceson Coody,Ben Kohles - VS - Pierceson Coody,BOVADA,0.00,,,,,,0.5217391304,0.4782608696,42.53166667,41.47833333,84.01,0.5062690949,0.4937309051,0.00%,,,WINNER,,LOSER,,0.0125381899,LOSER,0,,0.00%,ROUND,WINNER,Ben Kohles - WINNER - Pierceson Coody
Emiliano Grillo - LOSER - Lee Hodges,Emiliano Grillo,Lee Hodges,Emiliano Grillo - VS - Lee Hodges,BOVADA,0.00,,,,,,0.5217391304,0.4782608696,40.33166667,39.33666667,79.66833333,0.5062446392,0.4937553608,0.00%,,,WINNER,,LOSER,,0.01248927847,LOSER,0,,0.00%,ROUND,WINNER,Emiliano Grillo - WINNER - Lee Hodges
Kristoffer Ventura - LOSER - Marco Penge,Kristoffer Ventura,Marco Penge,Kristoffer Ventura - VS - Marco Penge,BOVADA,0.00,,,,,,0.4891657638,0.5108342362,44.98333333,44.98333333,89.96666667,0.5,0.5,0.00%,,,WINNER,,LOSER,,0,WINNER,1,,0.00%,ROUND,WINNER,Kristoffer Ventura - WINNER - Marco Penge
Mac Meissner - LOSER - Johnny Keefer,Mac Meissner,Johnny Keefer,Mac Meissner - VS - Johnny Keefer,BOVADA,0.00,,,,,,0.4891657638,0.5108342362,41.38333333,41.755,83.13833333,0.4977647696,0.5022352304,0.00%,,,WINNER,,LOSER,,-0.004470460878,WINNER,1,,0.00%,ROUND,WINNER,Mac Meissner - WINNER - Johnny Keefer
Denny McCarthy - LOSER - Sudarshan Yellamaraju,Denny McCarthy,Sudarshan Yellamaraju,Denny McCarthy - VS - Sudarshan Yellamaraju,BOVADA,0.00,,,,,,0.4826358743,0.5173641257,37.44166667,36.68333333,74.125,0.5051152333,0.4948847667,0.00%,,,WINNER,,LOSER,,0.01023046655,LOSER,0,,0.00%,ROUND,WINNER,Denny McCarthy - WINNER - Sudarshan Yellamaraju
Max Greyserman - LOSER - Rasmus Hojgaard,Max Greyserman,Rasmus Hojgaard,Max Greyserman - VS - Rasmus Hojgaard,BOVADA,0.00,,,,,,0.5198879045,0.4801120955,40.47666667,41.64166667,82.11833333,0.4929065779,0.5070934221,0.00%,,,WINNER,,LOSER,,-0.01418684419,WINNER,1,,0.00%,ROUND,WINNER,Max Greyserman - WINNER - Rasmus Hojgaard
Harry Hall - LOSER - Davis Thompson,Harry Hall,Davis Thompson,Harry Hall - VS - Davis Thompson,BOVADA,0.00,,,,,,0.5,0.5,41.46333333,41.78,83.24333333,0.4980979458,0.5019020542,0.00%,,,WINNER,,LOSER,,-0.003804108437,WINNER,1,,0.00%,ROUND,WINNER,Harry Hall - WINNER - Davis Thompson
Matt McCarty - LOSER - Neal Shipley,Matt McCarty,Neal Shipley,Matt McCarty - VS - Neal Shipley,BOVADA,0.00,,,,,,0.4782608696,0.5217391304,0,40.91333333,40.91333333,0,1,0.00%,,,WINNER,,LOSER,,-1,WINNER,1,,0.00%,ROUND,WINNER,Matt McCarty - WINNER - Neal Shipley
Max McGreevy - LOSER - William Mouw,Max McGreevy,William Mouw,Max McGreevy - VS - William Mouw,BOVADA,0.00,,,,,,0.5205795193,0.4794204807,35.68666667,36.83833333,72.525,0.4920602091,0.5079397909,0.00%,,,WINNER,,LOSER,,-0.01587958175,WINNER,1,,0.00%,ROUND,WINNER,Max McGreevy - WINNER - William Mouw
Seamus Power - LOSER - Chandler Phillips,Seamus Power,Chandler Phillips,Seamus Power - VS - Chandler Phillips,BOVADA,0.00,,,,,,0.5043297541,0.4956702459,37.32,36.47833333,73.79833333,0.5057024775,0.4942975225,0.00%,,,WINNER,,LOSER,,0.01140495494,LOSER,0,,0.00%,ROUND,WINNER,Seamus Power - WINNER - Chandler Phillips
Joel Dahmen - LOSER - Haotong Li,Joel Dahmen,Haotong Li,Joel Dahmen - VS - Haotong Li,BOVADA,0.00,,,,,,0.5064960374,0.4935039626,34.33166667,34.33166667,68.66333333,0.5,0.5,0.00%,,,WINNER,,LOSER,,0,WINNER,1,,0.00%,ROUND,WINNER,Joel Dahmen - WINNER - Haotong Li
Matthieu Pavon - LOSER - Hank Lebioda,Matthieu Pavon,Hank Lebioda,Matthieu Pavon - VS - Hank Lebioda,BOVADA,0.00,,,,,,,,33.17333333,31.485,64.65833333,0.5130558062,0.4869441938,0.00%,,,WINNER,,LOSER,,0.02611161232,LOSER,0,,0.00%,ROUND,WINNER,Matthieu Pavon - WINNER - Hank Lebioda
Kevin Roy - LOSER - Taylor Moore,Kevin Roy,Taylor Moore,Kevin Roy - VS - Taylor Moore,BOVADA,0.00,,,,,,,,41.215,37.42666667,78.64166667,0.5240860443,0.4759139557,0.00%,,,WINNER,,LOSER,,0.04817208859,LOSER,0,,0.00%,ROUND,WINNER,Kevin Roy - WINNER - Taylor Moore
Christiaan Bezuidenhout - LOSER - Zach Bauchou,Christiaan Bezuidenhout,Zach Bauchou,Christiaan Bezuidenhout - VS - Zach Bauchou,BOVADA,0.00,,,,,,,,41.08166667,41.08166667,82.16333333,0.5,0.5,0.00%,,,WINNER,,LOSER,,0,WINNER,1,,0.00%,ROUND,WINNER,Christiaan Bezuidenhout - WINNER - Zach Bauchou
Tony Finau - LOSER - Pierceson Coody,Tony Finau,Pierceson Coody,Tony Finau - VS - Pierceson Coody,BOVADA,0.00,,,,,,,,38.155,41.47833333,79.63333333,0.4791335287,0.5208664713,0.00%,,,WINNER,,LOSER,,-0.04173294265,WINNER,1,,0.00%,ROUND,WINNER,Tony Finau - WINNER - Pierceson Coody
Emiliano Grillo - LOSER - Ben Kohles,Emiliano Grillo,Ben Kohles,Emiliano Grillo - VS - Ben Kohles,BOVADA,0.00,,,,,,,,40.33166667,42.53166667,82.86333333,0.4867251297,0.5132748703,0.00%,,,WINNER,,LOSER,,-0.02654974054,WINNER,1,,0.00%,ROUND,WINNER,Emiliano Grillo - WINNER - Ben Kohles
Doug Ghim - LOSER - Johnny Keefer,Doug Ghim,Johnny Keefer,Doug Ghim - VS - Johnny Keefer,BOVADA,0.00,,,,,,,,45.57333333,41.755,87.32833333,0.5218619387,0.4781380613,0.00%,,,WINNER,,LOSER,,0.04372387732,LOSER,0,,0.00%,ROUND,WINNER,Doug Ghim - WINNER - Johnny Keefer
Jackson Suber - LOSER - Neal Shipley,Jackson Suber,Neal Shipley,Jackson Suber - VS - Neal Shipley,BOVADA,0.00,,,,,,,,42.70833333,40.91333333,83.62166667,0.5107328643,0.4892671357,0.00%,,,WINNER,,LOSER,,0.02146572858,LOSER,0,,0.00%,ROUND,WINNER,Jackson Suber - WINNER - Neal Shipley
Michael Brennan - LOSER - Ben James,Michael Brennan,Ben James,Michael Brennan - VS - Ben James,BOVADA,0.00,,,,,,,,44.11,44.11,88.22,0.5,0.5,0.00%,,,WINNER,,LOSER,,0,WINNER,1,,0.00%,ROUND,WINNER,Michael Brennan - WINNER - Ben James
Kevin Yu - LOSER - Matt McCarty,Kevin Yu,Matt McCarty,Kevin Yu - VS - Matt McCarty,BOVADA,0.00,,,,,,,,42.54166667,0,42.54166667,1,0,0.00%,,,WINNER,,LOSER,,1,LOSER,0,,0.00%,ROUND,WINNER,Kevin Yu - WINNER - Matt McCarty
Rico Hoey - LOSER - Garrick Higgo,Rico Hoey,Garrick Higgo,Rico Hoey - VS - Garrick Higgo,BOVADA,0.00,,,,,,,,41.72,33.325,75.045,0.5559331068,0.4440668932,0.00%,,,WINNER,,LOSER,,0.1118662136,LOSER,0,,0.00%,ROUND,WINNER,Rico Hoey - WINNER - Garrick Higgo
Max McGreevy - LOSER - Harry Hall,Max McGreevy,Harry Hall,Max McGreevy - VS - Harry Hall,BOVADA,0.00,,,,,,,,35.68666667,41.46333333,77.15,0.4625621084,0.5374378916,0.00%,,,WINNER,,LOSER,,-0.07487578311,WINNER,1,,0.00%,ROUND,WINNER,Max McGreevy - WINNER - Harry Hall
Jesper Svensson - LOSER - David Ford,Jesper Svensson,David Ford,Jesper Svensson - VS - David Ford,BOVADA,0.00,,,,,,,,35.69833333,36.44333333,72.14166667,0.4948365485,0.5051634515,0.00%,,,WINNER,,LOSER,,-0.01032690308,WINNER,1,,0.00%,ROUND,WINNER,Jesper Svensson - WINNER - David Ford
Mackenzie Hughes - LOSER - Christiaan Bezuidenhout,Mackenzie Hughes,Christiaan Bezuidenhout,Mackenzie Hughes - VS - Christiaan Bezuidenhout,BOVADA,0.00,,,,,,0.4736842105,0.5263157895,40.705,41.08166667,81.78666667,0.4976972612,0.5023027388,0.00%,,,WINNER,,LOSER,,-0.004605477665,WINNER,1,,0.00%,ROUND,WINNER,Mackenzie Hughes - WINNER - Christiaan Bezuidenhout
Tony Finau - LOSER - Takumi Kanaya,Tony Finau,Takumi Kanaya,Tony Finau - VS - Takumi Kanaya,BOVADA,0.00,,,,,,0.5,0.5,38.155,35.14,73.295,0.5205675694,0.4794324306,0.00%,,,WINNER,,LOSER,,0.04113513882,LOSER,0,,0.00%,ROUND,WINNER,Tony Finau - WINNER - Takumi Kanaya
Rasmus Hojgaard - LOSER - Jackson Koivun,Rasmus Hojgaard,Jackson Koivun,Rasmus Hojgaard - VS - Jackson Koivun,BOVADA,0.00,,,,,,0.4726815241,0.5273184759,41.64166667,44.89675439,86.53842105,0.4811928177,0.5188071823,0.00%,,,WINNER,,LOSER,,-0.03761436458,WINNER,1,,0.00%,ROUND,WINNER,Rasmus Hojgaard - WINNER - Jackson Koivun
Billy Horschel - LOSER - Nick Taylor,Billy Horschel,Nick Taylor,Billy Horschel - VS - Nick Taylor,BOVADA,0.00,,,,,,0.5,0.5,41.305,41.82166667,83.12666667,0.4968922929,0.5031077071,0.00%,,,WINNER,,LOSER,,-0.006215414227,WINNER,1,,0.00%,ROUND,WINNER,Billy Horschel - WINNER - Nick Taylor
Doug Ghim - LOSER - Sudarshan Yellamaraju,Doug Ghim,Sudarshan Yellamaraju,Doug Ghim - VS - Sudarshan Yellamaraju,BOVADA,0.00,,,,,,0.5192307692,0.4807692308,45.57333333,36.68333333,82.25666667,0.5540381732,0.4459618268,0.00%,,,WINNER,,LOSER,,0.1080763464,LOSER,0,,0.00%,ROUND,WINNER,Doug Ghim - WINNER - Sudarshan Yellamaraju
Chris Kirk - LOSER - Max Homa,Chris Kirk,Max Homa,Chris Kirk - VS - Max Homa,BOVADA,0.00,,,,,,0.4736842105,0.5263157895,42.29833333,42.85333333,85.15166667,0.496741109,0.503258891,0.00%,,,WINNER,,LOSER,,-0.006517781997,WINNER,1,,0.00%,ROUND,WINNER,Chris Kirk - WINNER - Max Homa
Kevin Yu - LOSER - Doug Ghim,Kevin Yu,Doug Ghim,Kevin Yu - VS - Doug Ghim,BOVADA,0.00,,,,,,0.4769810268,0.5230189732,42.54166667,45.57333333,88.115,0.4827971023,0.5172028977,0.00%,,,WINNER,,LOSER,,-0.03440579546,WINNER,1,,0.00%,ROUND,WINNER,Kevin Yu - WINNER - Doug Ghim
Matt Wallace - LOSER - Davis Thompson,Matt Wallace,Davis Thompson,Matt Wallace - VS - Davis Thompson,BOVADA,0.00,,,,,,0.5290292615,0.4709707385,43.17,41.78,84.95,0.5081812831,0.4918187169,0.00%,,,WINNER,,LOSER,,0.01636256622,LOSER,0,,0.00%,ROUND,WINNER,Matt Wallace - WINNER - Davis Thompson
Beau Hossler - LOSER - Kristoffer Ventura,Beau Hossler,Kristoffer Ventura,Beau Hossler - VS - Kristoffer Ventura,BOVADA,0.00,,,,,,0.4796954315,0.5203045685,43.22333333,43.22333333,86.44666667,0.5,0.5,0.00%,,,WINNER,,LOSER,,0,WINNER,1,,0.00%,ROUND,WINNER,Beau Hossler - WINNER - Kristoffer Ventura
Rico Hoey - LOSER - Steven Fisk,Rico Hoey,Steven Fisk,Rico Hoey - VS - Steven Fisk,BOVADA,0.00,,,,,,0.5162199424,0.4837800576,41.72,37.37166667,79.09166667,0.5274892003,0.4725107997,0.00%,,,WINNER,,LOSER,,0.05497840059,LOSER,0,,0.00%,ROUND,WINNER,Rico Hoey - WINNER - Steven Fisk
Christiaan Bezuidenhout - LOSER - Kevin Roy,Christiaan Bezuidenhout,Kevin Roy,Christiaan Bezuidenhout - VS - Kevin Roy,BOVADA,0.00,,,,,,0.4979776735,0.5020223265,41.08166667,41.215,82.29666667,0.4991899226,0.5008100774,0.00%,,,WINNER,,LOSER,,-0.001620154725,WINNER,1,,0.00%,ROUND,WINNER,Christiaan Bezuidenhout - WINNER - Kevin Roy
Emiliano Grillo - LOSER - Pierceson Coody,Emiliano Grillo,Pierceson Coody,Emiliano Grillo - VS - Pierceson Coody,BOVADA,0.00,,,,,,0.5223540888,0.4776459112,40.33166667,41.47833333,81.81,0.4929918918,0.5070081082,0.00%,,,WINNER,,LOSER,,-0.01401621644,WINNER,1,,0.00%,ROUND,WINNER,Emiliano Grillo - WINNER - Pierceson Coody
Seamus Power - LOSER - William Mouw,Seamus Power,William Mouw,Seamus Power - VS - William Mouw,BOVADA,0.00,,,,,,0.4776459112,0.5223540888,37.32,36.83833333,74.15833333,0.5032475559,0.4967524441,0.00%,,,WINNER,,LOSER,,0.00649511181,LOSER,0,,0.00%,ROUND,WINNER,Seamus Power - WINNER - William Mouw
Max Homa - LOSER - Takumi Kanaya,Max Homa,Takumi Kanaya,Max Homa - VS - Takumi Kanaya,BOVADA,0.00,,,,,,0.5040451438,0.4959548562,42.85333333,35.14,77.99333333,0.5494486708,0.4505513292,0.00%,,,WINNER,,LOSER,,0.09889734165,LOSER,0,,0.00%,ROUND,WINNER,Max Homa - WINNER - Takumi Kanaya
Chad Ramey - LOSER - Davis Chatfield,Chad Ramey,Davis Chatfield,Chad Ramey - VS - Davis Chatfield,BOVADA,0.00,,,,,,0.5060689432,0.4939310568,35.85,35.55833333,71.40833333,0.5020422453,0.4979577547,0.00%,,,WINNER,,LOSER,,0.004084490606,LOSER,0,,0.00%,ROUND,WINNER,Chad Ramey - WINNER - Davis Chatfield
Mark Hubbard - LOSER - Stephan Jaeger,Mark Hubbard,Stephan Jaeger,Mark Hubbard - VS - Stephan Jaeger,BOVADA,0.00,,,,,,0.4701955174,0.5298044826,33.04833333,40.02833333,73.07666667,0.4522419377,0.5477580623,0.00%,,,WINNER,,LOSER,,-0.09551612462,WINNER,1,,0.00%,ROUND,WINNER,Mark Hubbard - WINNER - Stephan Jaeger
Haotong Li - LOSER - Paul Peterson,Haotong Li,Paul Peterson,Haotong Li - VS - Paul Peterson,BOVADA,0.00,,,,,,0.5302041803,0.4697958197,31.175,31.175,62.35,0.5,0.5,0.00%,,,WINNER,,LOSER,,0,WINNER,1,,0.00%,ROUND,WINNER,Haotong Li - WINNER - Paul Peterson
Hank Lebioda - LOSER - Taylor Moore,Hank Lebioda,Taylor Moore,Hank Lebioda - VS - Taylor Moore,BOVADA,0.00,,,,,,0.4731182796,0.5268817204,31.485,37.42666667,68.91166667,0.4568892544,0.5431107456,0.00%,,,WINNER,,LOSER,,-0.08622149128,WINNER,1,,0.00%,ROUND,WINNER,Hank Lebioda - WINNER - Taylor Moore
Mac Meissner - LOSER - Michael Brennan,Mac Meissner,Michael Brennan,Mac Meissner - VS - Michael Brennan,BOVADA,0.00,,,,,,0.4709707385,0.5290292615,41.38333333,44.11,85.49333333,0.4840533375,0.5159466625,0.00%,,,WINNER,,LOSER,,-0.03189332502,WINNER,1,,0.00%,ROUND,WINNER,Mac Meissner - WINNER - Michael Brennan
Jackson Suber - LOSER - Johnny Keefer,Jackson Suber,Johnny Keefer,Jackson Suber - VS - Johnny Keefer,BOVADA,0.00,,,,,,0.4837800576,0.5162199424,42.70833333,41.755,84.46333333,0.5056434745,0.4943565255,0.00%,,,WINNER,,LOSER,,0.01128694897,LOSER,0,,0.00%,ROUND,WINNER,Jackson Suber - WINNER - Johnny Keefer
Mackenzie Hughes - LOSER - Jordan Smith,Mackenzie Hughes,Jordan Smith,Mackenzie Hughes - VS - Jordan Smith,BOVADA,0.00,,,,,,0.4780533922,0.5219466078,40.705,40.705,81.41,0.5,0.5,0.00%,,,WINNER,,LOSER,,0,WINNER,1,,0.00%,ROUND,WINNER,Mackenzie Hughes - WINNER - Jordan Smith
Chris Kirk - LOSER - John Parry,Chris Kirk,John Parry,Chris Kirk - VS - John Parry,BOVADA,0.00,,,,,,0.5162199424,0.4837800576,42.29833333,40.42,82.71833333,0.511353791,0.488646209,0.00%,,,WINNER,,LOSER,,0.02270758195,LOSER,0,,0.00%,ROUND,WINNER,Chris Kirk - WINNER - John Parry
Ben Kohles - LOSER - Marco Penge,Ben Kohles,Marco Penge,Ben Kohles - VS - Marco Penge,BOVADA,0.00,,,,,,0.5182600227,0.4817399773,42.53166667,44.98333333,87.515,0.4859928774,0.5140071226,0.00%,,,WINNER,,LOSER,,-0.02801424518,WINNER,1,,0.00%,ROUND,WINNER,Ben Kohles - WINNER - Marco Penge
Austin Smotherman - LOSER - Lee Hodges,Austin Smotherman,Lee Hodges,Austin Smotherman - VS - Lee Hodges,BOVADA,0.00,,,,,,0.5101214575,0.4898785425,37.10166667,39.33666667,76.43833333,0.485380372,0.514619628,0.00%,,,WINNER,,LOSER,,-0.02923925605,WINNER,1,,0.00%,ROUND,WINNER,Austin Smotherman - WINNER - Lee Hodges
Chandler Phillips - LOSER - Trace Crowe,Chandler Phillips,Trace Crowe,Chandler Phillips - VS - Trace Crowe,BOVADA,0.00,,,,,,0.5275694751,0.4724305249,36.47833333,35.26166667,71.74,0.5084796952,0.4915203048,0.00%,,,WINNER,,LOSER,,0.01695939039,LOSER,0,,0.00%,ROUND,WINNER,Chandler Phillips - WINNER - Trace Crowe
Max Greyserman - LOSER - Sudarshan Yellamaraju,Max Greyserman,Sudarshan Yellamaraju,Max Greyserman - VS - Sudarshan Yellamaraju,BOVADA,0.00,,,,,,0.4761904762,0.5238095238,40.47666667,36.68333333,77.16,0.5245809573,0.4754190427,0.00%,,,WINNER,,LOSER,,0.04916191464,LOSER,0,,0.00%,ROUND,WINNER,Max Greyserman - WINNER - Sudarshan Yellamaraju
Billy Horschel - LOSER - Matthieu Pavon,Billy Horschel,Matthieu Pavon,Billy Horschel - VS - Matthieu Pavon,BOVADA,0.00,,,,,,0.4959548562,0.5040451438,41.305,33.17333333,74.47833333,0.5545908206,0.4454091794,0.00%,,,WINNER,,LOSER,,0.1091816412,LOSER,0,,0.00%,ROUND,WINNER,Billy Horschel - WINNER - Matthieu Pavon
Patrick Fishburn - LOSER - David Ford,Patrick Fishburn,David Ford,Patrick Fishburn - VS - David Ford,BOVADA,0.00,,,,,,0.4724305249,0.5275694751,35.695,36.44333333,72.13833333,0.4948132061,0.5051867939,0.00%,,,WINNER,,LOSER,,-0.01037358778,WINNER,1,,0.00%,ROUND,WINNER,Patrick Fishburn - WINNER - David Ford
Zecheng Dou - LOSER - Gordon Sargent,Zecheng Dou,Gordon Sargent,Zecheng Dou - VS - Gordon Sargent,BOVADA,0.00,,,,,,0.5243791445,0.4756208555,39.76333333,37.21166667,76.975,0.5165746454,0.4834253546,0.00%,,,WINNER,,LOSER,,0.0331492909,LOSER,0,,0.00%,ROUND,WINNER,Zecheng Dou - WINNER - Gordon Sargent
Andrew Putnam - LOSER - Joe Highsmith,Andrew Putnam,Joe Highsmith,Andrew Putnam - VS - Joe Highsmith,BOVADA,0.00,,,,,,0.5228427078,0.4771572922,34.53833333,30.33,64.86833333,0.5324375016,0.4675624984,0.00%,,,WINNER,,LOSER,,0.06487500321,LOSER,0,,0.00%,ROUND,WINNER,Andrew Putnam - WINNER - Joe Highsmith
Joel Dahmen - LOSER - Zac Blair,Joel Dahmen,Zac Blair,Joel Dahmen - VS - Zac Blair,BOVADA,0.00,,,,,,0.5162199424,0.4837800576,34.33166667,35.95833333,70.29,0.4884288898,0.5115711102,0.00%,,,WINNER,,LOSER,,-0.02314222033,WINNER,1,,0.00%,ROUND,WINNER,Joel Dahmen - WINNER - Zac Blair
Jordan Smith - LOSER - Zach Bauchou,Jordan Smith,Zach Bauchou,Jordan Smith - VS - Zach Bauchou,BOVADA,0.00,,,,,,0.5240847784,0.4759152216,,,0,0,0,0.00%,,,WINNER,,LOSER,,0,WINNER,1,,0.00%,ROUND,WINNER,Jordan Smith - WINNER - Zach Bauchou
Nick Taylor - LOSER - Kevin Roy,Nick Taylor,Kevin Roy,Nick Taylor - VS - Kevin Roy,BOVADA,0.00,,,,,,0.5060689432,0.4939310568,41.82166667,41.215,83.03666667,0.5036530047,0.4963469953,0.00%,,,WINNER,,LOSER,,0.007306009393,LOSER,0,,0.00%,ROUND,WINNER,Nick Taylor - WINNER - Kevin Roy
Emiliano Grillo - LOSER - Eric Cole,Emiliano Grillo,Eric Cole,Emiliano Grillo - VS - Eric Cole,BOVADA,0.00,,,,,,0.4776459112,0.5223540888,40.33166667,43.53333333,83.865,0.4809117828,0.5190882172,0.00%,,,WINNER,,LOSER,,-0.03817643435,WINNER,1,,0.00%,ROUND,WINNER,Emiliano Grillo - WINNER - Eric Cole
Kristoffer Ventura - LOSER - Pierceson Coody,Kristoffer Ventura,Pierceson Coody,Kristoffer Ventura - VS - Pierceson Coody,BOVADA,0.00,,,,,,0.5010179153,0.4989820847,41.47833333,41.47833333,82.95666667,0.5,0.5,0.00%,,,WINNER,,LOSER,,0,WINNER,1,,0.00%,ROUND,WINNER,Kristoffer Ventura - WINNER - Pierceson Coody
Matt McCarty - LOSER - Johnny Keefer,Matt McCarty,Johnny Keefer,Matt McCarty - VS - Johnny Keefer,BOVADA,0.00,,,,,,0.4898785425,0.5101214575,0,41.755,41.755,0,1,0.00%,,,WINNER,,LOSER,,-1,WINNER,1,,0.00%,ROUND,WINNER,Matt McCarty - WINNER - Johnny Keefer
Doug Ghim - LOSER - Ben James,Doug Ghim,Ben James,Doug Ghim - VS - Ben James,BOVADA,0.00,,,,,,0.4876847291,0.5123152709,45.57333333,45.57333333,91.14666667,0.5,0.5,0.00%,,,WINNER,,LOSER,,0,WINNER,1,,0.00%,ROUND,WINNER,Doug Ghim - WINNER - Ben James
Kevin Yu - LOSER - Jackson Suber,Kevin Yu,Jackson Suber,Kevin Yu - VS - Jackson Suber,BOVADA,0.00,,,,,,0.4939310568,0.5060689432,42.54166667,42.70833333,85.25,0.4990224829,0.5009775171,0.00%,,,WINNER,,LOSER,,-0.001955034213,WINNER,1,,0.00%,ROUND,WINNER,Kevin Yu - WINNER - Jackson Suber
Stephan Jaeger - LOSER - Michael Brennan,Stephan Jaeger,Michael Brennan,Stephan Jaeger - VS - Michael Brennan,BOVADA,0.00,,,,,,0.4713114754,0.5286885246,40.02833333,44.11,84.13833333,0.47574431,0.52425569,0.00%,,,WINNER,,LOSER,,-0.04851138007,WINNER,1,,0.00%,ROUND,WINNER,Stephan Jaeger - WINNER - Michael Brennan
Max McGreevy - LOSER - David Ford,Max McGreevy,David Ford,Max McGreevy - VS - David Ford,BOVADA,0.00,,,,,,0.5040997048,0.4959002952,35.68666667,36.44333333,72.13,0.4947548408,0.5052451592,0.00%,,,WINNER,,LOSER,,-0.01049031841,WINNER,1,,0.00%,ROUND,WINNER,Max McGreevy - WINNER - David Ford
  - LOSER -  , , ,  - VS -  ,BOVADA,0.00,,,,,,,,,,0,0,0,0.00%,,,WINNER,,LOSER,,0,WINNER,1,,0.00%,ROUND,WINNER,  - WINNER -  
  - LOSER -  , , ,  - VS -  ,BOVADA,0.00,,,,,,,,,,0,0,0,0.00%,,,WINNER,,LOSER,,0,WINNER,1,,0.00%,ROUND,WINNER,  - WINNER -  
  - LOSER -  , , ,  - VS -  ,BOVADA,0.00,,,,,,,,,,0,0,0,0.00%,,,WINNER,,LOSER,,0,WINNER,1,,0.00%,ROUND,WINNER,  - WINNER -  
  - LOSER -  , , ,  - VS -  ,BOVADA,0.00,,,,,,,,,,0,0,0,0.00%,,,WINNER,,LOSER,,0,WINNER,1,,0.00%,ROUND,WINNER,  - WINNER -  
  - LOSER -  , , ,  - VS -  ,BOVADA,0.00,,,,,,,,,,0,0,0,0.00%,,,WINNER,,LOSER,,0,WINNER,1,,0.00%,ROUND,WINNER,  - WINNER -  
  - LOSER -  , , ,  - VS -  ,BOVADA,0.00,,,,,,,,,,0,0,0,0.00%,,,WINNER,,LOSER,,0,WINNER,1,,0.00%,ROUND,WINNER,  - WINNER -  
  - LOSER -  , , ,  - VS -  ,BOVADA,0.00,,,,,,,,,,0,0,0,0.00%,,,WINNER,,LOSER,,0,WINNER,1,,0.00%,ROUND,WINNER,  - WINNER -  
  - LOSER -  , , ,  - VS -  ,BOVADA,0.00,,,,,,,,,,0,0,0,0.00%,,,WINNER,,LOSER,,0,WINNER,1,,0.00%,ROUND,WINNER,  - WINNER -  
  - LOSER -  , , ,  - VS -  ,BOVADA,0.00,,,,,,,,,,0,0,0,0.00%,,,WINNER,,LOSER,,0,WINNER,1,,0.00%,ROUND,WINNER,  - WINNER -  
  - LOSER -  , , ,  - VS -  ,BOVADA,0.00,,,,,,,,,,0,0,0,0.00%,,,WINNER,,LOSER,,0,WINNER,1,,0.00%,ROUND,WINNER,  - WINNER -  
  - LOSER -  , , ,  - VS -  ,BOVADA,0.00,,,,,,,,,,0,0,0,0.00%,,,WINNER,,LOSER,,0,WINNER,1,,0.00%,ROUND,WINNER,  - WINNER -  
  - LOSER -  , , ,  - VS -  ,BOVADA,0.00,,,,,,,,,,0,0,0,0.00%,,,WINNER,,LOSER,,0,WINNER,1,,0.00%,ROUND,WINNER,  - WINNER -  
  - LOSER -  , , ,  - VS -  ,BOVADA,0.00,,,,,,,,,,0,0,0,0.00%,,,WINNER,,LOSER,,0,WINNER,1,,0.00%,ROUND,WINNER,  - WINNER -  
  - LOSER -  , , ,  - VS -  ,BOVADA,0.00,,,,,,,,,,0,0,0,0.00%,,,WINNER,,LOSER,,0,WINNER,1,,0.00%,ROUND,WINNER,  - WINNER -  
  - LOSER -  , , ,  - VS -  ,BOVADA,0.00,,,,,,,,,,0,0,0,0.00%,,,WINNER,,LOSER,,0,WINNER,1,,0.00%,ROUND,WINNER,  - WINNER -  
  - LOSER -  , , ,  - VS -  ,BOVADA,0.00,,,,,,,,,,0,0,0,0.00%,,,WINNER,,LOSER,,0,WINNER,1,,0.00%,ROUND,WINNER,  - WINNER -  
  - LOSER -  , , ,  - VS -  ,BOVADA,0.00,,,,,,,,,,0,0,0,0.00%,,,WINNER,,LOSER,,0,WINNER,1,,0.00%,ROUND,WINNER,  - WINNER -  
  - LOSER -  , , ,  - VS -  ,BOVADA,0.00,,,,,,,,,,0,0,0,0.00%,,,WINNER,,LOSER,,0,WINNER,1,,0.00%,ROUND,WINNER,  - WINNER -  
  - LOSER -  , , ,  - VS -  ,BOVADA,0.00,,,,,,,,,,0,0,0,0.00%,,,WINNER,,LOSER,,0,WINNER,1,,0.00%,ROUND,WINNER,  - WINNER -  
  - LOSER -  , , ,  - VS -  ,BOVADA,0.00,,,,,,,,,,0,0,0,0.00%,,,WINNER,,LOSER,,0,WINNER,1,,0.00%,ROUND,WINNER,  - WINNER -  
  - LOSER -  , , ,  - VS -  ,BOVADA,0.00,,,,,,,,,,0,0,0,0.00%,,,WINNER,,LOSER,,0,WINNER,1,,0.00%,ROUND,WINNER,  - WINNER -  
  - LOSER -  , , ,  - VS -  ,BOVADA,0.00,,,,,,,,,,0,0,0,0.00%,,,WINNER,,LOSER,,0,WINNER,1,,0.00%,ROUND,WINNER,  - WINNER -  
  - LOSER -  , , ,  - VS -  ,BOVADA,0.00,,,,,,,,,,0,0,0,0.00%,,,WINNER,,LOSER,,0,WINNER,1,,0.00%,ROUND,WINNER,  - WINNER -  
  - LOSER -  , , ,  - VS -  ,BOVADA,0.00,,,,,,,,,,0,0,0,0.00%,,,WINNER,,LOSER,,0,WINNER,1,,0.00%,ROUND,WINNER,  - WINNER -  
  - LOSER -  , , ,  - VS -  ,BOVADA,0.00,,,,,,,,,,0,0,0,0.00%,,,WINNER,,LOSER,,0,WINNER,1,,0.00%,ROUND,WINNER,  - WINNER -  
  - LOSER -  , , ,  - VS -  ,BOVADA,0.00,,,,,,,,,,0,0,0,0.00%,,,WINNER,,LOSER,,0,WINNER,1,,0.00%,ROUND,WINNER,  - WINNER -  
  - LOSER -  , , ,  - VS -  ,BOVADA,0.00,,,,,,,,,,0,0,0,0.00%,,,WINNER,,LOSER,,0,WINNER,1,,0.00%,ROUND,WINNER,  - WINNER -  
  - LOSER -  , , ,  - VS -  ,BOVADA,0.00,,,,,,,,,,0,0,0,0.00%,,,WINNER,,LOSER,,0,WINNER,1,,0.00%,ROUND,WINNER,  - WINNER -  
 - LOSER - ,,,,BOVADA,,,,,,,,,,,0,0,0,0.00%,,,WINNER,,LOSER,,0,WINNER,1,,0.00%,ROUND,WINNER, - WINNER - 
 - LOSER - ,,,,BOVADA,,,,,,,,,,,0,0,0,0.00%,,,WINNER,,LOSER,,0,WINNER,1,,0.00%,ROUND,WINNER, - WINNER - 
 - LOSER - ,,,,BOVADA,,,,,,,,,,,0,0,0,0.00%,,,WINNER,,LOSER,,0,WINNER,1,,0.00%,ROUND,WINNER, - WINNER - 
David Lipsky - LOSER - Johnny Keefer,David Lipsky,Johnny Keefer,David Lipsky - VS - Johnny Keefer,FANDUEL,0.00,0.00,,,,,0.4825716499,0.5174283501,31.82,41.755,73.575,0.43248386,0.56751614,0.00%,,,WINNER,,LOSER,,-0.13503228,WINNER,1,,0.00%,ROUND,WINNER,David Lipsky - WINNER - Johnny Keefer
Doug Ghim - LOSER - Jackson Suber,Doug Ghim,Jackson Suber,Doug Ghim - VS - Jackson Suber,FANDUEL,0.00,0.00,,,,,0.5222101842,0.4777898158,45.57333333,42.70833333,88.28166667,0.5162264721,0.4837735279,0.00%,,,WINNER,,LOSER,,0.03245294417,LOSER,0,,0.00%,ROUND,WINNER,Doug Ghim - WINNER - Jackson Suber
Patrick Rodgers - LOSER - Denny McCarthy,Patrick Rodgers,Denny McCarthy,Patrick Rodgers - VS - Denny McCarthy,FANDUEL,0.00,0.00,,,,,0.5,0.5,36.56666667,37.44166667,74.00833333,0.4940885035,0.5059114965,0.00%,,,WINNER,,LOSER,,-0.01182299291,WINNER,1,,0.00%,ROUND,WINNER,Patrick Rodgers - WINNER - Denny McCarthy
Ben James - LOSER - Jackson Koivun,Ben James,Jackson Koivun,Ben James - VS - Jackson Koivun,FANDUEL,0.00,0.00,,,,,0.4702258727,0.5297741273,44.89675439,44.89675439,89.79350877,0.5,0.5,0.00%,,,WINNER,,LOSER,,0,WINNER,1,,0.00%,ROUND,WINNER,Ben James - WINNER - Jackson Koivun
Kevin Yu - LOSER - Michael Brennan,Kevin Yu,Michael Brennan,Kevin Yu - VS - Michael Brennan,FANDUEL,0.00,0.00,,,,,0.4811840294,0.5188159706,42.54166667,44.11,86.65166667,0.4909503568,0.5090496432,0.00%,,,WINNER,,LOSER,,-0.01809928641,WINNER,1,,0.00%,ROUND,WINNER,Kevin Yu - WINNER - Michael Brennan
Stephan Jaeger - LOSER - Steven Fisk,Stephan Jaeger,Steven Fisk,Stephan Jaeger - VS - Steven Fisk,FANDUEL,0.00,0.00,,,,,0.500539258,0.499460742,40.02833333,37.37166667,77.4,0.5171619294,0.4828380706,0.00%,,,WINNER,,LOSER,,0.03432385874,LOSER,0,,0.00%,ROUND,WINNER,Stephan Jaeger - WINNER - Steven Fisk
Harry Hall - LOSER - Neal Shipley,Harry Hall,Neal Shipley,Harry Hall - VS - Neal Shipley,FANDUEL,0.00,0.00,,,,,0.4911345668,0.5088654332,41.46333333,40.91333333,82.37666667,0.503338324,0.496661676,0.00%,,,WINNER,,LOSER,,0.006676647918,LOSER,0,,0.00%,ROUND,WINNER,Harry Hall - WINNER - Neal Shipley
Zac Blair - LOSER - Matt McCarty,Zac Blair,Matt McCarty,Zac Blair - VS - Matt McCarty,FANDUEL,0.00,0.00,,,,,0.479338843,0.520661157,35.95833333,0,35.95833333,1,0,0.00%,,,WINNER,,LOSER,,1,LOSER,0,,0.00%,ROUND,WINNER,Zac Blair - WINNER - Matt McCarty
Matt Wallace - LOSER - Rico Hoey,Matt Wallace,Rico Hoey,Matt Wallace - VS - Rico Hoey,FANDUEL,0.00,0.00,,,,,0.5193370166,0.4806629834,43.17,41.72,84.89,0.5085404641,0.4914595359,0.00%,,,WINNER,,LOSER,,0.01708092826,LOSER,0,,0.00%,ROUND,WINNER,Matt Wallace - WINNER - Rico Hoey
Patrick Fishburn - LOSER - Trace Crowe,Patrick Fishburn,Trace Crowe,Patrick Fishburn - VS - Trace Crowe,FANDUEL,0.00,0.00,,,,,0.5,0.5,35.695,35.26166667,70.95666667,0.5030535068,0.4969464932,0.00%,,,WINNER,,LOSER,,0.00610701367,LOSER,0,,0.00%,ROUND,WINNER,Patrick Fishburn - WINNER - Trace Crowe
Kevin Roy - LOSER - Jordan Smith,Kevin Roy,Jordan Smith,Kevin Roy - VS - Jordan Smith,FANDUEL,0.00,0.00,,,,,0.4782608696,0.5217391304,41.215,41.215,82.43,0.5,0.5,0.00%,,,WINNER,,LOSER,,0,WINNER,1,,0.00%,ROUND,WINNER,Kevin Roy - WINNER - Jordan Smith
Matthieu Pavon - LOSER - Taylor Moore,Matthieu Pavon,Taylor Moore,Matthieu Pavon - VS - Taylor Moore,FANDUEL,0.00,0.00,,,,,0.5,0.5,33.17333333,37.42666667,70.6,0.4698772427,0.5301227573,0.00%,,,WINNER,,LOSER,,-0.06024551464,WINNER,1,,0.00%,ROUND,WINNER,Matthieu Pavon - WINNER - Taylor Moore
John Parry - LOSER - Christiaan Bezuidenhout,John Parry,Christiaan Bezuidenhout,John Parry - VS - Christiaan Bezuidenhout,FANDUEL,0.00,0.00,,,,,0.4796954315,0.5203045685,40.42,41.08166667,81.50166667,0.4959407783,0.5040592217,0.00%,,,WINNER,,LOSER,,-0.008118443386,WINNER,1,,0.00%,ROUND,WINNER,John Parry - WINNER - Christiaan Bezuidenhout
Chris Kirk - LOSER - Maverick McNealy,Chris Kirk,Maverick McNealy,Chris Kirk - VS - Maverick McNealy,FANDUEL,0.00,0.00,,,,,0.4791397221,0.5208602779,42.29833333,44.815,87.11333333,0.4855552154,0.5144447846,0.00%,,,WINNER,,LOSER,,-0.02888956914,WINNER,1,,0.00%,ROUND,WINNER,Chris Kirk - WINNER - Maverick McNealy
Billy Horschel - LOSER - Max Homa,Billy Horschel,Max Homa,Billy Horschel - VS - Max Homa,FANDUEL,0.00,0.00,,,,,0.4782608696,0.5217391304,41.305,42.85333333,84.15833333,0.4908010694,0.5091989306,0.00%,,,WINNER,,LOSER,,-0.01839786117,WINNER,1,,0.00%,ROUND,WINNER,Billy Horschel - WINNER - Max Homa
Nick Taylor - LOSER - Eric Cole,Nick Taylor,Eric Cole,Nick Taylor - VS - Eric Cole,FANDUEL,0.00,0.00,,,,,0.5217391304,0.4782608696,41.82166667,43.53333333,85.355,0.489973249,0.510026751,0.00%,,,WINNER,,LOSER,,-0.02005350204,WINNER,1,,0.00%,ROUND,WINNER,Nick Taylor - WINNER - Eric Cole
Tony Finau - LOSER - Aldrich Potgieter,Tony Finau,Aldrich Potgieter,Tony Finau - VS - Aldrich Potgieter,FANDUEL,0.00,0.00,,,,,0.4853294072,0.5146705928,38.155,39.74333333,77.89833333,0.4898050878,0.5101949122,0.00%,,,WINNER,,LOSER,,-0.02038982434,WINNER,1,,0.00%,ROUND,WINNER,Tony Finau - WINNER - Aldrich Potgieter
Ben Kohles - LOSER - Pierceson Coody,Ben Kohles,Pierceson Coody,Ben Kohles - VS - Pierceson Coody,FANDUEL,0.00,0.00,,,,,0.5217391304,0.4782608696,42.53166667,41.47833333,84.01,0.5062690949,0.4937309051,0.00%,,,WINNER,,LOSER,,0.0125381899,LOSER,0,,0.00%,ROUND,WINNER,Ben Kohles - WINNER - Pierceson Coody
Emiliano Grillo - LOSER - Lee Hodges,Emiliano Grillo,Lee Hodges,Emiliano Grillo - VS - Lee Hodges,FANDUEL,0.00,0.00,,,,,0.5217391304,0.4782608696,40.33166667,39.33666667,79.66833333,0.5062446392,0.4937553608,0.00%,,,WINNER,,LOSER,,0.01248927847,LOSER,0,,0.00%,ROUND,WINNER,Emiliano Grillo - WINNER - Lee Hodges
Kristoffer Ventura - LOSER - Marco Penge,Kristoffer Ventura,Marco Penge,Kristoffer Ventura - VS - Marco Penge,FANDUEL,0.00,0.00,,,,,0.4891657638,0.5108342362,44.98333333,44.98333333,89.96666667,0.5,0.5,0.00%,,,WINNER,,LOSER,,0,WINNER,1,,0.00%,ROUND,WINNER,Kristoffer Ventura - WINNER - Marco Penge
Mac Meissner - LOSER - Johnny Keefer,Mac Meissner,Johnny Keefer,Mac Meissner - VS - Johnny Keefer,FANDUEL,0.00,0.00,,,,,0.4891657638,0.5108342362,41.38333333,41.755,83.13833333,0.4977647696,0.5022352304,0.00%,,,WINNER,,LOSER,,-0.004470460878,WINNER,1,,0.00%,ROUND,WINNER,Mac Meissner - WINNER - Johnny Keefer
Denny McCarthy - LOSER - Sudarshan Yellamaraju,Denny McCarthy,Sudarshan Yellamaraju,Denny McCarthy - VS - Sudarshan Yellamaraju,FANDUEL,0.00,0.00,,,,,0.4826358743,0.5173641257,37.44166667,36.68333333,74.125,0.5051152333,0.4948847667,0.00%,,,WINNER,,LOSER,,0.01023046655,LOSER,0,,0.00%,ROUND,WINNER,Denny McCarthy - WINNER - Sudarshan Yellamaraju
Max Greyserman - LOSER - Rasmus Hojgaard,Max Greyserman,Rasmus Hojgaard,Max Greyserman - VS - Rasmus Hojgaard,FANDUEL,0.00,0.00,,,,,0.5198879045,0.4801120955,40.47666667,41.64166667,82.11833333,0.4929065779,0.5070934221,0.00%,,,WINNER,,LOSER,,-0.01418684419,WINNER,1,,0.00%,ROUND,WINNER,Max Greyserman - WINNER - Rasmus Hojgaard
Harry Hall - LOSER - Davis Thompson,Harry Hall,Davis Thompson,Harry Hall - VS - Davis Thompson,FANDUEL,-110.00,-120.00,1.909090909,1.833333333,0.4898785425,0.510121457,0.5,0.5,41.46333333,41.78,83.24333333,0.4980979458,0.5019020542,0.00%,1.01%,-1.01%,LOSER,0.82%,LOSER,,-0.003804108437,WINNER,0,0.82%,-1.01%,ROUND,WINNER,Harry Hall - WINNER - Davis Thompson
Matt McCarty - LOSER - Neal Shipley,Matt McCarty,Neal Shipley,Matt McCarty - VS - Neal Shipley,FANDUEL,0.00,0.00,,,,,0.4782608696,0.5217391304,0,40.91333333,40.91333333,0,1,0.00%,,,WINNER,,LOSER,,-1,WINNER,1,,0.00%,ROUND,WINNER,Matt McCarty - WINNER - Neal Shipley
Max McGreevy - LOSER - William Mouw,Max McGreevy,William Mouw,Max McGreevy - VS - William Mouw,FANDUEL,0.00,0.00,,,,,0.5205795193,0.4794204807,35.68666667,36.83833333,72.525,0.4920602091,0.5079397909,0.00%,,,WINNER,,LOSER,,-0.01587958175,WINNER,1,,0.00%,ROUND,WINNER,Max McGreevy - WINNER - William Mouw
Seamus Power - LOSER - Chandler Phillips,Seamus Power,Chandler Phillips,Seamus Power - VS - Chandler Phillips,FANDUEL,0.00,0.00,,,,,0.5043297541,0.4956702459,37.32,36.47833333,73.79833333,0.5057024775,0.4942975225,0.00%,,,WINNER,,LOSER,,0.01140495494,LOSER,0,,0.00%,ROUND,WINNER,Seamus Power - WINNER - Chandler Phillips
Joel Dahmen - LOSER - Haotong Li,Joel Dahmen,Haotong Li,Joel Dahmen - VS - Haotong Li,FANDUEL,0.00,0.00,,,,,0.5064960374,0.4935039626,34.33166667,34.33166667,68.66333333,0.5,0.5,0.00%,,,WINNER,,LOSER,,0,WINNER,1,,0.00%,ROUND,WINNER,Joel Dahmen - WINNER - Haotong Li
Matthieu Pavon - LOSER - Hank Lebioda,Matthieu Pavon,Hank Lebioda,Matthieu Pavon - VS - Hank Lebioda,FANDUEL,0.00,0.00,,,,,,,33.17333333,31.485,64.65833333,0.5130558062,0.4869441938,0.00%,,,WINNER,,LOSER,,0.02611161232,LOSER,0,,0.00%,ROUND,WINNER,Matthieu Pavon - WINNER - Hank Lebioda
Kevin Roy - LOSER - Taylor Moore,Kevin Roy,Taylor Moore,Kevin Roy - VS - Taylor Moore,FANDUEL,0.00,0.00,,,,,,,41.215,37.42666667,78.64166667,0.5240860443,0.4759139557,0.00%,,,WINNER,,LOSER,,0.04817208859,LOSER,0,,0.00%,ROUND,WINNER,Kevin Roy - WINNER - Taylor Moore
Christiaan Bezuidenhout - LOSER - Zach Bauchou,Christiaan Bezuidenhout,Zach Bauchou,Christiaan Bezuidenhout - VS - Zach Bauchou,FANDUEL,0.00,0.00,,,,,,,41.08166667,41.08166667,82.16333333,0.5,0.5,0.00%,,,WINNER,,LOSER,,0,WINNER,1,,0.00%,ROUND,WINNER,Christiaan Bezuidenhout - WINNER - Zach Bauchou
Tony Finau - LOSER - Pierceson Coody,Tony Finau,Pierceson Coody,Tony Finau - VS - Pierceson Coody,FANDUEL,0.00,0.00,,,,,,,38.155,41.47833333,79.63333333,0.4791335287,0.5208664713,0.00%,,,WINNER,,LOSER,,-0.04173294265,WINNER,1,,0.00%,ROUND,WINNER,Tony Finau - WINNER - Pierceson Coody
Emiliano Grillo - LOSER - Ben Kohles,Emiliano Grillo,Ben Kohles,Emiliano Grillo - VS - Ben Kohles,FANDUEL,0.00,0.00,,,,,,,40.33166667,42.53166667,82.86333333,0.4867251297,0.5132748703,0.00%,,,WINNER,,LOSER,,-0.02654974054,WINNER,1,,0.00%,ROUND,WINNER,Emiliano Grillo - WINNER - Ben Kohles
Doug Ghim - LOSER - Johnny Keefer,Doug Ghim,Johnny Keefer,Doug Ghim - VS - Johnny Keefer,FANDUEL,0.00,0.00,,,,,,,45.57333333,41.755,87.32833333,0.5218619387,0.4781380613,0.00%,,,WINNER,,LOSER,,0.04372387732,LOSER,0,,0.00%,ROUND,WINNER,Doug Ghim - WINNER - Johnny Keefer
Jackson Suber - LOSER - Neal Shipley,Jackson Suber,Neal Shipley,Jackson Suber - VS - Neal Shipley,FANDUEL,0.00,0.00,,,,,,,42.70833333,40.91333333,83.62166667,0.5107328643,0.4892671357,0.00%,,,WINNER,,LOSER,,0.02146572858,LOSER,0,,0.00%,ROUND,WINNER,Jackson Suber - WINNER - Neal Shipley
Michael Brennan - LOSER - Ben James,Michael Brennan,Ben James,Michael Brennan - VS - Ben James,FANDUEL,0.00,0.00,,,,,,,44.11,44.11,88.22,0.5,0.5,0.00%,,,WINNER,,LOSER,,0,WINNER,1,,0.00%,ROUND,WINNER,Michael Brennan - WINNER - Ben James
Kevin Yu - LOSER - Matt McCarty,Kevin Yu,Matt McCarty,Kevin Yu - VS - Matt McCarty,FANDUEL,0.00,0.00,,,,,,,42.54166667,0,42.54166667,1,0,0.00%,,,WINNER,,LOSER,,1,LOSER,0,,0.00%,ROUND,WINNER,Kevin Yu - WINNER - Matt McCarty
Rico Hoey - LOSER - Garrick Higgo,Rico Hoey,Garrick Higgo,Rico Hoey - VS - Garrick Higgo,FANDUEL,0.00,0.00,,,,,,,41.72,33.325,75.045,0.5559331068,0.4440668932,0.00%,,,WINNER,,LOSER,,0.1118662136,LOSER,0,,0.00%,ROUND,WINNER,Rico Hoey - WINNER - Garrick Higgo
Max McGreevy - LOSER - Harry Hall,Max McGreevy,Harry Hall,Max McGreevy - VS - Harry Hall,FANDUEL,0.00,0.00,,,,,,,35.68666667,41.46333333,77.15,0.4625621084,0.5374378916,0.00%,,,WINNER,,LOSER,,-0.07487578311,WINNER,1,,0.00%,ROUND,WINNER,Max McGreevy - WINNER - Harry Hall
Jesper Svensson - LOSER - David Ford,Jesper Svensson,David Ford,Jesper Svensson - VS - David Ford,FANDUEL,0.00,0.00,,,,,,,35.69833333,36.44333333,72.14166667,0.4948365485,0.5051634515,0.00%,,,WINNER,,LOSER,,-0.01032690308,WINNER,1,,0.00%,ROUND,WINNER,Jesper Svensson - WINNER - David Ford
Mackenzie Hughes - LOSER - Christiaan Bezuidenhout,Mackenzie Hughes,Christiaan Bezuidenhout,Mackenzie Hughes - VS - Christiaan Bezuidenhout,FANDUEL,100.00,-125.00,2,1.8,0.4736842105,0.526315789,0.4736842105,0.5263157895,40.705,41.08166667,81.78666667,0.4976972612,0.5023027388,0.00%,0.00%,0.00%,LOSER,2.40%,LOSER,,-0.004605477665,WINNER,0,2.40%,0.00%,ROUND,WINNER,Mackenzie Hughes - WINNER - Christiaan Bezuidenhout
Tony Finau - LOSER - Takumi Kanaya,Tony Finau,Takumi Kanaya,Tony Finau - VS - Takumi Kanaya,FANDUEL,-111.00,-111.00,1.900900901,1.900900901,0.5,0.500000000,0.5,0.5,38.155,35.14,73.295,0.5205675694,0.4794324306,0.00%,0.00%,0.00%,LOSER,2.06%,LOSER,2.06%,0.04113513882,LOSER,1,2.06%,0.00%,ROUND,WINNER,Tony Finau - WINNER - Takumi Kanaya
Rasmus Hojgaard - LOSER - Jackson Koivun,Rasmus Hojgaard,Jackson Koivun,Rasmus Hojgaard - VS - Jackson Koivun,FANDUEL,125.00,-163.00,2.25,1.613496933,0.4726815241,0.527318476,0.4726815241,0.5273184759,41.64166667,44.89675439,86.53842105,0.4811928177,0.5188071823,0.00%,0.00%,0.00%,LOSER,0.85%,LOSER,,-0.03761436458,WINNER,0,0.85%,0.00%,ROUND,WINNER,Rasmus Hojgaard - WINNER - Jackson Koivun
Billy Horschel - LOSER - Nick Taylor,Billy Horschel,Nick Taylor,Billy Horschel - VS - Nick Taylor,FANDUEL,-111.00,-111.00,1.900900901,1.900900901,0.5,0.500000000,0.5,0.5,41.305,41.82166667,83.12666667,0.4968922929,0.5031077071,0.00%,0.00%,0.00%,LOSER,-0.31%,LOSER,,-0.006215414227,WINNER,0,-0.31%,0.00%,ROUND,LOSER,Billy Horschel - LOSER - Nick Taylor
Doug Ghim - LOSER - Sudarshan Yellamaraju,Doug Ghim,Sudarshan Yellamaraju,Doug Ghim - VS - Sudarshan Yellamaraju,FANDUEL,-150.00,125.00,1.666666667,2.25,0.5192307692,0.480769231,0.5192307692,0.4807692308,45.57333333,36.68333333,82.25666667,0.5540381732,0.4459618268,0.00%,0.00%,0.00%,WINNER,3.48%,LOSER,,0.1080763464,LOSER,0,3.48%,0.00%,ROUND,WINNER,Doug Ghim - WINNER - Sudarshan Yellamaraju
Chris Kirk - LOSER - Max Homa,Chris Kirk,Max Homa,Chris Kirk - VS - Max Homa,FANDUEL,100.00,-125.00,2,1.8,0.4736842105,0.526315789,0.4736842105,0.5263157895,42.29833333,42.85333333,85.15166667,0.496741109,0.503258891,0.00%,0.00%,0.00%,LOSER,2.31%,LOSER,,-0.006517781997,WINNER,0,2.31%,0.00%,ROUND,WINNER,Chris Kirk - WINNER - Max Homa
Kevin Yu - LOSER - Doug Ghim,Kevin Yu,Doug Ghim,Kevin Yu - VS - Doug Ghim,FANDUEL,0.00,0.00,,,,,0.4769810268,0.5230189732,42.54166667,45.57333333,88.115,0.4827971023,0.5172028977,0.00%,,,WINNER,,LOSER,,-0.03440579546,WINNER,1,,0.00%,ROUND,WINNER,Kevin Yu - WINNER - Doug Ghim
Matt Wallace - LOSER - Davis Thompson,Matt Wallace,Davis Thompson,Matt Wallace - VS - Davis Thompson,FANDUEL,0.00,0.00,,,,,0.5290292615,0.4709707385,43.17,41.78,84.95,0.5081812831,0.4918187169,0.00%,,,WINNER,,LOSER,,0.01636256622,LOSER,0,,0.00%,ROUND,WINNER,Matt Wallace - WINNER - Davis Thompson
Beau Hossler - LOSER - Kristoffer Ventura,Beau Hossler,Kristoffer Ventura,Beau Hossler - VS - Kristoffer Ventura,FANDUEL,0.00,0.00,,,,,0.4796954315,0.5203045685,43.22333333,43.22333333,86.44666667,0.5,0.5,0.00%,,,WINNER,,LOSER,,0,WINNER,1,,0.00%,ROUND,WINNER,Beau Hossler - WINNER - Kristoffer Ventura
Rico Hoey - LOSER - Steven Fisk,Rico Hoey,Steven Fisk,Rico Hoey - VS - Steven Fisk,FANDUEL,0.00,0.00,,,,,0.5162199424,0.4837800576,41.72,37.37166667,79.09166667,0.5274892003,0.4725107997,0.00%,,,WINNER,,LOSER,,0.05497840059,LOSER,0,,0.00%,ROUND,WINNER,Rico Hoey - WINNER - Steven Fisk
Christiaan Bezuidenhout - LOSER - Kevin Roy,Christiaan Bezuidenhout,Kevin Roy,Christiaan Bezuidenhout - VS - Kevin Roy,FANDUEL,0.00,0.00,,,,,0.4979776735,0.5020223265,41.08166667,41.215,82.29666667,0.4991899226,0.5008100774,0.00%,,,WINNER,,LOSER,,-0.001620154725,WINNER,1,,0.00%,ROUND,WINNER,Christiaan Bezuidenhout - WINNER - Kevin Roy
Emiliano Grillo - LOSER - Pierceson Coody,Emiliano Grillo,Pierceson Coody,Emiliano Grillo - VS - Pierceson Coody,FANDUEL,0.00,0.00,,,,,0.5223540888,0.4776459112,40.33166667,41.47833333,81.81,0.4929918918,0.5070081082,0.00%,,,WINNER,,LOSER,,-0.01401621644,WINNER,1,,0.00%,ROUND,WINNER,Emiliano Grillo - WINNER - Pierceson Coody
Seamus Power - LOSER - William Mouw,Seamus Power,William Mouw,Seamus Power - VS - William Mouw,FANDUEL,0.00,0.00,,,,,0.4776459112,0.5223540888,37.32,36.83833333,74.15833333,0.5032475559,0.4967524441,0.00%,,,WINNER,,LOSER,,0.00649511181,LOSER,0,,0.00%,ROUND,WINNER,Seamus Power - WINNER - William Mouw
Max Homa - LOSER - Takumi Kanaya,Max Homa,Takumi Kanaya,Max Homa - VS - Takumi Kanaya,FANDUEL,0.00,0.00,,,,,0.5040451438,0.4959548562,42.85333333,35.14,77.99333333,0.5494486708,0.4505513292,0.00%,,,WINNER,,LOSER,,0.09889734165,LOSER,0,,0.00%,ROUND,WINNER,Max Homa - WINNER - Takumi Kanaya
Chad Ramey - LOSER - Davis Chatfield,Chad Ramey,Davis Chatfield,Chad Ramey - VS - Davis Chatfield,FANDUEL,0.00,0.00,,,,,0.5060689432,0.4939310568,35.85,35.55833333,71.40833333,0.5020422453,0.4979577547,0.00%,,,WINNER,,LOSER,,0.004084490606,LOSER,0,,0.00%,ROUND,WINNER,Chad Ramey - WINNER - Davis Chatfield
Mark Hubbard - LOSER - Stephan Jaeger,Mark Hubbard,Stephan Jaeger,Mark Hubbard - VS - Stephan Jaeger,FANDUEL,0.00,0.00,,,,,0.4701955174,0.5298044826,33.04833333,40.02833333,73.07666667,0.4522419377,0.5477580623,0.00%,,,WINNER,,LOSER,,-0.09551612462,WINNER,1,,0.00%,ROUND,WINNER,Mark Hubbard - WINNER - Stephan Jaeger
Haotong Li - LOSER - Paul Peterson,Haotong Li,Paul Peterson,Haotong Li - VS - Paul Peterson,FANDUEL,0.00,0.00,,,,,0.5302041803,0.4697958197,31.175,31.175,62.35,0.5,0.5,0.00%,,,WINNER,,LOSER,,0,WINNER,1,,0.00%,ROUND,WINNER,Haotong Li - WINNER - Paul Peterson
Hank Lebioda - LOSER - Taylor Moore,Hank Lebioda,Taylor Moore,Hank Lebioda - VS - Taylor Moore,FANDUEL,0.00,0.00,,,,,0.4731182796,0.5268817204,31.485,37.42666667,68.91166667,0.4568892544,0.5431107456,0.00%,,,WINNER,,LOSER,,-0.08622149128,WINNER,1,,0.00%,ROUND,WINNER,Hank Lebioda - WINNER - Taylor Moore
Mac Meissner - LOSER - Michael Brennan,Mac Meissner,Michael Brennan,Mac Meissner - VS - Michael Brennan,FANDUEL,0.00,0.00,,,,,0.4709707385,0.5290292615,41.38333333,44.11,85.49333333,0.4840533375,0.5159466625,0.00%,,,WINNER,,LOSER,,-0.03189332502,WINNER,1,,0.00%,ROUND,WINNER,Mac Meissner - WINNER - Michael Brennan
Jackson Suber - LOSER - Johnny Keefer,Jackson Suber,Johnny Keefer,Jackson Suber - VS - Johnny Keefer,FANDUEL,0.00,0.00,,,,,0.4837800576,0.5162199424,42.70833333,41.755,84.46333333,0.5056434745,0.4943565255,0.00%,,,WINNER,,LOSER,,0.01128694897,LOSER,0,,0.00%,ROUND,WINNER,Jackson Suber - WINNER - Johnny Keefer
Mackenzie Hughes - LOSER - Jordan Smith,Mackenzie Hughes,Jordan Smith,Mackenzie Hughes - VS - Jordan Smith,FANDUEL,0.00,0.00,,,,,0.4780533922,0.5219466078,40.705,40.705,81.41,0.5,0.5,0.00%,,,WINNER,,LOSER,,0,WINNER,1,,0.00%,ROUND,WINNER,Mackenzie Hughes - WINNER - Jordan Smith
Chris Kirk - LOSER - John Parry,Chris Kirk,John Parry,Chris Kirk - VS - John Parry,FANDUEL,0.00,0.00,,,,,0.5162199424,0.4837800576,42.29833333,40.42,82.71833333,0.511353791,0.488646209,0.00%,,,WINNER,,LOSER,,0.02270758195,LOSER,0,,0.00%,ROUND,WINNER,Chris Kirk - WINNER - John Parry
Ben Kohles - LOSER - Marco Penge,Ben Kohles,Marco Penge,Ben Kohles - VS - Marco Penge,FANDUEL,0.00,0.00,,,,,0.5182600227,0.4817399773,42.53166667,44.98333333,87.515,0.4859928774,0.5140071226,0.00%,,,WINNER,,LOSER,,-0.02801424518,WINNER,1,,0.00%,ROUND,WINNER,Ben Kohles - WINNER - Marco Penge
Austin Smotherman - LOSER - Lee Hodges,Austin Smotherman,Lee Hodges,Austin Smotherman - VS - Lee Hodges,FANDUEL,0.00,0.00,,,,,0.5101214575,0.4898785425,37.10166667,39.33666667,76.43833333,0.485380372,0.514619628,0.00%,,,WINNER,,LOSER,,-0.02923925605,WINNER,1,,0.00%,ROUND,WINNER,Austin Smotherman - WINNER - Lee Hodges
Chandler Phillips - LOSER - Trace Crowe,Chandler Phillips,Trace Crowe,Chandler Phillips - VS - Trace Crowe,FANDUEL,0.00,0.00,,,,,0.5275694751,0.4724305249,36.47833333,35.26166667,71.74,0.5084796952,0.4915203048,0.00%,,,WINNER,,LOSER,,0.01695939039,LOSER,0,,0.00%,ROUND,WINNER,Chandler Phillips - WINNER - Trace Crowe
Max Greyserman - LOSER - Sudarshan Yellamaraju,Max Greyserman,Sudarshan Yellamaraju,Max Greyserman - VS - Sudarshan Yellamaraju,FANDUEL,0.00,0.00,,,,,0.4761904762,0.5238095238,40.47666667,36.68333333,77.16,0.5245809573,0.4754190427,0.00%,,,WINNER,,LOSER,,0.04916191464,LOSER,0,,0.00%,ROUND,WINNER,Max Greyserman - WINNER - Sudarshan Yellamaraju
Billy Horschel - LOSER - Matthieu Pavon,Billy Horschel,Matthieu Pavon,Billy Horschel - VS - Matthieu Pavon,FANDUEL,0.00,0.00,,,,,0.4959548562,0.5040451438,41.305,33.17333333,74.47833333,0.5545908206,0.4454091794,0.00%,,,WINNER,,LOSER,,0.1091816412,LOSER,0,,0.00%,ROUND,WINNER,Billy Horschel - WINNER - Matthieu Pavon
Patrick Fishburn - LOSER - David Ford,Patrick Fishburn,David Ford,Patrick Fishburn - VS - David Ford,FANDUEL,0.00,0.00,,,,,0.4724305249,0.5275694751,35.695,36.44333333,72.13833333,0.4948132061,0.5051867939,0.00%,,,WINNER,,LOSER,,-0.01037358778,WINNER,1,,0.00%,ROUND,WINNER,Patrick Fishburn - WINNER - David Ford
Zecheng Dou - LOSER - Gordon Sargent,Zecheng Dou,Gordon Sargent,Zecheng Dou - VS - Gordon Sargent,FANDUEL,0.00,0.00,,,,,0.5243791445,0.4756208555,39.76333333,37.21166667,76.975,0.5165746454,0.4834253546,0.00%,,,WINNER,,LOSER,,0.0331492909,LOSER,0,,0.00%,ROUND,WINNER,Zecheng Dou - WINNER - Gordon Sargent
Andrew Putnam - LOSER - Joe Highsmith,Andrew Putnam,Joe Highsmith,Andrew Putnam - VS - Joe Highsmith,FANDUEL,0.00,0.00,,,,,0.5228427078,0.4771572922,34.53833333,30.33,64.86833333,0.5324375016,0.4675624984,0.00%,,,WINNER,,LOSER,,0.06487500321,LOSER,0,,0.00%,ROUND,WINNER,Andrew Putnam - WINNER - Joe Highsmith
Joel Dahmen - LOSER - Zac Blair,Joel Dahmen,Zac Blair,Joel Dahmen - VS - Zac Blair,FANDUEL,0.00,0.00,,,,,0.5162199424,0.4837800576,34.33166667,35.95833333,70.29,0.4884288898,0.5115711102,0.00%,,,WINNER,,LOSER,,-0.02314222033,WINNER,1,,0.00%,ROUND,WINNER,Joel Dahmen - WINNER - Zac Blair
Jordan Smith - LOSER - Zach Bauchou,Jordan Smith,Zach Bauchou,Jordan Smith - VS - Zach Bauchou,FANDUEL,0.00,0.00,,,,,0.5240847784,0.4759152216,,,0,0,0,0.00%,,,WINNER,,LOSER,,0,WINNER,1,,0.00%,ROUND,WINNER,Jordan Smith - WINNER - Zach Bauchou
Nick Taylor - LOSER - Kevin Roy,Nick Taylor,Kevin Roy,Nick Taylor - VS - Kevin Roy,FANDUEL,0.00,0.00,,,,,0.5060689432,0.4939310568,41.82166667,41.215,83.03666667,0.5036530047,0.4963469953,0.00%,,,WINNER,,LOSER,,0.007306009393,LOSER,0,,0.00%,ROUND,WINNER,Nick Taylor - WINNER - Kevin Roy
Emiliano Grillo - LOSER - Eric Cole,Emiliano Grillo,Eric Cole,Emiliano Grillo - VS - Eric Cole,FANDUEL,0.00,0.00,,,,,0.4776459112,0.5223540888,40.33166667,43.53333333,83.865,0.4809117828,0.5190882172,0.00%,,,WINNER,,LOSER,,-0.03817643435,WINNER,1,,0.00%,ROUND,WINNER,Emiliano Grillo - WINNER - Eric Cole
Kristoffer Ventura - LOSER - Pierceson Coody,Kristoffer Ventura,Pierceson Coody,Kristoffer Ventura - VS - Pierceson Coody,FANDUEL,0.00,0.00,,,,,0.5010179153,0.4989820847,41.47833333,41.47833333,82.95666667,0.5,0.5,0.00%,,,WINNER,,LOSER,,0,WINNER,1,,0.00%,ROUND,WINNER,Kristoffer Ventura - WINNER - Pierceson Coody
Matt McCarty - LOSER - Johnny Keefer,Matt McCarty,Johnny Keefer,Matt McCarty - VS - Johnny Keefer,FANDUEL,0.00,0.00,,,,,0.4898785425,0.5101214575,0,41.755,41.755,0,1,0.00%,,,WINNER,,LOSER,,-1,WINNER,1,,0.00%,ROUND,WINNER,Matt McCarty - WINNER - Johnny Keefer
Doug Ghim - LOSER - Ben James,Doug Ghim,Ben James,Doug Ghim - VS - Ben James,FANDUEL,0.00,0.00,,,,,0.4876847291,0.5123152709,45.57333333,45.57333333,91.14666667,0.5,0.5,0.00%,,,WINNER,,LOSER,,0,WINNER,1,,0.00%,ROUND,WINNER,Doug Ghim - WINNER - Ben James
Kevin Yu - LOSER - Jackson Suber,Kevin Yu,Jackson Suber,Kevin Yu - VS - Jackson Suber,FANDUEL,0.00,0.00,,,,,0.4939310568,0.5060689432,42.54166667,42.70833333,85.25,0.4990224829,0.5009775171,0.00%,,,WINNER,,LOSER,,-0.001955034213,WINNER,1,,0.00%,ROUND,WINNER,Kevin Yu - WINNER - Jackson Suber
Stephan Jaeger - LOSER - Michael Brennan,Stephan Jaeger,Michael Brennan,Stephan Jaeger - VS - Michael Brennan,FANDUEL,0.00,0.00,,,,,0.4713114754,0.5286885246,40.02833333,44.11,84.13833333,0.47574431,0.52425569,0.00%,,,WINNER,,LOSER,,-0.04851138007,WINNER,1,,0.00%,ROUND,WINNER,Stephan Jaeger - WINNER - Michael Brennan
Max McGreevy - LOSER - David Ford,Max McGreevy,David Ford,Max McGreevy - VS - David Ford,FANDUEL,0.00,0.00,,,,,0.5040997048,0.4959002952,35.68666667,36.44333333,72.13,0.4947548408,0.5052451592,0.00%,,,WINNER,,LOSER,,-0.01049031841,WINNER,1,,0.00%,ROUND,WINNER,Max McGreevy - WINNER - David Ford
  - LOSER -  , , ,  - VS -  ,FANDUEL,0.00,0.00,,,,,,,,,0,0,0,0.00%,,,WINNER,,LOSER,,0,WINNER,1,,0.00%,ROUND,WINNER,  - WINNER -  
  - LOSER -  , , ,  - VS -  ,FANDUEL,0.00,0.00,,,,,,,,,0,0,0,0.00%,,,WINNER,,LOSER,,0,WINNER,1,,0.00%,ROUND,WINNER,  - WINNER -  
  - LOSER -  , , ,  - VS -  ,FANDUEL,0.00,0.00,,,,,,,,,0,0,0,0.00%,,,WINNER,,LOSER,,0,WINNER,1,,0.00%,ROUND,WINNER,  - WINNER -  
  - LOSER -  , , ,  - VS -  ,FANDUEL,0.00,0.00,,,,,,,,,0,0,0,0.00%,,,WINNER,,LOSER,,0,WINNER,1,,0.00%,ROUND,WINNER,  - WINNER -  
  - LOSER -  , , ,  - VS -  ,FANDUEL,0.00,0.00,,,,,,,,,0,0,0,0.00%,,,WINNER,,LOSER,,0,WINNER,1,,0.00%,ROUND,WINNER,  - WINNER -  
  - LOSER -  , , ,  - VS -  ,FANDUEL,0.00,0.00,,,,,,,,,0,0,0,0.00%,,,WINNER,,LOSER,,0,WINNER,1,,0.00%,ROUND,WINNER,  - WINNER -  
  - LOSER -  , , ,  - VS -  ,FANDUEL,0.00,0.00,,,,,,,,,0,0,0,0.00%,,,WINNER,,LOSER,,0,WINNER,1,,0.00%,ROUND,WINNER,  - WINNER -  
  - LOSER -  , , ,  - VS -  ,FANDUEL,0.00,0.00,,,,,,,,,0,0,0,0.00%,,,WINNER,,LOSER,,0,WINNER,1,,0.00%,ROUND,WINNER,  - WINNER -  
  - LOSER -  , , ,  - VS -  ,FANDUEL,0.00,0.00,,,,,,,,,0,0,0,0.00%,,,WINNER,,LOSER,,0,WINNER,1,,0.00%,ROUND,WINNER,  - WINNER -  
  - LOSER -  , , ,  - VS -  ,FANDUEL,0.00,0.00,,,,,,,,,0,0,0,0.00%,,,WINNER,,LOSER,,0,WINNER,1,,0.00%,ROUND,WINNER,  - WINNER -  
  - LOSER -  , , ,  - VS -  ,FANDUEL,0.00,0.00,,,,,,,,,0,0,0,0.00%,,,WINNER,,LOSER,,0,WINNER,1,,0.00%,ROUND,WINNER,  - WINNER -  
  - LOSER -  , , ,  - VS -  ,FANDUEL,0.00,0.00,,,,,,,,,0,0,0,0.00%,,,WINNER,,LOSER,,0,WINNER,1,,0.00%,ROUND,WINNER,  - WINNER -  
  - LOSER -  , , ,  - VS -  ,FANDUEL,0.00,0.00,,,,,,,,,0,0,0,0.00%,,,WINNER,,LOSER,,0,WINNER,1,,0.00%,ROUND,WINNER,  - WINNER -  
  - LOSER -  , , ,  - VS -  ,FANDUEL,0.00,0.00,,,,,,,,,0,0,0,0.00%,,,WINNER,,LOSER,,0,WINNER,1,,0.00%,ROUND,WINNER,  - WINNER -  
  - LOSER -  , , ,  - VS -  ,FANDUEL,0.00,0.00,,,,,,,,,0,0,0,0.00%,,,WINNER,,LOSER,,0,WINNER,1,,0.00%,ROUND,WINNER,  - WINNER -  
  - LOSER -  , , ,  - VS -  ,FANDUEL,0.00,0.00,,,,,,,,,0,0,0,0.00%,,,WINNER,,LOSER,,0,WINNER,1,,0.00%,ROUND,WINNER,  - WINNER -  
  - LOSER -  , , ,  - VS -  ,FANDUEL,0.00,0.00,,,,,,,,,0,0,0,0.00%,,,WINNER,,LOSER,,0,WINNER,1,,0.00%,ROUND,WINNER,  - WINNER -  
  - LOSER -  , , ,  - VS -  ,FANDUEL,0.00,0.00,,,,,,,,,0,0,0,0.00%,,,WINNER,,LOSER,,0,WINNER,1,,0.00%,ROUND,WINNER,  - WINNER -  
  - LOSER -  , , ,  - VS -  ,FANDUEL,0.00,0.00,,,,,,,,,0,0,0,0.00%,,,WINNER,,LOSER,,0,WINNER,1,,0.00%,ROUND,WINNER,  - WINNER -  
  - LOSER -  , , ,  - VS -  ,FANDUEL,0.00,0.00,,,,,,,,,0,0,0,0.00%,,,WINNER,,LOSER,,0,WINNER,1,,0.00%,ROUND,WINNER,  - WINNER -  
  - LOSER -  , , ,  - VS -  ,FANDUEL,0.00,0.00,,,,,,,,,0,0,0,0.00%,,,WINNER,,LOSER,,0,WINNER,1,,0.00%,ROUND,WINNER,  - WINNER -  
  - LOSER -  , , ,  - VS -  ,FANDUEL,0.00,0.00,,,,,,,,,0,0,0,0.00%,,,WINNER,,LOSER,,0,WINNER,1,,0.00%,ROUND,WINNER,  - WINNER -  
  - LOSER -  , , ,  - VS -  ,FANDUEL,0.00,0.00,,,,,,,,,0,0,0,0.00%,,,WINNER,,LOSER,,0,WINNER,1,,0.00%,ROUND,WINNER,  - WINNER -  
  - LOSER -  , , ,  - VS -  ,FANDUEL,0.00,0.00,,,,,,,,,0,0,0,0.00%,,,WINNER,,LOSER,,0,WINNER,1,,0.00%,ROUND,WINNER,  - WINNER -  
  - LOSER -  , , ,  - VS -  ,FANDUEL,0.00,0.00,,,,,,,,,0,0,0,0.00%,,,WINNER,,LOSER,,0,WINNER,1,,0.00%,ROUND,WINNER,  - WINNER -  
  - LOSER -  , , ,  - VS -  ,FANDUEL,0.00,0.00,,,,,,,,,0,0,0,0.00%,,,WINNER,,LOSER,,0,WINNER,1,,0.00%,ROUND,WINNER,  - WINNER -  
  - LOSER -  , , ,  - VS -  ,FANDUEL,0.00,0.00,,,,,,,,,0,0,0,0.00%,,,WINNER,,LOSER,,0,WINNER,1,,0.00%,ROUND,WINNER,  - WINNER -  
  - LOSER -  , , ,  - VS -  ,FANDUEL,0.00,0.00,,,,,,,,,0,0,0,0.00%,,,WINNER,,LOSER,,0,WINNER,1,,0.00%,ROUND,WINNER,  - WINNER -  
  - LOSER -  , , ,  - VS -  ,FANDUEL,0.00,0.00,,,,,,,,,0,0,0,0.00%,,,WINNER,,LOSER,,0,WINNER,1,,0.00%,ROUND,WINNER,  - WINNER -  
  - LOSER -  , , ,  - VS -  ,FANDUEL,0.00,0.00,,,,,,,,,0,0,0,0.00%,,,WINNER,,LOSER,,0,WINNER,1,,0.00%,ROUND,WINNER,  - WINNER -  
  - LOSER -  , , ,  - VS -  ,FANDUEL,0.00,0.00,,,,,,,,,0,0,0,0.00%,,,WINNER,,LOSER,,0,WINNER,1,,0.00%,ROUND,WINNER,  - WINNER -  
  - LOSER -  , , ,  - VS -  ,FANDUEL,0.00,0.00,,,,,,,,,0,0,0,0.00%,,,WINNER,,LOSER,,0,WINNER,1,,0.00%,ROUND,WINNER,  - WINNER -  
  - LOSER -  , , ,  - VS -  ,FANDUEL,0.00,0.00,,,,,,,,,0,0,0,0.00%,,,WINNER,,LOSER,,0,WINNER,1,,0.00%,ROUND,WINNER,  - WINNER -  
  - LOSER -  , , ,  - VS -  ,FANDUEL,0.00,0.00,,,,,,,,,0,0,0,0.00%,,,WINNER,,LOSER,,0,WINNER,1,,0.00%,ROUND,WINNER,  - WINNER -  
  - LOSER -  , , ,  - VS -  ,FANDUEL,0.00,0.00,,,,,,,,,0,0,0,0.00%,,,WINNER,,LOSER,,0,WINNER,1,,0.00%,ROUND,WINNER,  - WINNER -  
  - LOSER -  , , ,  - VS -  ,FANDUEL,0.00,0.00,,,,,,,,,0,0,0,0.00%,,,WINNER,,LOSER,,0,WINNER,1,,0.00%,ROUND,WINNER,  - WINNER -  
  - LOSER -  , , ,  - VS -  ,FANDUEL,0.00,0.00,,,,,,,,,0,0,0,0.00%,,,WINNER,,LOSER,,0,WINNER,1,,0.00%,ROUND,WINNER,  - WINNER -  
 - LOSER - ,,,,FANDUEL,,,,,,,,,,,0,0,0,0.00%,,,WINNER,,LOSER,,0,WINNER,1,,0.00%,ROUND,WINNER, - WINNER - 
 - LOSER - ,,,,FANDUEL,,,,,,,,,,,0,0,0,0.00%,,,WINNER,,LOSER,,0,WINNER,1,,0.00%,ROUND,WINNER, - WINNER - 
 - LOSER - ,,,,FANDUEL,,,,,,,,,,,0,0,0,0.00%,,,WINNER,,LOSER,,0,WINNER,1,,0.00%,ROUND,WINNER, - WINNER - 
 - LOSER - ,,,,FANDUEL,,,,,,,,,,,0,0,0,0.00%,,,WINNER,,LOSER,,0,WINNER,1,,0.00%,ROUND,WINNER, - WINNER - 
 - LOSER - ,,,,FANDUEL,,,,,,,,,,,0,0,0,0.00%,,,WINNER,,LOSER,,0,WINNER,1,,0.00%,ROUND,WINNER, - WINNER - 
 - LOSER - ,,,,FANDUEL,,,,,,,,,,,0,0,0,0.00%,,,WINNER,,LOSER,,0,WINNER,1,,0.00%,ROUND,WINNER, - WINNER - 
 - LOSER - ,,,,FANDUEL,,,,,,,,,,,0,0,0,0.00%,,,WINNER,,LOSER,,0,WINNER,1,,0.00%,ROUND,WINNER, - WINNER - 
 - LOSER - ,,,,FANDUEL,,,,,,,,,,,0,0,0,0.00%,,,WINNER,,LOSER,,0,WINNER,1,,0.00%,ROUND,WINNER, - WINNER - 
 - LOSER - ,,,,FANDUEL,,,,,,,,,,,0,0,0,0.00%,,,WINNER,,LOSER,,0,WINNER,1,,0.00%,ROUND,WINNER, - WINNER - 
 - LOSER - ,,,,FANDUEL,,,,,,,,,,,0,0,0,0.00%,,,WINNER,,LOSER,,0,WINNER,1,,0.00%,ROUND,WINNER, - WINNER - 
 - LOSER - ,,,,FANDUEL,,,,,,,,,,,0,0,0,0.00%,,,WINNER,,LOSER,,0,WINNER,1,,0.00%,ROUND,WINNER, - WINNER - 
 - LOSER - ,,,,FANDUEL,,,,,,,,,,,0,0,0,0.00%,,,WINNER,,LOSER,,0,WINNER,1,,0.00%,ROUND,WINNER, - WINNER - 
 - LOSER - ,,,,FANDUEL,,,,,,,,,,,0,0,0,0.00%,,,WINNER,,LOSER,,0,WINNER,1,,0.00%,ROUND,WINNER, - WINNER - 
 - LOSER - ,,,,FANDUEL,,,,,,,,,,,0,0,0,0.00%,,,WINNER,,LOSER,,0,WINNER,1,,0.00%,ROUND,WINNER, - WINNER - 
 - LOSER - ,,,,FANDUEL,,,,,,,0.4825716499,0.5174283501,,,0,0,0,0.00%,,,WINNER,,LOSER,,0,WINNER,1,,0.00%,ROUND,WINNER, - WINNER - 
 - LOSER - ,,,,FANDUEL,,,,,,,0.5222101842,0.4777898158,,,0,0,0,0.00%,,,WINNER,,LOSER,,0,WINNER,1,,0.00%,ROUND,WINNER, - WINNER - 
 - LOSER - ,,,,FANDUEL,,,,,,,0.5,0.5,,,0,0,0,0.00%,,,WINNER,,LOSER,,0,WINNER,1,,0.00%,ROUND,WINNER, - WINNER - 
 - LOSER - ,,,,FANDUEL,,,,,,,0.4702258727,0.5297741273,,,0,0,0,0.00%,,,WINNER,,LOSER,,0,WINNER,1,,0.00%,ROUND,WINNER, - WINNER - 
 - LOSER - ,,,,FANDUEL,,,,,,,0.4811840294,0.5188159706,,,0,0,0,0.00%,,,WINNER,,LOSER,,0,WINNER,1,,0.00%,ROUND,WINNER, - WINNER - 
 - LOSER - ,,,,FANDUEL,,,,,,,0.500539258,0.499460742,,,0,0,0,0.00%,,,WINNER,,LOSER,,0,WINNER,1,,0.00%,ROUND,WINNER, - WINNER - 
 - LOSER - ,,,,FANDUEL,,,,,,,0.4911345668,0.5088654332,,,0,0,0,0.00%,,,WINNER,,LOSER,,0,WINNER,1,,0.00%,ROUND,WINNER, - WINNER - 
 - LOSER - ,,,,FANDUEL,,,,,,,0.479338843,0.520661157,,,0,0,0,0.00%,,,WINNER,,LOSER,,0,WINNER,1,,0.00%,ROUND,WINNER, - WINNER - 
 - LOSER - ,,,,FANDUEL,,,,,,,0.5193370166,0.4806629834,,,0,0,0,0.00%,,,WINNER,,LOSER,,0,WINNER,1,,0.00%,ROUND,WINNER, - WINNER - 
 - LOSER - ,,,,FANDUEL,,,,,,,0.5,0.5,,,0,0,0,0.00%,,,WINNER,,LOSER,,0,WINNER,1,,0.00%,ROUND,WINNER, - WINNER - 
 - LOSER - ,,,,FANDUEL,,,,,,,0.4782608696,0.5217391304,,,0,0,0,0.00%,,,WINNER,,LOSER,,0,WINNER,1,,0.00%,ROUND,WINNER, - WINNER - 
 - LOSER - ,,,,FANDUEL,,,,,,,0.5,0.5,,,0,0,0,0.00%,,,WINNER,,LOSER,,0,WINNER,1,,0.00%,ROUND,WINNER, - WINNER - 
 - LOSER - ,,,,FANDUEL,,,,,,,0.4796954315,0.5203045685,,,0,0,0,0.00%,,,WINNER,,LOSER,,0,WINNER,1,,0.00%,ROUND,WINNER, - WINNER - 
 - LOSER - ,,,,FANDUEL,,,,,,,0.4791397221,0.5208602779,,,0,0,0,0.00%,,,WINNER,,LOSER,,0,WINNER,1,,0.00%,ROUND,WINNER, - WINNER - 
 - LOSER - ,,,,FANDUEL,,,,,,,0.4782608696,0.5217391304,,,0,0,0,0.00%,,,WINNER,,LOSER,,0,WINNER,1,,0.00%,ROUND,WINNER, - WINNER - 
 - LOSER - ,,,,FANDUEL,,,,,,,0.5217391304,0.4782608696,,,0,0,0,0.00%,,,WINNER,,LOSER,,0,WINNER,1,,0.00%,ROUND,WINNER, - WINNER - 
 - LOSER - ,,,,FANDUEL,,,,,,,0.4853294072,0.5146705928,,,0,0,0,0.00%,,,WINNER,,LOSER,,0,WINNER,1,,0.00%,ROUND,WINNER, - WINNER - 
 - LOSER - ,,,,FANDUEL,,,,,,,0.5217391304,0.4782608696,,,0,0,0,0.00%,,,WINNER,,LOSER,,0,WINNER,1,,0.00%,ROUND,WINNER, - WINNER - 
 - LOSER - ,,,,FANDUEL,,,,,,,0.5217391304,0.4782608696,,,0,0,0,0.00%,,,WINNER,,LOSER,,0,WINNER,1,,0.00%,ROUND,WINNER, - WINNER - 
David Lipsky - LOSER - Johnny Keefer,David Lipsky,Johnny Keefer,David Lipsky - VS - Johnny Keefer,BETONLINE,0.00,0.00,,,,,0.4825716499,0.5174283501,31.82,41.755,73.575,0.43248386,0.56751614,0.00%,,,WINNER,,LOSER,,-0.13503228,WINNER,1,,0.00%,ROUND,WINNER,David Lipsky - WINNER - Johnny Keefer
Doug Ghim - LOSER - Jackson Suber,Doug Ghim,Jackson Suber,Doug Ghim - VS - Jackson Suber,BETONLINE,-130.00,109.00,1.769230769,2.09,0.5200995406,0.479900459,0.5222101842,0.4777898158,45.57333333,42.70833333,88.28166667,0.5162264721,0.4837735279,0.00%,0.21%,-0.21%,WINNER,-0.39%,LOSER,,0.03245294417,LOSER,0,-0.39%,-0.21%,ROUND,LOSER,Doug Ghim - LOSER - Jackson Suber
Patrick Rodgers - LOSER - Denny McCarthy,Patrick Rodgers,Denny McCarthy,Patrick Rodgers - VS - Denny McCarthy,BETONLINE,0.00,0.00,,,,,0.5,0.5,36.56666667,37.44166667,74.00833333,0.4940885035,0.5059114965,0.00%,,,WINNER,,LOSER,,-0.01182299291,WINNER,1,,0.00%,ROUND,WINNER,Patrick Rodgers - WINNER - Denny McCarthy
Ben James - WINNER - Jackson Koivun,Ben James,Jackson Koivun,Ben James - VS - Jackson Koivun,BETONLINE,113.00,-135.00,2.13,1.740740741,0.4801120955,0.519887905,0.4702258727,0.5297741273,44.89675439,44.89675439,89.79350877,0.5,0.5,0.00%,-0.99%,0.99%,LOSER,1.99%,WINNER,,0,WINNER,0,1.99%,0.99%,ROUND,WINNER,Ben James - WINNER - Jackson Koivun
Kevin Yu - LOSER - Michael Brennan,Kevin Yu,Michael Brennan,Kevin Yu - VS - Michael Brennan,BETONLINE,110.00,-131.00,2.1,1.763358779,0.4801587302,0.519841270,0.4811840294,0.5188159706,42.54166667,44.11,86.65166667,0.4909503568,0.5090496432,0.00%,0.10%,-0.10%,LOSER,1.08%,LOSER,,-0.01809928641,WINNER,0,1.08%,-0.10%,ROUND,WINNER,Kevin Yu - WINNER - Michael Brennan
Stephan Jaeger - LOSER - Steven Fisk,Stephan Jaeger,Steven Fisk,Stephan Jaeger - VS - Steven Fisk,BETONLINE,-105.00,-115.00,1.952380952,1.869565217,0.4891657638,0.510834236,0.500539258,0.499460742,40.02833333,37.37166667,77.4,0.5171619294,0.4828380706,0.00%,1.14%,-1.14%,LOSER,2.80%,LOSER,2.80%,0.03432385874,LOSER,1,2.80%,-1.14%,ROUND,WINNER,Stephan Jaeger - WINNER - Steven Fisk
Harry Hall - LOSER - Neal Shipley,Harry Hall,Neal Shipley,Harry Hall - VS - Neal Shipley,BETONLINE,0.00,0.00,,,,,0.4911345668,0.5088654332,41.46333333,40.91333333,82.37666667,0.503338324,0.496661676,0.00%,,,WINNER,,LOSER,,0.006676647918,LOSER,0,,0.00%,ROUND,WINNER,Harry Hall - WINNER - Neal Shipley
Zac Blair - LOSER - Matt McCarty,Zac Blair,Matt McCarty,Zac Blair - VS - Matt McCarty,BETONLINE,0.00,0.00,,,,,0.479338843,0.520661157,35.95833333,0,35.95833333,1,0,0.00%,,,WINNER,,LOSER,,1,LOSER,0,,0.00%,ROUND,WINNER,Zac Blair - WINNER - Matt McCarty
Matt Wallace - LOSER - Rico Hoey,Matt Wallace,Rico Hoey,Matt Wallace - VS - Rico Hoey,BETONLINE,-110.00,-110.00,1.909090909,1.909090909,0.5,0.500000000,0.5193370166,0.4806629834,43.17,41.72,84.89,0.5085404641,0.4914595359,0.00%,1.93%,-1.93%,LOSER,0.85%,LOSER,0.85%,0.01708092826,LOSER,1,0.85%,-1.93%,ROUND,WINNER,Matt Wallace - WINNER - Rico Hoey
Patrick Fishburn - LOSER - Trace Crowe,Patrick Fishburn,Trace Crowe,Patrick Fishburn - VS - Trace Crowe,BETONLINE,0.00,0.00,,,,,0.5,0.5,35.695,35.26166667,70.95666667,0.5030535068,0.4969464932,0.00%,,,WINNER,,LOSER,,0.00610701367,LOSER,0,,0.00%,ROUND,WINNER,Patrick Fishburn - WINNER - Trace Crowe
Kevin Roy - LOSER - Jordan Smith,Kevin Roy,Jordan Smith,Kevin Roy - VS - Jordan Smith,BETONLINE,100.00,-120.00,2,1.833333333,0.4782608696,0.521739130,0.4782608696,0.5217391304,41.215,41.215,82.43,0.5,0.5,0.00%,0.00%,0.00%,LOSER,2.17%,LOSER,,0,WINNER,0,2.17%,0.00%,ROUND,WINNER,Kevin Roy - WINNER - Jordan Smith
Matthieu Pavon - LOSER - Taylor Moore,Matthieu Pavon,Taylor Moore,Matthieu Pavon - VS - Taylor Moore,BETONLINE,-110.00,-110.00,1.909090909,1.909090909,0.5,0.500000000,0.5,0.5,33.17333333,37.42666667,70.6,0.4698772427,0.5301227573,0.00%,0.00%,0.00%,LOSER,-3.01%,LOSER,,-0.06024551464,WINNER,0,-3.01%,0.00%,ROUND,LOSER,Matthieu Pavon - LOSER - Taylor Moore
John Parry - LOSER - Christiaan Bezuidenhout,John Parry,Christiaan Bezuidenhout,John Parry - VS - Christiaan Bezuidenhout,BETONLINE,105.00,-125.00,2.05,1.8,0.4796954315,0.520304569,0.4796954315,0.5203045685,40.42,41.08166667,81.50166667,0.4959407783,0.5040592217,0.00%,0.00%,0.00%,LOSER,1.62%,LOSER,,-0.008118443386,WINNER,0,1.62%,0.00%,ROUND,WINNER,John Parry - WINNER - Christiaan Bezuidenhout
Chris Kirk - LOSER - Maverick McNealy,Chris Kirk,Maverick McNealy,Chris Kirk - VS - Maverick McNealy,BETONLINE,103.00,-123.00,2.03,1.81300813,0.4791397221,0.520860278,0.4791397221,0.5208602779,42.29833333,44.815,87.11333333,0.4855552154,0.5144447846,0.00%,0.00%,0.00%,LOSER,0.64%,LOSER,,-0.02888956914,WINNER,0,0.64%,0.00%,ROUND,WINNER,Chris Kirk - WINNER - Maverick McNealy
Billy Horschel - LOSER - Max Homa,Billy Horschel,Max Homa,Billy Horschel - VS - Max Homa,BETONLINE,100.00,-120.00,2,1.833333333,0.4782608696,0.521739130,0.4782608696,0.5217391304,41.305,42.85333333,84.15833333,0.4908010694,0.5091989306,0.00%,0.00%,0.00%,LOSER,1.25%,LOSER,,-0.01839786117,WINNER,0,1.25%,0.00%,ROUND,WINNER,Billy Horschel - WINNER - Max Homa
Nick Taylor - LOSER - Eric Cole,Nick Taylor,Eric Cole,Nick Taylor - VS - Eric Cole,BETONLINE,-110.00,-110.00,1.909090909,1.909090909,0.5,0.500000000,0.5217391304,0.4782608696,41.82166667,43.53333333,85.355,0.489973249,0.510026751,0.00%,2.17%,-2.17%,LOSER,-1.00%,LOSER,,-0.02005350204,WINNER,0,-1.00%,-2.17%,ROUND,LOSER,Nick Taylor - LOSER - Eric Cole
Tony Finau - WINNER - Aldrich Potgieter,Tony Finau,Aldrich Potgieter,Tony Finau - VS - Aldrich Potgieter,BETONLINE,-105.00,-115.00,1.952380952,1.869565217,0.4891657638,0.510834236,0.4853294072,0.5146705928,38.155,39.74333333,77.89833333,0.4898050878,0.5101949122,0.00%,-0.38%,0.38%,LOSER,0.06%,WINNER,,-0.02038982434,WINNER,0,0.06%,0.38%,ROUND,LOSER,Tony Finau - LOSER - Aldrich Potgieter
Ben Kohles - LOSER - Pierceson Coody,Ben Kohles,Pierceson Coody,Ben Kohles - VS - Pierceson Coody,BETONLINE,-120.00,100.00,1.833333333,2,0.5217391304,0.478260870,0.5217391304,0.4782608696,42.53166667,41.47833333,84.01,0.5062690949,0.4937309051,0.00%,0.00%,0.00%,WINNER,-1.55%,LOSER,,0.0125381899,LOSER,0,-1.55%,0.00%,ROUND,LOSER,Ben Kohles - LOSER - Pierceson Coody
Emiliano Grillo - LOSER - Lee Hodges,Emiliano Grillo,Lee Hodges,Emiliano Grillo - VS - Lee Hodges,BETONLINE,-120.00,100.00,1.833333333,2,0.5217391304,0.478260870,0.5217391304,0.4782608696,40.33166667,39.33666667,79.66833333,0.5062446392,0.4937553608,0.00%,0.00%,0.00%,WINNER,-1.55%,LOSER,,0.01248927847,LOSER,0,-1.55%,0.00%,ROUND,LOSER,Emiliano Grillo - LOSER - Lee Hodges
Kristoffer Ventura - LOSER - Marco Penge,Kristoffer Ventura,Marco Penge,Kristoffer Ventura - VS - Marco Penge,BETONLINE,-105.00,-115.00,1.952380952,1.869565217,0.4891657638,0.510834236,0.4891657638,0.5108342362,44.98333333,44.98333333,89.96666667,0.5,0.5,0.00%,0.00%,0.00%,LOSER,1.08%,LOSER,,0,WINNER,0,1.08%,0.00%,ROUND,WINNER,Kristoffer Ventura - WINNER - Marco Penge
Mac Meissner - LOSER - Johnny Keefer,Mac Meissner,Johnny Keefer,Mac Meissner - VS - Johnny Keefer,BETONLINE,-105.00,-115.00,1.952380952,1.869565217,0.4891657638,0.510834236,0.4891657638,0.5108342362,41.38333333,41.755,83.13833333,0.4977647696,0.5022352304,0.00%,0.00%,0.00%,LOSER,0.86%,LOSER,,-0.004470460878,WINNER,0,0.86%,0.00%,ROUND,WINNER,Mac Meissner - WINNER - Johnny Keefer
Denny McCarthy - LOSER - Sudarshan Yellamaraju,Denny McCarthy,Sudarshan Yellamaraju,Denny McCarthy - VS - Sudarshan Yellamaraju,BETONLINE,-102.00,-118.00,1.980392157,1.847457627,0.4826358743,0.517364126,0.4826358743,0.5173641257,37.44166667,36.68333333,74.125,0.5051152333,0.4948847667,0.00%,0.00%,0.00%,LOSER,2.25%,LOSER,2.25%,0.01023046655,LOSER,1,2.25%,0.00%,ROUND,WINNER,Denny McCarthy - WINNER - Sudarshan Yellamaraju
Max Greyserman - LOSER - Rasmus Hojgaard,Max Greyserman,Rasmus Hojgaard,Max Greyserman - VS - Rasmus Hojgaard,BETONLINE,-135.00,113.00,1.740740741,2.13,0.5198879045,0.480112095,0.5198879045,0.4801120955,40.47666667,41.64166667,82.11833333,0.4929065779,0.5070934221,0.00%,0.00%,0.00%,WINNER,-2.70%,LOSER,2.70%,-0.01418684419,WINNER,1,-2.70%,0.00%,ROUND,LOSER,Max Greyserman - LOSER - Rasmus Hojgaard
Harry Hall - WINNER - Davis Thompson,Harry Hall,Davis Thompson,Harry Hall - VS - Davis Thompson,BETONLINE,-115.00,-105.00,1.869565217,1.952380952,0.5108342362,0.489165764,0.5,0.5,41.46333333,41.78,83.24333333,0.4980979458,0.5019020542,0.00%,-1.08%,1.08%,WINNER,-1.27%,WINNER,1.27%,-0.003804108437,WINNER,1,-1.27%,1.08%,ROUND,LOSER,Harry Hall - LOSER - Davis Thompson
Matt McCarty - LOSER - Neal Shipley,Matt McCarty,Neal Shipley,Matt McCarty - VS - Neal Shipley,BETONLINE,100.00,-120.00,2,1.833333333,0.4782608696,0.521739130,0.4782608696,0.5217391304,0,40.91333333,40.91333333,0,1,0.00%,0.00%,0.00%,LOSER,,LOSER,,-1,WINNER,0,,0.00%,ROUND,WINNER,Matt McCarty - WINNER - Neal Shipley
Max McGreevy - LOSER - William Mouw,Max McGreevy,William Mouw,Max McGreevy - VS - William Mouw,BETONLINE,-124.00,104.00,1.806451613,2.04,0.5205795193,0.479420481,0.5205795193,0.4794204807,35.68666667,36.83833333,72.525,0.4920602091,0.5079397909,0.00%,0.00%,0.00%,WINNER,-2.85%,LOSER,2.85%,-0.01587958175,WINNER,1,-2.85%,0.00%,ROUND,LOSER,Max McGreevy - LOSER - William Mouw
Seamus Power - LOSER - Chandler Phillips,Seamus Power,Chandler Phillips,Seamus Power - VS - Chandler Phillips,BETONLINE,-112.00,-108.00,1.892857143,1.925925926,0.5043297541,0.495670246,0.5043297541,0.4956702459,37.32,36.47833333,73.79833333,0.5057024775,0.4942975225,0.00%,0.00%,0.00%,WINNER,0.14%,LOSER,,0.01140495494,LOSER,0,0.14%,0.00%,ROUND,WINNER,Seamus Power - WINNER - Chandler Phillips
Joel Dahmen - LOSER - Haotong Li,Joel Dahmen,Haotong Li,Joel Dahmen - VS - Haotong Li,BETONLINE,-113.00,-107.00,1.884955752,1.934579439,0.5064960374,0.493503963,0.5064960374,0.4935039626,34.33166667,34.33166667,68.66333333,0.5,0.5,0.00%,0.00%,0.00%,WINNER,-0.65%,LOSER,0.65%,0,WINNER,1,-0.65%,0.00%,ROUND,LOSER,Joel Dahmen - LOSER - Haotong Li
Matthieu Pavon - LOSER - Hank Lebioda,Matthieu Pavon,Hank Lebioda,Matthieu Pavon - VS - Hank Lebioda,BETONLINE,0.00,0.00,,,,,,,33.17333333,31.485,64.65833333,0.5130558062,0.4869441938,0.00%,,,WINNER,,LOSER,,0.02611161232,LOSER,0,,0.00%,ROUND,WINNER,Matthieu Pavon - WINNER - Hank Lebioda
Kevin Roy - LOSER - Taylor Moore,Kevin Roy,Taylor Moore,Kevin Roy - VS - Taylor Moore,BETONLINE,0.00,0.00,,,,,,,41.215,37.42666667,78.64166667,0.5240860443,0.4759139557,0.00%,,,WINNER,,LOSER,,0.04817208859,LOSER,0,,0.00%,ROUND,WINNER,Kevin Roy - WINNER - Taylor Moore
Christiaan Bezuidenhout - LOSER - Zach Bauchou,Christiaan Bezuidenhout,Zach Bauchou,Christiaan Bezuidenhout - VS - Zach Bauchou,BETONLINE,0.00,0.00,,,,,,,41.08166667,41.08166667,82.16333333,0.5,0.5,0.00%,,,WINNER,,LOSER,,0,WINNER,1,,0.00%,ROUND,WINNER,Christiaan Bezuidenhout - WINNER - Zach Bauchou
Tony Finau - LOSER - Pierceson Coody,Tony Finau,Pierceson Coody,Tony Finau - VS - Pierceson Coody,BETONLINE,0.00,0.00,,,,,,,38.155,41.47833333,79.63333333,0.4791335287,0.5208664713,0.00%,,,WINNER,,LOSER,,-0.04173294265,WINNER,1,,0.00%,ROUND,WINNER,Tony Finau - WINNER - Pierceson Coody
Emiliano Grillo - LOSER - Ben Kohles,Emiliano Grillo,Ben Kohles,Emiliano Grillo - VS - Ben Kohles,BETONLINE,0.00,0.00,,,,,,,40.33166667,42.53166667,82.86333333,0.4867251297,0.5132748703,0.00%,,,WINNER,,LOSER,,-0.02654974054,WINNER,1,,0.00%,ROUND,WINNER,Emiliano Grillo - WINNER - Ben Kohles
Doug Ghim - LOSER - Johnny Keefer,Doug Ghim,Johnny Keefer,Doug Ghim - VS - Johnny Keefer,BETONLINE,0.00,0.00,,,,,,,45.57333333,41.755,87.32833333,0.5218619387,0.4781380613,0.00%,,,WINNER,,LOSER,,0.04372387732,LOSER,0,,0.00%,ROUND,WINNER,Doug Ghim - WINNER - Johnny Keefer
Jackson Suber - LOSER - Neal Shipley,Jackson Suber,Neal Shipley,Jackson Suber - VS - Neal Shipley,BETONLINE,0.00,0.00,,,,,,,42.70833333,40.91333333,83.62166667,0.5107328643,0.4892671357,0.00%,,,WINNER,,LOSER,,0.02146572858,LOSER,0,,0.00%,ROUND,WINNER,Jackson Suber - WINNER - Neal Shipley
Michael Brennan - LOSER - Ben James,Michael Brennan,Ben James,Michael Brennan - VS - Ben James,BETONLINE,0.00,0.00,,,,,,,44.11,44.11,88.22,0.5,0.5,0.00%,,,WINNER,,LOSER,,0,WINNER,1,,0.00%,ROUND,WINNER,Michael Brennan - WINNER - Ben James
Kevin Yu - LOSER - Matt McCarty,Kevin Yu,Matt McCarty,Kevin Yu - VS - Matt McCarty,BETONLINE,0.00,0.00,,,,,,,42.54166667,0,42.54166667,1,0,0.00%,,,WINNER,,LOSER,,1,LOSER,0,,0.00%,ROUND,WINNER,Kevin Yu - WINNER - Matt McCarty
Rico Hoey - LOSER - Garrick Higgo,Rico Hoey,Garrick Higgo,Rico Hoey - VS - Garrick Higgo,BETONLINE,0.00,0.00,,,,,,,41.72,33.325,75.045,0.5559331068,0.4440668932,0.00%,,,WINNER,,LOSER,,0.1118662136,LOSER,0,,0.00%,ROUND,WINNER,Rico Hoey - WINNER - Garrick Higgo
Max McGreevy - LOSER - Harry Hall,Max McGreevy,Harry Hall,Max McGreevy - VS - Harry Hall,BETONLINE,0.00,0.00,,,,,,,35.68666667,41.46333333,77.15,0.4625621084,0.5374378916,0.00%,,,WINNER,,LOSER,,-0.07487578311,WINNER,1,,0.00%,ROUND,WINNER,Max McGreevy - WINNER - Harry Hall
Jesper Svensson - LOSER - David Ford,Jesper Svensson,David Ford,Jesper Svensson - VS - David Ford,BETONLINE,0.00,0.00,,,,,,,35.69833333,36.44333333,72.14166667,0.4948365485,0.5051634515,0.00%,,,WINNER,,LOSER,,-0.01032690308,WINNER,1,,0.00%,ROUND,WINNER,Jesper Svensson - WINNER - David Ford
Mackenzie Hughes - LOSER - Christiaan Bezuidenhout,Mackenzie Hughes,Christiaan Bezuidenhout,Mackenzie Hughes - VS - Christiaan Bezuidenhout,BETONLINE,0.00,0.00,,,,,0.4736842105,0.5263157895,40.705,41.08166667,81.78666667,0.4976972612,0.5023027388,0.00%,,,WINNER,,LOSER,,-0.004605477665,WINNER,1,,0.00%,ROUND,WINNER,Mackenzie Hughes - WINNER - Christiaan Bezuidenhout
Tony Finau - LOSER - Takumi Kanaya,Tony Finau,Takumi Kanaya,Tony Finau - VS - Takumi Kanaya,BETONLINE,0.00,0.00,,,,,0.5,0.5,38.155,35.14,73.295,0.5205675694,0.4794324306,0.00%,,,WINNER,,LOSER,,0.04113513882,LOSER,0,,0.00%,ROUND,WINNER,Tony Finau - WINNER - Takumi Kanaya
Rasmus Hojgaard - LOSER - Jackson Koivun,Rasmus Hojgaard,Jackson Koivun,Rasmus Hojgaard - VS - Jackson Koivun,BETONLINE,0.00,0.00,,,,,0.4726815241,0.5273184759,41.64166667,44.89675439,86.53842105,0.4811928177,0.5188071823,0.00%,,,WINNER,,LOSER,,-0.03761436458,WINNER,1,,0.00%,ROUND,WINNER,Rasmus Hojgaard - WINNER - Jackson Koivun
Billy Horschel - LOSER - Nick Taylor,Billy Horschel,Nick Taylor,Billy Horschel - VS - Nick Taylor,BETONLINE,0.00,0.00,,,,,0.5,0.5,41.305,41.82166667,83.12666667,0.4968922929,0.5031077071,0.00%,,,WINNER,,LOSER,,-0.006215414227,WINNER,1,,0.00%,ROUND,WINNER,Billy Horschel - WINNER - Nick Taylor
Doug Ghim - LOSER - Sudarshan Yellamaraju,Doug Ghim,Sudarshan Yellamaraju,Doug Ghim - VS - Sudarshan Yellamaraju,BETONLINE,0.00,0.00,,,,,0.5192307692,0.4807692308,45.57333333,36.68333333,82.25666667,0.5540381732,0.4459618268,0.00%,,,WINNER,,LOSER,,0.1080763464,LOSER,0,,0.00%,ROUND,WINNER,Doug Ghim - WINNER - Sudarshan Yellamaraju
Chris Kirk - LOSER - Max Homa,Chris Kirk,Max Homa,Chris Kirk - VS - Max Homa,BETONLINE,0.00,0.00,,,,,0.4736842105,0.5263157895,42.29833333,42.85333333,85.15166667,0.496741109,0.503258891,0.00%,,,WINNER,,LOSER,,-0.006517781997,WINNER,1,,0.00%,ROUND,WINNER,Chris Kirk - WINNER - Max Homa
Kevin Yu - LOSER - Doug Ghim,Kevin Yu,Doug Ghim,Kevin Yu - VS - Doug Ghim,BETONLINE,0.00,0.00,,,,,0.4769810268,0.5230189732,42.54166667,45.57333333,88.115,0.4827971023,0.5172028977,0.00%,,,WINNER,,LOSER,,-0.03440579546,WINNER,1,,0.00%,ROUND,WINNER,Kevin Yu - WINNER - Doug Ghim
Matt Wallace - LOSER - Davis Thompson,Matt Wallace,Davis Thompson,Matt Wallace - VS - Davis Thompson,BETONLINE,0.00,0.00,,,,,0.5290292615,0.4709707385,43.17,41.78,84.95,0.5081812831,0.4918187169,0.00%,,,WINNER,,LOSER,,0.01636256622,LOSER,0,,0.00%,ROUND,WINNER,Matt Wallace - WINNER - Davis Thompson
Beau Hossler - LOSER - Kristoffer Ventura,Beau Hossler,Kristoffer Ventura,Beau Hossler - VS - Kristoffer Ventura,BETONLINE,0.00,0.00,,,,,0.4796954315,0.5203045685,43.22333333,43.22333333,86.44666667,0.5,0.5,0.00%,,,WINNER,,LOSER,,0,WINNER,1,,0.00%,ROUND,WINNER,Beau Hossler - WINNER - Kristoffer Ventura
Rico Hoey - LOSER - Steven Fisk,Rico Hoey,Steven Fisk,Rico Hoey - VS - Steven Fisk,BETONLINE,0.00,0.00,,,,,0.5162199424,0.4837800576,41.72,37.37166667,79.09166667,0.5274892003,0.4725107997,0.00%,,,WINNER,,LOSER,,0.05497840059,LOSER,0,,0.00%,ROUND,WINNER,Rico Hoey - WINNER - Steven Fisk
Christiaan Bezuidenhout - LOSER - Kevin Roy,Christiaan Bezuidenhout,Kevin Roy,Christiaan Bezuidenhout - VS - Kevin Roy,BETONLINE,0.00,0.00,,,,,0.4979776735,0.5020223265,41.08166667,41.215,82.29666667,0.4991899226,0.5008100774,0.00%,,,WINNER,,LOSER,,-0.001620154725,WINNER,1,,0.00%,ROUND,WINNER,Christiaan Bezuidenhout - WINNER - Kevin Roy
Emiliano Grillo - LOSER - Pierceson Coody,Emiliano Grillo,Pierceson Coody,Emiliano Grillo - VS - Pierceson Coody,BETONLINE,0.00,0.00,,,,,0.5223540888,0.4776459112,40.33166667,41.47833333,81.81,0.4929918918,0.5070081082,0.00%,,,WINNER,,LOSER,,-0.01401621644,WINNER,1,,0.00%,ROUND,WINNER,Emiliano Grillo - WINNER - Pierceson Coody
Seamus Power - LOSER - William Mouw,Seamus Power,William Mouw,Seamus Power - VS - William Mouw,BETONLINE,0.00,0.00,,,,,0.4776459112,0.5223540888,37.32,36.83833333,74.15833333,0.5032475559,0.4967524441,0.00%,,,WINNER,,LOSER,,0.00649511181,LOSER,0,,0.00%,ROUND,WINNER,Seamus Power - WINNER - William Mouw
Max Homa - LOSER - Takumi Kanaya,Max Homa,Takumi Kanaya,Max Homa - VS - Takumi Kanaya,BETONLINE,0.00,0.00,,,,,0.5040451438,0.4959548562,42.85333333,35.14,77.99333333,0.5494486708,0.4505513292,0.00%,,,WINNER,,LOSER,,0.09889734165,LOSER,0,,0.00%,ROUND,WINNER,Max Homa - WINNER - Takumi Kanaya
Chad Ramey - LOSER - Davis Chatfield,Chad Ramey,Davis Chatfield,Chad Ramey - VS - Davis Chatfield,BETONLINE,0.00,0.00,,,,,0.5060689432,0.4939310568,35.85,35.55833333,71.40833333,0.5020422453,0.4979577547,0.00%,,,WINNER,,LOSER,,0.004084490606,LOSER,0,,0.00%,ROUND,WINNER,Chad Ramey - WINNER - Davis Chatfield
Mark Hubbard - LOSER - Stephan Jaeger,Mark Hubbard,Stephan Jaeger,Mark Hubbard - VS - Stephan Jaeger,BETONLINE,0.00,0.00,,,,,0.4701955174,0.5298044826,33.04833333,40.02833333,73.07666667,0.4522419377,0.5477580623,0.00%,,,WINNER,,LOSER,,-0.09551612462,WINNER,1,,0.00%,ROUND,WINNER,Mark Hubbard - WINNER - Stephan Jaeger
Haotong Li - LOSER - Paul Peterson,Haotong Li,Paul Peterson,Haotong Li - VS - Paul Peterson,BETONLINE,0.00,0.00,,,,,0.5302041803,0.4697958197,31.175,31.175,62.35,0.5,0.5,0.00%,,,WINNER,,LOSER,,0,WINNER,1,,0.00%,ROUND,WINNER,Haotong Li - WINNER - Paul Peterson
Hank Lebioda - LOSER - Taylor Moore,Hank Lebioda,Taylor Moore,Hank Lebioda - VS - Taylor Moore,BETONLINE,0.00,0.00,,,,,0.4731182796,0.5268817204,31.485,37.42666667,68.91166667,0.4568892544,0.5431107456,0.00%,,,WINNER,,LOSER,,-0.08622149128,WINNER,1,,0.00%,ROUND,WINNER,Hank Lebioda - WINNER - Taylor Moore
Mac Meissner - LOSER - Michael Brennan,Mac Meissner,Michael Brennan,Mac Meissner - VS - Michael Brennan,BETONLINE,0.00,0.00,,,,,0.4709707385,0.5290292615,41.38333333,44.11,85.49333333,0.4840533375,0.5159466625,0.00%,,,WINNER,,LOSER,,-0.03189332502,WINNER,1,,0.00%,ROUND,WINNER,Mac Meissner - WINNER - Michael Brennan
Jackson Suber - LOSER - Johnny Keefer,Jackson Suber,Johnny Keefer,Jackson Suber - VS - Johnny Keefer,BETONLINE,0.00,0.00,,,,,0.4837800576,0.5162199424,42.70833333,41.755,84.46333333,0.5056434745,0.4943565255,0.00%,,,WINNER,,LOSER,,0.01128694897,LOSER,0,,0.00%,ROUND,WINNER,Jackson Suber - WINNER - Johnny Keefer
Mackenzie Hughes - LOSER - Jordan Smith,Mackenzie Hughes,Jordan Smith,Mackenzie Hughes - VS - Jordan Smith,BETONLINE,0.00,0.00,,,,,0.4780533922,0.5219466078,40.705,40.705,81.41,0.5,0.5,0.00%,,,WINNER,,LOSER,,0,WINNER,1,,0.00%,ROUND,WINNER,Mackenzie Hughes - WINNER - Jordan Smith
Chris Kirk - LOSER - John Parry,Chris Kirk,John Parry,Chris Kirk - VS - John Parry,BETONLINE,0.00,0.00,,,,,0.5162199424,0.4837800576,42.29833333,40.42,82.71833333,0.511353791,0.488646209,0.00%,,,WINNER,,LOSER,,0.02270758195,LOSER,0,,0.00%,ROUND,WINNER,Chris Kirk - WINNER - John Parry
Ben Kohles - LOSER - Marco Penge,Ben Kohles,Marco Penge,Ben Kohles - VS - Marco Penge,BETONLINE,0.00,0.00,,,,,0.5182600227,0.4817399773,42.53166667,44.98333333,87.515,0.4859928774,0.5140071226,0.00%,,,WINNER,,LOSER,,-0.02801424518,WINNER,1,,0.00%,ROUND,WINNER,Ben Kohles - WINNER - Marco Penge
Austin Smotherman - LOSER - Lee Hodges,Austin Smotherman,Lee Hodges,Austin Smotherman - VS - Lee Hodges,BETONLINE,0.00,0.00,,,,,0.5101214575,0.4898785425,37.10166667,39.33666667,76.43833333,0.485380372,0.514619628,0.00%,,,WINNER,,LOSER,,-0.02923925605,WINNER,1,,0.00%,ROUND,WINNER,Austin Smotherman - WINNER - Lee Hodges
Chandler Phillips - LOSER - Trace Crowe,Chandler Phillips,Trace Crowe,Chandler Phillips - VS - Trace Crowe,BETONLINE,0.00,0.00,,,,,0.5275694751,0.4724305249,36.47833333,35.26166667,71.74,0.5084796952,0.4915203048,0.00%,,,WINNER,,LOSER,,0.01695939039,LOSER,0,,0.00%,ROUND,WINNER,Chandler Phillips - WINNER - Trace Crowe
Max Greyserman - LOSER - Sudarshan Yellamaraju,Max Greyserman,Sudarshan Yellamaraju,Max Greyserman - VS - Sudarshan Yellamaraju,BETONLINE,0.00,0.00,,,,,0.4761904762,0.5238095238,40.47666667,36.68333333,77.16,0.5245809573,0.4754190427,0.00%,,,WINNER,,LOSER,,0.04916191464,LOSER,0,,0.00%,ROUND,WINNER,Max Greyserman - WINNER - Sudarshan Yellamaraju
Billy Horschel - LOSER - Matthieu Pavon,Billy Horschel,Matthieu Pavon,Billy Horschel - VS - Matthieu Pavon,BETONLINE,0.00,0.00,,,,,0.4959548562,0.5040451438,41.305,33.17333333,74.47833333,0.5545908206,0.4454091794,0.00%,,,WINNER,,LOSER,,0.1091816412,LOSER,0,,0.00%,ROUND,WINNER,Billy Horschel - WINNER - Matthieu Pavon
Patrick Fishburn - LOSER - David Ford,Patrick Fishburn,David Ford,Patrick Fishburn - VS - David Ford,BETONLINE,0.00,0.00,,,,,0.4724305249,0.5275694751,35.695,36.44333333,72.13833333,0.4948132061,0.5051867939,0.00%,,,WINNER,,LOSER,,-0.01037358778,WINNER,1,,0.00%,ROUND,WINNER,Patrick Fishburn - WINNER - David Ford
Zecheng Dou - LOSER - Gordon Sargent,Zecheng Dou,Gordon Sargent,Zecheng Dou - VS - Gordon Sargent,BETONLINE,0.00,0.00,,,,,0.5243791445,0.4756208555,39.76333333,37.21166667,76.975,0.5165746454,0.4834253546,0.00%,,,WINNER,,LOSER,,0.0331492909,LOSER,0,,0.00%,ROUND,WINNER,Zecheng Dou - WINNER - Gordon Sargent
Andrew Putnam - LOSER - Joe Highsmith,Andrew Putnam,Joe Highsmith,Andrew Putnam - VS - Joe Highsmith,BETONLINE,0.00,0.00,,,,,0.5228427078,0.4771572922,34.53833333,30.33,64.86833333,0.5324375016,0.4675624984,0.00%,,,WINNER,,LOSER,,0.06487500321,LOSER,0,,0.00%,ROUND,WINNER,Andrew Putnam - WINNER - Joe Highsmith
Joel Dahmen - LOSER - Zac Blair,Joel Dahmen,Zac Blair,Joel Dahmen - VS - Zac Blair,BETONLINE,0.00,0.00,,,,,0.5162199424,0.4837800576,34.33166667,35.95833333,70.29,0.4884288898,0.5115711102,0.00%,,,WINNER,,LOSER,,-0.02314222033,WINNER,1,,0.00%,ROUND,WINNER,Joel Dahmen - WINNER - Zac Blair
Jordan Smith - LOSER - Zach Bauchou,Jordan Smith,Zach Bauchou,Jordan Smith - VS - Zach Bauchou,BETONLINE,0.00,0.00,,,,,0.5240847784,0.4759152216,,,0,0,0,0.00%,,,WINNER,,LOSER,,0,WINNER,1,,0.00%,ROUND,WINNER,Jordan Smith - WINNER - Zach Bauchou
Nick Taylor - LOSER - Kevin Roy,Nick Taylor,Kevin Roy,Nick Taylor - VS - Kevin Roy,BETONLINE,0.00,0.00,,,,,0.5060689432,0.4939310568,41.82166667,41.215,83.03666667,0.5036530047,0.4963469953,0.00%,,,WINNER,,LOSER,,0.007306009393,LOSER,0,,0.00%,ROUND,WINNER,Nick Taylor - WINNER - Kevin Roy
Emiliano Grillo - LOSER - Eric Cole,Emiliano Grillo,Eric Cole,Emiliano Grillo - VS - Eric Cole,BETONLINE,0.00,0.00,,,,,0.4776459112,0.5223540888,40.33166667,43.53333333,83.865,0.4809117828,0.5190882172,0.00%,,,WINNER,,LOSER,,-0.03817643435,WINNER,1,,0.00%,ROUND,WINNER,Emiliano Grillo - WINNER - Eric Cole
Kristoffer Ventura - LOSER - Pierceson Coody,Kristoffer Ventura,Pierceson Coody,Kristoffer Ventura - VS - Pierceson Coody,BETONLINE,0.00,0.00,,,,,0.5010179153,0.4989820847,41.47833333,41.47833333,82.95666667,0.5,0.5,0.00%,,,WINNER,,LOSER,,0,WINNER,1,,0.00%,ROUND,WINNER,Kristoffer Ventura - WINNER - Pierceson Coody
Matt McCarty - LOSER - Johnny Keefer,Matt McCarty,Johnny Keefer,Matt McCarty - VS - Johnny Keefer,BETONLINE,0.00,0.00,,,,,0.4898785425,0.5101214575,0,41.755,41.755,0,1,0.00%,,,WINNER,,LOSER,,-1,WINNER,1,,0.00%,ROUND,WINNER,Matt McCarty - WINNER - Johnny Keefer
Doug Ghim - LOSER - Ben James,Doug Ghim,Ben James,Doug Ghim - VS - Ben James,BETONLINE,0.00,0.00,,,,,0.4876847291,0.5123152709,45.57333333,45.57333333,91.14666667,0.5,0.5,0.00%,,,WINNER,,LOSER,,0,WINNER,1,,0.00%,ROUND,WINNER,Doug Ghim - WINNER - Ben James
Kevin Yu - LOSER - Jackson Suber,Kevin Yu,Jackson Suber,Kevin Yu - VS - Jackson Suber,BETONLINE,0.00,0.00,,,,,0.4939310568,0.5060689432,42.54166667,42.70833333,85.25,0.4990224829,0.5009775171,0.00%,,,WINNER,,LOSER,,-0.001955034213,WINNER,1,,0.00%,ROUND,WINNER,Kevin Yu - WINNER - Jackson Suber
Stephan Jaeger - LOSER - Michael Brennan,Stephan Jaeger,Michael Brennan,Stephan Jaeger - VS - Michael Brennan,BETONLINE,0.00,0.00,,,,,0.4713114754,0.5286885246,40.02833333,44.11,84.13833333,0.47574431,0.52425569,0.00%,,,WINNER,,LOSER,,-0.04851138007,WINNER,1,,0.00%,ROUND,WINNER,Stephan Jaeger - WINNER - Michael Brennan
Max McGreevy - LOSER - David Ford,Max McGreevy,David Ford,Max McGreevy - VS - David Ford,BETONLINE,0.00,0.00,,,,,0.5040997048,0.4959002952,35.68666667,36.44333333,72.13,0.4947548408,0.5052451592,0.00%,,,WINNER,,LOSER,,-0.01049031841,WINNER,1,,0.00%,ROUND,WINNER,Max McGreevy - WINNER - David Ford
  - LOSER -  , , ,  - VS -  ,BETONLINE,0.00,0.00,,,,,,,,,0,0,0,0.00%,,,WINNER,,LOSER,,0,WINNER,1,,0.00%,ROUND,WINNER,  - WINNER -  
  - LOSER -  , , ,  - VS -  ,BETONLINE,0.00,0.00,,,,,,,,,0,0,0,0.00%,,,WINNER,,LOSER,,0,WINNER,1,,0.00%,ROUND,WINNER,  - WINNER -  
  - LOSER -  , , ,  - VS -  ,BETONLINE,0.00,0.00,,,,,,,,,0,0,0,0.00%,,,WINNER,,LOSER,,0,WINNER,1,,0.00%,ROUND,WINNER,  - WINNER -  
  - LOSER -  , , ,  - VS -  ,BETONLINE,0.00,0.00,,,,,,,,,0,0,0,0.00%,,,WINNER,,LOSER,,0,WINNER,1,,0.00%,ROUND,WINNER,  - WINNER -  
  - LOSER -  , , ,  - VS -  ,BETONLINE,0.00,0.00,,,,,,,,,0,0,0,0.00%,,,WINNER,,LOSER,,0,WINNER,1,,0.00%,ROUND,WINNER,  - WINNER -  
  - LOSER -  , , ,  - VS -  ,BETONLINE,0.00,0.00,,,,,,,,,0,0,0,0.00%,,,WINNER,,LOSER,,0,WINNER,1,,0.00%,ROUND,WINNER,  - WINNER -  
  - LOSER -  , , ,  - VS -  ,BETONLINE,0.00,0.00,,,,,,,,,0,0,0,0.00%,,,WINNER,,LOSER,,0,WINNER,1,,0.00%,ROUND,WINNER,  - WINNER -  
  - LOSER -  , , ,  - VS -  ,BETONLINE,0.00,0.00,,,,,,,,,0,0,0,0.00%,,,WINNER,,LOSER,,0,WINNER,1,,0.00%,ROUND,WINNER,  - WINNER -  
  - LOSER -  , , ,  - VS -  ,BETONLINE,0.00,0.00,,,,,,,,,0,0,0,0.00%,,,WINNER,,LOSER,,0,WINNER,1,,0.00%,ROUND,WINNER,  - WINNER -  
  - LOSER -  , , ,  - VS -  ,BETONLINE,0.00,0.00,,,,,,,,,0,0,0,0.00%,,,WINNER,,LOSER,,0,WINNER,1,,0.00%,ROUND,WINNER,  - WINNER -  
  - LOSER -  , , ,  - VS -  ,BETONLINE,0.00,0.00,,,,,,,,,0,0,0,0.00%,,,WINNER,,LOSER,,0,WINNER,1,,0.00%,ROUND,WINNER,  - WINNER -  
  - LOSER -  , , ,  - VS -  ,BETONLINE,0.00,0.00,,,,,,,,,0,0,0,0.00%,,,WINNER,,LOSER,,0,WINNER,1,,0.00%,ROUND,WINNER,  - WINNER -  
  - LOSER -  , , ,  - VS -  ,BETONLINE,0.00,0.00,,,,,,,,,0,0,0,0.00%,,,WINNER,,LOSER,,0,WINNER,1,,0.00%,ROUND,WINNER,  - WINNER -  
  - LOSER -  , , ,  - VS -  ,BETONLINE,0.00,0.00,,,,,,,,,0,0,0,0.00%,,,WINNER,,LOSER,,0,WINNER,1,,0.00%,ROUND,WINNER,  - WINNER -  
  - LOSER -  , , ,  - VS -  ,BETONLINE,0.00,0.00,,,,,,,,,0,0,0,0.00%,,,WINNER,,LOSER,,0,WINNER,1,,0.00%,ROUND,WINNER,  - WINNER -  
  - LOSER -  , , ,  - VS -  ,BETONLINE,0.00,0.00,,,,,,,,,0,0,0,0.00%,,,WINNER,,LOSER,,0,WINNER,1,,0.00%,ROUND,WINNER,  - WINNER -  
  - LOSER -  , , ,  - VS -  ,BETONLINE,0.00,0.00,,,,,,,,,0,0,0,0.00%,,,WINNER,,LOSER,,0,WINNER,1,,0.00%,ROUND,WINNER,  - WINNER -  
  - LOSER -  , , ,  - VS -  ,BETONLINE,0.00,0.00,,,,,,,,,0,0,0,0.00%,,,WINNER,,LOSER,,0,WINNER,1,,0.00%,ROUND,WINNER,  - WINNER -  
  - LOSER -  , , ,  - VS -  ,BETONLINE,0.00,0.00,,,,,,,,,0,0,0,0.00%,,,WINNER,,LOSER,,0,WINNER,1,,0.00%,ROUND,WINNER,  - WINNER -  
  - LOSER -  , , ,  - VS -  ,BETONLINE,0.00,0.00,,,,,,,,,0,0,0,0.00%,,,WINNER,,LOSER,,0,WINNER,1,,0.00%,ROUND,WINNER,  - WINNER -  
  - LOSER -  , , ,  - VS -  ,BETONLINE,0.00,0.00,,,,,,,,,0,0,0,0.00%,,,WINNER,,LOSER,,0,WINNER,1,,0.00%,ROUND,WINNER,  - WINNER -  
  - LOSER -  , , ,  - VS -  ,BETONLINE,0.00,0.00,,,,,,,,,0,0,0,0.00%,,,WINNER,,LOSER,,0,WINNER,1,,0.00%,ROUND,WINNER,  - WINNER -  
  - LOSER -  , , ,  - VS -  ,BETONLINE,0.00,0.00,,,,,,,,,0,0,0,0.00%,,,WINNER,,LOSER,,0,WINNER,1,,0.00%,ROUND,WINNER,  - WINNER -  
  - LOSER -  , , ,  - VS -  ,BETONLINE,0.00,0.00,,,,,,,,,0,0,0,0.00%,,,WINNER,,LOSER,,0,WINNER,1,,0.00%,ROUND,WINNER,  - WINNER -  
  - LOSER -  , , ,  - VS -  ,BETONLINE,0.00,0.00,,,,,,,,,0,0,0,0.00%,,,WINNER,,LOSER,,0,WINNER,1,,0.00%,ROUND,WINNER,  - WINNER -  
  - LOSER -  , , ,  - VS -  ,BETONLINE,0.00,0.00,,,,,,,,,0,0,0,0.00%,,,WINNER,,LOSER,,0,WINNER,1,,0.00%,ROUND,WINNER,  - WINNER -  
  - LOSER -  , , ,  - VS -  ,BETONLINE,0.00,0.00,,,,,,,,,0,0,0,0.00%,,,WINNER,,LOSER,,0,WINNER,1,,0.00%,ROUND,WINNER,  - WINNER -  
  - LOSER -  , , ,  - VS -  ,BETONLINE,0.00,0.00,,,,,,,,,0,0,0,0.00%,,,WINNER,,LOSER,,0,WINNER,1,,0.00%,ROUND,WINNER,  - WINNER -  
  - LOSER -  , , ,  - VS -  ,BETONLINE,0.00,0.00,,,,,,,,,0,0,0,0.00%,,,WINNER,,LOSER,,0,WINNER,1,,0.00%,ROUND,WINNER,  - WINNER -  
  - LOSER -  , , ,  - VS -  ,BETONLINE,0.00,0.00,,,,,,,,,0,0,0,0.00%,,,WINNER,,LOSER,,0,WINNER,1,,0.00%,ROUND,WINNER,  - WINNER -  
  - LOSER -  , , ,  - VS -  ,BETONLINE,0.00,0.00,,,,,,,,,0,0,0,0.00%,,,WINNER,,LOSER,,0,WINNER,1,,0.00%,ROUND,WINNER,  - WINNER -  
  - LOSER -  , , ,  - VS -  ,BETONLINE,0.00,0.00,,,,,,,,,0,0,0,0.00%,,,WINNER,,LOSER,,0,WINNER,1,,0.00%,ROUND,WINNER,  - WINNER -  
  - LOSER -  , , ,  - VS -  ,BETONLINE,0.00,0.00,,,,,,,,,0,0,0,0.00%,,,WINNER,,LOSER,,0,WINNER,1,,0.00%,ROUND,WINNER,  - WINNER -  
  - LOSER -  , , ,  - VS -  ,BETONLINE,0.00,0.00,,,,,,,,,0,0,0,0.00%,,,WINNER,,LOSER,,0,WINNER,1,,0.00%,ROUND,WINNER,  - WINNER -  
  - LOSER -  , , ,  - VS -  ,BETONLINE,0.00,0.00,,,,,,,,,0,0,0,0.00%,,,WINNER,,LOSER,,0,WINNER,1,,0.00%,ROUND,WINNER,  - WINNER -  
  - LOSER -  , , ,  - VS -  ,BETONLINE,0.00,0.00,,,,,,,,,0,0,0,0.00%,,,WINNER,,LOSER,,0,WINNER,1,,0.00%,ROUND,WINNER,  - WINNER -  
  - LOSER -  , , ,  - VS -  ,BETONLINE,0.00,0.00,,,,,,,,,0,0,0,0.00%,,,WINNER,,LOSER,,0,WINNER,1,,0.00%,ROUND,WINNER,  - WINNER -  
  - LOSER -  , , ,  - VS -  ,BETONLINE,0.00,0.00,,,,,,,,,0,0,0,0.00%,,,WINNER,,LOSER,,0,WINNER,1,,0.00%,ROUND,WINNER,  - WINNER -  
  - LOSER -  , , ,  - VS -  ,BETONLINE,0.00,0.00,,,,,,,,,0,0,0,0.00%,,,WINNER,,LOSER,,0,WINNER,1,,0.00%,ROUND,WINNER,  - WINNER -  
  - LOSER -  , , ,  - VS -  ,BETONLINE,0.00,0.00,,,,,,,,,0,0,0,0.00%,,,WINNER,,LOSER,,0,WINNER,1,,0.00%,ROUND,WINNER,  - WINNER -  
  - LOSER -  , , ,  - VS -  ,BETONLINE,0.00,0.00,,,,,,,,,0,0,0,0.00%,,,WINNER,,LOSER,,0,WINNER,1,,0.00%,ROUND,WINNER,  - WINNER -  
  - LOSER -  , , ,  - VS -  ,BETONLINE,0.00,0.00,,,,,,,,,0,0,0,0.00%,,,WINNER,,LOSER,,0,WINNER,1,,0.00%,ROUND,WINNER,  - WINNER -  
  - LOSER -  , , ,  - VS -  ,BETONLINE,0.00,0.00,,,,,,,,,0,0,0,0.00%,,,WINNER,,LOSER,,0,WINNER,1,,0.00%,ROUND,WINNER,  - WINNER -  
  - LOSER -  , , ,  - VS -  ,BETONLINE,0.00,0.00,,,,,,,,,0,0,0,0.00%,,,WINNER,,LOSER,,0,WINNER,1,,0.00%,ROUND,WINNER,  - WINNER -  
  - LOSER -  , , ,  - VS -  ,BETONLINE,0.00,0.00,,,,,,,,,0,0,0,0.00%,,,WINNER,,LOSER,,0,WINNER,1,,0.00%,ROUND,WINNER,  - WINNER -  
  - LOSER -  , , ,  - VS -  ,BETONLINE,0.00,0.00,,,,,,,,,0,0,0,0.00%,,,WINNER,,LOSER,,0,WINNER,1,,0.00%,ROUND,WINNER,  - WINNER -  
  - LOSER -  , , ,  - VS -  ,BETONLINE,0.00,0.00,,,,,,,,,0,0,0,0.00%,,,WINNER,,LOSER,,0,WINNER,1,,0.00%,ROUND,WINNER,  - WINNER -  
  - LOSER -  , , ,  - VS -  ,BETONLINE,0.00,0.00,,,,,,,,,0,0,0,0.00%,,,WINNER,,LOSER,,0,WINNER,1,,0.00%,ROUND,WINNER,  - WINNER -  
  - LOSER -  , , ,  - VS -  ,BETONLINE,0.00,0.00,,,,,,,,,0,0,0,0.00%,,,WINNER,,LOSER,,0,WINNER,1,,0.00%,ROUND,WINNER,  - WINNER -  
  - LOSER -  , , ,  - VS -  ,BETONLINE,0.00,0.00,,,,,,,,,0,0,0,0.00%,,,WINNER,,LOSER,,0,WINNER,1,,0.00%,ROUND,WINNER,  - WINNER -  
  - LOSER -  , , ,  - VS -  ,BETONLINE,0.00,0.00,,,,,,,,,0,0,0,0.00%,,,WINNER,,LOSER,,0,WINNER,1,,0.00%,ROUND,WINNER,  - WINNER -  
  - LOSER -  , , ,  - VS -  ,BETONLINE,0.00,0.00,,,,,0.4825716499,0.5174283501,,,0,0,0,0.00%,,,WINNER,,LOSER,,0,WINNER,1,,0.00%,ROUND,WINNER,  - WINNER -  
  - LOSER -  , , ,  - VS -  ,BETONLINE,0.00,0.00,,,,,0.5222101842,0.4777898158,,,0,0,0,0.00%,,,WINNER,,LOSER,,0,WINNER,1,,0.00%,ROUND,WINNER,  - WINNER -  
  - LOSER -  , , ,  - VS -  ,BETONLINE,0.00,0.00,,,,,0.5,0.5,,,0,0,0,0.00%,,,WINNER,,LOSER,,0,WINNER,1,,0.00%,ROUND,WINNER,  - WINNER -  
  - LOSER -  , , ,  - VS -  ,BETONLINE,0.00,0.00,,,,,0.4702258727,0.5297741273,,,0,0,0,0.00%,,,WINNER,,LOSER,,0,WINNER,1,,0.00%,ROUND,WINNER,  - WINNER -  
  - LOSER -  , , ,  - VS -  ,BETONLINE,0.00,0.00,,,,,0.4811840294,0.5188159706,,,0,0,0,0.00%,,,WINNER,,LOSER,,0,WINNER,1,,0.00%,ROUND,WINNER,  - WINNER -  
  - LOSER -  , , ,  - VS -  ,BETONLINE,0.00,0.00,,,,,0.500539258,0.499460742,,,0,0,0,0.00%,,,WINNER,,LOSER,,0,WINNER,1,,0.00%,ROUND,WINNER,  - WINNER -  
  - LOSER -  , , ,  - VS -  ,BETONLINE,0.00,0.00,,,,,0.4911345668,0.5088654332,,,0,0,0,0.00%,,,WINNER,,LOSER,,0,WINNER,1,,0.00%,ROUND,WINNER,  - WINNER -  
  - LOSER -  , , ,  - VS -  ,BETONLINE,0.00,0.00,,,,,0.479338843,0.520661157,,,0,0,0,0.00%,,,WINNER,,LOSER,,0,WINNER,1,,0.00%,ROUND,WINNER,  - WINNER -  
  - LOSER -  , , ,  - VS -  ,BETONLINE,0.00,0.00,,,,,0.5193370166,0.4806629834,,,0,0,0,0.00%,,,WINNER,,LOSER,,0,WINNER,1,,0.00%,ROUND,WINNER,  - WINNER -  
  - LOSER -  , , ,  - VS -  ,BETONLINE,0.00,0.00,,,,,0.5,0.5,,,0,0,0,0.00%,,,WINNER,,LOSER,,0,WINNER,1,,0.00%,ROUND,WINNER,  - WINNER -  
  - LOSER -  , , ,  - VS -  ,BETONLINE,0.00,0.00,,,,,0.4782608696,0.5217391304,,,0,0,0,0.00%,,,WINNER,,LOSER,,0,WINNER,1,,0.00%,ROUND,WINNER,  - WINNER -  
  - LOSER - , ,,  - VS - ,BETONLINE,0.00,0.00,,,,,0.5,0.5,,,0,0,0,0.00%,,,WINNER,,LOSER,,0,WINNER,1,,0.00%,ROUND,WINNER,  - WINNER - 
  - LOSER - , ,,  - VS - ,BETONLINE,0.00,0.00,,,,,0.4796954315,0.5203045685,,,0,0,0,0.00%,,,WINNER,,LOSER,,0,WINNER,1,,0.00%,ROUND,WINNER,  - WINNER - 
  - LOSER - , ,,  - VS - ,BETONLINE,0.00,0.00,,,,,0.4791397221,0.5208602779,,,0,0,0,0.00%,,,WINNER,,LOSER,,0,WINNER,1,,0.00%,ROUND,WINNER,  - WINNER - 
  - LOSER - , ,,  - VS - ,BETONLINE,0.00,0.00,,,,,0.4782608696,0.5217391304,,,0,0,0,0.00%,,,WINNER,,LOSER,,0,WINNER,1,,0.00%,ROUND,WINNER,  - WINNER - 
  - LOSER - , ,,  - VS - ,BETONLINE,0.00,0.00,,,,,0.5217391304,0.4782608696,,,0,0,0,0.00%,,,WINNER,,LOSER,,0,WINNER,1,,0.00%,ROUND,WINNER,  - WINNER - 
  - LOSER - , ,,  - VS - ,BETONLINE,0.00,0.00,,,,,0.4853294072,0.5146705928,,,0,0,0,0.00%,,,WINNER,,LOSER,,0,WINNER,1,,0.00%,ROUND,WINNER,  - WINNER - 
  - LOSER - , ,,  - VS - ,BETONLINE,0.00,0.00,,,,,0.5217391304,0.4782608696,,,0,0,0,0.00%,,,WINNER,,LOSER,,0,WINNER,1,,0.00%,ROUND,WINNER,  - WINNER - 
  - LOSER - , ,,  - VS - ,BETONLINE,0.00,0.00,,,,,0.5217391304,0.4782608696,,,0,0,0,0.00%,,,WINNER,,LOSER,,0,WINNER,1,,0.00%,ROUND,WINNER,  - WINNER - 
  - LOSER - , ,,  - VS - ,BETONLINE,0.00,0.00,,,,,0.4891657638,0.5108342362,,,0,0,0,0.00%,,,WINNER,,LOSER,,0,WINNER,1,,0.00%,ROUND,WINNER,  - WINNER - 
  - LOSER - , ,,  - VS - ,BETONLINE,0.00,0.00,,,,,0.4891657638,0.5108342362,,,0,0,0,0.00%,,,WINNER,,LOSER,,0,WINNER,1,,0.00%,ROUND,WINNER,  - WINNER - 
  - LOSER - , ,,  - VS - ,BETONLINE,0.00,0.00,,,,,0.4826358743,0.5173641257,,,0,0,0,0.00%,,,WINNER,,LOSER,,0,WINNER,1,,0.00%,ROUND,WINNER,  - WINNER - 
  - LOSER - , ,,  - VS - ,BETONLINE,0.00,0.00,,,,,0.5198879045,0.4801120955,,,0,0,0,0.00%,,,WINNER,,LOSER,,0,WINNER,1,,0.00%,ROUND,WINNER,  - WINNER - 
  - LOSER - , ,,  - VS - ,BETONLINE,0.00,0.00,,,,,0.5,0.5,,,0,0,0,0.00%,,,WINNER,,LOSER,,0,WINNER,1,,0.00%,ROUND,WINNER,  - WINNER - 
  - LOSER - , ,,  - VS - ,BETONLINE,0.00,0.00,,,,,0.4782608696,0.5217391304,,,0,0,0,0.00%,,,WINNER,,LOSER,,0,WINNER,1,,0.00%,ROUND,WINNER,  - WINNER - 
  - LOSER - , ,,  - VS - ,BETONLINE,0.00,0.00,,,,,0.5205795193,0.4794204807,,,0,0,0,0.00%,,,WINNER,,LOSER,,0,WINNER,1,,0.00%,ROUND,WINNER,  - WINNER - 
  - LOSER - , ,,  - VS - ,BETONLINE,0.00,0.00,,,,,0.5043297541,0.4956702459,,,0,0,0,0.00%,,,WINNER,,LOSER,,0,WINNER,1,,0.00%,ROUND,WINNER,  - WINNER - 
  - LOSER - , ,,  - VS - ,BETONLINE,0.00,0.00,,,,,0.5064960374,0.4935039626,,,0,0,0,0.00%,,,WINNER,,LOSER,,0,WINNER,1,,0.00%,ROUND,WINNER,  - WINNER - 
  - LOSER - , ,,  - VS - ,BETONLINE,0.00,0.00,,,,,,,,,0,0,0,0.00%,,,WINNER,,LOSER,,0,WINNER,1,,0.00%,ROUND,WINNER,  - WINNER - 
  - LOSER - , ,,  - VS - ,BETONLINE,0.00,0.00,,,,,,,,,0,0,0,0.00%,,,WINNER,,LOSER,,0,WINNER,1,,0.00%,ROUND,WINNER,  - WINNER - 
  - LOSER - , ,,  - VS - ,BETONLINE,0.00,0.00,,,,,,,,,0,0,0,0.00%,,,WINNER,,LOSER,,0,WINNER,1,,0.00%,ROUND,WINNER,  - WINNER - 
  - LOSER - , ,,  - VS - ,BETONLINE,0.00,0.00,,,,,,,,,0,0,0,0.00%,,,WINNER,,LOSER,,0,WINNER,1,,0.00%,ROUND,WINNER,  - WINNER - 
  - LOSER - , ,,  - VS - ,BETONLINE,0.00,0.00,,,,,,,,,0,0,0,0.00%,,,WINNER,,LOSER,,0,WINNER,1,,0.00%,ROUND,WINNER,  - WINNER - 
  - LOSER - , ,,  - VS - ,BETONLINE,0.00,0.00,,,,,,,,,0,0,0,0.00%,,,WINNER,,LOSER,,0,WINNER,1,,0.00%,ROUND,WINNER,  - WINNER - 
  - LOSER - , ,,  - VS - ,BETONLINE,0.00,0.00,,,,,,,,,0,0,0,0.00%,,,WINNER,,LOSER,,0,WINNER,1,,0.00%,ROUND,WINNER,  - WINNER - 
  - LOSER - , ,,  - VS - ,BETONLINE,0.00,0.00,,,,,,,,,0,0,0,0.00%,,,WINNER,,LOSER,,0,WINNER,1,,0.00%,ROUND,WINNER,  - WINNER - 
  - LOSER - , ,,  - VS - ,BETONLINE,0.00,0.00,,,,,,,,,0,0,0,0.00%,,,WINNER,,LOSER,,0,WINNER,1,,0.00%,ROUND,WINNER,  - WINNER - 
  - LOSER - , ,,  - VS - ,BETONLINE,0.00,0.00,,,,,,,,,0,0,0,0.00%,,,WINNER,,LOSER,,0,WINNER,1,,0.00%,ROUND,WINNER,  - WINNER - 
  - LOSER - , ,,  - VS - ,BETONLINE,0.00,0.00,,,,,,,,,0,0,0,0.00%,,,WINNER,,LOSER,,0,WINNER,1,,0.00%,ROUND,WINNER,  - WINNER - 
  - LOSER - , ,,  - VS - ,BETONLINE,0.00,0.00,,,,,,,,,0,0,0,0.00%,,,WINNER,,LOSER,,0,WINNER,1,,0.00%,ROUND,WINNER,  - WINNER - 
  - LOSER - , ,,  - VS - ,BETONLINE,0.00,0.00,,,,,0.4736842105,0.5263157895,,,0,0,0,0.00%,,,WINNER,,LOSER,,0,WINNER,1,,0.00%,ROUND,WINNER,  - WINNER - 
  - LOSER - , ,,  - VS - ,BETONLINE,0.00,0.00,,,,,0.5,0.5,,,0,0,0,0.00%,,,WINNER,,LOSER,,0,WINNER,1,,0.00%,ROUND,WINNER,  - WINNER - 
  - LOSER - , ,,  - VS - ,BETONLINE,0.00,0.00,,,,,0.4726815241,0.5273184759,,,0,0,0,0.00%,,,WINNER,,LOSER,,0,WINNER,1,,0.00%,ROUND,WINNER,  - WINNER - 
  - LOSER - , ,,  - VS - ,BETONLINE,0.00,0.00,,,,,0.5,0.5,,,0,0,0,0.00%,,,WINNER,,LOSER,,0,WINNER,1,,0.00%,ROUND,WINNER,  - WINNER - 
  - LOSER - , ,,  - VS - ,BETONLINE,0.00,0.00,,,,,0.5192307692,0.4807692308,,,0,0,0,0.00%,,,WINNER,,LOSER,,0,WINNER,1,,0.00%,ROUND,WINNER,  - WINNER - 
  - LOSER - , ,,  - VS - ,BETONLINE,0.00,0.00,,,,,0.4736842105,0.5263157895,,,0,0,0,0.00%,,,WINNER,,LOSER,,0,WINNER,1,,0.00%,ROUND,WINNER,  - WINNER - 
  - LOSER - , ,,  - VS - ,BETONLINE,0.00,0.00,,,,,0.4769810268,0.5230189732,,,0,0,0,0.00%,,,WINNER,,LOSER,,0,WINNER,1,,0.00%,ROUND,WINNER,  - WINNER - 
David Lipsky - LOSER - ,David Lipsky,,,BETCRIS,,,,,,,0.4825716499,0.5174283501,31.82,31.82,63.64,0.5,0.5,0.00%,,,WINNER,,LOSER,,0,WINNER,1,,0.00%,ROUND,WINNER,David Lipsky - WINNER - 
Doug Ghim - LOSER - ,Doug Ghim,,,BETCRIS,,,,,,,0.5222101842,0.4777898158,45.57333333,45.57333333,91.14666667,0.5,0.5,0.00%,,,WINNER,,LOSER,,0,WINNER,1,,0.00%,ROUND,WINNER,Doug Ghim - WINNER - 
Patrick Rodgers - LOSER - ,Patrick Rodgers,,,BETCRIS,,,,,,,0.5,0.5,36.56666667,36.56666667,73.13333333,0.5,0.5,0.00%,,,WINNER,,LOSER,,0,WINNER,1,,0.00%,ROUND,WINNER,Patrick Rodgers - WINNER - 
Ben James - LOSER - ,Ben James,,,BETCRIS,,,,,,,0.4702258727,0.5297741273,,,0,0,0,0.00%,,,WINNER,,LOSER,,0,WINNER,1,,0.00%,ROUND,WINNER,Ben James - WINNER - 
Kevin Yu - LOSER - ,Kevin Yu,,,BETCRIS,,,,,,,0.4811840294,0.5188159706,42.54166667,42.54166667,85.08333333,0.5,0.5,0.00%,,,WINNER,,LOSER,,0,WINNER,1,,0.00%,ROUND,WINNER,Kevin Yu - WINNER - 
Stephan Jaeger - LOSER - ,Stephan Jaeger,,,BETCRIS,,,,,,,0.500539258,0.499460742,40.02833333,40.02833333,80.05666667,0.5,0.5,0.00%,,,WINNER,,LOSER,,0,WINNER,1,,0.00%,ROUND,WINNER,Stephan Jaeger - WINNER - 
Harry Hall - LOSER - ,Harry Hall,,,BETCRIS,,,,,,,0.4911345668,0.5088654332,41.46333333,41.46333333,82.92666667,0.5,0.5,0.00%,,,WINNER,,LOSER,,0,WINNER,1,,0.00%,ROUND,WINNER,Harry Hall - WINNER - 
Zac Blair - LOSER - ,Zac Blair,,,BETCRIS,,,,,,,0.479338843,0.520661157,35.95833333,35.95833333,71.91666667,0.5,0.5,0.00%,,,WINNER,,LOSER,,0,WINNER,1,,0.00%,ROUND,WINNER,Zac Blair - WINNER - 
Matt Wallace - LOSER - ,Matt Wallace,,,BETCRIS,,,,,,,0.5193370166,0.4806629834,43.17,43.17,86.34,0.5,0.5,0.00%,,,WINNER,,LOSER,,0,WINNER,1,,0.00%,ROUND,WINNER,Matt Wallace - WINNER - 
Patrick Fishburn - LOSER - ,Patrick Fishburn,,,BETCRIS,,,,,,,0.5,0.5,35.695,35.695,71.39,0.5,0.5,0.00%,,,WINNER,,LOSER,,0,WINNER,1,,0.00%,ROUND,WINNER,Patrick Fishburn - WINNER - 
Kevin Roy - LOSER - ,Kevin Roy,,,BETCRIS,,,,,,,0.4782608696,0.5217391304,41.215,41.215,82.43,0.5,0.5,0.00%,,,WINNER,,LOSER,,0,WINNER,1,,0.00%,ROUND,WINNER,Kevin Roy - WINNER - 
Matthieu Pavon - LOSER - ,Matthieu Pavon,,,BETCRIS,,,,,,,0.5,0.5,33.17333333,33.17333333,66.34666667,0.5,0.5,0.00%,,,WINNER,,LOSER,,0,WINNER,1,,0.00%,ROUND,WINNER,Matthieu Pavon - WINNER - 
John Parry - LOSER - ,John Parry,,,BETCRIS,,,,,,,0.4796954315,0.5203045685,40.42,40.42,80.84,0.5,0.5,0.00%,,,WINNER,,LOSER,,0,WINNER,1,,0.00%,ROUND,WINNER,John Parry - WINNER - 
Chris Kirk - LOSER - ,Chris Kirk,,,BETCRIS,,,,,,,0.4791397221,0.5208602779,42.29833333,42.29833333,84.59666667,0.5,0.5,0.00%,,,WINNER,,LOSER,,0,WINNER,1,,0.00%,ROUND,WINNER,Chris Kirk - WINNER - 
Billy Horschel - LOSER - ,Billy Horschel,,,BETCRIS,,,,,,,0.4782608696,0.5217391304,41.305,41.305,82.61,0.5,0.5,0.00%,,,WINNER,,LOSER,,0,WINNER,1,,0.00%,ROUND,WINNER,Billy Horschel - WINNER - 
Nick Taylor - LOSER - ,Nick Taylor,,,BETCRIS,,,,,,,0.5217391304,0.4782608696,41.82166667,41.82166667,83.64333333,0.5,0.5,0.00%,,,WINNER,,LOSER,,0,WINNER,1,,0.00%,ROUND,WINNER,Nick Taylor - WINNER - 
Tony Finau - LOSER - ,Tony Finau,,,BETCRIS,,,,,,,0.4853294072,0.5146705928,38.155,38.155,76.31,0.5,0.5,0.00%,,,WINNER,,LOSER,,0,WINNER,1,,0.00%,ROUND,WINNER,Tony Finau - WINNER - 
Ben Kohles - LOSER - ,Ben Kohles,,,BETCRIS,,,,,,,0.5217391304,0.4782608696,42.53166667,42.53166667,85.06333333,0.5,0.5,0.00%,,,WINNER,,LOSER,,0,WINNER,1,,0.00%,ROUND,WINNER,Ben Kohles - WINNER - 
Emiliano Grillo - LOSER - ,Emiliano Grillo,,,BETCRIS,,,,,,,0.5217391304,0.4782608696,40.33166667,40.33166667,80.66333333,0.5,0.5,0.00%,,,WINNER,,LOSER,,0,WINNER,1,,0.00%,ROUND,WINNER,Emiliano Grillo - WINNER - 
Kristoffer Ventura - LOSER - ,Kristoffer Ventura,,,BETCRIS,,,,,,,0.4891657638,0.5108342362,,,0,0,0,0.00%,,,WINNER,,LOSER,,0,WINNER,1,,0.00%,ROUND,WINNER,Kristoffer Ventura - WINNER - 
Mac Meissner - LOSER - ,Mac Meissner,,,BETCRIS,,,,,,,0.4891657638,0.5108342362,41.38333333,41.38333333,82.76666667,0.5,0.5,0.00%,,,WINNER,,LOSER,,0,WINNER,1,,0.00%,ROUND,WINNER,Mac Meissner - WINNER - 
Denny McCarthy - LOSER - ,Denny McCarthy,,,BETCRIS,,,,,,,0.4826358743,0.5173641257,37.44166667,37.44166667,74.88333333,0.5,0.5,0.00%,,,WINNER,,LOSER,,0,WINNER,1,,0.00%,ROUND,WINNER,Denny McCarthy - WINNER - 
Max Greyserman - LOSER - ,Max Greyserman,,,BETCRIS,,,,,,,0.5198879045,0.4801120955,40.47666667,40.47666667,80.95333333,0.5,0.5,0.00%,,,WINNER,,LOSER,,0,WINNER,1,,0.00%,ROUND,WINNER,Max Greyserman - WINNER - 
Harry Hall - LOSER - ,Harry Hall,,,BETCRIS,,,,,,,0.5,0.5,41.46333333,41.46333333,82.92666667,0.5,0.5,0.00%,,,WINNER,,LOSER,,0,WINNER,1,,0.00%,ROUND,WINNER,Harry Hall - WINNER - 
Matt McCarty - LOSER - ,Matt McCarty,,,BETCRIS,,,,,,,0.4782608696,0.5217391304,0,0,0,0,0,0.00%,,,WINNER,,LOSER,,0,WINNER,1,,0.00%,ROUND,WINNER,Matt McCarty - WINNER - 
Max McGreevy - LOSER - ,Max McGreevy,,,BETCRIS,,,,,,,0.5205795193,0.4794204807,35.68666667,35.68666667,71.37333333,0.5,0.5,0.00%,,,WINNER,,LOSER,,0,WINNER,1,,0.00%,ROUND,WINNER,Max McGreevy - WINNER - 
Seamus Power - LOSER - ,Seamus Power,,,BETCRIS,,,,,,,0.5043297541,0.4956702459,37.32,37.32,74.64,0.5,0.5,0.00%,,,WINNER,,LOSER,,0,WINNER,1,,0.00%,ROUND,WINNER,Seamus Power - WINNER - 
Joel Dahmen - LOSER - ,Joel Dahmen,,,BETCRIS,,,,,,,0.5064960374,0.4935039626,34.33166667,34.33166667,68.66333333,0.5,0.5,0.00%,,,WINNER,,LOSER,,0,WINNER,1,,0.00%,ROUND,WINNER,Joel Dahmen - WINNER - 
Matthieu Pavon - LOSER - ,Matthieu Pavon,,,BETCRIS,,,,,,,,,33.17333333,33.17333333,66.34666667,0.5,0.5,0.00%,,,WINNER,,LOSER,,0,WINNER,1,,0.00%,ROUND,WINNER,Matthieu Pavon - WINNER - 
Kevin Roy - LOSER - ,Kevin Roy,,,BETCRIS,,,,,,,,,41.215,41.215,82.43,0.5,0.5,0.00%,,,WINNER,,LOSER,,0,WINNER,1,,0.00%,ROUND,WINNER,Kevin Roy - WINNER - 
Christiaan Bezuidenhout - LOSER - ,Christiaan Bezuidenhout,,,BETCRIS,,,,,,,,,41.08166667,41.08166667,82.16333333,0.5,0.5,0.00%,,,WINNER,,LOSER,,0,WINNER,1,,0.00%,ROUND,WINNER,Christiaan Bezuidenhout - WINNER - 
Tony Finau - LOSER - ,Tony Finau,,,BETCRIS,,,,,,,,,38.155,38.155,76.31,0.5,0.5,0.00%,,,WINNER,,LOSER,,0,WINNER,1,,0.00%,ROUND,WINNER,Tony Finau - WINNER - 
Emiliano Grillo - LOSER - ,Emiliano Grillo,,,BETCRIS,,,,,,,,,40.33166667,40.33166667,80.66333333,0.5,0.5,0.00%,,,WINNER,,LOSER,,0,WINNER,1,,0.00%,ROUND,WINNER,Emiliano Grillo - WINNER - 
Doug Ghim - LOSER - ,Doug Ghim,,,BETCRIS,,,,,,,,,45.57333333,45.57333333,91.14666667,0.5,0.5,0.00%,,,WINNER,,LOSER,,0,WINNER,1,,0.00%,ROUND,WINNER,Doug Ghim - WINNER - 
Jackson Suber - LOSER - ,Jackson Suber,,,BETCRIS,,,,,,,,,42.70833333,42.70833333,85.41666667,0.5,0.5,0.00%,,,WINNER,,LOSER,,0,WINNER,1,,0.00%,ROUND,WINNER,Jackson Suber - WINNER - 
Michael Brennan - LOSER - ,Michael Brennan,,,BETCRIS,,,,,,,,,44.11,44.11,88.22,0.5,0.5,0.00%,,,WINNER,,LOSER,,0,WINNER,1,,0.00%,ROUND,WINNER,Michael Brennan - WINNER - 
Kevin Yu - LOSER - ,Kevin Yu,,,BETCRIS,,,,,,,,,42.54166667,42.54166667,85.08333333,0.5,0.5,0.00%,,,WINNER,,LOSER,,0,WINNER,1,,0.00%,ROUND,WINNER,Kevin Yu - WINNER - 
Rico Hoey - LOSER - ,Rico Hoey,,,BETCRIS,,,,,,,,,41.72,41.72,83.44,0.5,0.5,0.00%,,,WINNER,,LOSER,,0,WINNER,1,,0.00%,ROUND,WINNER,Rico Hoey - WINNER - 
Max McGreevy - LOSER - ,Max McGreevy,,,BETCRIS,,,,,,,,,35.68666667,35.68666667,71.37333333,0.5,0.5,0.00%,,,WINNER,,LOSER,,0,WINNER,1,,0.00%,ROUND,WINNER,Max McGreevy - WINNER - 
Jesper Svensson - LOSER - ,Jesper Svensson,,,BETCRIS,,,,,,,,,35.69833333,35.69833333,71.39666667,0.5,0.5,0.00%,,,WINNER,,LOSER,,0,WINNER,1,,0.00%,ROUND,WINNER,Jesper Svensson - WINNER - 
Mackenzie Hughes - LOSER - ,Mackenzie Hughes,,,BETCRIS,,,,,,,0.4736842105,0.5263157895,40.705,40.705,81.41,0.5,0.5,0.00%,,,WINNER,,LOSER,,0,WINNER,1,,0.00%,ROUND,WINNER,Mackenzie Hughes - WINNER - 
Tony Finau - LOSER - ,Tony Finau,,,BETCRIS,,,,,,,0.5,0.5,38.155,38.155,76.31,0.5,0.5,0.00%,,,WINNER,,LOSER,,0,WINNER,1,,0.00%,ROUND,WINNER,Tony Finau - WINNER - 
Rasmus Hojgaard - LOSER - ,Rasmus Hojgaard,,,BETCRIS,,,,,,,0.4726815241,0.5273184759,41.64166667,41.64166667,83.28333333,0.5,0.5,0.00%,,,WINNER,,LOSER,,0,WINNER,1,,0.00%,ROUND,WINNER,Rasmus Hojgaard - WINNER - 
Billy Horschel - LOSER - ,Billy Horschel,,,BETCRIS,,,,,,,0.5,0.5,41.305,41.305,82.61,0.5,0.5,0.00%,,,WINNER,,LOSER,,0,WINNER,1,,0.00%,ROUND,WINNER,Billy Horschel - WINNER - 
Doug Ghim - LOSER - ,Doug Ghim,,,BETCRIS,,,,,,,0.5192307692,0.4807692308,45.57333333,45.57333333,91.14666667,0.5,0.5,0.00%,,,WINNER,,LOSER,,0,WINNER,1,,0.00%,ROUND,WINNER,Doug Ghim - WINNER - 
Chris Kirk - LOSER - ,Chris Kirk,,,BETCRIS,,,,,,,0.4736842105,0.5263157895,42.29833333,42.29833333,84.59666667,0.5,0.5,0.00%,,,WINNER,,LOSER,,0,WINNER,1,,0.00%,ROUND,WINNER,Chris Kirk - WINNER - 
Kevin Yu - LOSER - ,Kevin Yu,,,BETCRIS,,,,,,,0.4769810268,0.5230189732,42.54166667,42.54166667,85.08333333,0.5,0.5,0.00%,,,WINNER,,LOSER,,0,WINNER,1,,0.00%,ROUND,WINNER,Kevin Yu - WINNER - 
Matt Wallace - LOSER - ,Matt Wallace,,,BETCRIS,,,,,,,0.5290292615,0.4709707385,43.17,43.17,86.34,0.5,0.5,0.00%,,,WINNER,,LOSER,,0,WINNER,1,,0.00%,ROUND,WINNER,Matt Wallace - WINNER - 
Beau Hossler - LOSER - ,Beau Hossler,,,BETCRIS,,,,,,,0.4796954315,0.5203045685,43.22333333,43.22333333,86.44666667,0.5,0.5,0.00%,,,WINNER,,LOSER,,0,WINNER,1,,0.00%,ROUND,WINNER,Beau Hossler - WINNER - 
Rico Hoey - LOSER - ,Rico Hoey,,,BETCRIS,,,,,,,0.5162199424,0.4837800576,41.72,41.72,83.44,0.5,0.5,0.00%,,,WINNER,,LOSER,,0,WINNER,1,,0.00%,ROUND,WINNER,Rico Hoey - WINNER - 
Christiaan Bezuidenhout - LOSER - ,Christiaan Bezuidenhout,,,BETCRIS,,,,,,,0.4979776735,0.5020223265,41.08166667,41.08166667,82.16333333,0.5,0.5,0.00%,,,WINNER,,LOSER,,0,WINNER,1,,0.00%,ROUND,WINNER,Christiaan Bezuidenhout - WINNER - 
Emiliano Grillo - LOSER - ,Emiliano Grillo,,,BETCRIS,,,,,,,0.5223540888,0.4776459112,40.33166667,40.33166667,80.66333333,0.5,0.5,0.00%,,,WINNER,,LOSER,,0,WINNER,1,,0.00%,ROUND,WINNER,Emiliano Grillo - WINNER - 
Seamus Power - LOSER - ,Seamus Power,,,BETCRIS,,,,,,,0.4776459112,0.5223540888,37.32,37.32,74.64,0.5,0.5,0.00%,,,WINNER,,LOSER,,0,WINNER,1,,0.00%,ROUND,WINNER,Seamus Power - WINNER - 
Max Homa - LOSER - ,Max Homa,,,BETCRIS,,,,,,,0.5040451438,0.4959548562,42.85333333,42.85333333,85.70666667,0.5,0.5,0.00%,,,WINNER,,LOSER,,0,WINNER,1,,0.00%,ROUND,WINNER,Max Homa - WINNER - 
Chad Ramey - LOSER - ,Chad Ramey,,,BETCRIS,,,,,,,0.5060689432,0.4939310568,35.85,35.85,71.7,0.5,0.5,0.00%,,,WINNER,,LOSER,,0,WINNER,1,,0.00%,ROUND,WINNER,Chad Ramey - WINNER - 
Mark Hubbard - LOSER - ,Mark Hubbard,,,BETCRIS,,,,,,,0.4701955174,0.5298044826,33.04833333,33.04833333,66.09666667,0.5,0.5,0.00%,,,WINNER,,LOSER,,0,WINNER,1,,0.00%,ROUND,WINNER,Mark Hubbard - WINNER - 
Haotong Li - LOSER - ,Haotong Li,,,BETCRIS,,,,,,,0.5302041803,0.4697958197,,,0,0,0,0.00%,,,WINNER,,LOSER,,0,WINNER,1,,0.00%,ROUND,WINNER,Haotong Li - WINNER - 
Hank Lebioda - LOSER - ,Hank Lebioda,,,BETCRIS,,,,,,,0.4731182796,0.5268817204,31.485,31.485,62.97,0.5,0.5,0.00%,,,WINNER,,LOSER,,0,WINNER,1,,0.00%,ROUND,WINNER,Hank Lebioda - WINNER - 
Mac Meissner - LOSER - ,Mac Meissner,,,BETCRIS,,,,,,,0.4709707385,0.5290292615,41.38333333,41.38333333,82.76666667,0.5,0.5,0.00%,,,WINNER,,LOSER,,0,WINNER,1,,0.00%,ROUND,WINNER,Mac Meissner - WINNER - 
Jackson Suber - LOSER - ,Jackson Suber,,,BETCRIS,,,,,,,0.4837800576,0.5162199424,42.70833333,42.70833333,85.41666667,0.5,0.5,0.00%,,,WINNER,,LOSER,,0,WINNER,1,,0.00%,ROUND,WINNER,Jackson Suber - WINNER - 
Mackenzie Hughes - LOSER - ,Mackenzie Hughes,,,BETCRIS,,,,,,,0.4780533922,0.5219466078,40.705,40.705,81.41,0.5,0.5,0.00%,,,WINNER,,LOSER,,0,WINNER,1,,0.00%,ROUND,WINNER,Mackenzie Hughes - WINNER - 
Chris Kirk - LOSER - ,Chris Kirk,,,BETCRIS,,,,,,,0.5162199424,0.4837800576,42.29833333,42.29833333,84.59666667,0.5,0.5,0.00%,,,WINNER,,LOSER,,0,WINNER,1,,0.00%,ROUND,WINNER,Chris Kirk - WINNER - 
Ben Kohles - LOSER - ,Ben Kohles,,,BETCRIS,,,,,,,0.5182600227,0.4817399773,42.53166667,42.53166667,85.06333333,0.5,0.5,0.00%,,,WINNER,,LOSER,,0,WINNER,1,,0.00%,ROUND,WINNER,Ben Kohles - WINNER - 
Austin Smotherman - LOSER - ,Austin Smotherman,,,BETCRIS,,,,,,,0.5101214575,0.4898785425,37.10166667,37.10166667,74.20333333,0.5,0.5,0.00%,,,WINNER,,LOSER,,0,WINNER,1,,0.00%,ROUND,WINNER,Austin Smotherman - WINNER - 
Chandler Phillips - LOSER - ,Chandler Phillips,,,BETCRIS,,,,,,,0.5275694751,0.4724305249,36.47833333,36.47833333,72.95666667,0.5,0.5,0.00%,,,WINNER,,LOSER,,0,WINNER,1,,0.00%,ROUND,WINNER,Chandler Phillips - WINNER - 
Max Greyserman - LOSER - ,Max Greyserman,,,BETCRIS,,,,,,,0.4761904762,0.5238095238,40.47666667,40.47666667,80.95333333,0.5,0.5,0.00%,,,WINNER,,LOSER,,0,WINNER,1,,0.00%,ROUND,WINNER,Max Greyserman - WINNER - 
Billy Horschel - LOSER - ,Billy Horschel,,,BETCRIS,,,,,,,0.4959548562,0.5040451438,41.305,41.305,82.61,0.5,0.5,0.00%,,,WINNER,,LOSER,,0,WINNER,1,,0.00%,ROUND,WINNER,Billy Horschel - WINNER - 
Patrick Fishburn - LOSER - ,Patrick Fishburn,,,BETCRIS,,,,,,,0.4724305249,0.5275694751,35.695,35.695,71.39,0.5,0.5,0.00%,,,WINNER,,LOSER,,0,WINNER,1,,0.00%,ROUND,WINNER,Patrick Fishburn - WINNER - 
Zecheng Dou - LOSER - ,Zecheng Dou,,,BETCRIS,,,,,,,0.5243791445,0.4756208555,39.76333333,39.76333333,79.52666667,0.5,0.5,0.00%,,,WINNER,,LOSER,,0,WINNER,1,,0.00%,ROUND,WINNER,Zecheng Dou - WINNER - 
Andrew Putnam - LOSER - ,Andrew Putnam,,,BETCRIS,,,,,,,0.5228427078,0.4771572922,34.53833333,34.53833333,69.07666667,0.5,0.5,0.00%,,,WINNER,,LOSER,,0,WINNER,1,,0.00%,ROUND,WINNER,Andrew Putnam - WINNER - 
Joel Dahmen - LOSER - ,Joel Dahmen,,,BETCRIS,,,,,,,0.5162199424,0.4837800576,34.33166667,34.33166667,68.66333333,0.5,0.5,0.00%,,,WINNER,,LOSER,,0,WINNER,1,,0.00%,ROUND,WINNER,Joel Dahmen - WINNER - 
Jordan Smith - LOSER - ,Jordan Smith,,,BETCRIS,,,,,,,0.5240847784,0.4759152216,,,0,0,0,0.00%,,,WINNER,,LOSER,,0,WINNER,1,,0.00%,ROUND,WINNER,Jordan Smith - WINNER - 
Nick Taylor - LOSER - ,Nick Taylor,,,BETCRIS,,,,,,,0.5060689432,0.4939310568,41.82166667,41.82166667,83.64333333,0.5,0.5,0.00%,,,WINNER,,LOSER,,0,WINNER,1,,0.00%,ROUND,WINNER,Nick Taylor - WINNER - 
Emiliano Grillo - LOSER - ,Emiliano Grillo,,,BETCRIS,,,,,,,0.4776459112,0.5223540888,40.33166667,40.33166667,80.66333333,0.5,0.5,0.00%,,,WINNER,,LOSER,,0,WINNER,1,,0.00%,ROUND,WINNER,Emiliano Grillo - WINNER - 
Kristoffer Ventura - LOSER - ,Kristoffer Ventura,,,BETCRIS,,,,,,,0.5010179153,0.4989820847,,,0,0,0,0.00%,,,WINNER,,LOSER,,0,WINNER,1,,0.00%,ROUND,WINNER,Kristoffer Ventura - WINNER - 
Matt McCarty - LOSER - ,Matt McCarty,,,BETCRIS,,,,,,,0.4898785425,0.5101214575,0,0,0,0,0,0.00%,,,WINNER,,LOSER,,0,WINNER,1,,0.00%,ROUND,WINNER,Matt McCarty - WINNER - 
Doug Ghim - LOSER - ,Doug Ghim,,,BETCRIS,,,,,,,0.4876847291,0.5123152709,45.57333333,45.57333333,91.14666667,0.5,0.5,0.00%,,,WINNER,,LOSER,,0,WINNER,1,,0.00%,ROUND,WINNER,Doug Ghim - WINNER - 
Kevin Yu - LOSER - ,Kevin Yu,,,BETCRIS,,,,,,,0.4939310568,0.5060689432,42.54166667,42.54166667,85.08333333,0.5,0.5,0.00%,,,WINNER,,LOSER,,0,WINNER,1,,0.00%,ROUND,WINNER,Kevin Yu - WINNER - 
Stephan Jaeger - LOSER - ,Stephan Jaeger,,,BETCRIS,,,,,,,0.4713114754,0.5286885246,40.02833333,40.02833333,80.05666667,0.5,0.5,0.00%,,,WINNER,,LOSER,,0,WINNER,1,,0.00%,ROUND,WINNER,Stephan Jaeger - WINNER - 
Max McGreevy - LOSER - ,Max McGreevy,,,BETCRIS,,,,,,,0.5040997048,0.4959002952,35.68666667,35.68666667,71.37333333,0.5,0.5,0.00%,,,WINNER,,LOSER,,0,WINNER,1,,0.00%,ROUND,WINNER,Max McGreevy - WINNER - 
  - LOSER - , ,,,BETCRIS,,,,,,,,,,,0,0,0,0.00%,,,WINNER,,LOSER,,0,WINNER,1,,0.00%,ROUND,WINNER,  - WINNER - 
  - LOSER - , ,,,BETCRIS,,,,,,,,,,,0,0,0,0.00%,,,WINNER,,LOSER,,0,WINNER,1,,0.00%,ROUND,WINNER,  - WINNER - 
  - LOSER - , ,,,BETCRIS,,,,,,,,,,,0,0,0,0.00%,,,WINNER,,LOSER,,0,WINNER,1,,0.00%,ROUND,WINNER,  - WINNER - 
  - LOSER - , ,,,BETCRIS,,,,,,,,,,,0,0,0,0.00%,,,WINNER,,LOSER,,0,WINNER,1,,0.00%,ROUND,WINNER,  - WINNER - 
  - LOSER - , ,,,BETCRIS,,,,,,,,,,,0,0,0,0.00%,,,WINNER,,LOSER,,0,WINNER,1,,0.00%,ROUND,WINNER,  - WINNER - 
  - LOSER - , ,,,BETCRIS,,,,,,,,,,,0,0,0,0.00%,,,WINNER,,LOSER,,0,WINNER,1,,0.00%,ROUND,WINNER,  - WINNER - 
  - LOSER - , ,,,BETCRIS,,,,,,,,,,,0,0,0,0.00%,,,WINNER,,LOSER,,0,WINNER,1,,0.00%,ROUND,WINNER,  - WINNER - 
  - LOSER - , ,,,BETCRIS,,,,,,,,,,,0,0,0,0.00%,,,WINNER,,LOSER,,0,WINNER,1,,0.00%,ROUND,WINNER,  - WINNER - 
  - LOSER - , ,,,BETCRIS,,,,,,,,,,,0,0,0,0.00%,,,WINNER,,LOSER,,0,WINNER,1,,0.00%,ROUND,WINNER,  - WINNER - 
  - LOSER - , ,,,BETCRIS,,,,,,,,,,,0,0,0,0.00%,,,WINNER,,LOSER,,0,WINNER,1,,0.00%,ROUND,WINNER,  - WINNER - 
  - LOSER - , ,,,BETCRIS,,,,,,,,,,,0,0,0,0.00%,,,WINNER,,LOSER,,0,WINNER,1,,0.00%,ROUND,WINNER,  - WINNER - 
  - LOSER - , ,,,BETCRIS,,,,,,,,,,,0,0,0,0.00%,,,WINNER,,LOSER,,0,WINNER,1,,0.00%,ROUND,WINNER,  - WINNER - 
  - LOSER - , ,,,BETCRIS,,,,,,,,,,,0,0,0,0.00%,,,WINNER,,LOSER,,0,WINNER,1,,0.00%,ROUND,WINNER,  - WINNER - 
  - LOSER - , ,,,BETCRIS,,,,,,,,,,,0,0,0,0.00%,,,WINNER,,LOSER,,0,WINNER,1,,0.00%,ROUND,WINNER,  - WINNER - 
  - LOSER - , ,,,BETCRIS,,,,,,,,,,,0,0,0,0.00%,,,WINNER,,LOSER,,0,WINNER,1,,0.00%,ROUND,WINNER,  - WINNER - 
  - LOSER - , ,,,BETCRIS,,,,,,,,,,,0,0,0,0.00%,,,WINNER,,LOSER,,0,WINNER,1,,0.00%,ROUND,WINNER,  - WINNER - 
  - LOSER - , ,,,BETCRIS,,,,,,,,,,,0,0,0,0.00%,,,WINNER,,LOSER,,0,WINNER,1,,0.00%,ROUND,WINNER,  - WINNER - 
  - LOSER - , ,,,BETCRIS,,,,,,,,,,,0,0,0,0.00%,,,WINNER,,LOSER,,0,WINNER,1,,0.00%,ROUND,WINNER,  - WINNER - 
  - LOSER - , ,,,BETCRIS,,,,,,,,,,,0,0,0,0.00%,,,WINNER,,LOSER,,0,WINNER,1,,0.00%,ROUND,WINNER,  - WINNER - 
  - LOSER - , ,,,BETCRIS,,,,,,,,,,,0,0,0,0.00%,,,WINNER,,LOSER,,0,WINNER,1,,0.00%,ROUND,WINNER,  - WINNER - 
  - LOSER - , ,,,BETCRIS,,,,,,,,,,,0,0,0,0.00%,,,WINNER,,LOSER,,0,WINNER,1,,0.00%,ROUND,WINNER,  - WINNER - 
  - LOSER - , ,,,BETCRIS,,,,,,,,,,,0,0,0,0.00%,,,WINNER,,LOSER,,0,WINNER,1,,0.00%,ROUND,WINNER,  - WINNER - 
  - LOSER - , ,,,BETCRIS,,,,,,,,,,,0,0,0,0.00%,,,WINNER,,LOSER,,0,WINNER,1,,0.00%,ROUND,WINNER,  - WINNER - 
  - LOSER - , ,,,BETCRIS,,,,,,,,,,,0,0,0,0.00%,,,WINNER,,LOSER,,0,WINNER,1,,0.00%,ROUND,WINNER,  - WINNER - 
  - LOSER - , ,,,BETCRIS,,,,,,,,,,,0,0,0,0.00%,,,WINNER,,LOSER,,0,WINNER,1,,0.00%,ROUND,WINNER,  - WINNER - 
  - LOSER - , ,,,BETCRIS,,,,,,,,,,,0,0,0,0.00%,,,WINNER,,LOSER,,0,WINNER,1,,0.00%,ROUND,WINNER,  - WINNER - 
  - LOSER - , ,,,BETCRIS,,,,,,,,,,,0,0,0,0.00%,,,WINNER,,LOSER,,0,WINNER,1,,0.00%,ROUND,WINNER,  - WINNER - 
  - LOSER - , ,,,BETCRIS,,,,,,,,,,,0,0,0,0.00%,,,WINNER,,LOSER,,0,WINNER,1,,0.00%,ROUND,WINNER,  - WINNER - 
  - LOSER - , ,,,BETCRIS,,,,,,,,,,,0,0,0,0.00%,,,WINNER,,LOSER,,0,WINNER,1,,0.00%,ROUND,WINNER,  - WINNER - 
  - LOSER - , ,,,BETCRIS,,,,,,,,,,,0,0,0,0.00%,,,WINNER,,LOSER,,0,WINNER,1,,0.00%,ROUND,WINNER,  - WINNER - 
  - LOSER - , ,,,BETCRIS,,,,,,,,,,,0,0,0,0.00%,,,WINNER,,LOSER,,0,WINNER,1,,0.00%,ROUND,WINNER,  - WINNER - 
  - LOSER - , ,,,BETCRIS,,,,,,,,,,,0,0,0,0.00%,,,WINNER,,LOSER,,0,WINNER,1,,0.00%,ROUND,WINNER,  - WINNER - 
  - LOSER - , ,,,BETCRIS,,,,,,,,,,,0,0,0,0.00%,,,WINNER,,LOSER,,0,WINNER,1,,0.00%,ROUND,WINNER,  - WINNER - 
  - LOSER - , ,,,BETCRIS,,,,,,,,,,,0,0,0,0.00%,,,WINNER,,LOSER,,0,WINNER,1,,0.00%,ROUND,WINNER,  - WINNER - 
  - LOSER - , ,,,BETCRIS,,,,,,,,,,,0,0,0,0.00%,,,WINNER,,LOSER,,0,WINNER,1,,0.00%,ROUND,WINNER,  - WINNER - 
  - LOSER - , ,,,BETCRIS,,,,,,,,,,,0,0,0,0.00%,,,WINNER,,LOSER,,0,WINNER,1,,0.00%,ROUND,WINNER,  - WINNER - 
  - LOSER - , ,,,BETCRIS,,,,,,,,,,,0,0,0,0.00%,,,WINNER,,LOSER,,0,WINNER,1,,0.00%,ROUND,WINNER,  - WINNER - 
  - LOSER - , ,,,BETCRIS,,,,,,,,,,,0,0,0,0.00%,,,WINNER,,LOSER,,0,WINNER,1,,0.00%,ROUND,WINNER,  - WINNER - 
  - LOSER - , ,,,BETCRIS,,,,,,,,,,,0,0,0,0.00%,,,WINNER,,LOSER,,0,WINNER,1,,0.00%,ROUND,WINNER,  - WINNER - 
  - LOSER - , ,,,BETCRIS,,,,,,,,,,,0,0,0,0.00%,,,WINNER,,LOSER,,0,WINNER,1,,0.00%,ROUND,WINNER,  - WINNER - 
  - LOSER - , ,,,BETCRIS,,,,,,,,,,,0,0,0,0.00%,,,WINNER,,LOSER,,0,WINNER,1,,0.00%,ROUND,WINNER,  - WINNER - 
 - LOSER - ,,,,BETCRIS,,,,,,,,,,,0,0,0,0.00%,,,WINNER,,LOSER,,0,WINNER,1,,0.00%,ROUND,WINNER, - WINNER - 
David Lipsky - LOSER - Johnny Keefer,David Lipsky,Johnny Keefer,David Lipsky - VS - Johnny Keefer,UNIBET,0.00,0.00,,,,,0.4825716499,0.5174283501,31.82,41.755,73.575,0.43248386,0.56751614,0.00%,,,WINNER,,LOSER,,-0.13503228,WINNER,1,,0.00%,ROUND,WINNER,David Lipsky - WINNER - Johnny Keefer
Doug Ghim - LOSER - Jackson Suber,Doug Ghim,Jackson Suber,Doug Ghim - VS - Jackson Suber,UNIBET,0.00,0.00,,,,,0.5222101842,0.4777898158,45.57333333,42.70833333,88.28166667,0.5162264721,0.4837735279,0.00%,,,WINNER,,LOSER,,0.03245294417,LOSER,0,,0.00%,ROUND,WINNER,Doug Ghim - WINNER - Jackson Suber
Patrick Rodgers - LOSER - Denny McCarthy,Patrick Rodgers,Denny McCarthy,Patrick Rodgers - VS - Denny McCarthy,UNIBET,0.00,0.00,,,,,0.5,0.5,36.56666667,37.44166667,74.00833333,0.4940885035,0.5059114965,0.00%,,,WINNER,,LOSER,,-0.01182299291,WINNER,1,,0.00%,ROUND,WINNER,Patrick Rodgers - WINNER - Denny McCarthy
Ben James - LOSER - Jackson Koivun,Ben James,Jackson Koivun,Ben James - VS - Jackson Koivun,UNIBET,0.00,0.00,,,,,0.4702258727,0.5297741273,44.89675439,44.89675439,89.79350877,0.5,0.5,0.00%,,,WINNER,,LOSER,,0,WINNER,1,,0.00%,ROUND,WINNER,Ben James - WINNER - Jackson Koivun
Kevin Yu - LOSER - Michael Brennan,Kevin Yu,Michael Brennan,Kevin Yu - VS - Michael Brennan,UNIBET,0.00,0.00,,,,,0.4811840294,0.5188159706,42.54166667,44.11,86.65166667,0.4909503568,0.5090496432,0.00%,,,WINNER,,LOSER,,-0.01809928641,WINNER,1,,0.00%,ROUND,WINNER,Kevin Yu - WINNER - Michael Brennan
Stephan Jaeger - LOSER - Steven Fisk,Stephan Jaeger,Steven Fisk,Stephan Jaeger - VS - Steven Fisk,UNIBET,0.00,0.00,,,,,0.500539258,0.499460742,40.02833333,37.37166667,77.4,0.5171619294,0.4828380706,0.00%,,,WINNER,,LOSER,,0.03432385874,LOSER,0,,0.00%,ROUND,WINNER,Stephan Jaeger - WINNER - Steven Fisk
Harry Hall - LOSER - Neal Shipley,Harry Hall,Neal Shipley,Harry Hall - VS - Neal Shipley,UNIBET,0.00,0.00,,,,,0.4911345668,0.5088654332,41.46333333,40.91333333,82.37666667,0.503338324,0.496661676,0.00%,,,WINNER,,LOSER,,0.006676647918,LOSER,0,,0.00%,ROUND,WINNER,Harry Hall - WINNER - Neal Shipley
Zac Blair - LOSER - Matt McCarty,Zac Blair,Matt McCarty,Zac Blair - VS - Matt McCarty,UNIBET,0.00,0.00,,,,,0.479338843,0.520661157,35.95833333,0,35.95833333,1,0,0.00%,,,WINNER,,LOSER,,1,LOSER,0,,0.00%,ROUND,WINNER,Zac Blair - WINNER - Matt McCarty
Matt Wallace - LOSER - Rico Hoey,Matt Wallace,Rico Hoey,Matt Wallace - VS - Rico Hoey,UNIBET,0.00,0.00,,,,,0.5193370166,0.4806629834,43.17,41.72,84.89,0.5085404641,0.4914595359,0.00%,,,WINNER,,LOSER,,0.01708092826,LOSER,0,,0.00%,ROUND,WINNER,Matt Wallace - WINNER - Rico Hoey
Patrick Fishburn - LOSER - Trace Crowe,Patrick Fishburn,Trace Crowe,Patrick Fishburn - VS - Trace Crowe,UNIBET,0.00,0.00,,,,,0.5,0.5,35.695,35.26166667,70.95666667,0.5030535068,0.4969464932,0.00%,,,WINNER,,LOSER,,0.00610701367,LOSER,0,,0.00%,ROUND,WINNER,Patrick Fishburn - WINNER - Trace Crowe
Kevin Roy - LOSER - Jordan Smith,Kevin Roy,Jordan Smith,Kevin Roy - VS - Jordan Smith,UNIBET,0.00,0.00,,,,,0.4782608696,0.5217391304,41.215,41.215,82.43,0.5,0.5,0.00%,,,WINNER,,LOSER,,0,WINNER,1,,0.00%,ROUND,WINNER,Kevin Roy - WINNER - Jordan Smith
Matthieu Pavon - LOSER - Taylor Moore,Matthieu Pavon,Taylor Moore,Matthieu Pavon - VS - Taylor Moore,UNIBET,0.00,0.00,,,,,0.5,0.5,33.17333333,37.42666667,70.6,0.4698772427,0.5301227573,0.00%,,,WINNER,,LOSER,,-0.06024551464,WINNER,1,,0.00%,ROUND,WINNER,Matthieu Pavon - WINNER - Taylor Moore
John Parry - LOSER - Christiaan Bezuidenhout,John Parry,Christiaan Bezuidenhout,John Parry - VS - Christiaan Bezuidenhout,UNIBET,0.00,0.00,,,,,0.4796954315,0.5203045685,40.42,41.08166667,81.50166667,0.4959407783,0.5040592217,0.00%,,,WINNER,,LOSER,,-0.008118443386,WINNER,1,,0.00%,ROUND,WINNER,John Parry - WINNER - Christiaan Bezuidenhout
Chris Kirk - LOSER - Maverick McNealy,Chris Kirk,Maverick McNealy,Chris Kirk - VS - Maverick McNealy,UNIBET,0.00,0.00,,,,,0.4791397221,0.5208602779,42.29833333,44.815,87.11333333,0.4855552154,0.5144447846,0.00%,,,WINNER,,LOSER,,-0.02888956914,WINNER,1,,0.00%,ROUND,WINNER,Chris Kirk - WINNER - Maverick McNealy
Billy Horschel - LOSER - Max Homa,Billy Horschel,Max Homa,Billy Horschel - VS - Max Homa,UNIBET,0.00,0.00,,,,,0.4782608696,0.5217391304,41.305,42.85333333,84.15833333,0.4908010694,0.5091989306,0.00%,,,WINNER,,LOSER,,-0.01839786117,WINNER,1,,0.00%,ROUND,WINNER,Billy Horschel - WINNER - Max Homa
Nick Taylor - LOSER - Eric Cole,Nick Taylor,Eric Cole,Nick Taylor - VS - Eric Cole,UNIBET,0.00,0.00,,,,,0.5217391304,0.4782608696,41.82166667,43.53333333,85.355,0.489973249,0.510026751,0.00%,,,WINNER,,LOSER,,-0.02005350204,WINNER,1,,0.00%,ROUND,WINNER,Nick Taylor - WINNER - Eric Cole
Tony Finau - LOSER - Aldrich Potgieter,Tony Finau,Aldrich Potgieter,Tony Finau - VS - Aldrich Potgieter,UNIBET,0.00,0.00,,,,,0.4853294072,0.5146705928,38.155,39.74333333,77.89833333,0.4898050878,0.5101949122,0.00%,,,WINNER,,LOSER,,-0.02038982434,WINNER,1,,0.00%,ROUND,WINNER,Tony Finau - WINNER - Aldrich Potgieter
Ben Kohles - LOSER - Pierceson Coody,Ben Kohles,Pierceson Coody,Ben Kohles - VS - Pierceson Coody,UNIBET,0.00,0.00,,,,,0.5217391304,0.4782608696,42.53166667,41.47833333,84.01,0.5062690949,0.4937309051,0.00%,,,WINNER,,LOSER,,0.0125381899,LOSER,0,,0.00%,ROUND,WINNER,Ben Kohles - WINNER - Pierceson Coody
Emiliano Grillo - LOSER - Lee Hodges,Emiliano Grillo,Lee Hodges,Emiliano Grillo - VS - Lee Hodges,UNIBET,0.00,0.00,,,,,0.5217391304,0.4782608696,40.33166667,39.33666667,79.66833333,0.5062446392,0.4937553608,0.00%,,,WINNER,,LOSER,,0.01248927847,LOSER,0,,0.00%,ROUND,WINNER,Emiliano Grillo - WINNER - Lee Hodges
Kristoffer Ventura - LOSER - Marco Penge,Kristoffer Ventura,Marco Penge,Kristoffer Ventura - VS - Marco Penge,UNIBET,0.00,0.00,,,,,0.4891657638,0.5108342362,44.98333333,44.98333333,89.96666667,0.5,0.5,0.00%,,,WINNER,,LOSER,,0,WINNER,1,,0.00%,ROUND,WINNER,Kristoffer Ventura - WINNER - Marco Penge
Mac Meissner - LOSER - Johnny Keefer,Mac Meissner,Johnny Keefer,Mac Meissner - VS - Johnny Keefer,UNIBET,0.00,0.00,,,,,0.4891657638,0.5108342362,41.38333333,41.755,83.13833333,0.4977647696,0.5022352304,0.00%,,,WINNER,,LOSER,,-0.004470460878,WINNER,1,,0.00%,ROUND,WINNER,Mac Meissner - WINNER - Johnny Keefer
Denny McCarthy - LOSER - Sudarshan Yellamaraju,Denny McCarthy,Sudarshan Yellamaraju,Denny McCarthy - VS - Sudarshan Yellamaraju,UNIBET,0.00,0.00,,,,,0.4826358743,0.5173641257,37.44166667,36.68333333,74.125,0.5051152333,0.4948847667,0.00%,,,WINNER,,LOSER,,0.01023046655,LOSER,0,,0.00%,ROUND,WINNER,Denny McCarthy - WINNER - Sudarshan Yellamaraju
Max Greyserman - LOSER - Rasmus Hojgaard,Max Greyserman,Rasmus Hojgaard,Max Greyserman - VS - Rasmus Hojgaard,UNIBET,0.00,0.00,,,,,0.5198879045,0.4801120955,40.47666667,41.64166667,82.11833333,0.4929065779,0.5070934221,0.00%,,,WINNER,,LOSER,,-0.01418684419,WINNER,1,,0.00%,ROUND,WINNER,Max Greyserman - WINNER - Rasmus Hojgaard
Harry Hall - LOSER - Davis Thompson,Harry Hall,Davis Thompson,Harry Hall - VS - Davis Thompson,UNIBET,0.00,0.00,,,,,0.5,0.5,41.46333333,41.78,83.24333333,0.4980979458,0.5019020542,0.00%,,,WINNER,,LOSER,,-0.003804108437,WINNER,1,,0.00%,ROUND,WINNER,Harry Hall - WINNER - Davis Thompson
Matt McCarty - LOSER - Neal Shipley,Matt McCarty,Neal Shipley,Matt McCarty - VS - Neal Shipley,UNIBET,0.00,0.00,,,,,0.4782608696,0.5217391304,0,40.91333333,40.91333333,0,1,0.00%,,,WINNER,,LOSER,,-1,WINNER,1,,0.00%,ROUND,WINNER,Matt McCarty - WINNER - Neal Shipley
Max McGreevy - LOSER - William Mouw,Max McGreevy,William Mouw,Max McGreevy - VS - William Mouw,UNIBET,0.00,0.00,,,,,0.5205795193,0.4794204807,35.68666667,36.83833333,72.525,0.4920602091,0.5079397909,0.00%,,,WINNER,,LOSER,,-0.01587958175,WINNER,1,,0.00%,ROUND,WINNER,Max McGreevy - WINNER - William Mouw
Seamus Power - LOSER - Chandler Phillips,Seamus Power,Chandler Phillips,Seamus Power - VS - Chandler Phillips,UNIBET,0.00,0.00,,,,,0.5043297541,0.4956702459,37.32,36.47833333,73.79833333,0.5057024775,0.4942975225,0.00%,,,WINNER,,LOSER,,0.01140495494,LOSER,0,,0.00%,ROUND,WINNER,Seamus Power - WINNER - Chandler Phillips
Joel Dahmen - LOSER - Haotong Li,Joel Dahmen,Haotong Li,Joel Dahmen - VS - Haotong Li,UNIBET,0.00,0.00,,,,,0.5064960374,0.4935039626,34.33166667,34.33166667,68.66333333,0.5,0.5,0.00%,,,WINNER,,LOSER,,0,WINNER,1,,0.00%,ROUND,WINNER,Joel Dahmen - WINNER - Haotong Li
Matthieu Pavon - LOSER - Hank Lebioda,Matthieu Pavon,Hank Lebioda,Matthieu Pavon - VS - Hank Lebioda,UNIBET,0.00,0.00,,,,,,,33.17333333,31.485,64.65833333,0.5130558062,0.4869441938,0.00%,,,WINNER,,LOSER,,0.02611161232,LOSER,0,,0.00%,ROUND,WINNER,Matthieu Pavon - WINNER - Hank Lebioda
Kevin Roy - LOSER - Taylor Moore,Kevin Roy,Taylor Moore,Kevin Roy - VS - Taylor Moore,UNIBET,0.00,0.00,,,,,,,41.215,37.42666667,78.64166667,0.5240860443,0.4759139557,0.00%,,,WINNER,,LOSER,,0.04817208859,LOSER,0,,0.00%,ROUND,WINNER,Kevin Roy - WINNER - Taylor Moore
Christiaan Bezuidenhout - LOSER - Zach Bauchou,Christiaan Bezuidenhout,Zach Bauchou,Christiaan Bezuidenhout - VS - Zach Bauchou,UNIBET,0.00,0.00,,,,,,,41.08166667,41.08166667,82.16333333,0.5,0.5,0.00%,,,WINNER,,LOSER,,0,WINNER,1,,0.00%,ROUND,WINNER,Christiaan Bezuidenhout - WINNER - Zach Bauchou
Tony Finau - LOSER - Pierceson Coody,Tony Finau,Pierceson Coody,Tony Finau - VS - Pierceson Coody,UNIBET,0.00,0.00,,,,,,,38.155,41.47833333,79.63333333,0.4791335287,0.5208664713,0.00%,,,WINNER,,LOSER,,-0.04173294265,WINNER,1,,0.00%,ROUND,WINNER,Tony Finau - WINNER - Pierceson Coody
Emiliano Grillo - LOSER - Ben Kohles,Emiliano Grillo,Ben Kohles,Emiliano Grillo - VS - Ben Kohles,UNIBET,0.00,0.00,,,,,,,40.33166667,42.53166667,82.86333333,0.4867251297,0.5132748703,0.00%,,,WINNER,,LOSER,,-0.02654974054,WINNER,1,,0.00%,ROUND,WINNER,Emiliano Grillo - WINNER - Ben Kohles
Doug Ghim - LOSER - Johnny Keefer,Doug Ghim,Johnny Keefer,Doug Ghim - VS - Johnny Keefer,UNIBET,0.00,0.00,,,,,,,45.57333333,41.755,87.32833333,0.5218619387,0.4781380613,0.00%,,,WINNER,,LOSER,,0.04372387732,LOSER,0,,0.00%,ROUND,WINNER,Doug Ghim - WINNER - Johnny Keefer
Jackson Suber - LOSER - Neal Shipley,Jackson Suber,Neal Shipley,Jackson Suber - VS - Neal Shipley,UNIBET,0.00,0.00,,,,,,,42.70833333,40.91333333,83.62166667,0.5107328643,0.4892671357,0.00%,,,WINNER,,LOSER,,0.02146572858,LOSER,0,,0.00%,ROUND,WINNER,Jackson Suber - WINNER - Neal Shipley
Michael Brennan - LOSER - Ben James,Michael Brennan,Ben James,Michael Brennan - VS - Ben James,UNIBET,0.00,0.00,,,,,,,44.11,44.11,88.22,0.5,0.5,0.00%,,,WINNER,,LOSER,,0,WINNER,1,,0.00%,ROUND,WINNER,Michael Brennan - WINNER - Ben James
Kevin Yu - LOSER - Matt McCarty,Kevin Yu,Matt McCarty,Kevin Yu - VS - Matt McCarty,UNIBET,0.00,0.00,,,,,,,42.54166667,0,42.54166667,1,0,0.00%,,,WINNER,,LOSER,,1,LOSER,0,,0.00%,ROUND,WINNER,Kevin Yu - WINNER - Matt McCarty
Rico Hoey - LOSER - Garrick Higgo,Rico Hoey,Garrick Higgo,Rico Hoey - VS - Garrick Higgo,UNIBET,0.00,0.00,,,,,,,41.72,33.325,75.045,0.5559331068,0.4440668932,0.00%,,,WINNER,,LOSER,,0.1118662136,LOSER,0,,0.00%,ROUND,WINNER,Rico Hoey - WINNER - Garrick Higgo
Max McGreevy - LOSER - Harry Hall,Max McGreevy,Harry Hall,Max McGreevy - VS - Harry Hall,UNIBET,0.00,0.00,,,,,,,35.68666667,41.46333333,77.15,0.4625621084,0.5374378916,0.00%,,,WINNER,,LOSER,,-0.07487578311,WINNER,1,,0.00%,ROUND,WINNER,Max McGreevy - WINNER - Harry Hall
Jesper Svensson - LOSER - David Ford,Jesper Svensson,David Ford,Jesper Svensson - VS - David Ford,UNIBET,0.00,0.00,,,,,,,35.69833333,36.44333333,72.14166667,0.4948365485,0.5051634515,0.00%,,,WINNER,,LOSER,,-0.01032690308,WINNER,1,,0.00%,ROUND,WINNER,Jesper Svensson - WINNER - David Ford
Mackenzie Hughes - LOSER - Christiaan Bezuidenhout,Mackenzie Hughes,Christiaan Bezuidenhout,Mackenzie Hughes - VS - Christiaan Bezuidenhout,UNIBET,0.00,0.00,,,,,0.4736842105,0.5263157895,40.705,41.08166667,81.78666667,0.4976972612,0.5023027388,0.00%,,,WINNER,,LOSER,,-0.004605477665,WINNER,1,,0.00%,ROUND,WINNER,Mackenzie Hughes - WINNER - Christiaan Bezuidenhout
Tony Finau - LOSER - Takumi Kanaya,Tony Finau,Takumi Kanaya,Tony Finau - VS - Takumi Kanaya,UNIBET,0.00,0.00,,,,,0.5,0.5,38.155,35.14,73.295,0.5205675694,0.4794324306,0.00%,,,WINNER,,LOSER,,0.04113513882,LOSER,0,,0.00%,ROUND,WINNER,Tony Finau - WINNER - Takumi Kanaya
Rasmus Hojgaard - LOSER - Jackson Koivun,Rasmus Hojgaard,Jackson Koivun,Rasmus Hojgaard - VS - Jackson Koivun,UNIBET,0.00,0.00,,,,,0.4726815241,0.5273184759,41.64166667,44.89675439,86.53842105,0.4811928177,0.5188071823,0.00%,,,WINNER,,LOSER,,-0.03761436458,WINNER,1,,0.00%,ROUND,WINNER,Rasmus Hojgaard - WINNER - Jackson Koivun
Billy Horschel - LOSER - Nick Taylor,Billy Horschel,Nick Taylor,Billy Horschel - VS - Nick Taylor,UNIBET,0.00,0.00,,,,,0.5,0.5,41.305,41.82166667,83.12666667,0.4968922929,0.5031077071,0.00%,,,WINNER,,LOSER,,-0.006215414227,WINNER,1,,0.00%,ROUND,WINNER,Billy Horschel - WINNER - Nick Taylor
Doug Ghim - LOSER - Sudarshan Yellamaraju,Doug Ghim,Sudarshan Yellamaraju,Doug Ghim - VS - Sudarshan Yellamaraju,UNIBET,0.00,0.00,,,,,0.5192307692,0.4807692308,45.57333333,36.68333333,82.25666667,0.5540381732,0.4459618268,0.00%,,,WINNER,,LOSER,,0.1080763464,LOSER,0,,0.00%,ROUND,WINNER,Doug Ghim - WINNER - Sudarshan Yellamaraju
Chris Kirk - LOSER - Max Homa,Chris Kirk,Max Homa,Chris Kirk - VS - Max Homa,UNIBET,0.00,0.00,,,,,0.4736842105,0.5263157895,42.29833333,42.85333333,85.15166667,0.496741109,0.503258891,0.00%,,,WINNER,,LOSER,,-0.006517781997,WINNER,1,,0.00%,ROUND,WINNER,Chris Kirk - WINNER - Max Homa
Kevin Yu - LOSER - Doug Ghim,Kevin Yu,Doug Ghim,Kevin Yu - VS - Doug Ghim,UNIBET,0.00,0.00,,,,,0.4769810268,0.5230189732,42.54166667,45.57333333,88.115,0.4827971023,0.5172028977,0.00%,,,WINNER,,LOSER,,-0.03440579546,WINNER,1,,0.00%,ROUND,WINNER,Kevin Yu - WINNER - Doug Ghim
Matt Wallace - LOSER - Davis Thompson,Matt Wallace,Davis Thompson,Matt Wallace - VS - Davis Thompson,UNIBET,0.00,0.00,,,,,0.5290292615,0.4709707385,43.17,41.78,84.95,0.5081812831,0.4918187169,0.00%,,,WINNER,,LOSER,,0.01636256622,LOSER,0,,0.00%,ROUND,WINNER,Matt Wallace - WINNER - Davis Thompson
Beau Hossler - LOSER - Kristoffer Ventura,Beau Hossler,Kristoffer Ventura,Beau Hossler - VS - Kristoffer Ventura,UNIBET,0.00,0.00,,,,,0.4796954315,0.5203045685,43.22333333,43.22333333,86.44666667,0.5,0.5,0.00%,,,WINNER,,LOSER,,0,WINNER,1,,0.00%,ROUND,WINNER,Beau Hossler - WINNER - Kristoffer Ventura
Rico Hoey - LOSER - Steven Fisk,Rico Hoey,Steven Fisk,Rico Hoey - VS - Steven Fisk,UNIBET,0.00,0.00,,,,,0.5162199424,0.4837800576,41.72,37.37166667,79.09166667,0.5274892003,0.4725107997,0.00%,,,WINNER,,LOSER,,0.05497840059,LOSER,0,,0.00%,ROUND,WINNER,Rico Hoey - WINNER - Steven Fisk
Christiaan Bezuidenhout - LOSER - Kevin Roy,Christiaan Bezuidenhout,Kevin Roy,Christiaan Bezuidenhout - VS - Kevin Roy,UNIBET,0.00,0.00,,,,,0.4979776735,0.5020223265,41.08166667,41.215,82.29666667,0.4991899226,0.5008100774,0.00%,,,WINNER,,LOSER,,-0.001620154725,WINNER,1,,0.00%,ROUND,WINNER,Christiaan Bezuidenhout - WINNER - Kevin Roy
Emiliano Grillo - LOSER - Pierceson Coody,Emiliano Grillo,Pierceson Coody,Emiliano Grillo - VS - Pierceson Coody,UNIBET,0.00,0.00,,,,,0.5223540888,0.4776459112,40.33166667,41.47833333,81.81,0.4929918918,0.5070081082,0.00%,,,WINNER,,LOSER,,-0.01401621644,WINNER,1,,0.00%,ROUND,WINNER,Emiliano Grillo - WINNER - Pierceson Coody
Seamus Power - LOSER - William Mouw,Seamus Power,William Mouw,Seamus Power - VS - William Mouw,UNIBET,0.00,0.00,,,,,0.4776459112,0.5223540888,37.32,36.83833333,74.15833333,0.5032475559,0.4967524441,0.00%,,,WINNER,,LOSER,,0.00649511181,LOSER,0,,0.00%,ROUND,WINNER,Seamus Power - WINNER - William Mouw
Max Homa - LOSER - Takumi Kanaya,Max Homa,Takumi Kanaya,Max Homa - VS - Takumi Kanaya,UNIBET,0.00,0.00,,,,,0.5040451438,0.4959548562,42.85333333,35.14,77.99333333,0.5494486708,0.4505513292,0.00%,,,WINNER,,LOSER,,0.09889734165,LOSER,0,,0.00%,ROUND,WINNER,Max Homa - WINNER - Takumi Kanaya
Chad Ramey - LOSER - Davis Chatfield,Chad Ramey,Davis Chatfield,Chad Ramey - VS - Davis Chatfield,UNIBET,0.00,0.00,,,,,0.5060689432,0.4939310568,35.85,35.55833333,71.40833333,0.5020422453,0.4979577547,0.00%,,,WINNER,,LOSER,,0.004084490606,LOSER,0,,0.00%,ROUND,WINNER,Chad Ramey - WINNER - Davis Chatfield
Mark Hubbard - LOSER - Stephan Jaeger,Mark Hubbard,Stephan Jaeger,Mark Hubbard - VS - Stephan Jaeger,UNIBET,0.00,0.00,,,,,0.4701955174,0.5298044826,33.04833333,40.02833333,73.07666667,0.4522419377,0.5477580623,0.00%,,,WINNER,,LOSER,,-0.09551612462,WINNER,1,,0.00%,ROUND,WINNER,Mark Hubbard - WINNER - Stephan Jaeger
Haotong Li - LOSER - Paul Peterson,Haotong Li,Paul Peterson,Haotong Li - VS - Paul Peterson,UNIBET,0.00,0.00,,,,,0.5302041803,0.4697958197,31.175,31.175,62.35,0.5,0.5,0.00%,,,WINNER,,LOSER,,0,WINNER,1,,0.00%,ROUND,WINNER,Haotong Li - WINNER - Paul Peterson
Hank Lebioda - LOSER - Taylor Moore,Hank Lebioda,Taylor Moore,Hank Lebioda - VS - Taylor Moore,UNIBET,0.00,0.00,,,,,0.4731182796,0.5268817204,31.485,37.42666667,68.91166667,0.4568892544,0.5431107456,0.00%,,,WINNER,,LOSER,,-0.08622149128,WINNER,1,,0.00%,ROUND,WINNER,Hank Lebioda - WINNER - Taylor Moore
Mac Meissner - LOSER - Michael Brennan,Mac Meissner,Michael Brennan,Mac Meissner - VS - Michael Brennan,UNIBET,0.00,0.00,,,,,0.4709707385,0.5290292615,41.38333333,44.11,85.49333333,0.4840533375,0.5159466625,0.00%,,,WINNER,,LOSER,,-0.03189332502,WINNER,1,,0.00%,ROUND,WINNER,Mac Meissner - WINNER - Michael Brennan
Jackson Suber - LOSER - Johnny Keefer,Jackson Suber,Johnny Keefer,Jackson Suber - VS - Johnny Keefer,UNIBET,0.00,0.00,,,,,0.4837800576,0.5162199424,42.70833333,41.755,84.46333333,0.5056434745,0.4943565255,0.00%,,,WINNER,,LOSER,,0.01128694897,LOSER,0,,0.00%,ROUND,WINNER,Jackson Suber - WINNER - Johnny Keefer
Mackenzie Hughes - LOSER - Jordan Smith,Mackenzie Hughes,Jordan Smith,Mackenzie Hughes - VS - Jordan Smith,UNIBET,0.00,0.00,,,,,0.4780533922,0.5219466078,40.705,40.705,81.41,0.5,0.5,0.00%,,,WINNER,,LOSER,,0,WINNER,1,,0.00%,ROUND,WINNER,Mackenzie Hughes - WINNER - Jordan Smith
Chris Kirk - LOSER - John Parry,Chris Kirk,John Parry,Chris Kirk - VS - John Parry,UNIBET,0.00,0.00,,,,,0.5162199424,0.4837800576,42.29833333,40.42,82.71833333,0.511353791,0.488646209,0.00%,,,WINNER,,LOSER,,0.02270758195,LOSER,0,,0.00%,ROUND,WINNER,Chris Kirk - WINNER - John Parry
Ben Kohles - LOSER - Marco Penge,Ben Kohles,Marco Penge,Ben Kohles - VS - Marco Penge,UNIBET,0.00,0.00,,,,,0.5182600227,0.4817399773,42.53166667,44.98333333,87.515,0.4859928774,0.5140071226,0.00%,,,WINNER,,LOSER,,-0.02801424518,WINNER,1,,0.00%,ROUND,WINNER,Ben Kohles - WINNER - Marco Penge
Austin Smotherman - LOSER - Lee Hodges,Austin Smotherman,Lee Hodges,Austin Smotherman - VS - Lee Hodges,UNIBET,0.00,0.00,,,,,0.5101214575,0.4898785425,37.10166667,39.33666667,76.43833333,0.485380372,0.514619628,0.00%,,,WINNER,,LOSER,,-0.02923925605,WINNER,1,,0.00%,ROUND,WINNER,Austin Smotherman - WINNER - Lee Hodges
Chandler Phillips - LOSER - Trace Crowe,Chandler Phillips,Trace Crowe,Chandler Phillips - VS - Trace Crowe,UNIBET,0.00,0.00,,,,,0.5275694751,0.4724305249,36.47833333,35.26166667,71.74,0.5084796952,0.4915203048,0.00%,,,WINNER,,LOSER,,0.01695939039,LOSER,0,,0.00%,ROUND,WINNER,Chandler Phillips - WINNER - Trace Crowe
Max Greyserman - LOSER - Sudarshan Yellamaraju,Max Greyserman,Sudarshan Yellamaraju,Max Greyserman - VS - Sudarshan Yellamaraju,UNIBET,0.00,0.00,,,,,0.4761904762,0.5238095238,40.47666667,36.68333333,77.16,0.5245809573,0.4754190427,0.00%,,,WINNER,,LOSER,,0.04916191464,LOSER,0,,0.00%,ROUND,WINNER,Max Greyserman - WINNER - Sudarshan Yellamaraju
Billy Horschel - LOSER - Matthieu Pavon,Billy Horschel,Matthieu Pavon,Billy Horschel - VS - Matthieu Pavon,UNIBET,0.00,0.00,,,,,0.4959548562,0.5040451438,41.305,33.17333333,74.47833333,0.5545908206,0.4454091794,0.00%,,,WINNER,,LOSER,,0.1091816412,LOSER,0,,0.00%,ROUND,WINNER,Billy Horschel - WINNER - Matthieu Pavon
Patrick Fishburn - LOSER - David Ford,Patrick Fishburn,David Ford,Patrick Fishburn - VS - David Ford,UNIBET,0.00,0.00,,,,,0.4724305249,0.5275694751,35.695,36.44333333,72.13833333,0.4948132061,0.5051867939,0.00%,,,WINNER,,LOSER,,-0.01037358778,WINNER,1,,0.00%,ROUND,WINNER,Patrick Fishburn - WINNER - David Ford
Zecheng Dou - LOSER - Gordon Sargent,Zecheng Dou,Gordon Sargent,Zecheng Dou - VS - Gordon Sargent,UNIBET,0.00,0.00,,,,,0.5243791445,0.4756208555,39.76333333,37.21166667,76.975,0.5165746454,0.4834253546,0.00%,,,WINNER,,LOSER,,0.0331492909,LOSER,0,,0.00%,ROUND,WINNER,Zecheng Dou - WINNER - Gordon Sargent
Andrew Putnam - LOSER - Joe Highsmith,Andrew Putnam,Joe Highsmith,Andrew Putnam - VS - Joe Highsmith,UNIBET,0.00,0.00,,,,,0.5228427078,0.4771572922,34.53833333,30.33,64.86833333,0.5324375016,0.4675624984,0.00%,,,WINNER,,LOSER,,0.06487500321,LOSER,0,,0.00%,ROUND,WINNER,Andrew Putnam - WINNER - Joe Highsmith
Joel Dahmen - LOSER - Zac Blair,Joel Dahmen,Zac Blair,Joel Dahmen - VS - Zac Blair,UNIBET,0.00,0.00,,,,,0.5162199424,0.4837800576,34.33166667,35.95833333,70.29,0.4884288898,0.5115711102,0.00%,,,WINNER,,LOSER,,-0.02314222033,WINNER,1,,0.00%,ROUND,WINNER,Joel Dahmen - WINNER - Zac Blair
Jordan Smith - LOSER - Zach Bauchou,Jordan Smith,Zach Bauchou,Jordan Smith - VS - Zach Bauchou,UNIBET,0.00,0.00,,,,,0.5240847784,0.4759152216,,,0,0,0,0.00%,,,WINNER,,LOSER,,0,WINNER,1,,0.00%,ROUND,WINNER,Jordan Smith - WINNER - Zach Bauchou
Nick Taylor - LOSER - Kevin Roy,Nick Taylor,Kevin Roy,Nick Taylor - VS - Kevin Roy,UNIBET,0.00,0.00,,,,,0.5060689432,0.4939310568,41.82166667,41.215,83.03666667,0.5036530047,0.4963469953,0.00%,,,WINNER,,LOSER,,0.007306009393,LOSER,0,,0.00%,ROUND,WINNER,Nick Taylor - WINNER - Kevin Roy
Emiliano Grillo - LOSER - Eric Cole,Emiliano Grillo,Eric Cole,Emiliano Grillo - VS - Eric Cole,UNIBET,0.00,0.00,,,,,0.4776459112,0.5223540888,40.33166667,43.53333333,83.865,0.4809117828,0.5190882172,0.00%,,,WINNER,,LOSER,,-0.03817643435,WINNER,1,,0.00%,ROUND,WINNER,Emiliano Grillo - WINNER - Eric Cole
Kristoffer Ventura - LOSER - Pierceson Coody,Kristoffer Ventura,Pierceson Coody,Kristoffer Ventura - VS - Pierceson Coody,UNIBET,0.00,0.00,,,,,0.5010179153,0.4989820847,41.47833333,41.47833333,82.95666667,0.5,0.5,0.00%,,,WINNER,,LOSER,,0,WINNER,1,,0.00%,ROUND,WINNER,Kristoffer Ventura - WINNER - Pierceson Coody
Matt McCarty - LOSER - Johnny Keefer,Matt McCarty,Johnny Keefer,Matt McCarty - VS - Johnny Keefer,UNIBET,0.00,0.00,,,,,0.4898785425,0.5101214575,0,41.755,41.755,0,1,0.00%,,,WINNER,,LOSER,,-1,WINNER,1,,0.00%,ROUND,WINNER,Matt McCarty - WINNER - Johnny Keefer
Doug Ghim - LOSER - Ben James,Doug Ghim,Ben James,Doug Ghim - VS - Ben James,UNIBET,0.00,0.00,,,,,0.4876847291,0.5123152709,45.57333333,45.57333333,91.14666667,0.5,0.5,0.00%,,,WINNER,,LOSER,,0,WINNER,1,,0.00%,ROUND,WINNER,Doug Ghim - WINNER - Ben James
Kevin Yu - LOSER - Jackson Suber,Kevin Yu,Jackson Suber,Kevin Yu - VS - Jackson Suber,UNIBET,0.00,0.00,,,,,0.4939310568,0.5060689432,42.54166667,42.70833333,85.25,0.4990224829,0.5009775171,0.00%,,,WINNER,,LOSER,,-0.001955034213,WINNER,1,,0.00%,ROUND,WINNER,Kevin Yu - WINNER - Jackson Suber
Stephan Jaeger - LOSER - Michael Brennan,Stephan Jaeger,Michael Brennan,Stephan Jaeger - VS - Michael Brennan,UNIBET,0.00,0.00,,,,,0.4713114754,0.5286885246,40.02833333,44.11,84.13833333,0.47574431,0.52425569,0.00%,,,WINNER,,LOSER,,-0.04851138007,WINNER,1,,0.00%,ROUND,WINNER,Stephan Jaeger - WINNER - Michael Brennan
Max McGreevy - LOSER - David Ford,Max McGreevy,David Ford,Max McGreevy - VS - David Ford,UNIBET,0.00,0.00,,,,,0.5040997048,0.4959002952,35.68666667,36.44333333,72.13,0.4947548408,0.5052451592,0.00%,,,WINNER,,LOSER,,-0.01049031841,WINNER,1,,0.00%,ROUND,WINNER,Max McGreevy - WINNER - David Ford
  - LOSER -  , , ,  - VS -  ,UNIBET,0.00,0.00,,,,,,,,,0,0,0,0.00%,,,WINNER,,LOSER,,0,WINNER,1,,0.00%,ROUND,WINNER,  - WINNER -  
  - LOSER -  , , ,  - VS -  ,UNIBET,0.00,0.00,,,,,,,,,0,0,0,0.00%,,,WINNER,,LOSER,,0,WINNER,1,,0.00%,ROUND,WINNER,  - WINNER -  
  - LOSER -  , , ,  - VS -  ,UNIBET,0.00,0.00,,,,,,,,,0,0,0,0.00%,,,WINNER,,LOSER,,0,WINNER,1,,0.00%,ROUND,WINNER,  - WINNER -  
  - LOSER -  , , ,  - VS -  ,UNIBET,0.00,0.00,,,,,,,,,0,0,0,0.00%,,,WINNER,,LOSER,,0,WINNER,1,,0.00%,ROUND,WINNER,  - WINNER -  
  - LOSER -  , , ,  - VS -  ,UNIBET,0.00,0.00,,,,,,,,,0,0,0,0.00%,,,WINNER,,LOSER,,0,WINNER,1,,0.00%,ROUND,WINNER,  - WINNER -  
  - LOSER -  , , ,  - VS -  ,UNIBET,0.00,0.00,,,,,,,,,0,0,0,0.00%,,,WINNER,,LOSER,,0,WINNER,1,,0.00%,ROUND,WINNER,  - WINNER -  
  - LOSER -  , , ,  - VS -  ,UNIBET,0.00,0.00,,,,,,,,,0,0,0,0.00%,,,WINNER,,LOSER,,0,WINNER,1,,0.00%,ROUND,WINNER,  - WINNER -  
  - LOSER -  , , ,  - VS -  ,UNIBET,0.00,0.00,,,,,,,,,0,0,0,0.00%,,,WINNER,,LOSER,,0,WINNER,1,,0.00%,ROUND,WINNER,  - WINNER -  
  - LOSER -  , , ,  - VS -  ,UNIBET,0.00,0.00,,,,,,,,,0,0,0,0.00%,,,WINNER,,LOSER,,0,WINNER,1,,0.00%,ROUND,WINNER,  - WINNER -  
  - LOSER -  , , ,  - VS -  ,UNIBET,0.00,0.00,,,,,,,,,0,0,0,0.00%,,,WINNER,,LOSER,,0,WINNER,1,,0.00%,ROUND,WINNER,  - WINNER -  
  - LOSER -  , , ,  - VS -  ,UNIBET,0.00,0.00,,,,,,,,,0,0,0,0.00%,,,WINNER,,LOSER,,0,WINNER,1,,0.00%,ROUND,WINNER,  - WINNER -  
  - LOSER -  , , ,  - VS -  ,UNIBET,0.00,0.00,,,,,,,,,0,0,0,0.00%,,,WINNER,,LOSER,,0,WINNER,1,,0.00%,ROUND,WINNER,  - WINNER -  
  - LOSER -  , , ,  - VS -  ,UNIBET,0.00,0.00,,,,,,,,,0,0,0,0.00%,,,WINNER,,LOSER,,0,WINNER,1,,0.00%,ROUND,WINNER,  - WINNER -  
  - LOSER -  , , ,  - VS -  ,UNIBET,0.00,0.00,,,,,,,,,0,0,0,0.00%,,,WINNER,,LOSER,,0,WINNER,1,,0.00%,ROUND,WINNER,  - WINNER -  
  - LOSER -  , , ,  - VS -  ,UNIBET,0.00,0.00,,,,,,,,,0,0,0,0.00%,,,WINNER,,LOSER,,0,WINNER,1,,0.00%,ROUND,WINNER,  - WINNER -  
  - LOSER -  , , ,  - VS -  ,UNIBET,0.00,0.00,,,,,,,,,0,0,0,0.00%,,,WINNER,,LOSER,,0,WINNER,1,,0.00%,ROUND,WINNER,  - WINNER -  
  - LOSER -  , , ,  - VS -  ,UNIBET,0.00,0.00,,,,,,,,,0,0,0,0.00%,,,WINNER,,LOSER,,0,WINNER,1,,0.00%,ROUND,WINNER,  - WINNER -  
  - LOSER -  , , ,  - VS -  ,UNIBET,0.00,0.00,,,,,,,,,0,0,0,0.00%,,,WINNER,,LOSER,,0,WINNER,1,,0.00%,ROUND,WINNER,  - WINNER -  
  - LOSER -  , , ,  - VS -  ,UNIBET,0.00,0.00,,,,,,,,,0,0,0,0.00%,,,WINNER,,LOSER,,0,WINNER,1,,0.00%,ROUND,WINNER,  - WINNER -  
  - LOSER -  , , ,  - VS -  ,UNIBET,0.00,0.00,,,,,,,,,0,0,0,0.00%,,,WINNER,,LOSER,,0,WINNER,1,,0.00%,ROUND,WINNER,  - WINNER -  
  - LOSER -  , , ,  - VS -  ,UNIBET,0.00,0.00,,,,,,,,,0,0,0,0.00%,,,WINNER,,LOSER,,0,WINNER,1,,0.00%,ROUND,WINNER,  - WINNER -  
  - LOSER -  , , ,  - VS -  ,UNIBET,0.00,0.00,,,,,,,,,0,0,0,0.00%,,,WINNER,,LOSER,,0,WINNER,1,,0.00%,ROUND,WINNER,  - WINNER -  
  - LOSER -  , , ,  - VS -  ,UNIBET,0.00,0.00,,,,,,,,,0,0,0,0.00%,,,WINNER,,LOSER,,0,WINNER,1,,0.00%,ROUND,WINNER,  - WINNER -  
  - LOSER -  , , ,  - VS -  ,UNIBET,0.00,0.00,,,,,,,,,0,0,0,0.00%,,,WINNER,,LOSER,,0,WINNER,1,,0.00%,ROUND,WINNER,  - WINNER -  
  - LOSER -  , , ,  - VS -  ,UNIBET,0.00,0.00,,,,,,,,,0,0,0,0.00%,,,WINNER,,LOSER,,0,WINNER,1,,0.00%,ROUND,WINNER,  - WINNER -  
  - LOSER -  , , ,  - VS -  ,UNIBET,0.00,0.00,,,,,,,,,0,0,0,0.00%,,,WINNER,,LOSER,,0,WINNER,1,,0.00%,ROUND,WINNER,  - WINNER -  
  - LOSER -  , , ,  - VS -  ,UNIBET,0.00,0.00,,,,,,,,,0,0,0,0.00%,,,WINNER,,LOSER,,0,WINNER,1,,0.00%,ROUND,WINNER,  - WINNER -  
  - LOSER -  , , ,  - VS -  ,UNIBET,0.00,0.00,,,,,,,,,0,0,0,0.00%,,,WINNER,,LOSER,,0,WINNER,1,,0.00%,ROUND,WINNER,  - WINNER -  
  - LOSER -  , , ,  - VS -  ,UNIBET,0.00,0.00,,,,,,,,,0,0,0,0.00%,,,WINNER,,LOSER,,0,WINNER,1,,0.00%,ROUND,WINNER,  - WINNER -  
  - LOSER -  , , ,  - VS -  ,UNIBET,0.00,0.00,,,,,,,,,0,0,0,0.00%,,,WINNER,,LOSER,,0,WINNER,1,,0.00%,ROUND,WINNER,  - WINNER -  
  - LOSER -  , , ,  - VS -  ,UNIBET,0.00,0.00,,,,,,,,,0,0,0,0.00%,,,WINNER,,LOSER,,0,WINNER,1,,0.00%,ROUND,WINNER,  - WINNER -  
  - LOSER -  , , ,  - VS -  ,UNIBET,0.00,0.00,,,,,,,,,0,0,0,0.00%,,,WINNER,,LOSER,,0,WINNER,1,,0.00%,ROUND,WINNER,  - WINNER -  
  - LOSER -  , , ,  - VS -  ,UNIBET,0.00,0.00,,,,,,,,,0,0,0,0.00%,,,WINNER,,LOSER,,0,WINNER,1,,0.00%,ROUND,WINNER,  - WINNER -  
  - LOSER -  , , ,  - VS -  ,UNIBET,0.00,0.00,,,,,,,,,0,0,0,0.00%,,,WINNER,,LOSER,,0,WINNER,1,,0.00%,ROUND,WINNER,  - WINNER -  
  - LOSER -  , , ,  - VS -  ,UNIBET,0.00,0.00,,,,,,,,,0,0,0,0.00%,,,WINNER,,LOSER,,0,WINNER,1,,0.00%,ROUND,WINNER,  - WINNER -  
  - LOSER -  , , ,  - VS -  ,UNIBET,0.00,0.00,,,,,,,,,0,0,0,0.00%,,,WINNER,,LOSER,,0,WINNER,1,,0.00%,ROUND,WINNER,  - WINNER -  
  - LOSER -  , , ,  - VS -  ,UNIBET,0.00,0.00,,,,,,,,,0,0,0,0.00%,,,WINNER,,LOSER,,0,WINNER,1,,0.00%,ROUND,WINNER,  - WINNER -  
  - LOSER -  , , ,  - VS -  ,UNIBET,0.00,0.00,,,,,,,,,0,0,0,0.00%,,,WINNER,,LOSER,,0,WINNER,1,,0.00%,ROUND,WINNER,  - WINNER -  
  - LOSER -  , , ,  - VS -  ,UNIBET,0.00,0.00,,,,,,,,,0,0,0,0.00%,,,WINNER,,LOSER,,0,WINNER,1,,0.00%,ROUND,WINNER,  - WINNER -  
  - LOSER -  , , ,  - VS -  ,UNIBET,0.00,0.00,,,,,,,,,0,0,0,0.00%,,,WINNER,,LOSER,,0,WINNER,1,,0.00%,ROUND,WINNER,  - WINNER -  
  - LOSER -  , , ,  - VS -  ,UNIBET,0.00,0.00,,,,,,,,,0,0,0,0.00%,,,WINNER,,LOSER,,0,WINNER,1,,0.00%,ROUND,WINNER,  - WINNER -  
  - LOSER -  , , ,  - VS -  ,UNIBET,0.00,0.00,,,,,,,,,0,0,0,0.00%,,,WINNER,,LOSER,,0,WINNER,1,,0.00%,ROUND,WINNER,  - WINNER -  
  - LOSER -  , , ,  - VS -  ,UNIBET,0.00,0.00,,,,,,,,,0,0,0,0.00%,,,WINNER,,LOSER,,0,WINNER,1,,0.00%,ROUND,WINNER,  - WINNER -  
  - LOSER -  , , ,  - VS -  ,UNIBET,0.00,0.00,,,,,,,,,0,0,0,0.00%,,,WINNER,,LOSER,,0,WINNER,1,,0.00%,ROUND,WINNER,  - WINNER -  
  - LOSER -  , , ,  - VS -  ,UNIBET,0.00,0.00,,,,,,,,,0,0,0,0.00%,,,WINNER,,LOSER,,0,WINNER,1,,0.00%,ROUND,WINNER,  - WINNER -  
  - LOSER -  , , ,  - VS -  ,UNIBET,0.00,0.00,,,,,,,,,0,0,0,0.00%,,,WINNER,,LOSER,,0,WINNER,1,,0.00%,ROUND,WINNER,  - WINNER -  
  - LOSER -  , , ,  - VS -  ,UNIBET,0.00,0.00,,,,,,,,,0,0,0,0.00%,,,WINNER,,LOSER,,0,WINNER,1,,0.00%,ROUND,WINNER,  - WINNER -  
  - LOSER -  , , ,  - VS -  ,UNIBET,0.00,0.00,,,,,,,,,0,0,0,0.00%,,,WINNER,,LOSER,,0,WINNER,1,,0.00%,ROUND,WINNER,  - WINNER -  
  - LOSER -  , , ,  - VS -  ,UNIBET,0.00,0.00,,,,,,,,,0,0,0,0.00%,,,WINNER,,LOSER,,0,WINNER,1,,0.00%,ROUND,WINNER,  - WINNER -  
  - LOSER -  , , ,  - VS -  ,UNIBET,0.00,0.00,,,,,,,,,0,0,0,0.00%,,,WINNER,,LOSER,,0,WINNER,1,,0.00%,ROUND,WINNER,  - WINNER -  
  - LOSER -  , , ,  - VS -  ,UNIBET,0.00,0.00,,,,,,,,,0,0,0,0.00%,,,WINNER,,LOSER,,0,WINNER,1,,0.00%,ROUND,WINNER,  - WINNER -  
  - LOSER -  , , ,  - VS -  ,UNIBET,0.00,0.00,,,,,0.4825716499,0.5174283501,,,0,0,0,0.00%,,,WINNER,,LOSER,,0,WINNER,1,,0.00%,ROUND,WINNER,  - WINNER -  
  - LOSER -  , , ,  - VS -  ,UNIBET,0.00,0.00,,,,,0.5222101842,0.4777898158,,,0,0,0,0.00%,,,WINNER,,LOSER,,0,WINNER,1,,0.00%,ROUND,WINNER,  - WINNER -  
  - LOSER -  , , ,  - VS -  ,UNIBET,0.00,0.00,,,,,0.5,0.5,,,0,0,0,0.00%,,,WINNER,,LOSER,,0,WINNER,1,,0.00%,ROUND,WINNER,  - WINNER -  
  - LOSER -  , , ,  - VS -  ,UNIBET,0.00,0.00,,,,,0.4702258727,0.5297741273,,,0,0,0,0.00%,,,WINNER,,LOSER,,0,WINNER,1,,0.00%,ROUND,WINNER,  - WINNER -  
  - LOSER -  , , ,  - VS -  ,UNIBET,0.00,0.00,,,,,0.4811840294,0.5188159706,,,0,0,0,0.00%,,,WINNER,,LOSER,,0,WINNER,1,,0.00%,ROUND,WINNER,  - WINNER -  
  - LOSER -  , , ,  - VS -  ,UNIBET,0.00,0.00,,,,,0.500539258,0.499460742,,,0,0,0,0.00%,,,WINNER,,LOSER,,0,WINNER,1,,0.00%,ROUND,WINNER,  - WINNER -  
  - LOSER -  , , ,  - VS -  ,UNIBET,0.00,0.00,,,,,0.4911345668,0.5088654332,,,0,0,0,0.00%,,,WINNER,,LOSER,,0,WINNER,1,,0.00%,ROUND,WINNER,  - WINNER -  
  - LOSER -  , , ,  - VS -  ,UNIBET,0.00,0.00,,,,,0.479338843,0.520661157,,,0,0,0,0.00%,,,WINNER,,LOSER,,0,WINNER,1,,0.00%,ROUND,WINNER,  - WINNER -  
  - LOSER -  , , ,  - VS -  ,UNIBET,0.00,0.00,,,,,0.5193370166,0.4806629834,,,0,0,0,0.00%,,,WINNER,,LOSER,,0,WINNER,1,,0.00%,ROUND,WINNER,  - WINNER -  
  - LOSER -  , , ,  - VS -  ,UNIBET,0.00,0.00,,,,,0.5,0.5,,,0,0,0,0.00%,,,WINNER,,LOSER,,0,WINNER,1,,0.00%,ROUND,WINNER,  - WINNER -  
  - LOSER -  , , ,  - VS -  ,UNIBET,0.00,0.00,,,,,0.4782608696,0.5217391304,,,0,0,0,0.00%,,,WINNER,,LOSER,,0,WINNER,1,,0.00%,ROUND,WINNER,  - WINNER -  
  - LOSER - , ,,  - VS - ,UNIBET,0.00,0.00,,,,,0.5,0.5,,,0,0,0,0.00%,,,WINNER,,LOSER,,0,WINNER,1,,0.00%,ROUND,WINNER,  - WINNER - 
  - LOSER - , ,,  - VS - ,UNIBET,0.00,0.00,,,,,0.4796954315,0.5203045685,,,0,0,0,0.00%,,,WINNER,,LOSER,,0,WINNER,1,,0.00%,ROUND,WINNER,  - WINNER - 
  - LOSER - , ,,  - VS - ,UNIBET,0.00,0.00,,,,,0.4791397221,0.5208602779,,,0,0,0,0.00%,,,WINNER,,LOSER,,0,WINNER,1,,0.00%,ROUND,WINNER,  - WINNER - 
  - LOSER - , ,,  - VS - ,UNIBET,0.00,0.00,,,,,0.4782608696,0.5217391304,,,0,0,0,0.00%,,,WINNER,,LOSER,,0,WINNER,1,,0.00%,ROUND,WINNER,  - WINNER - 
  - LOSER - , ,,  - VS - ,UNIBET,0.00,0.00,,,,,0.5217391304,0.4782608696,,,0,0,0,0.00%,,,WINNER,,LOSER,,0,WINNER,1,,0.00%,ROUND,WINNER,  - WINNER - 
  - LOSER - , ,,  - VS - ,UNIBET,0.00,0.00,,,,,0.4853294072,0.5146705928,,,0,0,0,0.00%,,,WINNER,,LOSER,,0,WINNER,1,,0.00%,ROUND,WINNER,  - WINNER - 
  - LOSER - , ,,  - VS - ,UNIBET,0.00,0.00,,,,,0.5217391304,0.4782608696,,,0,0,0,0.00%,,,WINNER,,LOSER,,0,WINNER,1,,0.00%,ROUND,WINNER,  - WINNER - 
  - LOSER - , ,,  - VS - ,UNIBET,0.00,0.00,,,,,0.5217391304,0.4782608696,,,0,0,0,0.00%,,,WINNER,,LOSER,,0,WINNER,1,,0.00%,ROUND,WINNER,  - WINNER - 
  - LOSER - , ,,  - VS - ,UNIBET,0.00,0.00,,,,,0.4891657638,0.5108342362,,,0,0,0,0.00%,,,WINNER,,LOSER,,0,WINNER,1,,0.00%,ROUND,WINNER,  - WINNER - 
  - LOSER - , ,,  - VS - ,UNIBET,0.00,0.00,,,,,0.4891657638,0.5108342362,,,0,0,0,0.00%,,,WINNER,,LOSER,,0,WINNER,1,,0.00%,ROUND,WINNER,  - WINNER - 
  - LOSER - , ,,  - VS - ,UNIBET,0.00,0.00,,,,,0.4826358743,0.5173641257,,,0,0,0,0.00%,,,WINNER,,LOSER,,0,WINNER,1,,0.00%,ROUND,WINNER,  - WINNER - 
  - LOSER - , ,,  - VS - ,UNIBET,0.00,0.00,,,,,0.5198879045,0.4801120955,,,0,0,0,0.00%,,,WINNER,,LOSER,,0,WINNER,1,,0.00%,ROUND,WINNER,  - WINNER - 
  - LOSER - , ,,  - VS - ,UNIBET,0.00,0.00,,,,,0.5,0.5,,,0,0,0,0.00%,,,WINNER,,LOSER,,0,WINNER,1,,0.00%,ROUND,WINNER,  - WINNER - 
  - LOSER - , ,,  - VS - ,UNIBET,0.00,0.00,,,,,0.4782608696,0.5217391304,,,0,0,0,0.00%,,,WINNER,,LOSER,,0,WINNER,1,,0.00%,ROUND,WINNER,  - WINNER - 
  - LOSER - , ,,  - VS - ,UNIBET,0.00,0.00,,,,,0.5205795193,0.4794204807,,,0,0,0,0.00%,,,WINNER,,LOSER,,0,WINNER,1,,0.00%,ROUND,WINNER,  - WINNER - 
  - LOSER - , ,,  - VS - ,UNIBET,0.00,0.00,,,,,0.5043297541,0.4956702459,,,0,0,0,0.00%,,,WINNER,,LOSER,,0,WINNER,1,,0.00%,ROUND,WINNER,  - WINNER - 
  - LOSER - , ,,  - VS - ,UNIBET,0.00,0.00,,,,,0.5064960374,0.4935039626,,,0,0,0,0.00%,,,WINNER,,LOSER,,0,WINNER,1,,0.00%,ROUND,WINNER,  - WINNER - 
  - LOSER - , ,,  - VS - ,UNIBET,0.00,0.00,,,,,,,,,0,0,0,0.00%,,,WINNER,,LOSER,,0,WINNER,1,,0.00%,ROUND,WINNER,  - WINNER - 
  - LOSER - , ,,  - VS - ,UNIBET,0.00,0.00,,,,,,,,,0,0,0,0.00%,,,WINNER,,LOSER,,0,WINNER,1,,0.00%,ROUND,WINNER,  - WINNER - 
  - LOSER - , ,,  - VS - ,UNIBET,0.00,0.00,,,,,,,,,0,0,0,0.00%,,,WINNER,,LOSER,,0,WINNER,1,,0.00%,ROUND,WINNER,  - WINNER - 
  - LOSER - , ,,  - VS - ,UNIBET,0.00,0.00,,,,,,,,,0,0,0,0.00%,,,WINNER,,LOSER,,0,WINNER,1,,0.00%,ROUND,WINNER,  - WINNER - 
  - LOSER - , ,,  - VS - ,UNIBET,0.00,0.00,,,,,,,,,0,0,0,0.00%,,,WINNER,,LOSER,,0,WINNER,1,,0.00%,ROUND,WINNER,  - WINNER - 
  - LOSER - , ,,  - VS - ,UNIBET,0.00,0.00,,,,,,,,,0,0,0,0.00%,,,WINNER,,LOSER,,0,WINNER,1,,0.00%,ROUND,WINNER,  - WINNER - 
  - LOSER - , ,,  - VS - ,UNIBET,0.00,0.00,,,,,,,,,0,0,0,0.00%,,,WINNER,,LOSER,,0,WINNER,1,,0.00%,ROUND,WINNER,  - WINNER - 
  - LOSER - , ,,  - VS - ,UNIBET,0.00,0.00,,,,,,,,,0,0,0,0.00%,,,WINNER,,LOSER,,0,WINNER,1,,0.00%,ROUND,WINNER,  - WINNER - 
  - LOSER - , ,,  - VS - ,UNIBET,0.00,0.00,,,,,,,,,0,0,0,0.00%,,,WINNER,,LOSER,,0,WINNER,1,,0.00%,ROUND,WINNER,  - WINNER - 
  - LOSER - , ,,  - VS - ,UNIBET,0.00,0.00,,,,,,,,,0,0,0,0.00%,,,WINNER,,LOSER,,0,WINNER,1,,0.00%,ROUND,WINNER,  - WINNER - 
  - LOSER - , ,,  - VS - ,UNIBET,0.00,0.00,,,,,,,,,0,0,0,0.00%,,,WINNER,,LOSER,,0,WINNER,1,,0.00%,ROUND,WINNER,  - WINNER - 
  - LOSER - , ,,  - VS - ,UNIBET,0.00,0.00,,,,,,,,,0,0,0,0.00%,,,WINNER,,LOSER,,0,WINNER,1,,0.00%,ROUND,WINNER,  - WINNER - 
  - LOSER - , ,,  - VS - ,UNIBET,0.00,0.00,,,,,0.4736842105,0.5263157895,,,0,0,0,0.00%,,,WINNER,,LOSER,,0,WINNER,1,,0.00%,ROUND,WINNER,  - WINNER - 
  - LOSER - , ,,  - VS - ,UNIBET,0.00,0.00,,,,,0.5,0.5,,,0,0,0,0.00%,,,WINNER,,LOSER,,0,WINNER,1,,0.00%,ROUND,WINNER,  - WINNER - 
  - LOSER - , ,,  - VS - ,UNIBET,0.00,0.00,,,,,0.4726815241,0.5273184759,,,0,0,0,0.00%,,,WINNER,,LOSER,,0,WINNER,1,,0.00%,ROUND,WINNER,  - WINNER - 
  - LOSER - , ,,  - VS - ,UNIBET,0.00,0.00,,,,,0.5,0.5,,,0,0,0,0.00%,,,WINNER,,LOSER,,0,WINNER,1,,0.00%,ROUND,WINNER,  - WINNER - 
  - LOSER - , ,,  - VS - ,UNIBET,0.00,0.00,,,,,0.5192307692,0.4807692308,,,0,0,0,0.00%,,,WINNER,,LOSER,,0,WINNER,1,,0.00%,ROUND,WINNER,  - WINNER - 
  - LOSER - , ,,  - VS - ,UNIBET,0.00,0.00,,,,,0.4736842105,0.5263157895,,,0,0,0,0.00%,,,WINNER,,LOSER,,0,WINNER,1,,0.00%,ROUND,WINNER,  - WINNER - 
  - LOSER - , ,,  - VS - ,UNIBET,0.00,0.00,,,,,0.4769810268,0.5230189732,,,0,0,0,0.00%,,,WINNER,,LOSER,,0,WINNER,1,,0.00%,ROUND,WINNER,  - WINNER - 
  - LOSER - , ,,  - VS - ,UNIBET,0.00,0.00,,,,,0.5290292615,0.4709707385,,,0,0,0,0.00%,,,WINNER,,LOSER,,0,WINNER,1,,0.00%,ROUND,WINNER,  - WINNER - 
  - LOSER - , ,,  - VS - ,UNIBET,0.00,0.00,,,,,0.4796954315,0.5203045685,,,0,0,0,0.00%,,,WINNER,,LOSER,,0,WINNER,1,,0.00%,ROUND,WINNER,  - WINNER - 
  - LOSER - , ,,  - VS - ,UNIBET,0.00,0.00,,,,,0.5162199424,0.4837800576,,,0,0,0,0.00%,,,WINNER,,LOSER,,0,WINNER,1,,0.00%,ROUND,WINNER,  - WINNER - 
  - LOSER - , ,,  - VS - ,UNIBET,0.00,0.00,,,,,0.4979776735,0.5020223265,,,0,0,0,0.00%,,,WINNER,,LOSER,,0,WINNER,1,,0.00%,ROUND,WINNER,  - WINNER - 
  - LOSER - , ,,  - VS - ,UNIBET,0.00,0.00,,,,,0.5223540888,0.4776459112,,,0,0,0,0.00%,,,WINNER,,LOSER,,0,WINNER,1,,0.00%,ROUND,WINNER,  - WINNER - 
  - LOSER - , ,,  - VS - ,UNIBET,0.00,0.00,,,,,0.4776459112,0.5223540888,,,0,0,0,0.00%,,,WINNER,,LOSER,,0,WINNER,1,,0.00%,ROUND,WINNER,  - WINNER - 
  - LOSER - , ,,  - VS - ,UNIBET,0.00,0.00,,,,,0.5040451438,0.4959548562,,,0,0,0,0.00%,,,WINNER,,LOSER,,0,WINNER,1,,0.00%,ROUND,WINNER,  - WINNER - 
  - LOSER - , ,,  - VS - ,UNIBET,0.00,0.00,,,,,0.5060689432,0.4939310568,,,0,0,0,0.00%,,,WINNER,,LOSER,,0,WINNER,1,,0.00%,ROUND,WINNER,  - WINNER - 
  - LOSER - , ,,  - VS - ,UNIBET,0.00,0.00,,,,,0.4701955174,0.5298044826,,,0,0,0,0.00%,,,WINNER,,LOSER,,0,WINNER,1,,0.00%,ROUND,WINNER,  - WINNER - 
  - LOSER - , ,,  - VS - ,UNIBET,0.00,0.00,,,,,0.5302041803,0.4697958197,,,0,0,0,0.00%,,,WINNER,,LOSER,,0,WINNER,1,,0.00%,ROUND,WINNER,  - WINNER - 
  - LOSER - , ,,  - VS - ,UNIBET,0.00,0.00,,,,,0.4731182796,0.5268817204,,,0,0,0,0.00%,,,WINNER,,LOSER,,0,WINNER,1,,0.00%,ROUND,WINNER,  - WINNER - 
  - LOSER - , ,,  - VS - ,UNIBET,0.00,0.00,,,,,0.4709707385,0.5290292615,,,0,0,0,0.00%,,,WINNER,,LOSER,,0,WINNER,1,,0.00%,ROUND,WINNER,  - WINNER - 
  - LOSER - , ,,  - VS - ,UNIBET,0.00,0.00,,,,,0.4837800576,0.5162199424,,,0,0,0,0.00%,,,WINNER,,LOSER,,0,WINNER,1,,0.00%,ROUND,WINNER,  - WINNER - 
  - LOSER - , ,,  - VS - ,UNIBET,0.00,0.00,,,,,0.4780533922,0.5219466078,,,0,0,0,0.00%,,,WINNER,,LOSER,,0,WINNER,1,,0.00%,ROUND,WINNER,  - WINNER - 
  - LOSER - , ,,  - VS - ,UNIBET,0.00,0.00,,,,,0.5162199424,0.4837800576,,,0,0,0,0.00%,,,WINNER,,LOSER,,0,WINNER,1,,0.00%,ROUND,WINNER,  - WINNER - 
  - LOSER - , ,,  - VS - ,UNIBET,0.00,0.00,,,,,0.5182600227,0.4817399773,,,0,0,0,0.00%,,,WINNER,,LOSER,,0,WINNER,1,,0.00%,ROUND,WINNER,  - WINNER - 
  - LOSER - , ,,  - VS - ,UNIBET,0.00,0.00,,,,,0.5101214575,0.4898785425,,,0,0,0,0.00%,,,WINNER,,LOSER,,0,WINNER,1,,0.00%,ROUND,WINNER,  - WINNER - 
  - LOSER - , ,,  - VS - ,UNIBET,0.00,0.00,,,,,0.5275694751,0.4724305249,,,0,0,0,0.00%,,,WINNER,,LOSER,,0,WINNER,1,,0.00%,ROUND,WINNER,  - WINNER - 
  - LOSER - , ,,  - VS - ,UNIBET,0.00,0.00,,,,,0.4761904762,0.5238095238,,,0,0,0,0.00%,,,WINNER,,LOSER,,0,WINNER,1,,0.00%,ROUND,WINNER,  - WINNER - 
 - LOSER - ,,,,UNIBET,,,,,,,0.4959548562,0.5040451438,,,0,0,0,0.00%,,,WINNER,,LOSER,,0,WINNER,1,,0.00%,ROUND,WINNER, - WINNER - 
Johnny Keefer - LOSER - David Lipsky,Johnny Keefer,David Lipsky,David Lipsky - VS - Johnny Keefer,BET365,-167.00,140.00,1.598802395,2.4,0.5174283501,0.482571650,0.5174283501,0.4825716499,41.755,31.82,73.575,0.56751614,0.43248386,0.00%,0.00%,0.00%,WINNER,5.01%,LOSER,,0.13503228,LOSER,0,5.01%,0.00%,ROUND,WINNER,Johnny Keefer - WINNER - David Lipsky
Jackson Suber - WINNER - Doug Ghim,Jackson Suber,Doug Ghim,Doug Ghim - VS - Jackson Suber,BET365,-111.00,-111.00,1.900900901,1.900900901,0.5,0.500000000,0.4777898158,0.5222101842,42.70833333,45.57333333,88.28166667,0.4837735279,0.5162264721,0.00%,-2.22%,2.22%,LOSER,-1.62%,WINNER,,-0.03245294417,WINNER,0,-1.62%,2.22%,ROUND,LOSER,Jackson Suber - LOSER - Doug Ghim
Denny McCarthy - LOSER - Patrick Rodgers,Denny McCarthy,Patrick Rodgers,Patrick Rodgers - VS - Denny McCarthy,BET365,-111.00,-111.00,1.900900901,1.900900901,0.5,0.500000000,0.5,0.5,37.44166667,36.56666667,74.00833333,0.5059114965,0.4940885035,0.00%,0.00%,0.00%,LOSER,0.59%,LOSER,0.59%,0.01182299291,LOSER,1,0.59%,0.00%,ROUND,WINNER,Denny McCarthy - WINNER - Patrick Rodgers
Jackson Koivun - LOSER - Ben James,Jackson Koivun,Ben James,Ben James - VS - Jackson Koivun,BET365,-105.00,-116.00,1.952380952,1.862068966,0.4881618597,0.511838140,0.5297741273,0.4702258727,44.89675439,44.89675439,89.79350877,0.5,0.5,0.00%,4.16%,-4.16%,LOSER,1.18%,LOSER,,0,WINNER,0,1.18%,-4.16%,ROUND,WINNER,Jackson Koivun - WINNER - Ben James
Michael Brennan - LOSER - Kevin Yu,Michael Brennan,Kevin Yu,Kevin Yu - VS - Michael Brennan,BET365,-135.00,115.00,1.740740741,2.15,0.5178412132,0.482158787,0.5188159706,0.4811840294,44.11,42.54166667,86.65166667,0.5090496432,0.4909503568,0.00%,0.10%,-0.10%,WINNER,-0.88%,LOSER,,0.01809928641,LOSER,0,-0.88%,-0.10%,ROUND,LOSER,Michael Brennan - LOSER - Kevin Yu
Steven Fisk - LOSER - Stephan Jaeger,Steven Fisk,Stephan Jaeger,Stephan Jaeger - VS - Steven Fisk,BET365,-105.00,-116.00,1.952380952,1.862068966,0.4881618597,0.511838140,0.499460742,0.500539258,37.37166667,40.02833333,77.4,0.4828380706,0.5171619294,0.00%,1.13%,-1.13%,LOSER,-0.53%,LOSER,,-0.03432385874,WINNER,0,-0.53%,-1.13%,ROUND,LOSER,Steven Fisk - LOSER - Stephan Jaeger
Neal Shipley - LOSER - Harry Hall,Neal Shipley,Harry Hall,Harry Hall - VS - Neal Shipley,BET365,-105.00,-116.00,1.952380952,1.862068966,0.4881618597,0.511838140,0.5088654332,0.4911345668,40.91333333,41.46333333,82.37666667,0.496661676,0.503338324,0.00%,2.07%,-2.07%,LOSER,0.85%,LOSER,,-0.006676647918,WINNER,0,0.85%,-2.07%,ROUND,WINNER,Neal Shipley - WINNER - Harry Hall
Matt McCarty - LOSER - Zac Blair,Matt McCarty,Zac Blair,Zac Blair - VS - Matt McCarty,BET365,-132.00,110.00,1.757575758,2.1,0.520661157,0.479338843,0.520661157,0.479338843,0,35.95833333,35.95833333,0,1,0.00%,0.00%,0.00%,WINNER,,LOSER,,-1,WINNER,1,,0.00%,ROUND,WINNER,Matt McCarty - WINNER - Zac Blair
Rico Hoey - LOSER - Matt Wallace,Rico Hoey,Matt Wallace,Matt Wallace - VS - Rico Hoey,BET365,105.00,-125.00,2.05,1.8,0.4796954315,0.520304569,0.4806629834,0.5193370166,41.72,43.17,84.89,0.4914595359,0.5085404641,0.00%,0.10%,-0.10%,LOSER,1.18%,LOSER,,-0.01708092826,WINNER,0,1.18%,-0.10%,ROUND,WINNER,Rico Hoey - WINNER - Matt Wallace
Trace Crowe - LOSER - Patrick Fishburn,Trace Crowe,Patrick Fishburn,Patrick Fishburn - VS - Trace Crowe,BET365,-111.00,-111.00,1.900900901,1.900900901,0.5,0.500000000,0.5,0.5,35.26166667,35.695,70.95666667,0.4969464932,0.5030535068,0.00%,0.00%,0.00%,LOSER,-0.31%,LOSER,,-0.00610701367,WINNER,0,-0.31%,0.00%,ROUND,LOSER,Trace Crowe - LOSER - Patrick Fishburn
Jordan Smith - LOSER - Kevin Roy,Jordan Smith,Kevin Roy,Kevin Roy - VS - Jordan Smith,BET365,0.00,0.00,,,,,0.5217391304,0.4782608696,41.215,41.215,82.43,0.5,0.5,0.00%,,,WINNER,,LOSER,,0,WINNER,1,,0.00%,ROUND,WINNER,Jordan Smith - WINNER - Kevin Roy
Taylor Moore - LOSER - Matthieu Pavon,Taylor Moore,Matthieu Pavon,Matthieu Pavon - VS - Taylor Moore,BET365,0.00,0.00,,,,,0.5,0.5,37.42666667,33.17333333,70.6,0.5301227573,0.4698772427,0.00%,,,WINNER,,LOSER,,0.06024551464,LOSER,0,,0.00%,ROUND,WINNER,Taylor Moore - WINNER - Matthieu Pavon
Christiaan Bezuidenhout - LOSER - John Parry,Christiaan Bezuidenhout,John Parry,John Parry - VS - Christiaan Bezuidenhout,BET365,0.00,0.00,,,,,0.5203045685,0.4796954315,41.08166667,40.42,81.50166667,0.5040592217,0.4959407783,0.00%,,,WINNER,,LOSER,,0.008118443386,LOSER,0,,0.00%,ROUND,WINNER,Christiaan Bezuidenhout - WINNER - John Parry
Maverick McNealy - LOSER - Chris Kirk,Maverick McNealy,Chris Kirk,Chris Kirk - VS - Maverick McNealy,BET365,0.00,0.00,,,,,0.5208602779,0.4791397221,44.815,42.29833333,87.11333333,0.5144447846,0.4855552154,0.00%,,,WINNER,,LOSER,,0.02888956914,LOSER,0,,0.00%,ROUND,WINNER,Maverick McNealy - WINNER - Chris Kirk
Max Homa - LOSER - Billy Horschel,Max Homa,Billy Horschel,Billy Horschel - VS - Max Homa,BET365,0.00,0.00,,,,,0.5217391304,0.4782608696,42.85333333,41.305,84.15833333,0.5091989306,0.4908010694,0.00%,,,WINNER,,LOSER,,0.01839786117,LOSER,0,,0.00%,ROUND,WINNER,Max Homa - WINNER - Billy Horschel
Eric Cole - LOSER - Nick Taylor,Eric Cole,Nick Taylor,Nick Taylor - VS - Eric Cole,BET365,0.00,0.00,,,,,0.4782608696,0.5217391304,43.53333333,41.82166667,85.355,0.510026751,0.489973249,0.00%,,,WINNER,,LOSER,,0.02005350204,LOSER,0,,0.00%,ROUND,WINNER,Eric Cole - WINNER - Nick Taylor
Aldrich Potgieter - LOSER - Tony Finau,Aldrich Potgieter,Tony Finau,Tony Finau - VS - Aldrich Potgieter,BET365,0.00,0.00,,,,,0.5146705928,0.4853294072,39.74333333,38.155,77.89833333,0.5101949122,0.4898050878,0.00%,,,WINNER,,LOSER,,0.02038982434,LOSER,0,,0.00%,ROUND,WINNER,Aldrich Potgieter - WINNER - Tony Finau
Pierceson Coody - LOSER - Ben Kohles,Pierceson Coody,Ben Kohles,Ben Kohles - VS - Pierceson Coody,BET365,0.00,0.00,,,,,0.4782608696,0.5217391304,41.47833333,42.53166667,84.01,0.4937309051,0.5062690949,0.00%,,,WINNER,,LOSER,,-0.0125381899,WINNER,1,,0.00%,ROUND,WINNER,Pierceson Coody - WINNER - Ben Kohles
Lee Hodges - LOSER - Emiliano Grillo,Lee Hodges,Emiliano Grillo,Emiliano Grillo - VS - Lee Hodges,BET365,0.00,0.00,,,,,0.4782608696,0.5217391304,39.33666667,40.33166667,79.66833333,0.4937553608,0.5062446392,0.00%,,,WINNER,,LOSER,,-0.01248927847,WINNER,1,,0.00%,ROUND,WINNER,Lee Hodges - WINNER - Emiliano Grillo
Marco Penge - LOSER - Kristoffer Ventura,Marco Penge,Kristoffer Ventura,Kristoffer Ventura - VS - Marco Penge,BET365,0.00,0.00,,,,,0.5108342362,0.4891657638,44.98333333,44.98333333,89.96666667,0.5,0.5,0.00%,,,WINNER,,LOSER,,0,WINNER,1,,0.00%,ROUND,WINNER,Marco Penge - WINNER - Kristoffer Ventura
Johnny Keefer - LOSER - Mac Meissner,Johnny Keefer,Mac Meissner,Mac Meissner - VS - Johnny Keefer,BET365,0.00,0.00,,,,,0.5108342362,0.4891657638,41.755,41.38333333,83.13833333,0.5022352304,0.4977647696,0.00%,,,WINNER,,LOSER,,0.004470460878,LOSER,0,,0.00%,ROUND,WINNER,Johnny Keefer - WINNER - Mac Meissner
Sudarshan Yellamaraju - LOSER - Denny McCarthy,Sudarshan Yellamaraju,Denny McCarthy,Denny McCarthy - VS - Sudarshan Yellamaraju,BET365,0.00,0.00,,,,,0.5173641257,0.4826358743,36.68333333,37.44166667,74.125,0.4948847667,0.5051152333,0.00%,,,WINNER,,LOSER,,-0.01023046655,WINNER,1,,0.00%,ROUND,WINNER,Sudarshan Yellamaraju - WINNER - Denny McCarthy
Rasmus Hojgaard - LOSER - Max Greyserman,Rasmus Hojgaard,Max Greyserman,Max Greyserman - VS - Rasmus Hojgaard,BET365,0.00,0.00,,,,,0.4801120955,0.5198879045,41.64166667,40.47666667,82.11833333,0.5070934221,0.4929065779,0.00%,,,WINNER,,LOSER,,0.01418684419,LOSER,0,,0.00%,ROUND,WINNER,Rasmus Hojgaard - WINNER - Max Greyserman
Davis Thompson - LOSER - Harry Hall,Davis Thompson,Harry Hall,Harry Hall - VS - Davis Thompson,BET365,0.00,0.00,,,,,0.5,0.5,41.78,41.46333333,83.24333333,0.5019020542,0.4980979458,0.00%,,,WINNER,,LOSER,,0.003804108437,LOSER,0,,0.00%,ROUND,WINNER,Davis Thompson - WINNER - Harry Hall
Neal Shipley - LOSER - Matt McCarty,Neal Shipley,Matt McCarty,Matt McCarty - VS - Neal Shipley,BET365,0.00,0.00,,,,,0.5217391304,0.4782608696,40.91333333,0,40.91333333,1,0,0.00%,,,WINNER,,LOSER,,1,LOSER,0,,0.00%,ROUND,WINNER,Neal Shipley - WINNER - Matt McCarty
William Mouw - LOSER - Max McGreevy,William Mouw,Max McGreevy,Max McGreevy - VS - William Mouw,BET365,0.00,0.00,,,,,0.4794204807,0.5205795193,36.83833333,35.68666667,72.525,0.5079397909,0.4920602091,0.00%,,,WINNER,,LOSER,,0.01587958175,LOSER,0,,0.00%,ROUND,WINNER,William Mouw - WINNER - Max McGreevy
Chandler Phillips - LOSER - Seamus Power,Chandler Phillips,Seamus Power,Seamus Power - VS - Chandler Phillips,BET365,0.00,0.00,,,,,0.4956702459,0.5043297541,36.47833333,37.32,73.79833333,0.4942975225,0.5057024775,0.00%,,,WINNER,,LOSER,,-0.01140495494,WINNER,1,,0.00%,ROUND,WINNER,Chandler Phillips - WINNER - Seamus Power
Haotong Li - LOSER - Joel Dahmen,Haotong Li,Joel Dahmen,Joel Dahmen - VS - Haotong Li,BET365,0.00,0.00,,,,,0.4935039626,0.5064960374,34.33166667,34.33166667,68.66333333,0.5,0.5,0.00%,,,WINNER,,LOSER,,0,WINNER,1,,0.00%,ROUND,WINNER,Haotong Li - WINNER - Joel Dahmen
Hank Lebioda - LOSER - Matthieu Pavon,Hank Lebioda,Matthieu Pavon,Matthieu Pavon - VS - Hank Lebioda,BET365,0.00,0.00,,,,,,,31.485,33.17333333,64.65833333,0.4869441938,0.5130558062,0.00%,,,WINNER,,LOSER,,-0.02611161232,WINNER,1,,0.00%,ROUND,WINNER,Hank Lebioda - WINNER - Matthieu Pavon
Taylor Moore - LOSER - Kevin Roy,Taylor Moore,Kevin Roy,Kevin Roy - VS - Taylor Moore,BET365,0.00,0.00,,,,,,,37.42666667,41.215,78.64166667,0.4759139557,0.5240860443,0.00%,,,WINNER,,LOSER,,-0.04817208859,WINNER,1,,0.00%,ROUND,WINNER,Taylor Moore - WINNER - Kevin Roy
Zach Bauchou - LOSER - Christiaan Bezuidenhout,Zach Bauchou,Christiaan Bezuidenhout,Christiaan Bezuidenhout - VS - Zach Bauchou,BET365,0.00,0.00,,,,,,,41.08166667,41.08166667,82.16333333,0.5,0.5,0.00%,,,WINNER,,LOSER,,0,WINNER,1,,0.00%,ROUND,WINNER,Zach Bauchou - WINNER - Christiaan Bezuidenhout
Pierceson Coody - LOSER - Tony Finau,Pierceson Coody,Tony Finau,Tony Finau - VS - Pierceson Coody,BET365,0.00,0.00,,,,,,,41.47833333,38.155,79.63333333,0.5208664713,0.4791335287,0.00%,,,WINNER,,LOSER,,0.04173294265,LOSER,0,,0.00%,ROUND,WINNER,Pierceson Coody - WINNER - Tony Finau
Ben Kohles - LOSER - Emiliano Grillo,Ben Kohles,Emiliano Grillo,Emiliano Grillo - VS - Ben Kohles,BET365,0.00,0.00,,,,,,,42.53166667,40.33166667,82.86333333,0.5132748703,0.4867251297,0.00%,,,WINNER,,LOSER,,0.02654974054,LOSER,0,,0.00%,ROUND,WINNER,Ben Kohles - WINNER - Emiliano Grillo
Johnny Keefer - LOSER - Doug Ghim,Johnny Keefer,Doug Ghim,Doug Ghim - VS - Johnny Keefer,BET365,0.00,0.00,,,,,,,41.755,45.57333333,87.32833333,0.4781380613,0.5218619387,0.00%,,,WINNER,,LOSER,,-0.04372387732,WINNER,1,,0.00%,ROUND,WINNER,Johnny Keefer - WINNER - Doug Ghim
Neal Shipley - LOSER - Jackson Suber,Neal Shipley,Jackson Suber,Jackson Suber - VS - Neal Shipley,BET365,0.00,0.00,,,,,,,40.91333333,42.70833333,83.62166667,0.4892671357,0.5107328643,0.00%,,,WINNER,,LOSER,,-0.02146572858,WINNER,1,,0.00%,ROUND,WINNER,Neal Shipley - WINNER - Jackson Suber
Ben James - LOSER - Michael Brennan,Ben James,Michael Brennan,Michael Brennan - VS - Ben James,BET365,0.00,0.00,,,,,,,44.11,44.11,88.22,0.5,0.5,0.00%,,,WINNER,,LOSER,,0,WINNER,1,,0.00%,ROUND,WINNER,Ben James - WINNER - Michael Brennan
Matt McCarty - LOSER - Kevin Yu,Matt McCarty,Kevin Yu,Kevin Yu - VS - Matt McCarty,BET365,0.00,0.00,,,,,,,0,42.54166667,42.54166667,0,1,0.00%,,,WINNER,,LOSER,,-1,WINNER,1,,0.00%,ROUND,WINNER,Matt McCarty - WINNER - Kevin Yu
Garrick Higgo - LOSER - Rico Hoey,Garrick Higgo,Rico Hoey,Rico Hoey - VS - Garrick Higgo,BET365,0.00,0.00,,,,,,,33.325,41.72,75.045,0.4440668932,0.5559331068,0.00%,,,WINNER,,LOSER,,-0.1118662136,WINNER,1,,0.00%,ROUND,WINNER,Garrick Higgo - WINNER - Rico Hoey
Harry Hall - LOSER - Max McGreevy,Harry Hall,Max McGreevy,Max McGreevy - VS - Harry Hall,BET365,0.00,0.00,,,,,,,41.46333333,35.68666667,77.15,0.5374378916,0.4625621084,0.00%,,,WINNER,,LOSER,,0.07487578311,LOSER,0,,0.00%,ROUND,WINNER,Harry Hall - WINNER - Max McGreevy
David Ford - LOSER - Jesper Svensson,David Ford,Jesper Svensson,Jesper Svensson - VS - David Ford,BET365,0.00,0.00,,,,,,,36.44333333,35.69833333,72.14166667,0.5051634515,0.4948365485,0.00%,,,WINNER,,LOSER,,0.01032690308,LOSER,0,,0.00%,ROUND,WINNER,David Ford - WINNER - Jesper Svensson
Christiaan Bezuidenhout - LOSER - Mackenzie Hughes,Christiaan Bezuidenhout,Mackenzie Hughes,Mackenzie Hughes - VS - Christiaan Bezuidenhout,BET365,0.00,0.00,,,,,0.5263157895,0.4736842105,41.08166667,40.705,81.78666667,0.5023027388,0.4976972612,0.00%,,,WINNER,,LOSER,,0.004605477665,LOSER,0,,0.00%,ROUND,WINNER,Christiaan Bezuidenhout - WINNER - Mackenzie Hughes
Takumi Kanaya - LOSER - Tony Finau,Takumi Kanaya,Tony Finau,Tony Finau - VS - Takumi Kanaya,BET365,0.00,0.00,,,,,0.5,0.5,35.14,38.155,73.295,0.4794324306,0.5205675694,0.00%,,,WINNER,,LOSER,,-0.04113513882,WINNER,1,,0.00%,ROUND,WINNER,Takumi Kanaya - WINNER - Tony Finau
Jackson Koivun - LOSER - Rasmus Hojgaard,Jackson Koivun,Rasmus Hojgaard,Rasmus Hojgaard - VS - Jackson Koivun,BET365,0.00,0.00,,,,,0.5273184759,0.4726815241,44.89675439,41.64166667,86.53842105,0.5188071823,0.4811928177,0.00%,,,WINNER,,LOSER,,0.03761436458,LOSER,0,,0.00%,ROUND,WINNER,Jackson Koivun - WINNER - Rasmus Hojgaard
Nick Taylor - LOSER - Billy Horschel,Nick Taylor,Billy Horschel,Billy Horschel - VS - Nick Taylor,BET365,0.00,0.00,,,,,0.5,0.5,41.82166667,41.305,83.12666667,0.5031077071,0.4968922929,0.00%,,,WINNER,,LOSER,,0.006215414227,LOSER,0,,0.00%,ROUND,WINNER,Nick Taylor - WINNER - Billy Horschel
Sudarshan Yellamaraju - LOSER - Doug Ghim,Sudarshan Yellamaraju,Doug Ghim,Doug Ghim - VS - Sudarshan Yellamaraju,BET365,0.00,0.00,,,,,0.4807692308,0.5192307692,36.68333333,45.57333333,82.25666667,0.4459618268,0.5540381732,0.00%,,,WINNER,,LOSER,,-0.1080763464,WINNER,1,,0.00%,ROUND,WINNER,Sudarshan Yellamaraju - WINNER - Doug Ghim
Max Homa - LOSER - Chris Kirk,Max Homa,Chris Kirk,Chris Kirk - VS - Max Homa,BET365,0.00,0.00,,,,,0.5263157895,0.4736842105,42.85333333,42.29833333,85.15166667,0.503258891,0.496741109,0.00%,,,WINNER,,LOSER,,0.006517781997,LOSER,0,,0.00%,ROUND,WINNER,Max Homa - WINNER - Chris Kirk
Doug Ghim - LOSER - Kevin Yu,Doug Ghim,Kevin Yu,Kevin Yu - VS - Doug Ghim,BET365,0.00,0.00,,,,,0.5230189732,0.4769810268,45.57333333,42.54166667,88.115,0.5172028977,0.4827971023,0.00%,,,WINNER,,LOSER,,0.03440579546,LOSER,0,,0.00%,ROUND,WINNER,Doug Ghim - WINNER - Kevin Yu
Davis Thompson - LOSER - Matt Wallace,Davis Thompson,Matt Wallace,Matt Wallace - VS - Davis Thompson,BET365,0.00,0.00,,,,,0.4709707385,0.5290292615,41.78,43.17,84.95,0.4918187169,0.5081812831,0.00%,,,WINNER,,LOSER,,-0.01636256622,WINNER,1,,0.00%,ROUND,WINNER,Davis Thompson - WINNER - Matt Wallace
Kristoffer Ventura - LOSER - Beau Hossler,Kristoffer Ventura,Beau Hossler,Beau Hossler - VS - Kristoffer Ventura,BET365,0.00,0.00,,,,,0.5203045685,0.4796954315,43.22333333,43.22333333,86.44666667,0.5,0.5,0.00%,,,WINNER,,LOSER,,0,WINNER,1,,0.00%,ROUND,WINNER,Kristoffer Ventura - WINNER - Beau Hossler
Steven Fisk - LOSER - Rico Hoey,Steven Fisk,Rico Hoey,Rico Hoey - VS - Steven Fisk,BET365,0.00,0.00,,,,,0.4837800576,0.5162199424,37.37166667,41.72,79.09166667,0.4725107997,0.5274892003,0.00%,,,WINNER,,LOSER,,-0.05497840059,WINNER,1,,0.00%,ROUND,WINNER,Steven Fisk - WINNER - Rico Hoey
Kevin Roy - LOSER - Christiaan Bezuidenhout,Kevin Roy,Christiaan Bezuidenhout,Christiaan Bezuidenhout - VS - Kevin Roy,BET365,0.00,0.00,,,,,0.5020223265,0.4979776735,41.215,41.08166667,82.29666667,0.5008100774,0.4991899226,0.00%,,,WINNER,,LOSER,,0.001620154725,LOSER,0,,0.00%,ROUND,WINNER,Kevin Roy - WINNER - Christiaan Bezuidenhout
Pierceson Coody - LOSER - Emiliano Grillo,Pierceson Coody,Emiliano Grillo,Emiliano Grillo - VS - Pierceson Coody,BET365,0.00,0.00,,,,,0.4776459112,0.5223540888,41.47833333,40.33166667,81.81,0.5070081082,0.4929918918,0.00%,,,WINNER,,LOSER,,0.01401621644,LOSER,0,,0.00%,ROUND,WINNER,Pierceson Coody - WINNER - Emiliano Grillo
William Mouw - LOSER - Seamus Power,William Mouw,Seamus Power,Seamus Power - VS - William Mouw,BET365,0.00,0.00,,,,,0.5223540888,0.4776459112,36.83833333,37.32,74.15833333,0.4967524441,0.5032475559,0.00%,,,WINNER,,LOSER,,-0.00649511181,WINNER,1,,0.00%,ROUND,WINNER,William Mouw - WINNER - Seamus Power
Takumi Kanaya - LOSER - Max Homa,Takumi Kanaya,Max Homa,Max Homa - VS - Takumi Kanaya,BET365,0.00,0.00,,,,,0.4959548562,0.5040451438,35.14,42.85333333,77.99333333,0.4505513292,0.5494486708,0.00%,,,WINNER,,LOSER,,-0.09889734165,WINNER,1,,0.00%,ROUND,WINNER,Takumi Kanaya - WINNER - Max Homa
Davis Chatfield - LOSER - Chad Ramey,Davis Chatfield,Chad Ramey,Chad Ramey - VS - Davis Chatfield,BET365,0.00,0.00,,,,,0.4939310568,0.5060689432,35.55833333,35.85,71.40833333,0.4979577547,0.5020422453,0.00%,,,WINNER,,LOSER,,-0.004084490606,WINNER,1,,0.00%,ROUND,WINNER,Davis Chatfield - WINNER - Chad Ramey
Stephan Jaeger - LOSER - Mark Hubbard,Stephan Jaeger,Mark Hubbard,Mark Hubbard - VS - Stephan Jaeger,BET365,0.00,0.00,,,,,0.5298044826,0.4701955174,40.02833333,33.04833333,73.07666667,0.5477580623,0.4522419377,0.00%,,,WINNER,,LOSER,,0.09551612462,LOSER,0,,0.00%,ROUND,WINNER,Stephan Jaeger - WINNER - Mark Hubbard
Paul Peterson - LOSER - Haotong Li,Paul Peterson,Haotong Li,Haotong Li - VS - Paul Peterson,BET365,0.00,0.00,,,,,0.4697958197,0.5302041803,31.175,31.175,62.35,0.5,0.5,0.00%,,,WINNER,,LOSER,,0,WINNER,1,,0.00%,ROUND,WINNER,Paul Peterson - WINNER - Haotong Li
Taylor Moore - LOSER - Hank Lebioda,Taylor Moore,Hank Lebioda,Hank Lebioda - VS - Taylor Moore,BET365,0.00,0.00,,,,,0.5268817204,0.4731182796,37.42666667,31.485,68.91166667,0.5431107456,0.4568892544,0.00%,,,WINNER,,LOSER,,0.08622149128,LOSER,0,,0.00%,ROUND,WINNER,Taylor Moore - WINNER - Hank Lebioda
Michael Brennan - LOSER - Mac Meissner,Michael Brennan,Mac Meissner,Mac Meissner - VS - Michael Brennan,BET365,0.00,0.00,,,,,0.5290292615,0.4709707385,44.11,41.38333333,85.49333333,0.5159466625,0.4840533375,0.00%,,,WINNER,,LOSER,,0.03189332502,LOSER,0,,0.00%,ROUND,WINNER,Michael Brennan - WINNER - Mac Meissner
Johnny Keefer - LOSER - Jackson Suber,Johnny Keefer,Jackson Suber,Jackson Suber - VS - Johnny Keefer,BET365,0.00,0.00,,,,,0.5162199424,0.4837800576,41.755,42.70833333,84.46333333,0.4943565255,0.5056434745,0.00%,,,WINNER,,LOSER,,-0.01128694897,WINNER,1,,0.00%,ROUND,WINNER,Johnny Keefer - WINNER - Jackson Suber
Jordan Smith - LOSER - Mackenzie Hughes,Jordan Smith,Mackenzie Hughes,Mackenzie Hughes - VS - Jordan Smith,BET365,0.00,0.00,,,,,0.5219466078,0.4780533922,40.705,40.705,81.41,0.5,0.5,0.00%,,,WINNER,,LOSER,,0,WINNER,1,,0.00%,ROUND,WINNER,Jordan Smith - WINNER - Mackenzie Hughes
John Parry - LOSER - Chris Kirk,John Parry,Chris Kirk,Chris Kirk - VS - John Parry,BET365,0.00,0.00,,,,,0.4837800576,0.5162199424,40.42,42.29833333,82.71833333,0.488646209,0.511353791,0.00%,,,WINNER,,LOSER,,-0.02270758195,WINNER,1,,0.00%,ROUND,WINNER,John Parry - WINNER - Chris Kirk
Marco Penge - LOSER - Ben Kohles,Marco Penge,Ben Kohles,Ben Kohles - VS - Marco Penge,BET365,0.00,0.00,,,,,0.4817399773,0.5182600227,44.98333333,42.53166667,87.515,0.5140071226,0.4859928774,0.00%,,,WINNER,,LOSER,,0.02801424518,LOSER,0,,0.00%,ROUND,WINNER,Marco Penge - WINNER - Ben Kohles
Lee Hodges - LOSER - Austin Smotherman,Lee Hodges,Austin Smotherman,Austin Smotherman - VS - Lee Hodges,BET365,0.00,0.00,,,,,0.4898785425,0.5101214575,39.33666667,37.10166667,76.43833333,0.514619628,0.485380372,0.00%,,,WINNER,,LOSER,,0.02923925605,LOSER,0,,0.00%,ROUND,WINNER,Lee Hodges - WINNER - Austin Smotherman
Trace Crowe - LOSER - Chandler Phillips,Trace Crowe,Chandler Phillips,Chandler Phillips - VS - Trace Crowe,BET365,0.00,0.00,,,,,0.4724305249,0.5275694751,35.26166667,36.47833333,71.74,0.4915203048,0.5084796952,0.00%,,,WINNER,,LOSER,,-0.01695939039,WINNER,1,,0.00%,ROUND,WINNER,Trace Crowe - WINNER - Chandler Phillips
Sudarshan Yellamaraju - LOSER - Max Greyserman,Sudarshan Yellamaraju,Max Greyserman,Max Greyserman - VS - Sudarshan Yellamaraju,BET365,0.00,0.00,,,,,0.5238095238,0.4761904762,36.68333333,40.47666667,77.16,0.4754190427,0.5245809573,0.00%,,,WINNER,,LOSER,,-0.04916191464,WINNER,1,,0.00%,ROUND,WINNER,Sudarshan Yellamaraju - WINNER - Max Greyserman
Matthieu Pavon - LOSER - Billy Horschel,Matthieu Pavon,Billy Horschel,Billy Horschel - VS - Matthieu Pavon,BET365,0.00,0.00,,,,,0.5040451438,0.4959548562,33.17333333,41.305,74.47833333,0.4454091794,0.5545908206,0.00%,,,WINNER,,LOSER,,-0.1091816412,WINNER,1,,0.00%,ROUND,WINNER,Matthieu Pavon - WINNER - Billy Horschel
David Ford - LOSER - Patrick Fishburn,David Ford,Patrick Fishburn,Patrick Fishburn - VS - David Ford,BET365,0.00,0.00,,,,,0.5275694751,0.4724305249,36.44333333,35.695,72.13833333,0.5051867939,0.4948132061,0.00%,,,WINNER,,LOSER,,0.01037358778,LOSER,0,,0.00%,ROUND,WINNER,David Ford - WINNER - Patrick Fishburn
Gordon Sargent - LOSER - Zecheng Dou,Gordon Sargent,Zecheng Dou,Zecheng Dou - VS - Gordon Sargent,BET365,0.00,0.00,,,,,0.4756208555,0.5243791445,37.21166667,39.76333333,76.975,0.4834253546,0.5165746454,0.00%,,,WINNER,,LOSER,,-0.0331492909,WINNER,1,,0.00%,ROUND,WINNER,Gordon Sargent - WINNER - Zecheng Dou
Joe Highsmith - LOSER - Andrew Putnam,Joe Highsmith,Andrew Putnam,Andrew Putnam - VS - Joe Highsmith,BET365,0.00,0.00,,,,,0.4771572922,0.5228427078,30.33,34.53833333,64.86833333,0.4675624984,0.5324375016,0.00%,,,WINNER,,LOSER,,-0.06487500321,WINNER,1,,0.00%,ROUND,WINNER,Joe Highsmith - WINNER - Andrew Putnam
Zac Blair - LOSER - Joel Dahmen,Zac Blair,Joel Dahmen,Joel Dahmen - VS - Zac Blair,BET365,0.00,0.00,,,,,0.4837800576,0.5162199424,35.95833333,34.33166667,70.29,0.5115711102,0.4884288898,0.00%,,,WINNER,,LOSER,,0.02314222033,LOSER,0,,0.00%,ROUND,WINNER,Zac Blair - WINNER - Joel Dahmen
Zach Bauchou - LOSER - Jordan Smith,Zach Bauchou,Jordan Smith,Jordan Smith - VS - Zach Bauchou,BET365,0.00,0.00,,,,,0.4759152216,0.5240847784,,,0,0,0,0.00%,,,WINNER,,LOSER,,0,WINNER,1,,0.00%,ROUND,WINNER,Zach Bauchou - WINNER - Jordan Smith
Kevin Roy - LOSER - Nick Taylor,Kevin Roy,Nick Taylor,Nick Taylor - VS - Kevin Roy,BET365,0.00,0.00,,,,,0.4939310568,0.5060689432,41.215,41.82166667,83.03666667,0.4963469953,0.5036530047,0.00%,,,WINNER,,LOSER,,-0.007306009393,WINNER,1,,0.00%,ROUND,WINNER,Kevin Roy - WINNER - Nick Taylor
Eric Cole - LOSER - Emiliano Grillo,Eric Cole,Emiliano Grillo,Emiliano Grillo - VS - Eric Cole,BET365,0.00,0.00,,,,,0.5223540888,0.4776459112,43.53333333,40.33166667,83.865,0.5190882172,0.4809117828,0.00%,,,WINNER,,LOSER,,0.03817643435,LOSER,0,,0.00%,ROUND,WINNER,Eric Cole - WINNER - Emiliano Grillo
Pierceson Coody - LOSER - Kristoffer Ventura,Pierceson Coody,Kristoffer Ventura,Kristoffer Ventura - VS - Pierceson Coody,BET365,0.00,0.00,,,,,0.4989820847,0.5010179153,41.47833333,41.47833333,82.95666667,0.5,0.5,0.00%,,,WINNER,,LOSER,,0,WINNER,1,,0.00%,ROUND,WINNER,Pierceson Coody - WINNER - Kristoffer Ventura
Johnny Keefer - LOSER - Matt McCarty,Johnny Keefer,Matt McCarty,Matt McCarty - VS - Johnny Keefer,BET365,0.00,0.00,,,,,0.5101214575,0.4898785425,41.755,0,41.755,1,0,0.00%,,,WINNER,,LOSER,,1,LOSER,0,,0.00%,ROUND,WINNER,Johnny Keefer - WINNER - Matt McCarty
Ben James - LOSER - Doug Ghim,Ben James,Doug Ghim,Doug Ghim - VS - Ben James,BET365,0.00,0.00,,,,,0.5123152709,0.4876847291,45.57333333,45.57333333,91.14666667,0.5,0.5,0.00%,,,WINNER,,LOSER,,0,WINNER,1,,0.00%,ROUND,WINNER,Ben James - WINNER - Doug Ghim
Jackson Suber - LOSER - Kevin Yu,Jackson Suber,Kevin Yu,Kevin Yu - VS - Jackson Suber,BET365,0.00,0.00,,,,,0.5060689432,0.4939310568,42.70833333,42.54166667,85.25,0.5009775171,0.4990224829,0.00%,,,WINNER,,LOSER,,0.001955034213,LOSER,0,,0.00%,ROUND,WINNER,Jackson Suber - WINNER - Kevin Yu
Michael Brennan - LOSER - Stephan Jaeger,Michael Brennan,Stephan Jaeger,Stephan Jaeger - VS - Michael Brennan,BET365,0.00,0.00,,,,,0.5286885246,0.4713114754,44.11,40.02833333,84.13833333,0.52425569,0.47574431,0.00%,,,WINNER,,LOSER,,0.04851138007,LOSER,0,,0.00%,ROUND,WINNER,Michael Brennan - WINNER - Stephan Jaeger
David Ford - LOSER - Max McGreevy,David Ford,Max McGreevy,Max McGreevy - VS - David Ford,BET365,0.00,0.00,,,,,0.4959002952,0.5040997048,36.44333333,35.68666667,72.13,0.5052451592,0.4947548408,0.00%,,,WINNER,,LOSER,,0.01049031841,LOSER,0,,0.00%,ROUND,WINNER,David Ford - WINNER - Max McGreevy
  - LOSER -  , , ,  - VS -  ,BET365,0.00,0.00,,,,,,,,,0,0,0,0.00%,,,WINNER,,LOSER,,0,WINNER,1,,0.00%,ROUND,WINNER,  - WINNER -  
  - LOSER -  , , ,  - VS -  ,BET365,0.00,0.00,,,,,,,,,0,0,0,0.00%,,,WINNER,,LOSER,,0,WINNER,1,,0.00%,ROUND,WINNER,  - WINNER -  
  - LOSER -  , , ,  - VS -  ,BET365,0.00,0.00,,,,,,,,,0,0,0,0.00%,,,WINNER,,LOSER,,0,WINNER,1,,0.00%,ROUND,WINNER,  - WINNER -  
  - LOSER -  , , ,  - VS -  ,BET365,0.00,0.00,,,,,,,,,0,0,0,0.00%,,,WINNER,,LOSER,,0,WINNER,1,,0.00%,ROUND,WINNER,  - WINNER -  
  - LOSER -  , , ,  - VS -  ,BET365,0.00,0.00,,,,,,,,,0,0,0,0.00%,,,WINNER,,LOSER,,0,WINNER,1,,0.00%,ROUND,WINNER,  - WINNER -  
  - LOSER -  , , ,  - VS -  ,BET365,0.00,0.00,,,,,,,,,0,0,0,0.00%,,,WINNER,,LOSER,,0,WINNER,1,,0.00%,ROUND,WINNER,  - WINNER -  
  - LOSER -  , , ,  - VS -  ,BET365,0.00,0.00,,,,,,,,,0,0,0,0.00%,,,WINNER,,LOSER,,0,WINNER,1,,0.00%,ROUND,WINNER,  - WINNER -  
  - LOSER -  , , ,  - VS -  ,BET365,0.00,0.00,,,,,,,,,0,0,0,0.00%,,,WINNER,,LOSER,,0,WINNER,1,,0.00%,ROUND,WINNER,  - WINNER -  
  - LOSER -  , , ,  - VS -  ,BET365,0.00,0.00,,,,,,,,,0,0,0,0.00%,,,WINNER,,LOSER,,0,WINNER,1,,0.00%,ROUND,WINNER,  - WINNER -  
  - LOSER -  , , ,  - VS -  ,BET365,0.00,0.00,,,,,,,,,0,0,0,0.00%,,,WINNER,,LOSER,,0,WINNER,1,,0.00%,ROUND,WINNER,  - WINNER -  
  - LOSER -  , , ,  - VS -  ,BET365,0.00,0.00,,,,,,,,,0,0,0,0.00%,,,WINNER,,LOSER,,0,WINNER,1,,0.00%,ROUND,WINNER,  - WINNER -  
  - LOSER -  , , ,  - VS -  ,BET365,0.00,0.00,,,,,,,,,0,0,0,0.00%,,,WINNER,,LOSER,,0,WINNER,1,,0.00%,ROUND,WINNER,  - WINNER -  
  - LOSER -  , , ,  - VS -  ,BET365,0.00,0.00,,,,,,,,,0,0,0,0.00%,,,WINNER,,LOSER,,0,WINNER,1,,0.00%,ROUND,WINNER,  - WINNER -  
  - LOSER -  , , ,  - VS -  ,BET365,0.00,0.00,,,,,,,,,0,0,0,0.00%,,,WINNER,,LOSER,,0,WINNER,1,,0.00%,ROUND,WINNER,  - WINNER -  
  - LOSER -  , , ,  - VS -  ,BET365,0.00,0.00,,,,,,,,,0,0,0,0.00%,,,WINNER,,LOSER,,0,WINNER,1,,0.00%,ROUND,WINNER,  - WINNER -  
  - LOSER -  , , ,  - VS -  ,BET365,0.00,0.00,,,,,,,,,0,0,0,0.00%,,,WINNER,,LOSER,,0,WINNER,1,,0.00%,ROUND,WINNER,  - WINNER -  
  - LOSER -  , , ,  - VS -  ,BET365,0.00,0.00,,,,,,,,,0,0,0,0.00%,,,WINNER,,LOSER,,0,WINNER,1,,0.00%,ROUND,WINNER,  - WINNER -  
  - LOSER -  , , ,  - VS -  ,BET365,0.00,0.00,,,,,,,,,0,0,0,0.00%,,,WINNER,,LOSER,,0,WINNER,1,,0.00%,ROUND,WINNER,  - WINNER -  
  - LOSER -  , , ,  - VS -  ,BET365,0.00,0.00,,,,,,,,,0,0,0,0.00%,,,WINNER,,LOSER,,0,WINNER,1,,0.00%,ROUND,WINNER,  - WINNER -  
  - LOSER -  , , ,  - VS -  ,BET365,0.00,0.00,,,,,,,,,0,0,0,0.00%,,,WINNER,,LOSER,,0,WINNER,1,,0.00%,ROUND,WINNER,  - WINNER -  
  - LOSER -  , , ,  - VS -  ,BET365,0.00,0.00,,,,,,,,,0,0,0,0.00%,,,WINNER,,LOSER,,0,WINNER,1,,0.00%,ROUND,WINNER,  - WINNER -  
  - LOSER -  , , ,  - VS -  ,BET365,0.00,0.00,,,,,,,,,0,0,0,0.00%,,,WINNER,,LOSER,,0,WINNER,1,,0.00%,ROUND,WINNER,  - WINNER -  
  - LOSER -  , , ,  - VS -  ,BET365,0.00,0.00,,,,,,,,,0,0,0,0.00%,,,WINNER,,LOSER,,0,WINNER,1,,0.00%,ROUND,WINNER,  - WINNER -  
  - LOSER -  , , ,  - VS -  ,BET365,0.00,0.00,,,,,,,,,0,0,0,0.00%,,,WINNER,,LOSER,,0,WINNER,1,,0.00%,ROUND,WINNER,  - WINNER -  
  - LOSER -  , , ,  - VS -  ,BET365,0.00,0.00,,,,,,,,,0,0,0,0.00%,,,WINNER,,LOSER,,0,WINNER,1,,0.00%,ROUND,WINNER,  - WINNER -  
  - LOSER -  , , ,  - VS -  ,BET365,0.00,0.00,,,,,,,,,0,0,0,0.00%,,,WINNER,,LOSER,,0,WINNER,1,,0.00%,ROUND,WINNER,  - WINNER -  
  - LOSER -  , , ,  - VS -  ,BET365,0.00,0.00,,,,,,,,,0,0,0,0.00%,,,WINNER,,LOSER,,0,WINNER,1,,0.00%,ROUND,WINNER,  - WINNER -  
  - LOSER -  , , ,  - VS -  ,BET365,0.00,0.00,,,,,,,,,0,0,0,0.00%,,,WINNER,,LOSER,,0,WINNER,1,,0.00%,ROUND,WINNER,  - WINNER -  
  - LOSER -  , , ,  - VS -  ,BET365,0.00,0.00,,,,,,,,,0,0,0,0.00%,,,WINNER,,LOSER,,0,WINNER,1,,0.00%,ROUND,WINNER,  - WINNER -  
  - LOSER -  , , ,  - VS -  ,BET365,0.00,0.00,,,,,,,,,0,0,0,0.00%,,,WINNER,,LOSER,,0,WINNER,1,,0.00%,ROUND,WINNER,  - WINNER -  
  - LOSER -  , , ,  - VS -  ,BET365,0.00,0.00,,,,,,,,,0,0,0,0.00%,,,WINNER,,LOSER,,0,WINNER,1,,0.00%,ROUND,WINNER,  - WINNER -  
  - LOSER -  , , ,  - VS -  ,BET365,0.00,0.00,,,,,,,,,0,0,0,0.00%,,,WINNER,,LOSER,,0,WINNER,1,,0.00%,ROUND,WINNER,  - WINNER -  
  - LOSER -  , , ,  - VS -  ,BET365,0.00,0.00,,,,,,,,,0,0,0,0.00%,,,WINNER,,LOSER,,0,WINNER,1,,0.00%,ROUND,WINNER,  - WINNER -  
  - LOSER -  , , ,  - VS -  ,BET365,0.00,0.00,,,,,,,,,0,0,0,0.00%,,,WINNER,,LOSER,,0,WINNER,1,,0.00%,ROUND,WINNER,  - WINNER -  
  - LOSER -  , , ,  - VS -  ,BET365,0.00,0.00,,,,,,,,,0,0,0,0.00%,,,WINNER,,LOSER,,0,WINNER,1,,0.00%,ROUND,WINNER,  - WINNER -  
  - LOSER -  , , ,  - VS -  ,BET365,0.00,0.00,,,,,,,,,0,0,0,0.00%,,,WINNER,,LOSER,,0,WINNER,1,,0.00%,ROUND,WINNER,  - WINNER -  
  - LOSER -  , , ,  - VS -  ,BET365,0.00,0.00,,,,,,,,,0,0,0,0.00%,,,WINNER,,LOSER,,0,WINNER,1,,0.00%,ROUND,WINNER,  - WINNER -  
  - LOSER -  , , ,  - VS -  ,BET365,0.00,0.00,,,,,,,,,0,0,0,0.00%,,,WINNER,,LOSER,,0,WINNER,1,,0.00%,ROUND,WINNER,  - WINNER -  
  - LOSER -  , , ,  - VS -  ,BET365,0.00,0.00,,,,,,,,,0,0,0,0.00%,,,WINNER,,LOSER,,0,WINNER,1,,0.00%,ROUND,WINNER,  - WINNER -  
  - LOSER -  , , ,  - VS -  ,BET365,0.00,0.00,,,,,,,,,0,0,0,0.00%,,,WINNER,,LOSER,,0,WINNER,1,,0.00%,ROUND,WINNER,  - WINNER -  
  - LOSER -  , , ,  - VS -  ,BET365,0.00,0.00,,,,,,,,,0,0,0,0.00%,,,WINNER,,LOSER,,0,WINNER,1,,0.00%,ROUND,WINNER,  - WINNER -  
  - LOSER -  , , ,  - VS -  ,BET365,0.00,0.00,,,,,,,,,0,0,0,0.00%,,,WINNER,,LOSER,,0,WINNER,1,,0.00%,ROUND,WINNER,  - WINNER -  
  - LOSER -  , , ,  - VS -  ,BET365,0.00,0.00,,,,,,,,,0,0,0,0.00%,,,WINNER,,LOSER,,0,WINNER,1,,0.00%,ROUND,WINNER,  - WINNER -  
  - LOSER -  , , ,  - VS -  ,BET365,0.00,0.00,,,,,,,,,0,0,0,0.00%,,,WINNER,,LOSER,,0,WINNER,1,,0.00%,ROUND,WINNER,  - WINNER -  
  - LOSER -  , , ,  - VS -  ,BET365,0.00,0.00,,,,,,,,,0,0,0,0.00%,,,WINNER,,LOSER,,0,WINNER,1,,0.00%,ROUND,WINNER,  - WINNER -  
  - LOSER -  , , ,  - VS -  ,BET365,0.00,0.00,,,,,,,,,0,0,0,0.00%,,,WINNER,,LOSER,,0,WINNER,1,,0.00%,ROUND,WINNER,  - WINNER -  
  - LOSER -  , , ,  - VS -  ,BET365,0.00,0.00,,,,,,,,,0,0,0,0.00%,,,WINNER,,LOSER,,0,WINNER,1,,0.00%,ROUND,WINNER,  - WINNER -  
  - LOSER -  , , ,  - VS -  ,BET365,0.00,0.00,,,,,,,,,0,0,0,0.00%,,,WINNER,,LOSER,,0,WINNER,1,,0.00%,ROUND,WINNER,  - WINNER -  
  - LOSER -  , , ,  - VS -  ,BET365,0.00,0.00,,,,,,,,,0,0,0,0.00%,,,WINNER,,LOSER,,0,WINNER,1,,0.00%,ROUND,WINNER,  - WINNER -  
  - LOSER -  , , ,  - VS -  ,BET365,0.00,0.00,,,,,,,,,0,0,0,0.00%,,,WINNER,,LOSER,,0,WINNER,1,,0.00%,ROUND,WINNER,  - WINNER -  
 - LOSER - ,,,,BET365,,,,,,,,,,,0,0,0,0.00%,,,WINNER,,LOSER,,0,WINNER,1,,0.00%,ROUND,WINNER, - WINNER - 
 - LOSER - ,,,,BET365,,,,,,,0.5174283501,0.4825716499,,,0,0,0,0.00%,,,WINNER,,LOSER,,0,WINNER,1,,0.00%,ROUND,WINNER, - WINNER - 
 - LOSER - ,,,,BET365,,,,,,,0.4777898158,0.5222101842,,,0,0,0,0.00%,,,WINNER,,LOSER,,0,WINNER,1,,0.00%,ROUND,WINNER, - WINNER - 
 - LOSER - ,,,,BET365,,,,,,,0.5,0.5,,,0,0,0,0.00%,,,WINNER,,LOSER,,0,WINNER,1,,0.00%,ROUND,WINNER, - WINNER - 
 - LOSER - ,,,,BET365,,,,,,,0.5297741273,0.4702258727,,,0,0,0,0.00%,,,WINNER,,LOSER,,0,WINNER,1,,0.00%,ROUND,WINNER, - WINNER - 
 - LOSER - ,,,,BET365,,,,,,,0.5188159706,0.4811840294,,,0,0,0,0.00%,,,WINNER,,LOSER,,0,WINNER,1,,0.00%,ROUND,WINNER, - WINNER - 
 - LOSER - ,,,,BET365,,,,,,,0.499460742,0.500539258,,,0,0,0,0.00%,,,WINNER,,LOSER,,0,WINNER,1,,0.00%,ROUND,WINNER, - WINNER - 
 - LOSER - ,,,,BET365,,,,,,,0.5088654332,0.4911345668,,,0,0,0,0.00%,,,WINNER,,LOSER,,0,WINNER,1,,0.00%,ROUND,WINNER, - WINNER - 
 - LOSER - ,,,,BET365,,,,,,,0.520661157,0.479338843,,,0,0,0,0.00%,,,WINNER,,LOSER,,0,WINNER,1,,0.00%,ROUND,WINNER, - WINNER - 
 - LOSER - ,,,,BET365,,,,,,,0.4806629834,0.5193370166,,,0,0,0,0.00%,,,WINNER,,LOSER,,0,WINNER,1,,0.00%,ROUND,WINNER, - WINNER - 
 - LOSER - ,,,,BET365,,,,,,,0.5,0.5,,,0,0,0,0.00%,,,WINNER,,LOSER,,0,WINNER,1,,0.00%,ROUND,WINNER, - WINNER - 
 - LOSER - ,,,,BET365,,,,,,,0.5217391304,0.4782608696,,,0,0,0,0.00%,,,WINNER,,LOSER,,0,WINNER,1,,0.00%,ROUND,WINNER, - WINNER - 
 - LOSER - ,,,,BET365,,,,,,,0.5,0.5,,,0,0,0,0.00%,,,WINNER,,LOSER,,0,WINNER,1,,0.00%,ROUND,WINNER, - WINNER - 
 - LOSER - ,,,,BET365,,,,,,,0.5203045685,0.4796954315,,,0,0,0,0.00%,,,WINNER,,LOSER,,0,WINNER,1,,0.00%,ROUND,WINNER, - WINNER - 
 - LOSER - ,,,,BET365,,,,,,,0.5208602779,0.4791397221,,,0,0,0,0.00%,,,WINNER,,LOSER,,0,WINNER,1,,0.00%,ROUND,WINNER, - WINNER - 
,,,,,,,,,,,0.5217391304,0.4782608696,,,,0,0,0.00%,,,WINNER,,LOSER,,0,WINNER,1,,0.00%,ROUND,,
,,,,,,,,,,,0.4782608696,0.5217391304,,,,0,0,0.00%,,,WINNER,,LOSER,,0,WINNER,1,,0.00%,ROUND,,
Johnny Keefer - LOSER - David Lipsky,Johnny Keefer,David Lipsky,David Lipsky - VS - Johnny Keefer,DRAFTKINGS,0.00,0.00,,,,,0.5174283501,0.4825716499,41.755,31.82,73.575,0.56751614,0.43248386,0.00%,,,WINNER,,LOSER,,0.13503228,LOSER,0,,0.00%,ROUND,WINNER,Johnny Keefer - WINNER - David Lipsky
Jackson Suber - LOSER - Doug Ghim,Jackson Suber,Doug Ghim,Doug Ghim - VS - Jackson Suber,DRAFTKINGS,0.00,0.00,,,,,0.4777898158,0.5222101842,42.70833333,45.57333333,88.28166667,0.4837735279,0.5162264721,0.00%,,,WINNER,,LOSER,,-0.03245294417,WINNER,1,,0.00%,ROUND,WINNER,Jackson Suber - WINNER - Doug Ghim
Denny McCarthy - LOSER - Patrick Rodgers,Denny McCarthy,Patrick Rodgers,Patrick Rodgers - VS - Denny McCarthy,DRAFTKINGS,0.00,0.00,,,,,0.5,0.5,37.44166667,36.56666667,74.00833333,0.5059114965,0.4940885035,0.00%,,,WINNER,,LOSER,,0.01182299291,LOSER,0,,0.00%,ROUND,WINNER,Denny McCarthy - WINNER - Patrick Rodgers
Jackson Koivun - LOSER - Ben James,Jackson Koivun,Ben James,Ben James - VS - Jackson Koivun,DRAFTKINGS,0.00,0.00,,,,,0.5297741273,0.4702258727,44.89675439,44.89675439,89.79350877,0.5,0.5,0.00%,,,WINNER,,LOSER,,0,WINNER,1,,0.00%,ROUND,WINNER,Jackson Koivun - WINNER - Ben James
Michael Brennan - LOSER - Kevin Yu,Michael Brennan,Kevin Yu,Kevin Yu - VS - Michael Brennan,DRAFTKINGS,0.00,0.00,,,,,0.5188159706,0.4811840294,44.11,42.54166667,86.65166667,0.5090496432,0.4909503568,0.00%,,,WINNER,,LOSER,,0.01809928641,LOSER,0,,0.00%,ROUND,WINNER,Michael Brennan - WINNER - Kevin Yu
Steven Fisk - LOSER - Stephan Jaeger,Steven Fisk,Stephan Jaeger,Stephan Jaeger - VS - Steven Fisk,DRAFTKINGS,0.00,0.00,,,,,0.499460742,0.500539258,37.37166667,40.02833333,77.4,0.4828380706,0.5171619294,0.00%,,,WINNER,,LOSER,,-0.03432385874,WINNER,1,,0.00%,ROUND,WINNER,Steven Fisk - WINNER - Stephan Jaeger
Neal Shipley - LOSER - Harry Hall,Neal Shipley,Harry Hall,Harry Hall - VS - Neal Shipley,DRAFTKINGS,0.00,0.00,,,,,0.5088654332,0.4911345668,40.91333333,41.46333333,82.37666667,0.496661676,0.503338324,0.00%,,,WINNER,,LOSER,,-0.006676647918,WINNER,1,,0.00%,ROUND,WINNER,Neal Shipley - WINNER - Harry Hall
Matt McCarty - LOSER - Zac Blair,Matt McCarty,Zac Blair,Zac Blair - VS - Matt McCarty,DRAFTKINGS,0.00,0.00,,,,,0.520661157,0.479338843,0,35.95833333,35.95833333,0,1,0.00%,,,WINNER,,LOSER,,-1,WINNER,1,,0.00%,ROUND,WINNER,Matt McCarty - WINNER - Zac Blair
Rico Hoey - LOSER - Matt Wallace,Rico Hoey,Matt Wallace,Matt Wallace - VS - Rico Hoey,DRAFTKINGS,0.00,0.00,,,,,0.4806629834,0.5193370166,41.72,43.17,84.89,0.4914595359,0.5085404641,0.00%,,,WINNER,,LOSER,,-0.01708092826,WINNER,1,,0.00%,ROUND,WINNER,Rico Hoey - WINNER - Matt Wallace
Trace Crowe - LOSER - Patrick Fishburn,Trace Crowe,Patrick Fishburn,Patrick Fishburn - VS - Trace Crowe,DRAFTKINGS,0.00,0.00,,,,,0.5,0.5,35.26166667,35.695,70.95666667,0.4969464932,0.5030535068,0.00%,,,WINNER,,LOSER,,-0.00610701367,WINNER,1,,0.00%,ROUND,WINNER,Trace Crowe - WINNER - Patrick Fishburn
Jordan Smith - LOSER - Kevin Roy,Jordan Smith,Kevin Roy,Kevin Roy - VS - Jordan Smith,DRAFTKINGS,0.00,0.00,,,,,0.5217391304,0.4782608696,41.215,41.215,82.43,0.5,0.5,0.00%,,,WINNER,,LOSER,,0,WINNER,1,,0.00%,ROUND,WINNER,Jordan Smith - WINNER - Kevin Roy
Taylor Moore - LOSER - Matthieu Pavon,Taylor Moore,Matthieu Pavon,Matthieu Pavon - VS - Taylor Moore,DRAFTKINGS,0.00,0.00,,,,,0.5,0.5,37.42666667,33.17333333,70.6,0.5301227573,0.4698772427,0.00%,,,WINNER,,LOSER,,0.06024551464,LOSER,0,,0.00%,ROUND,WINNER,Taylor Moore - WINNER - Matthieu Pavon
Christiaan Bezuidenhout - LOSER - John Parry,Christiaan Bezuidenhout,John Parry,John Parry - VS - Christiaan Bezuidenhout,DRAFTKINGS,0.00,0.00,,,,,0.5203045685,0.4796954315,41.08166667,40.42,81.50166667,0.5040592217,0.4959407783,0.00%,,,WINNER,,LOSER,,0.008118443386,LOSER,0,,0.00%,ROUND,WINNER,Christiaan Bezuidenhout - WINNER - John Parry
Maverick McNealy - LOSER - Chris Kirk,Maverick McNealy,Chris Kirk,Chris Kirk - VS - Maverick McNealy,DRAFTKINGS,0.00,0.00,,,,,0.5208602779,0.4791397221,44.815,42.29833333,87.11333333,0.5144447846,0.4855552154,0.00%,,,WINNER,,LOSER,,0.02888956914,LOSER,0,,0.00%,ROUND,WINNER,Maverick McNealy - WINNER - Chris Kirk
Max Homa - LOSER - Billy Horschel,Max Homa,Billy Horschel,Billy Horschel - VS - Max Homa,DRAFTKINGS,0.00,0.00,,,,,0.5217391304,0.4782608696,42.85333333,41.305,84.15833333,0.5091989306,0.4908010694,0.00%,,,WINNER,,LOSER,,0.01839786117,LOSER,0,,0.00%,ROUND,WINNER,Max Homa - WINNER - Billy Horschel
Eric Cole - LOSER - Nick Taylor,Eric Cole,Nick Taylor,Nick Taylor - VS - Eric Cole,DRAFTKINGS,0.00,0.00,,,,,0.4782608696,0.5217391304,43.53333333,41.82166667,85.355,0.510026751,0.489973249,0.00%,,,WINNER,,LOSER,,0.02005350204,LOSER,0,,0.00%,ROUND,WINNER,Eric Cole - WINNER - Nick Taylor
Aldrich Potgieter - LOSER - Tony Finau,Aldrich Potgieter,Tony Finau,Tony Finau - VS - Aldrich Potgieter,DRAFTKINGS,0.00,0.00,,,,,0.5146705928,0.4853294072,39.74333333,38.155,77.89833333,0.5101949122,0.4898050878,0.00%,,,WINNER,,LOSER,,0.02038982434,LOSER,0,,0.00%,ROUND,WINNER,Aldrich Potgieter - WINNER - Tony Finau
Pierceson Coody - LOSER - Ben Kohles,Pierceson Coody,Ben Kohles,Ben Kohles - VS - Pierceson Coody,DRAFTKINGS,0.00,0.00,,,,,0.4782608696,0.5217391304,41.47833333,42.53166667,84.01,0.4937309051,0.5062690949,0.00%,,,WINNER,,LOSER,,-0.0125381899,WINNER,1,,0.00%,ROUND,WINNER,Pierceson Coody - WINNER - Ben Kohles
Lee Hodges - LOSER - Emiliano Grillo,Lee Hodges,Emiliano Grillo,Emiliano Grillo - VS - Lee Hodges,DRAFTKINGS,0.00,0.00,,,,,0.4782608696,0.5217391304,39.33666667,40.33166667,79.66833333,0.4937553608,0.5062446392,0.00%,,,WINNER,,LOSER,,-0.01248927847,WINNER,1,,0.00%,ROUND,WINNER,Lee Hodges - WINNER - Emiliano Grillo
Marco Penge - LOSER - Kristoffer Ventura,Marco Penge,Kristoffer Ventura,Kristoffer Ventura - VS - Marco Penge,DRAFTKINGS,0.00,0.00,,,,,0.5108342362,0.4891657638,44.98333333,44.98333333,89.96666667,0.5,0.5,0.00%,,,WINNER,,LOSER,,0,WINNER,1,,0.00%,ROUND,WINNER,Marco Penge - WINNER - Kristoffer Ventura
Johnny Keefer - LOSER - Mac Meissner,Johnny Keefer,Mac Meissner,Mac Meissner - VS - Johnny Keefer,DRAFTKINGS,0.00,0.00,,,,,0.5108342362,0.4891657638,41.755,41.38333333,83.13833333,0.5022352304,0.4977647696,0.00%,,,WINNER,,LOSER,,0.004470460878,LOSER,0,,0.00%,ROUND,WINNER,Johnny Keefer - WINNER - Mac Meissner
Sudarshan Yellamaraju - LOSER - Denny McCarthy,Sudarshan Yellamaraju,Denny McCarthy,Denny McCarthy - VS - Sudarshan Yellamaraju,DRAFTKINGS,0.00,0.00,,,,,0.5173641257,0.4826358743,36.68333333,37.44166667,74.125,0.4948847667,0.5051152333,0.00%,,,WINNER,,LOSER,,-0.01023046655,WINNER,1,,0.00%,ROUND,WINNER,Sudarshan Yellamaraju - WINNER - Denny McCarthy
Rasmus Hojgaard - LOSER - Max Greyserman,Rasmus Hojgaard,Max Greyserman,Max Greyserman - VS - Rasmus Hojgaard,DRAFTKINGS,0.00,0.00,,,,,0.4801120955,0.5198879045,41.64166667,40.47666667,82.11833333,0.5070934221,0.4929065779,0.00%,,,WINNER,,LOSER,,0.01418684419,LOSER,0,,0.00%,ROUND,WINNER,Rasmus Hojgaard - WINNER - Max Greyserman
Davis Thompson - LOSER - Harry Hall,Davis Thompson,Harry Hall,Harry Hall - VS - Davis Thompson,DRAFTKINGS,0.00,0.00,,,,,0.5,0.5,41.78,41.46333333,83.24333333,0.5019020542,0.4980979458,0.00%,,,WINNER,,LOSER,,0.003804108437,LOSER,0,,0.00%,ROUND,WINNER,Davis Thompson - WINNER - Harry Hall
Neal Shipley - LOSER - Matt McCarty,Neal Shipley,Matt McCarty,Matt McCarty - VS - Neal Shipley,DRAFTKINGS,0.00,0.00,,,,,0.5217391304,0.4782608696,40.91333333,0,40.91333333,1,0,0.00%,,,WINNER,,LOSER,,1,LOSER,0,,0.00%,ROUND,WINNER,Neal Shipley - WINNER - Matt McCarty
William Mouw - LOSER - Max McGreevy,William Mouw,Max McGreevy,Max McGreevy - VS - William Mouw,DRAFTKINGS,0.00,0.00,,,,,0.4794204807,0.5205795193,36.83833333,35.68666667,72.525,0.5079397909,0.4920602091,0.00%,,,WINNER,,LOSER,,0.01587958175,LOSER,0,,0.00%,ROUND,WINNER,William Mouw - WINNER - Max McGreevy
Chandler Phillips - LOSER - Seamus Power,Chandler Phillips,Seamus Power,Seamus Power - VS - Chandler Phillips,DRAFTKINGS,0.00,0.00,,,,,0.4956702459,0.5043297541,36.47833333,37.32,73.79833333,0.4942975225,0.5057024775,0.00%,,,WINNER,,LOSER,,-0.01140495494,WINNER,1,,0.00%,ROUND,WINNER,Chandler Phillips - WINNER - Seamus Power
Haotong Li - LOSER - Joel Dahmen,Haotong Li,Joel Dahmen,Joel Dahmen - VS - Haotong Li,DRAFTKINGS,0.00,0.00,,,,,0.4935039626,0.5064960374,34.33166667,34.33166667,68.66333333,0.5,0.5,0.00%,,,WINNER,,LOSER,,0,WINNER,1,,0.00%,ROUND,WINNER,Haotong Li - WINNER - Joel Dahmen
Hank Lebioda - LOSER - Matthieu Pavon,Hank Lebioda,Matthieu Pavon,Matthieu Pavon - VS - Hank Lebioda,DRAFTKINGS,0.00,0.00,,,,,,,31.485,33.17333333,64.65833333,0.4869441938,0.5130558062,0.00%,,,WINNER,,LOSER,,-0.02611161232,WINNER,1,,0.00%,ROUND,WINNER,Hank Lebioda - WINNER - Matthieu Pavon
Taylor Moore - LOSER - Kevin Roy,Taylor Moore,Kevin Roy,Kevin Roy - VS - Taylor Moore,DRAFTKINGS,0.00,0.00,,,,,,,37.42666667,41.215,78.64166667,0.4759139557,0.5240860443,0.00%,,,WINNER,,LOSER,,-0.04817208859,WINNER,1,,0.00%,ROUND,WINNER,Taylor Moore - WINNER - Kevin Roy
Zach Bauchou - LOSER - Christiaan Bezuidenhout,Zach Bauchou,Christiaan Bezuidenhout,Christiaan Bezuidenhout - VS - Zach Bauchou,DRAFTKINGS,0.00,0.00,,,,,,,41.08166667,41.08166667,82.16333333,0.5,0.5,0.00%,,,WINNER,,LOSER,,0,WINNER,1,,0.00%,ROUND,WINNER,Zach Bauchou - WINNER - Christiaan Bezuidenhout
Pierceson Coody - LOSER - Tony Finau,Pierceson Coody,Tony Finau,Tony Finau - VS - Pierceson Coody,DRAFTKINGS,0.00,0.00,,,,,,,41.47833333,38.155,79.63333333,0.5208664713,0.4791335287,0.00%,,,WINNER,,LOSER,,0.04173294265,LOSER,0,,0.00%,ROUND,WINNER,Pierceson Coody - WINNER - Tony Finau
Ben Kohles - LOSER - Emiliano Grillo,Ben Kohles,Emiliano Grillo,Emiliano Grillo - VS - Ben Kohles,DRAFTKINGS,0.00,0.00,,,,,,,42.53166667,40.33166667,82.86333333,0.5132748703,0.4867251297,0.00%,,,WINNER,,LOSER,,0.02654974054,LOSER,0,,0.00%,ROUND,WINNER,Ben Kohles - WINNER - Emiliano Grillo
Johnny Keefer - LOSER - Doug Ghim,Johnny Keefer,Doug Ghim,Doug Ghim - VS - Johnny Keefer,DRAFTKINGS,0.00,0.00,,,,,,,41.755,45.57333333,87.32833333,0.4781380613,0.5218619387,0.00%,,,WINNER,,LOSER,,-0.04372387732,WINNER,1,,0.00%,ROUND,WINNER,Johnny Keefer - WINNER - Doug Ghim
Neal Shipley - LOSER - Jackson Suber,Neal Shipley,Jackson Suber,Jackson Suber - VS - Neal Shipley,DRAFTKINGS,0.00,0.00,,,,,,,40.91333333,42.70833333,83.62166667,0.4892671357,0.5107328643,0.00%,,,WINNER,,LOSER,,-0.02146572858,WINNER,1,,0.00%,ROUND,WINNER,Neal Shipley - WINNER - Jackson Suber
Ben James - LOSER - Michael Brennan,Ben James,Michael Brennan,Michael Brennan - VS - Ben James,DRAFTKINGS,0.00,0.00,,,,,,,44.11,44.11,88.22,0.5,0.5,0.00%,,,WINNER,,LOSER,,0,WINNER,1,,0.00%,ROUND,WINNER,Ben James - WINNER - Michael Brennan
Matt McCarty - LOSER - Kevin Yu,Matt McCarty,Kevin Yu,Kevin Yu - VS - Matt McCarty,DRAFTKINGS,0.00,0.00,,,,,,,0,42.54166667,42.54166667,0,1,0.00%,,,WINNER,,LOSER,,-1,WINNER,1,,0.00%,ROUND,WINNER,Matt McCarty - WINNER - Kevin Yu
Garrick Higgo - LOSER - Rico Hoey,Garrick Higgo,Rico Hoey,Rico Hoey - VS - Garrick Higgo,DRAFTKINGS,0.00,0.00,,,,,,,33.325,41.72,75.045,0.4440668932,0.5559331068,0.00%,,,WINNER,,LOSER,,-0.1118662136,WINNER,1,,0.00%,ROUND,WINNER,Garrick Higgo - WINNER - Rico Hoey
Harry Hall - LOSER - Max McGreevy,Harry Hall,Max McGreevy,Max McGreevy - VS - Harry Hall,DRAFTKINGS,0.00,0.00,,,,,,,41.46333333,35.68666667,77.15,0.5374378916,0.4625621084,0.00%,,,WINNER,,LOSER,,0.07487578311,LOSER,0,,0.00%,ROUND,WINNER,Harry Hall - WINNER - Max McGreevy
David Ford - LOSER - Jesper Svensson,David Ford,Jesper Svensson,Jesper Svensson - VS - David Ford,DRAFTKINGS,0.00,0.00,,,,,,,36.44333333,35.69833333,72.14166667,0.5051634515,0.4948365485,0.00%,,,WINNER,,LOSER,,0.01032690308,LOSER,0,,0.00%,ROUND,WINNER,David Ford - WINNER - Jesper Svensson
Christiaan Bezuidenhout - LOSER - Mackenzie Hughes,Christiaan Bezuidenhout,Mackenzie Hughes,Mackenzie Hughes - VS - Christiaan Bezuidenhout,DRAFTKINGS,0.00,0.00,,,,,0.5263157895,0.4736842105,41.08166667,40.705,81.78666667,0.5023027388,0.4976972612,0.00%,,,WINNER,,LOSER,,0.004605477665,LOSER,0,,0.00%,ROUND,WINNER,Christiaan Bezuidenhout - WINNER - Mackenzie Hughes
Takumi Kanaya - LOSER - Tony Finau,Takumi Kanaya,Tony Finau,Tony Finau - VS - Takumi Kanaya,DRAFTKINGS,0.00,0.00,,,,,0.5,0.5,35.14,38.155,73.295,0.4794324306,0.5205675694,0.00%,,,WINNER,,LOSER,,-0.04113513882,WINNER,1,,0.00%,ROUND,WINNER,Takumi Kanaya - WINNER - Tony Finau
Jackson Koivun - LOSER - Rasmus Hojgaard,Jackson Koivun,Rasmus Hojgaard,Rasmus Hojgaard - VS - Jackson Koivun,DRAFTKINGS,0.00,0.00,,,,,0.5273184759,0.4726815241,44.89675439,41.64166667,86.53842105,0.5188071823,0.4811928177,0.00%,,,WINNER,,LOSER,,0.03761436458,LOSER,0,,0.00%,ROUND,WINNER,Jackson Koivun - WINNER - Rasmus Hojgaard
Nick Taylor - LOSER - Billy Horschel,Nick Taylor,Billy Horschel,Billy Horschel - VS - Nick Taylor,DRAFTKINGS,0.00,0.00,,,,,0.5,0.5,41.82166667,41.305,83.12666667,0.5031077071,0.4968922929,0.00%,,,WINNER,,LOSER,,0.006215414227,LOSER,0,,0.00%,ROUND,WINNER,Nick Taylor - WINNER - Billy Horschel
Sudarshan Yellamaraju - LOSER - Doug Ghim,Sudarshan Yellamaraju,Doug Ghim,Doug Ghim - VS - Sudarshan Yellamaraju,DRAFTKINGS,0.00,0.00,,,,,0.4807692308,0.5192307692,36.68333333,45.57333333,82.25666667,0.4459618268,0.5540381732,0.00%,,,WINNER,,LOSER,,-0.1080763464,WINNER,1,,0.00%,ROUND,WINNER,Sudarshan Yellamaraju - WINNER - Doug Ghim
Max Homa - LOSER - Chris Kirk,Max Homa,Chris Kirk,Chris Kirk - VS - Max Homa,DRAFTKINGS,0.00,0.00,,,,,0.5263157895,0.4736842105,42.85333333,42.29833333,85.15166667,0.503258891,0.496741109,0.00%,,,WINNER,,LOSER,,0.006517781997,LOSER,0,,0.00%,ROUND,WINNER,Max Homa - WINNER - Chris Kirk
Doug Ghim - LOSER - Kevin Yu,Doug Ghim,Kevin Yu,Kevin Yu - VS - Doug Ghim,DRAFTKINGS,0.00,0.00,,,,,0.5230189732,0.4769810268,45.57333333,42.54166667,88.115,0.5172028977,0.4827971023,0.00%,,,WINNER,,LOSER,,0.03440579546,LOSER,0,,0.00%,ROUND,WINNER,Doug Ghim - WINNER - Kevin Yu
Davis Thompson - LOSER - Matt Wallace,Davis Thompson,Matt Wallace,Matt Wallace - VS - Davis Thompson,DRAFTKINGS,0.00,0.00,,,,,0.4709707385,0.5290292615,41.78,43.17,84.95,0.4918187169,0.5081812831,0.00%,,,WINNER,,LOSER,,-0.01636256622,WINNER,1,,0.00%,ROUND,WINNER,Davis Thompson - WINNER - Matt Wallace
Kristoffer Ventura - LOSER - Beau Hossler,Kristoffer Ventura,Beau Hossler,Beau Hossler - VS - Kristoffer Ventura,DRAFTKINGS,0.00,0.00,,,,,0.5203045685,0.4796954315,43.22333333,43.22333333,86.44666667,0.5,0.5,0.00%,,,WINNER,,LOSER,,0,WINNER,1,,0.00%,ROUND,WINNER,Kristoffer Ventura - WINNER - Beau Hossler
Steven Fisk - LOSER - Rico Hoey,Steven Fisk,Rico Hoey,Rico Hoey - VS - Steven Fisk,DRAFTKINGS,-106.00,-124.00,1.943396226,1.806451613,0.4817399773,0.518260023,0.4837800576,0.5162199424,37.37166667,41.72,79.09166667,0.4725107997,0.5274892003,0.00%,0.20%,-0.20%,LOSER,-0.92%,LOSER,,-0.05497840059,WINNER,0,-0.92%,-0.20%,ROUND,LOSER,Steven Fisk - LOSER - Rico Hoey
Kevin Roy - LOSER - Christiaan Bezuidenhout,Kevin Roy,Christiaan Bezuidenhout,Christiaan Bezuidenhout - VS - Kevin Roy,DRAFTKINGS,0.00,0.00,,,,,0.5020223265,0.4979776735,41.215,41.08166667,82.29666667,0.5008100774,0.4991899226,0.00%,,,WINNER,,LOSER,,0.001620154725,LOSER,0,,0.00%,ROUND,WINNER,Kevin Roy - WINNER - Christiaan Bezuidenhout
Pierceson Coody - LOSER - Emiliano Grillo,Pierceson Coody,Emiliano Grillo,Emiliano Grillo - VS - Pierceson Coody,DRAFTKINGS,0.00,0.00,,,,,0.4776459112,0.5223540888,41.47833333,40.33166667,81.81,0.5070081082,0.4929918918,0.00%,,,WINNER,,LOSER,,0.01401621644,LOSER,0,,0.00%,ROUND,WINNER,Pierceson Coody - WINNER - Emiliano Grillo
William Mouw - LOSER - Seamus Power,William Mouw,Seamus Power,Seamus Power - VS - William Mouw,DRAFTKINGS,0.00,0.00,,,,,0.5223540888,0.4776459112,36.83833333,37.32,74.15833333,0.4967524441,0.5032475559,0.00%,,,WINNER,,LOSER,,-0.00649511181,WINNER,1,,0.00%,ROUND,WINNER,William Mouw - WINNER - Seamus Power
Takumi Kanaya - LOSER - Max Homa,Takumi Kanaya,Max Homa,Max Homa - VS - Takumi Kanaya,DRAFTKINGS,0.00,0.00,,,,,0.4959548562,0.5040451438,35.14,42.85333333,77.99333333,0.4505513292,0.5494486708,0.00%,,,WINNER,,LOSER,,-0.09889734165,WINNER,1,,0.00%,ROUND,WINNER,Takumi Kanaya - WINNER - Max Homa
Davis Chatfield - LOSER - Chad Ramey,Davis Chatfield,Chad Ramey,Chad Ramey - VS - Davis Chatfield,DRAFTKINGS,0.00,0.00,,,,,0.4939310568,0.5060689432,35.55833333,35.85,71.40833333,0.4979577547,0.5020422453,0.00%,,,WINNER,,LOSER,,-0.004084490606,WINNER,1,,0.00%,ROUND,WINNER,Davis Chatfield - WINNER - Chad Ramey
Stephan Jaeger - LOSER - Mark Hubbard,Stephan Jaeger,Mark Hubbard,Mark Hubbard - VS - Stephan Jaeger,DRAFTKINGS,0.00,0.00,,,,,0.5298044826,0.4701955174,40.02833333,33.04833333,73.07666667,0.5477580623,0.4522419377,0.00%,,,WINNER,,LOSER,,0.09551612462,LOSER,0,,0.00%,ROUND,WINNER,Stephan Jaeger - WINNER - Mark Hubbard
Paul Peterson - LOSER - Haotong Li,Paul Peterson,Haotong Li,Haotong Li - VS - Paul Peterson,DRAFTKINGS,0.00,0.00,,,,,0.4697958197,0.5302041803,31.175,31.175,62.35,0.5,0.5,0.00%,,,WINNER,,LOSER,,0,WINNER,1,,0.00%,ROUND,WINNER,Paul Peterson - WINNER - Haotong Li
Taylor Moore - LOSER - Hank Lebioda,Taylor Moore,Hank Lebioda,Hank Lebioda - VS - Taylor Moore,DRAFTKINGS,0.00,0.00,,,,,0.5268817204,0.4731182796,37.42666667,31.485,68.91166667,0.5431107456,0.4568892544,0.00%,,,WINNER,,LOSER,,0.08622149128,LOSER,0,,0.00%,ROUND,WINNER,Taylor Moore - WINNER - Hank Lebioda
Michael Brennan - LOSER - Mac Meissner,Michael Brennan,Mac Meissner,Mac Meissner - VS - Michael Brennan,DRAFTKINGS,0.00,0.00,,,,,0.5290292615,0.4709707385,44.11,41.38333333,85.49333333,0.5159466625,0.4840533375,0.00%,,,WINNER,,LOSER,,0.03189332502,LOSER,0,,0.00%,ROUND,WINNER,Michael Brennan - WINNER - Mac Meissner
Johnny Keefer - LOSER - Jackson Suber,Johnny Keefer,Jackson Suber,Jackson Suber - VS - Johnny Keefer,DRAFTKINGS,0.00,0.00,,,,,0.5162199424,0.4837800576,41.755,42.70833333,84.46333333,0.4943565255,0.5056434745,0.00%,,,WINNER,,LOSER,,-0.01128694897,WINNER,1,,0.00%,ROUND,WINNER,Johnny Keefer - WINNER - Jackson Suber
Jordan Smith - LOSER - Mackenzie Hughes,Jordan Smith,Mackenzie Hughes,Mackenzie Hughes - VS - Jordan Smith,DRAFTKINGS,0.00,0.00,,,,,0.5219466078,0.4780533922,40.705,40.705,81.41,0.5,0.5,0.00%,,,WINNER,,LOSER,,0,WINNER,1,,0.00%,ROUND,WINNER,Jordan Smith - WINNER - Mackenzie Hughes
John Parry - LOSER - Chris Kirk,John Parry,Chris Kirk,Chris Kirk - VS - John Parry,DRAFTKINGS,0.00,0.00,,,,,0.4837800576,0.5162199424,40.42,42.29833333,82.71833333,0.488646209,0.511353791,0.00%,,,WINNER,,LOSER,,-0.02270758195,WINNER,1,,0.00%,ROUND,WINNER,John Parry - WINNER - Chris Kirk
Marco Penge - LOSER - Ben Kohles,Marco Penge,Ben Kohles,Ben Kohles - VS - Marco Penge,DRAFTKINGS,0.00,0.00,,,,,0.4817399773,0.5182600227,44.98333333,42.53166667,87.515,0.5140071226,0.4859928774,0.00%,,,WINNER,,LOSER,,0.02801424518,LOSER,0,,0.00%,ROUND,WINNER,Marco Penge - WINNER - Ben Kohles
Lee Hodges - LOSER - Austin Smotherman,Lee Hodges,Austin Smotherman,Austin Smotherman - VS - Lee Hodges,DRAFTKINGS,0.00,0.00,,,,,0.4898785425,0.5101214575,39.33666667,37.10166667,76.43833333,0.514619628,0.485380372,0.00%,,,WINNER,,LOSER,,0.02923925605,LOSER,0,,0.00%,ROUND,WINNER,Lee Hodges - WINNER - Austin Smotherman
Trace Crowe - LOSER - Chandler Phillips,Trace Crowe,Chandler Phillips,Chandler Phillips - VS - Trace Crowe,DRAFTKINGS,0.00,0.00,,,,,0.4724305249,0.5275694751,35.26166667,36.47833333,71.74,0.4915203048,0.5084796952,0.00%,,,WINNER,,LOSER,,-0.01695939039,WINNER,1,,0.00%,ROUND,WINNER,Trace Crowe - WINNER - Chandler Phillips
Sudarshan Yellamaraju - LOSER - Max Greyserman,Sudarshan Yellamaraju,Max Greyserman,Max Greyserman - VS - Sudarshan Yellamaraju,DRAFTKINGS,0.00,0.00,,,,,0.5238095238,0.4761904762,36.68333333,40.47666667,77.16,0.4754190427,0.5245809573,0.00%,,,WINNER,,LOSER,,-0.04916191464,WINNER,1,,0.00%,ROUND,WINNER,Sudarshan Yellamaraju - WINNER - Max Greyserman
Matthieu Pavon - LOSER - Billy Horschel,Matthieu Pavon,Billy Horschel,Billy Horschel - VS - Matthieu Pavon,DRAFTKINGS,0.00,0.00,,,,,0.5040451438,0.4959548562,33.17333333,41.305,74.47833333,0.4454091794,0.5545908206,0.00%,,,WINNER,,LOSER,,-0.1091816412,WINNER,1,,0.00%,ROUND,WINNER,Matthieu Pavon - WINNER - Billy Horschel
David Ford - LOSER - Patrick Fishburn,David Ford,Patrick Fishburn,Patrick Fishburn - VS - David Ford,DRAFTKINGS,0.00,0.00,,,,,0.5275694751,0.4724305249,36.44333333,35.695,72.13833333,0.5051867939,0.4948132061,0.00%,,,WINNER,,LOSER,,0.01037358778,LOSER,0,,0.00%,ROUND,WINNER,David Ford - WINNER - Patrick Fishburn
Gordon Sargent - LOSER - Zecheng Dou,Gordon Sargent,Zecheng Dou,Zecheng Dou - VS - Gordon Sargent,DRAFTKINGS,0.00,0.00,,,,,0.4756208555,0.5243791445,37.21166667,39.76333333,76.975,0.4834253546,0.5165746454,0.00%,,,WINNER,,LOSER,,-0.0331492909,WINNER,1,,0.00%,ROUND,WINNER,Gordon Sargent - WINNER - Zecheng Dou
Joe Highsmith - LOSER - Andrew Putnam,Joe Highsmith,Andrew Putnam,Andrew Putnam - VS - Joe Highsmith,DRAFTKINGS,0.00,0.00,,,,,0.4771572922,0.5228427078,30.33,34.53833333,64.86833333,0.4675624984,0.5324375016,0.00%,,,WINNER,,LOSER,,-0.06487500321,WINNER,1,,0.00%,ROUND,WINNER,Joe Highsmith - WINNER - Andrew Putnam
Zac Blair - LOSER - Joel Dahmen,Zac Blair,Joel Dahmen,Joel Dahmen - VS - Zac Blair,DRAFTKINGS,0.00,0.00,,,,,0.4837800576,0.5162199424,35.95833333,34.33166667,70.29,0.5115711102,0.4884288898,0.00%,,,WINNER,,LOSER,,0.02314222033,LOSER,0,,0.00%,ROUND,WINNER,Zac Blair - WINNER - Joel Dahmen
Zach Bauchou - LOSER - Jordan Smith,Zach Bauchou,Jordan Smith,Jordan Smith - VS - Zach Bauchou,DRAFTKINGS,-104.00,-128.00,1.961538462,1.78125,0.4759152216,0.524084778,0.4759152216,0.5240847784,,,0,0,0,100.00%,0.00%,0.00%,LOSER,,LOSER,,0,WINNER,0,,0.00%,ROUND,WINNER,Zach Bauchou - WINNER - Jordan Smith
Kevin Roy - LOSER - Nick Taylor,Kevin Roy,Nick Taylor,Nick Taylor - VS - Kevin Roy,DRAFTKINGS,-112.00,-118.00,1.892857143,1.847457627,0.4939310568,0.506068943,0.4939310568,0.5060689432,41.215,41.82166667,83.03666667,0.4963469953,0.5036530047,0.00%,0.00%,0.00%,LOSER,0.24%,LOSER,,-0.007306009393,WINNER,0,0.24%,0.00%,ROUND,WINNER,Kevin Roy - WINNER - Nick Taylor
Eric Cole - LOSER - Emiliano Grillo,Eric Cole,Emiliano Grillo,Emiliano Grillo - VS - Eric Cole,DRAFTKINGS,-126.00,-104.00,1.793650794,1.961538462,0.5223540888,0.477645911,0.5223540888,0.4776459112,43.53333333,40.33166667,83.865,0.5190882172,0.4809117828,0.00%,0.00%,0.00%,WINNER,-0.33%,LOSER,,0.03817643435,LOSER,0,-0.33%,0.00%,ROUND,LOSER,Eric Cole - LOSER - Emiliano Grillo
Pierceson Coody - LOSER - Kristoffer Ventura,Pierceson Coody,Kristoffer Ventura,Kristoffer Ventura - VS - Pierceson Coody,DRAFTKINGS,-114.00,-115.00,1.877192982,1.869565217,0.4989820847,0.501017915,0.4989820847,0.5010179153,41.47833333,41.47833333,82.95666667,0.5,0.5,0.00%,0.00%,0.00%,LOSER,0.10%,LOSER,,0,WINNER,0,0.10%,0.00%,ROUND,WINNER,Pierceson Coody - WINNER - Kristoffer Ventura
Johnny Keefer - LOSER - Matt McCarty,Johnny Keefer,Matt McCarty,Matt McCarty - VS - Johnny Keefer,DRAFTKINGS,-120.00,-110.00,1.833333333,1.909090909,0.5101214575,0.489878543,0.5101214575,0.4898785425,41.755,0,41.755,1,0,0.00%,0.00%,0.00%,WINNER,,LOSER,,1,LOSER,0,48.99%,0.00%,ROUND,WINNER,Johnny Keefer - WINNER - Matt McCarty
Ben James - LOSER - Doug Ghim,Ben James,Doug Ghim,Doug Ghim - VS - Ben James,DRAFTKINGS,-120.00,-108.00,1.833333333,1.925925926,0.5123152709,0.487684729,0.5123152709,0.4876847291,45.57333333,45.57333333,91.14666667,0.5,0.5,0.00%,0.00%,0.00%,WINNER,-1.23%,LOSER,1.23%,0,WINNER,1,-1.23%,0.00%,ROUND,LOSER,Ben James - LOSER - Doug Ghim
Jackson Suber - LOSER - Kevin Yu,Jackson Suber,Kevin Yu,Kevin Yu - VS - Jackson Suber,DRAFTKINGS,-118.00,-112.00,1.847457627,1.892857143,0.5060689432,0.493931057,0.5060689432,0.4939310568,42.70833333,42.54166667,85.25,0.5009775171,0.4990224829,0.00%,0.00%,0.00%,WINNER,-0.51%,LOSER,,0.001955034213,LOSER,0,-0.51%,0.00%,ROUND,LOSER,Jackson Suber - LOSER - Kevin Yu
Michael Brennan - LOSER - Stephan Jaeger,Michael Brennan,Stephan Jaeger,Stephan Jaeger - VS - Michael Brennan,DRAFTKINGS,-150.00,115.00,1.666666667,2.15,0.5286885246,0.471311475,0.5286885246,0.4713114754,44.11,40.02833333,84.13833333,0.52425569,0.47574431,0.00%,0.00%,0.00%,WINNER,-0.44%,LOSER,,0.04851138007,LOSER,0,-0.44%,0.00%,ROUND,LOSER,Michael Brennan - LOSER - Stephan Jaeger
David Ford - LOSER - Max McGreevy,David Ford,Max McGreevy,Max McGreevy - VS - David Ford,DRAFTKINGS,-112.00,-116.00,1.892857143,1.862068966,0.4959002952,0.504099705,0.4959002952,0.5040997048,36.44333333,35.68666667,72.13,0.5052451592,0.4947548408,0.00%,0.00%,0.00%,LOSER,0.93%,LOSER,0.93%,0.01049031841,LOSER,1,0.93%,0.00%,ROUND,WINNER,David Ford - WINNER - Max McGreevy
  - LOSER -  , , ,  - VS -  ,DRAFTKINGS,0.00,0.00,,,,,,,,,0,0,0,0.00%,,,WINNER,,LOSER,,0,WINNER,1,,0.00%,ROUND,WINNER,  - WINNER -  
  - LOSER -  , , ,  - VS -  ,DRAFTKINGS,0.00,0.00,,,,,,,,,0,0,0,0.00%,,,WINNER,,LOSER,,0,WINNER,1,,0.00%,ROUND,WINNER,  - WINNER -  
  - LOSER -  , , ,  - VS -  ,DRAFTKINGS,0.00,0.00,,,,,,,,,0,0,0,0.00%,,,WINNER,,LOSER,,0,WINNER,1,,0.00%,ROUND,WINNER,  - WINNER -  
  - LOSER -  , , ,  - VS -  ,DRAFTKINGS,0.00,0.00,,,,,,,,,0,0,0,0.00%,,,WINNER,,LOSER,,0,WINNER,1,,0.00%,ROUND,WINNER,  - WINNER -  
  - LOSER -  , , ,  - VS -  ,DRAFTKINGS,0.00,0.00,,,,,,,,,0,0,0,0.00%,,,WINNER,,LOSER,,0,WINNER,1,,0.00%,ROUND,WINNER,  - WINNER -  
  - LOSER -  , , ,  - VS -  ,DRAFTKINGS,0.00,0.00,,,,,,,,,0,0,0,0.00%,,,WINNER,,LOSER,,0,WINNER,1,,0.00%,ROUND,WINNER,  - WINNER -  
  - LOSER -  , , ,  - VS -  ,DRAFTKINGS,0.00,0.00,,,,,,,,,0,0,0,0.00%,,,WINNER,,LOSER,,0,WINNER,1,,0.00%,ROUND,WINNER,  - WINNER -  
  - LOSER -  , , ,  - VS -  ,DRAFTKINGS,0.00,0.00,,,,,,,,,0,0,0,0.00%,,,WINNER,,LOSER,,0,WINNER,1,,0.00%,ROUND,WINNER,  - WINNER -  
  - LOSER -  , , ,  - VS -  ,DRAFTKINGS,0.00,0.00,,,,,,,,,0,0,0,0.00%,,,WINNER,,LOSER,,0,WINNER,1,,0.00%,ROUND,WINNER,  - WINNER -  
  - LOSER -  , , ,  - VS -  ,DRAFTKINGS,0.00,0.00,,,,,,,,,0,0,0,0.00%,,,WINNER,,LOSER,,0,WINNER,1,,0.00%,ROUND,WINNER,  - WINNER -  
  - LOSER -  , , ,  - VS -  ,DRAFTKINGS,0.00,0.00,,,,,,,,,0,0,0,0.00%,,,WINNER,,LOSER,,0,WINNER,1,,0.00%,ROUND,WINNER,  - WINNER -  
  - LOSER -  , , ,  - VS -  ,DRAFTKINGS,0.00,0.00,,,,,,,,,0,0,0,0.00%,,,WINNER,,LOSER,,0,WINNER,1,,0.00%,ROUND,WINNER,  - WINNER -  
  - LOSER -  , , ,  - VS -  ,DRAFTKINGS,0.00,0.00,,,,,,,,,0,0,0,0.00%,,,WINNER,,LOSER,,0,WINNER,1,,0.00%,ROUND,WINNER,  - WINNER -  
  - LOSER -  , , ,  - VS -  ,DRAFTKINGS,0.00,0.00,,,,,,,,,0,0,0,0.00%,,,WINNER,,LOSER,,0,WINNER,1,,0.00%,ROUND,WINNER,  - WINNER -  
  - LOSER -  , , ,  - VS -  ,DRAFTKINGS,0.00,0.00,,,,,,,,,0,0,0,0.00%,,,WINNER,,LOSER,,0,WINNER,1,,0.00%,ROUND,WINNER,  - WINNER -  
  - LOSER -  , , ,  - VS -  ,DRAFTKINGS,0.00,0.00,,,,,,,,,0,0,0,0.00%,,,WINNER,,LOSER,,0,WINNER,1,,0.00%,ROUND,WINNER,  - WINNER -  
  - LOSER -  , , ,  - VS -  ,DRAFTKINGS,0.00,0.00,,,,,,,,,0,0,0,0.00%,,,WINNER,,LOSER,,0,WINNER,1,,0.00%,ROUND,WINNER,  - WINNER -  
  - LOSER -  , , ,  - VS -  ,DRAFTKINGS,0.00,0.00,,,,,,,,,0,0,0,0.00%,,,WINNER,,LOSER,,0,WINNER,1,,0.00%,ROUND,WINNER,  - WINNER -  
  - LOSER -  , , ,  - VS -  ,DRAFTKINGS,0.00,0.00,,,,,,,,,0,0,0,0.00%,,,WINNER,,LOSER,,0,WINNER,1,,0.00%,ROUND,WINNER,  - WINNER -  
  - LOSER -  , , ,  - VS -  ,DRAFTKINGS,0.00,0.00,,,,,,,,,0,0,0,0.00%,,,WINNER,,LOSER,,0,WINNER,1,,0.00%,ROUND,WINNER,  - WINNER -  
  - LOSER -  , , ,  - VS -  ,DRAFTKINGS,0.00,0.00,,,,,,,,,0,0,0,0.00%,,,WINNER,,LOSER,,0,WINNER,1,,0.00%,ROUND,WINNER,  - WINNER -  
  - LOSER -  , , ,  - VS -  ,DRAFTKINGS,0.00,0.00,,,,,,,,,0,0,0,0.00%,,,WINNER,,LOSER,,0,WINNER,1,,0.00%,ROUND,WINNER,  - WINNER -  
  - LOSER -  , , ,  - VS -  ,DRAFTKINGS,0.00,0.00,,,,,,,,,0,0,0,0.00%,,,WINNER,,LOSER,,0,WINNER,1,,0.00%,ROUND,WINNER,  - WINNER -  
  - LOSER -  , , ,  - VS -  ,DRAFTKINGS,0.00,0.00,,,,,,,,,0,0,0,0.00%,,,WINNER,,LOSER,,0,WINNER,1,,0.00%,ROUND,WINNER,  - WINNER -  
  - LOSER -  , , ,  - VS -  ,DRAFTKINGS,0.00,0.00,,,,,,,,,0,0,0,0.00%,,,WINNER,,LOSER,,0,WINNER,1,,0.00%,ROUND,WINNER,  - WINNER -  
  - LOSER -  , , ,  - VS -  ,DRAFTKINGS,0.00,0.00,,,,,,,,,0,0,0,0.00%,,,WINNER,,LOSER,,0,WINNER,1,,0.00%,ROUND,WINNER,  - WINNER -  
  - LOSER -  , , ,  - VS -  ,DRAFTKINGS,0.00,0.00,,,,,,,,,0,0,0,0.00%,,,WINNER,,LOSER,,0,WINNER,1,,0.00%,ROUND,WINNER,  - WINNER -  
  - LOSER -  , , ,  - VS -  ,DRAFTKINGS,0.00,0.00,,,,,,,,,0,0,0,0.00%,,,WINNER,,LOSER,,0,WINNER,1,,0.00%,ROUND,WINNER,  - WINNER -  
  - LOSER -  , , ,  - VS -  ,DRAFTKINGS,0.00,0.00,,,,,,,,,0,0,0,0.00%,,,WINNER,,LOSER,,0,WINNER,1,,0.00%,ROUND,WINNER,  - WINNER -  
  - LOSER -  , , ,  - VS -  ,DRAFTKINGS,0.00,0.00,,,,,,,,,0,0,0,0.00%,,,WINNER,,LOSER,,0,WINNER,1,,0.00%,ROUND,WINNER,  - WINNER -  
  - LOSER -  , , ,  - VS -  ,DRAFTKINGS,0.00,0.00,,,,,,,,,0,0,0,0.00%,,,WINNER,,LOSER,,0,WINNER,1,,0.00%,ROUND,WINNER,  - WINNER -  
  - LOSER -  , , ,  - VS -  ,DRAFTKINGS,0.00,0.00,,,,,,,,,0,0,0,0.00%,,,WINNER,,LOSER,,0,WINNER,1,,0.00%,ROUND,WINNER,  - WINNER -  
  - LOSER -  , , ,  - VS -  ,DRAFTKINGS,0.00,0.00,,,,,,,,,0,0,0,0.00%,,,WINNER,,LOSER,,0,WINNER,1,,0.00%,ROUND,WINNER,  - WINNER -  
  - LOSER -  , , ,  - VS -  ,DRAFTKINGS,0.00,0.00,,,,,,,,,0,0,0,0.00%,,,WINNER,,LOSER,,0,WINNER,1,,0.00%,ROUND,WINNER,  - WINNER -  
  - LOSER -  , , ,  - VS -  ,DRAFTKINGS,0.00,0.00,,,,,,,,,0,0,0,0.00%,,,WINNER,,LOSER,,0,WINNER,1,,0.00%,ROUND,WINNER,  - WINNER -  
  - LOSER -  , , ,  - VS -  ,DRAFTKINGS,0.00,0.00,,,,,,,,,0,0,0,0.00%,,,WINNER,,LOSER,,0,WINNER,1,,0.00%,ROUND,WINNER,  - WINNER -  
  - LOSER -  , , ,  - VS -  ,DRAFTKINGS,0.00,0.00,,,,,,,,,0,0,0,0.00%,,,WINNER,,LOSER,,0,WINNER,1,,0.00%,ROUND,WINNER,  - WINNER -  
  - LOSER -  , , ,  - VS -  ,DRAFTKINGS,0.00,0.00,,,,,,,,,0,0,0,0.00%,,,WINNER,,LOSER,,0,WINNER,1,,0.00%,ROUND,WINNER,  - WINNER -  
  - LOSER -  , , ,  - VS -  ,DRAFTKINGS,0.00,0.00,,,,,,,,,0,0,0,0.00%,,,WINNER,,LOSER,,0,WINNER,1,,0.00%,ROUND,WINNER,  - WINNER -  
  - LOSER -  , , ,  - VS -  ,DRAFTKINGS,0.00,0.00,,,,,,,,,0,0,0,0.00%,,,WINNER,,LOSER,,0,WINNER,1,,0.00%,ROUND,WINNER,  - WINNER -  
  - LOSER -  , , ,  - VS -  ,DRAFTKINGS,0.00,0.00,,,,,,,,,0,0,0,0.00%,,,WINNER,,LOSER,,0,WINNER,1,,0.00%,ROUND,WINNER,  - WINNER -  
  - LOSER -  , , ,  - VS -  ,DRAFTKINGS,0.00,0.00,,,,,,,,,0,0,0,0.00%,,,WINNER,,LOSER,,0,WINNER,1,,0.00%,ROUND,WINNER,  - WINNER -  
  - LOSER -  , , ,  - VS -  ,DRAFTKINGS,0.00,0.00,,,,,,,,,0,0,0,0.00%,,,WINNER,,LOSER,,0,WINNER,1,,0.00%,ROUND,WINNER,  - WINNER -  
  - LOSER -  , , ,  - VS -  ,DRAFTKINGS,0.00,0.00,,,,,,,,,0,0,0,0.00%,,,WINNER,,LOSER,,0,WINNER,1,,0.00%,ROUND,WINNER,  - WINNER -  
  - LOSER -  , , ,  - VS -  ,DRAFTKINGS,0.00,0.00,,,,,,,,,0,0,0,0.00%,,,WINNER,,LOSER,,0,WINNER,1,,0.00%,ROUND,WINNER,  - WINNER -  
  - LOSER -  , , ,  - VS -  ,DRAFTKINGS,0.00,0.00,,,,,,,,,0,0,0,0.00%,,,WINNER,,LOSER,,0,WINNER,1,,0.00%,ROUND,WINNER,  - WINNER -  
  - LOSER -  , , ,  - VS -  ,DRAFTKINGS,0.00,0.00,,,,,,,,,0,0,0,0.00%,,,WINNER,,LOSER,,0,WINNER,1,,0.00%,ROUND,WINNER,  - WINNER -  
  - LOSER -  , , ,  - VS -  ,DRAFTKINGS,0.00,0.00,,,,,,,,,0,0,0,0.00%,,,WINNER,,LOSER,,0,WINNER,1,,0.00%,ROUND,WINNER,  - WINNER -  
  - LOSER -  , , ,  - VS -  ,DRAFTKINGS,0.00,0.00,,,,,,,,,0,0,0,0.00%,,,WINNER,,LOSER,,0,WINNER,1,,0.00%,ROUND,WINNER,  - WINNER -  
  - LOSER -  , , ,  - VS -  ,DRAFTKINGS,0.00,0.00,,,,,,,,,0,0,0,0.00%,,,WINNER,,LOSER,,0,WINNER,1,,0.00%,ROUND,WINNER,  - WINNER -  
  - LOSER -  , , ,  - VS -  ,DRAFTKINGS,0.00,0.00,,,,,,,,,0,0,0,0.00%,,,WINNER,,LOSER,,0,WINNER,1,,0.00%,ROUND,WINNER,  - WINNER -  
  - LOSER -  , , ,  - VS -  ,DRAFTKINGS,0.00,0.00,,,,,0.5174283501,0.4825716499,,,0,0,0,0.00%,,,WINNER,,LOSER,,0,WINNER,1,,0.00%,ROUND,WINNER,  - WINNER -  
  - LOSER -  , , ,  - VS -  ,DRAFTKINGS,0.00,0.00,,,,,0.4777898158,0.5222101842,,,0,0,0,0.00%,,,WINNER,,LOSER,,0,WINNER,1,,0.00%,ROUND,WINNER,  - WINNER -  
  - LOSER -  , , ,  - VS -  ,DRAFTKINGS,0.00,0.00,,,,,0.5,0.5,,,0,0,0,0.00%,,,WINNER,,LOSER,,0,WINNER,1,,0.00%,ROUND,WINNER,  - WINNER -  
 - LOSER - ,,,,DRAFTKINGS,,,,,,,0.5297741273,0.4702258727,,,0,0,0,0.00%,,,WINNER,,LOSER,,0,WINNER,1,,0.00%,ROUND,WINNER, - WINNER - 
 - LOSER - ,,,,DRAFTKINGS,,,,,,,0.5188159706,0.4811840294,,,0,0,0,0.00%,,,WINNER,,LOSER,,0,WINNER,1,,0.00%,ROUND,WINNER, - WINNER - 
 - LOSER - ,,,,DRAFTKINGS,,,,,,,0.499460742,0.500539258,,,0,0,0,0.00%,,,WINNER,,LOSER,,0,WINNER,1,,0.00%,ROUND,WINNER, - WINNER - 
 - LOSER - ,,,,DRAFTKINGS,,,,,,,0.5088654332,0.4911345668,,,0,0,0,0.00%,,,WINNER,,LOSER,,0,WINNER,1,,0.00%,ROUND,WINNER, - WINNER - 
 - LOSER - ,,,,DRAFTKINGS,,,,,,,0.520661157,0.479338843,,,0,0,0,0.00%,,,WINNER,,LOSER,,0,WINNER,1,,0.00%,ROUND,WINNER, - WINNER - 
 - LOSER - ,,,,DRAFTKINGS,,,,,,,0.4806629834,0.5193370166,,,0,0,0,0.00%,,,WINNER,,LOSER,,0,WINNER,1,,0.00%,ROUND,WINNER, - WINNER - 
 - LOSER - ,,,,DRAFTKINGS,,,,,,,0.5,0.5,,,0,0,0,0.00%,,,WINNER,,LOSER,,0,WINNER,1,,0.00%,ROUND,WINNER, - WINNER - 
 - LOSER - ,,,,DRAFTKINGS,,,,,,,0.5217391304,0.4782608696,,,0,0,0,0.00%,,,WINNER,,LOSER,,0,WINNER,1,,0.00%,ROUND,WINNER, - WINNER - 
 - LOSER - ,,,,DRAFTKINGS,,,,,,,0.5,0.5,,,0,0,0,0.00%,,,WINNER,,LOSER,,0,WINNER,1,,0.00%,ROUND,WINNER, - WINNER - 
 - LOSER - ,,,,DRAFTKINGS,,,,,,,0.5203045685,0.4796954315,,,0,0,0,0.00%,,,WINNER,,LOSER,,0,WINNER,1,,0.00%,ROUND,WINNER, - WINNER - 
 - LOSER - ,,,,DRAFTKINGS,,,,,,,0.5208602779,0.4791397221,,,0,0,0,0.00%,,,WINNER,,LOSER,,0,WINNER,1,,0.00%,ROUND,WINNER, - WINNER - 
 - LOSER - ,,,,DRAFTKINGS,,,,,,,0.5217391304,0.4782608696,,,0,0,0,0.00%,,,WINNER,,LOSER,,0,WINNER,1,,0.00%,ROUND,WINNER, - WINNER - 
 - LOSER - ,,,,DRAFTKINGS,,,,,,,0.4782608696,0.5217391304,,,0,0,0,0.00%,,,WINNER,,LOSER,,0,WINNER,1,,0.00%,ROUND,WINNER, - WINNER - 
 - LOSER - ,,,,DRAFTKINGS,,,,,,,0.5174283501,0.4825716499,,,0,0,0,0.00%,,,WINNER,,LOSER,,0,WINNER,1,,0.00%,ROUND,WINNER, - WINNER - 
 - LOSER - ,,,,DRAFTKINGS,,,,,,,0.4777898158,0.5222101842,,,0,0,0,0.00%,,,WINNER,,LOSER,,0,WINNER,1,,0.00%,ROUND,WINNER, - WINNER - 
 - LOSER - ,,,,DRAFTKINGS,,,,,,,0.5,0.5,,,0,0,0,0.00%,,,WINNER,,LOSER,,0,WINNER,1,,0.00%,ROUND,WINNER, - WINNER - 
,,,,,,,,,,,0.5297741273,0.4702258727,,,,0,0,0.00%,,,WINNER,,LOSER,,0,WINNER,1,,0.00%,ROUND,,
,,,,,,,,,,,0.5188159706,0.4811840294,,,,0,0,0.00%,,,WINNER,,LOSER,,0,WINNER,1,,0.00%,ROUND,,
Johnny Keefer - LOSER - David Lipsky,Johnny Keefer,David Lipsky,David Lipsky - VS - Johnny Keefer,BETMGM,0.00,0.00,,,,,0.5174283501,0.4825716499,41.755,31.82,73.575,0.56751614,0.43248386,0.00%,,,WINNER,,LOSER,,0.13503228,LOSER,0,,0.00%,ROUND,WINNER,Johnny Keefer - WINNER - David Lipsky
Jackson Suber - LOSER - Doug Ghim,Jackson Suber,Doug Ghim,Doug Ghim - VS - Jackson Suber,BETMGM,0.00,0.00,,,,,0.4777898158,0.5222101842,42.70833333,45.57333333,88.28166667,0.4837735279,0.5162264721,0.00%,,,WINNER,,LOSER,,-0.03245294417,WINNER,1,,0.00%,ROUND,WINNER,Jackson Suber - WINNER - Doug Ghim
Denny McCarthy - LOSER - Patrick Rodgers,Denny McCarthy,Patrick Rodgers,Patrick Rodgers - VS - Denny McCarthy,BETMGM,0.00,0.00,,,,,0.5,0.5,37.44166667,36.56666667,74.00833333,0.5059114965,0.4940885035,0.00%,,,WINNER,,LOSER,,0.01182299291,LOSER,0,,0.00%,ROUND,WINNER,Denny McCarthy - WINNER - Patrick Rodgers
Jackson Koivun - LOSER - Ben James,Jackson Koivun,Ben James,Ben James - VS - Jackson Koivun,BETMGM,0.00,0.00,,,,,0.5297741273,0.4702258727,44.89675439,44.89675439,89.79350877,0.5,0.5,0.00%,,,WINNER,,LOSER,,0,WINNER,1,,0.00%,ROUND,WINNER,Jackson Koivun - WINNER - Ben James
Michael Brennan - LOSER - Kevin Yu,Michael Brennan,Kevin Yu,Kevin Yu - VS - Michael Brennan,BETMGM,0.00,0.00,,,,,0.5188159706,0.4811840294,44.11,42.54166667,86.65166667,0.5090496432,0.4909503568,0.00%,,,WINNER,,LOSER,,0.01809928641,LOSER,0,,0.00%,ROUND,WINNER,Michael Brennan - WINNER - Kevin Yu
Steven Fisk - LOSER - Stephan Jaeger,Steven Fisk,Stephan Jaeger,Stephan Jaeger - VS - Steven Fisk,BETMGM,0.00,0.00,,,,,0.499460742,0.500539258,37.37166667,40.02833333,77.4,0.4828380706,0.5171619294,0.00%,,,WINNER,,LOSER,,-0.03432385874,WINNER,1,,0.00%,ROUND,WINNER,Steven Fisk - WINNER - Stephan Jaeger
Neal Shipley - LOSER - Harry Hall,Neal Shipley,Harry Hall,Harry Hall - VS - Neal Shipley,BETMGM,0.00,0.00,,,,,0.5088654332,0.4911345668,40.91333333,41.46333333,82.37666667,0.496661676,0.503338324,0.00%,,,WINNER,,LOSER,,-0.006676647918,WINNER,1,,0.00%,ROUND,WINNER,Neal Shipley - WINNER - Harry Hall
Matt McCarty - LOSER - Zac Blair,Matt McCarty,Zac Blair,Zac Blair - VS - Matt McCarty,BETMGM,0.00,0.00,,,,,0.520661157,0.479338843,0,35.95833333,35.95833333,0,1,0.00%,,,WINNER,,LOSER,,-1,WINNER,1,,0.00%,ROUND,WINNER,Matt McCarty - WINNER - Zac Blair
Rico Hoey - LOSER - Matt Wallace,Rico Hoey,Matt Wallace,Matt Wallace - VS - Rico Hoey,BETMGM,0.00,0.00,,,,,0.4806629834,0.5193370166,41.72,43.17,84.89,0.4914595359,0.5085404641,0.00%,,,WINNER,,LOSER,,-0.01708092826,WINNER,1,,0.00%,ROUND,WINNER,Rico Hoey - WINNER - Matt Wallace
Trace Crowe - LOSER - Patrick Fishburn,Trace Crowe,Patrick Fishburn,Patrick Fishburn - VS - Trace Crowe,BETMGM,0.00,0.00,,,,,0.5,0.5,35.26166667,35.695,70.95666667,0.4969464932,0.5030535068,0.00%,,,WINNER,,LOSER,,-0.00610701367,WINNER,1,,0.00%,ROUND,WINNER,Trace Crowe - WINNER - Patrick Fishburn
Jordan Smith - LOSER - Kevin Roy,Jordan Smith,Kevin Roy,Kevin Roy - VS - Jordan Smith,BETMGM,0.00,0.00,,,,,0.5217391304,0.4782608696,41.215,41.215,82.43,0.5,0.5,0.00%,,,WINNER,,LOSER,,0,WINNER,1,,0.00%,ROUND,WINNER,Jordan Smith - WINNER - Kevin Roy
Taylor Moore - LOSER - Matthieu Pavon,Taylor Moore,Matthieu Pavon,Matthieu Pavon - VS - Taylor Moore,BETMGM,0.00,0.00,,,,,0.5,0.5,37.42666667,33.17333333,70.6,0.5301227573,0.4698772427,0.00%,,,WINNER,,LOSER,,0.06024551464,LOSER,0,,0.00%,ROUND,WINNER,Taylor Moore - WINNER - Matthieu Pavon
Christiaan Bezuidenhout - LOSER - John Parry,Christiaan Bezuidenhout,John Parry,John Parry - VS - Christiaan Bezuidenhout,BETMGM,0.00,0.00,,,,,0.5203045685,0.4796954315,41.08166667,40.42,81.50166667,0.5040592217,0.4959407783,0.00%,,,WINNER,,LOSER,,0.008118443386,LOSER,0,,0.00%,ROUND,WINNER,Christiaan Bezuidenhout - WINNER - John Parry
Maverick McNealy - LOSER - Chris Kirk,Maverick McNealy,Chris Kirk,Chris Kirk - VS - Maverick McNealy,BETMGM,0.00,0.00,,,,,0.5208602779,0.4791397221,44.815,42.29833333,87.11333333,0.5144447846,0.4855552154,0.00%,,,WINNER,,LOSER,,0.02888956914,LOSER,0,,0.00%,ROUND,WINNER,Maverick McNealy - WINNER - Chris Kirk
Max Homa - LOSER - Billy Horschel,Max Homa,Billy Horschel,Billy Horschel - VS - Max Homa,BETMGM,0.00,0.00,,,,,0.5217391304,0.4782608696,42.85333333,41.305,84.15833333,0.5091989306,0.4908010694,0.00%,,,WINNER,,LOSER,,0.01839786117,LOSER,0,,0.00%,ROUND,WINNER,Max Homa - WINNER - Billy Horschel
Eric Cole - LOSER - Nick Taylor,Eric Cole,Nick Taylor,Nick Taylor - VS - Eric Cole,BETMGM,0.00,0.00,,,,,0.4782608696,0.5217391304,43.53333333,41.82166667,85.355,0.510026751,0.489973249,0.00%,,,WINNER,,LOSER,,0.02005350204,LOSER,0,,0.00%,ROUND,WINNER,Eric Cole - WINNER - Nick Taylor
Aldrich Potgieter - LOSER - Tony Finau,Aldrich Potgieter,Tony Finau,Tony Finau - VS - Aldrich Potgieter,BETMGM,0.00,0.00,,,,,0.5146705928,0.4853294072,39.74333333,38.155,77.89833333,0.5101949122,0.4898050878,0.00%,,,WINNER,,LOSER,,0.02038982434,LOSER,0,,0.00%,ROUND,WINNER,Aldrich Potgieter - WINNER - Tony Finau
Pierceson Coody - LOSER - Ben Kohles,Pierceson Coody,Ben Kohles,Ben Kohles - VS - Pierceson Coody,BETMGM,0.00,0.00,,,,,0.4782608696,0.5217391304,41.47833333,42.53166667,84.01,0.4937309051,0.5062690949,0.00%,,,WINNER,,LOSER,,-0.0125381899,WINNER,1,,0.00%,ROUND,WINNER,Pierceson Coody - WINNER - Ben Kohles
Lee Hodges - LOSER - Emiliano Grillo,Lee Hodges,Emiliano Grillo,Emiliano Grillo - VS - Lee Hodges,BETMGM,0.00,0.00,,,,,0.4782608696,0.5217391304,39.33666667,40.33166667,79.66833333,0.4937553608,0.5062446392,0.00%,,,WINNER,,LOSER,,-0.01248927847,WINNER,1,,0.00%,ROUND,WINNER,Lee Hodges - WINNER - Emiliano Grillo
Marco Penge - LOSER - Kristoffer Ventura,Marco Penge,Kristoffer Ventura,Kristoffer Ventura - VS - Marco Penge,BETMGM,0.00,0.00,,,,,0.5108342362,0.4891657638,44.98333333,44.98333333,89.96666667,0.5,0.5,0.00%,,,WINNER,,LOSER,,0,WINNER,1,,0.00%,ROUND,WINNER,Marco Penge - WINNER - Kristoffer Ventura
Johnny Keefer - LOSER - Mac Meissner,Johnny Keefer,Mac Meissner,Mac Meissner - VS - Johnny Keefer,BETMGM,0.00,0.00,,,,,0.5108342362,0.4891657638,41.755,41.38333333,83.13833333,0.5022352304,0.4977647696,0.00%,,,WINNER,,LOSER,,0.004470460878,LOSER,0,,0.00%,ROUND,WINNER,Johnny Keefer - WINNER - Mac Meissner
Sudarshan Yellamaraju - LOSER - Denny McCarthy,Sudarshan Yellamaraju,Denny McCarthy,Denny McCarthy - VS - Sudarshan Yellamaraju,BETMGM,0.00,0.00,,,,,0.5173641257,0.4826358743,36.68333333,37.44166667,74.125,0.4948847667,0.5051152333,0.00%,,,WINNER,,LOSER,,-0.01023046655,WINNER,1,,0.00%,ROUND,WINNER,Sudarshan Yellamaraju - WINNER - Denny McCarthy
Rasmus Hojgaard - LOSER - Max Greyserman,Rasmus Hojgaard,Max Greyserman,Max Greyserman - VS - Rasmus Hojgaard,BETMGM,0.00,0.00,,,,,0.4801120955,0.5198879045,41.64166667,40.47666667,82.11833333,0.5070934221,0.4929065779,0.00%,,,WINNER,,LOSER,,0.01418684419,LOSER,0,,0.00%,ROUND,WINNER,Rasmus Hojgaard - WINNER - Max Greyserman
Davis Thompson - LOSER - Harry Hall,Davis Thompson,Harry Hall,Harry Hall - VS - Davis Thompson,BETMGM,0.00,0.00,,,,,0.5,0.5,41.78,41.46333333,83.24333333,0.5019020542,0.4980979458,0.00%,,,WINNER,,LOSER,,0.003804108437,LOSER,0,,0.00%,ROUND,WINNER,Davis Thompson - WINNER - Harry Hall
Neal Shipley - LOSER - Matt McCarty,Neal Shipley,Matt McCarty,Matt McCarty - VS - Neal Shipley,BETMGM,0.00,0.00,,,,,0.5217391304,0.4782608696,40.91333333,0,40.91333333,1,0,0.00%,,,WINNER,,LOSER,,1,LOSER,0,,0.00%,ROUND,WINNER,Neal Shipley - WINNER - Matt McCarty
William Mouw - LOSER - Max McGreevy,William Mouw,Max McGreevy,Max McGreevy - VS - William Mouw,BETMGM,0.00,0.00,,,,,0.4794204807,0.5205795193,36.83833333,35.68666667,72.525,0.5079397909,0.4920602091,0.00%,,,WINNER,,LOSER,,0.01587958175,LOSER,0,,0.00%,ROUND,WINNER,William Mouw - WINNER - Max McGreevy
Chandler Phillips - LOSER - Seamus Power,Chandler Phillips,Seamus Power,Seamus Power - VS - Chandler Phillips,BETMGM,0.00,0.00,,,,,0.4956702459,0.5043297541,36.47833333,37.32,73.79833333,0.4942975225,0.5057024775,0.00%,,,WINNER,,LOSER,,-0.01140495494,WINNER,1,,0.00%,ROUND,WINNER,Chandler Phillips - WINNER - Seamus Power
Haotong Li - LOSER - Joel Dahmen,Haotong Li,Joel Dahmen,Joel Dahmen - VS - Haotong Li,BETMGM,0.00,0.00,,,,,0.4935039626,0.5064960374,34.33166667,34.33166667,68.66333333,0.5,0.5,0.00%,,,WINNER,,LOSER,,0,WINNER,1,,0.00%,ROUND,WINNER,Haotong Li - WINNER - Joel Dahmen
Hank Lebioda - LOSER - Matthieu Pavon,Hank Lebioda,Matthieu Pavon,Matthieu Pavon - VS - Hank Lebioda,BETMGM,0.00,0.00,,,,,,,31.485,33.17333333,64.65833333,0.4869441938,0.5130558062,0.00%,,,WINNER,,LOSER,,-0.02611161232,WINNER,1,,0.00%,ROUND,WINNER,Hank Lebioda - WINNER - Matthieu Pavon
Taylor Moore - LOSER - Kevin Roy,Taylor Moore,Kevin Roy,Kevin Roy - VS - Taylor Moore,BETMGM,0.00,0.00,,,,,,,37.42666667,41.215,78.64166667,0.4759139557,0.5240860443,0.00%,,,WINNER,,LOSER,,-0.04817208859,WINNER,1,,0.00%,ROUND,WINNER,Taylor Moore - WINNER - Kevin Roy
Zach Bauchou - LOSER - Christiaan Bezuidenhout,Zach Bauchou,Christiaan Bezuidenhout,Christiaan Bezuidenhout - VS - Zach Bauchou,BETMGM,0.00,0.00,,,,,,,41.08166667,41.08166667,82.16333333,0.5,0.5,0.00%,,,WINNER,,LOSER,,0,WINNER,1,,0.00%,ROUND,WINNER,Zach Bauchou - WINNER - Christiaan Bezuidenhout
Pierceson Coody - LOSER - Tony Finau,Pierceson Coody,Tony Finau,Tony Finau - VS - Pierceson Coody,BETMGM,0.00,0.00,,,,,,,41.47833333,38.155,79.63333333,0.5208664713,0.4791335287,0.00%,,,WINNER,,LOSER,,0.04173294265,LOSER,0,,0.00%,ROUND,WINNER,Pierceson Coody - WINNER - Tony Finau
Ben Kohles - LOSER - Emiliano Grillo,Ben Kohles,Emiliano Grillo,Emiliano Grillo - VS - Ben Kohles,BETMGM,0.00,0.00,,,,,,,42.53166667,40.33166667,82.86333333,0.5132748703,0.4867251297,0.00%,,,WINNER,,LOSER,,0.02654974054,LOSER,0,,0.00%,ROUND,WINNER,Ben Kohles - WINNER - Emiliano Grillo
Johnny Keefer - LOSER - Doug Ghim,Johnny Keefer,Doug Ghim,Doug Ghim - VS - Johnny Keefer,BETMGM,0.00,0.00,,,,,,,41.755,45.57333333,87.32833333,0.4781380613,0.5218619387,0.00%,,,WINNER,,LOSER,,-0.04372387732,WINNER,1,,0.00%,ROUND,WINNER,Johnny Keefer - WINNER - Doug Ghim
Neal Shipley - LOSER - Jackson Suber,Neal Shipley,Jackson Suber,Jackson Suber - VS - Neal Shipley,BETMGM,0.00,0.00,,,,,,,40.91333333,42.70833333,83.62166667,0.4892671357,0.5107328643,0.00%,,,WINNER,,LOSER,,-0.02146572858,WINNER,1,,0.00%,ROUND,WINNER,Neal Shipley - WINNER - Jackson Suber
Ben James - LOSER - Michael Brennan,Ben James,Michael Brennan,Michael Brennan - VS - Ben James,BETMGM,0.00,0.00,,,,,,,44.11,44.11,88.22,0.5,0.5,0.00%,,,WINNER,,LOSER,,0,WINNER,1,,0.00%,ROUND,WINNER,Ben James - WINNER - Michael Brennan
Matt McCarty - LOSER - Kevin Yu,Matt McCarty,Kevin Yu,Kevin Yu - VS - Matt McCarty,BETMGM,0.00,0.00,,,,,,,0,42.54166667,42.54166667,0,1,0.00%,,,WINNER,,LOSER,,-1,WINNER,1,,0.00%,ROUND,WINNER,Matt McCarty - WINNER - Kevin Yu
Garrick Higgo - LOSER - Rico Hoey,Garrick Higgo,Rico Hoey,Rico Hoey - VS - Garrick Higgo,BETMGM,0.00,0.00,,,,,,,33.325,41.72,75.045,0.4440668932,0.5559331068,0.00%,,,WINNER,,LOSER,,-0.1118662136,WINNER,1,,0.00%,ROUND,WINNER,Garrick Higgo - WINNER - Rico Hoey
Harry Hall - LOSER - Max McGreevy,Harry Hall,Max McGreevy,Max McGreevy - VS - Harry Hall,BETMGM,0.00,0.00,,,,,,,41.46333333,35.68666667,77.15,0.5374378916,0.4625621084,0.00%,,,WINNER,,LOSER,,0.07487578311,LOSER,0,,0.00%,ROUND,WINNER,Harry Hall - WINNER - Max McGreevy
David Ford - LOSER - Jesper Svensson,David Ford,Jesper Svensson,Jesper Svensson - VS - David Ford,BETMGM,0.00,0.00,,,,,,,36.44333333,35.69833333,72.14166667,0.5051634515,0.4948365485,0.00%,,,WINNER,,LOSER,,0.01032690308,LOSER,0,,0.00%,ROUND,WINNER,David Ford - WINNER - Jesper Svensson
Christiaan Bezuidenhout - LOSER - Mackenzie Hughes,Christiaan Bezuidenhout,Mackenzie Hughes,Mackenzie Hughes - VS - Christiaan Bezuidenhout,BETMGM,0.00,0.00,,,,,0.5263157895,0.4736842105,41.08166667,40.705,81.78666667,0.5023027388,0.4976972612,0.00%,,,WINNER,,LOSER,,0.004605477665,LOSER,0,,0.00%,ROUND,WINNER,Christiaan Bezuidenhout - WINNER - Mackenzie Hughes
Takumi Kanaya - LOSER - Tony Finau,Takumi Kanaya,Tony Finau,Tony Finau - VS - Takumi Kanaya,BETMGM,0.00,0.00,,,,,0.5,0.5,35.14,38.155,73.295,0.4794324306,0.5205675694,0.00%,,,WINNER,,LOSER,,-0.04113513882,WINNER,1,,0.00%,ROUND,WINNER,Takumi Kanaya - WINNER - Tony Finau
Jackson Koivun - LOSER - Rasmus Hojgaard,Jackson Koivun,Rasmus Hojgaard,Rasmus Hojgaard - VS - Jackson Koivun,BETMGM,0.00,0.00,,,,,0.5273184759,0.4726815241,44.89675439,41.64166667,86.53842105,0.5188071823,0.4811928177,0.00%,,,WINNER,,LOSER,,0.03761436458,LOSER,0,,0.00%,ROUND,WINNER,Jackson Koivun - WINNER - Rasmus Hojgaard
Nick Taylor - LOSER - Billy Horschel,Nick Taylor,Billy Horschel,Billy Horschel - VS - Nick Taylor,BETMGM,0.00,0.00,,,,,0.5,0.5,41.82166667,41.305,83.12666667,0.5031077071,0.4968922929,0.00%,,,WINNER,,LOSER,,0.006215414227,LOSER,0,,0.00%,ROUND,WINNER,Nick Taylor - WINNER - Billy Horschel
Sudarshan Yellamaraju - LOSER - Doug Ghim,Sudarshan Yellamaraju,Doug Ghim,Doug Ghim - VS - Sudarshan Yellamaraju,BETMGM,0.00,0.00,,,,,0.4807692308,0.5192307692,36.68333333,45.57333333,82.25666667,0.4459618268,0.5540381732,0.00%,,,WINNER,,LOSER,,-0.1080763464,WINNER,1,,0.00%,ROUND,WINNER,Sudarshan Yellamaraju - WINNER - Doug Ghim
Max Homa - LOSER - Chris Kirk,Max Homa,Chris Kirk,Chris Kirk - VS - Max Homa,BETMGM,0.00,0.00,,,,,0.5263157895,0.4736842105,42.85333333,42.29833333,85.15166667,0.503258891,0.496741109,0.00%,,,WINNER,,LOSER,,0.006517781997,LOSER,0,,0.00%,ROUND,WINNER,Max Homa - WINNER - Chris Kirk
Doug Ghim - LOSER - Kevin Yu,Doug Ghim,Kevin Yu,Kevin Yu - VS - Doug Ghim,BETMGM,0.00,0.00,,,,,0.5230189732,0.4769810268,45.57333333,42.54166667,88.115,0.5172028977,0.4827971023,0.00%,,,WINNER,,LOSER,,0.03440579546,LOSER,0,,0.00%,ROUND,WINNER,Doug Ghim - WINNER - Kevin Yu
Davis Thompson - LOSER - Matt Wallace,Davis Thompson,Matt Wallace,Matt Wallace - VS - Davis Thompson,BETMGM,0.00,0.00,,,,,0.4709707385,0.5290292615,41.78,43.17,84.95,0.4918187169,0.5081812831,0.00%,,,WINNER,,LOSER,,-0.01636256622,WINNER,1,,0.00%,ROUND,WINNER,Davis Thompson - WINNER - Matt Wallace
Kristoffer Ventura - LOSER - Beau Hossler,Kristoffer Ventura,Beau Hossler,Beau Hossler - VS - Kristoffer Ventura,BETMGM,0.00,0.00,,,,,0.5203045685,0.4796954315,43.22333333,43.22333333,86.44666667,0.5,0.5,0.00%,,,WINNER,,LOSER,,0,WINNER,1,,0.00%,ROUND,WINNER,Kristoffer Ventura - WINNER - Beau Hossler
Steven Fisk - LOSER - Rico Hoey,Steven Fisk,Rico Hoey,Rico Hoey - VS - Steven Fisk,BETMGM,0.00,0.00,,,,,0.4837800576,0.5162199424,37.37166667,41.72,79.09166667,0.4725107997,0.5274892003,0.00%,,,WINNER,,LOSER,,-0.05497840059,WINNER,1,,0.00%,ROUND,WINNER,Steven Fisk - WINNER - Rico Hoey
Kevin Roy - LOSER - Christiaan Bezuidenhout,Kevin Roy,Christiaan Bezuidenhout,Christiaan Bezuidenhout - VS - Kevin Roy,BETMGM,0.00,0.00,,,,,0.5020223265,0.4979776735,41.215,41.08166667,82.29666667,0.5008100774,0.4991899226,0.00%,,,WINNER,,LOSER,,0.001620154725,LOSER,0,,0.00%,ROUND,WINNER,Kevin Roy - WINNER - Christiaan Bezuidenhout
Pierceson Coody - LOSER - Emiliano Grillo,Pierceson Coody,Emiliano Grillo,Emiliano Grillo - VS - Pierceson Coody,BETMGM,0.00,0.00,,,,,0.4776459112,0.5223540888,41.47833333,40.33166667,81.81,0.5070081082,0.4929918918,0.00%,,,WINNER,,LOSER,,0.01401621644,LOSER,0,,0.00%,ROUND,WINNER,Pierceson Coody - WINNER - Emiliano Grillo
William Mouw - LOSER - Seamus Power,William Mouw,Seamus Power,Seamus Power - VS - William Mouw,BETMGM,0.00,0.00,,,,,0.5223540888,0.4776459112,36.83833333,37.32,74.15833333,0.4967524441,0.5032475559,0.00%,,,WINNER,,LOSER,,-0.00649511181,WINNER,1,,0.00%,ROUND,WINNER,William Mouw - WINNER - Seamus Power
Takumi Kanaya - LOSER - Max Homa,Takumi Kanaya,Max Homa,Max Homa - VS - Takumi Kanaya,BETMGM,0.00,0.00,,,,,0.4959548562,0.5040451438,35.14,42.85333333,77.99333333,0.4505513292,0.5494486708,0.00%,,,WINNER,,LOSER,,-0.09889734165,WINNER,1,,0.00%,ROUND,WINNER,Takumi Kanaya - WINNER - Max Homa
Davis Chatfield - LOSER - Chad Ramey,Davis Chatfield,Chad Ramey,Chad Ramey - VS - Davis Chatfield,BETMGM,0.00,0.00,,,,,0.4939310568,0.5060689432,35.55833333,35.85,71.40833333,0.4979577547,0.5020422453,0.00%,,,WINNER,,LOSER,,-0.004084490606,WINNER,1,,0.00%,ROUND,WINNER,Davis Chatfield - WINNER - Chad Ramey
Stephan Jaeger - LOSER - Mark Hubbard,Stephan Jaeger,Mark Hubbard,Mark Hubbard - VS - Stephan Jaeger,BETMGM,0.00,0.00,,,,,0.5298044826,0.4701955174,40.02833333,33.04833333,73.07666667,0.5477580623,0.4522419377,0.00%,,,WINNER,,LOSER,,0.09551612462,LOSER,0,,0.00%,ROUND,WINNER,Stephan Jaeger - WINNER - Mark Hubbard
Paul Peterson - LOSER - Haotong Li,Paul Peterson,Haotong Li,Haotong Li - VS - Paul Peterson,BETMGM,0.00,0.00,,,,,0.4697958197,0.5302041803,31.175,31.175,62.35,0.5,0.5,0.00%,,,WINNER,,LOSER,,0,WINNER,1,,0.00%,ROUND,WINNER,Paul Peterson - WINNER - Haotong Li
Taylor Moore - LOSER - Hank Lebioda,Taylor Moore,Hank Lebioda,Hank Lebioda - VS - Taylor Moore,BETMGM,0.00,0.00,,,,,0.5268817204,0.4731182796,37.42666667,31.485,68.91166667,0.5431107456,0.4568892544,0.00%,,,WINNER,,LOSER,,0.08622149128,LOSER,0,,0.00%,ROUND,WINNER,Taylor Moore - WINNER - Hank Lebioda
Michael Brennan - LOSER - Mac Meissner,Michael Brennan,Mac Meissner,Mac Meissner - VS - Michael Brennan,BETMGM,0.00,0.00,,,,,0.5290292615,0.4709707385,44.11,41.38333333,85.49333333,0.5159466625,0.4840533375,0.00%,,,WINNER,,LOSER,,0.03189332502,LOSER,0,,0.00%,ROUND,WINNER,Michael Brennan - WINNER - Mac Meissner
Johnny Keefer - LOSER - Jackson Suber,Johnny Keefer,Jackson Suber,Jackson Suber - VS - Johnny Keefer,BETMGM,0.00,0.00,,,,,0.5162199424,0.4837800576,41.755,42.70833333,84.46333333,0.4943565255,0.5056434745,0.00%,,,WINNER,,LOSER,,-0.01128694897,WINNER,1,,0.00%,ROUND,WINNER,Johnny Keefer - WINNER - Jackson Suber
Jordan Smith - LOSER - Mackenzie Hughes,Jordan Smith,Mackenzie Hughes,Mackenzie Hughes - VS - Jordan Smith,BETMGM,0.00,0.00,,,,,0.5219466078,0.4780533922,40.705,40.705,81.41,0.5,0.5,0.00%,,,WINNER,,LOSER,,0,WINNER,1,,0.00%,ROUND,WINNER,Jordan Smith - WINNER - Mackenzie Hughes
John Parry - LOSER - Chris Kirk,John Parry,Chris Kirk,Chris Kirk - VS - John Parry,BETMGM,0.00,0.00,,,,,0.4837800576,0.5162199424,40.42,42.29833333,82.71833333,0.488646209,0.511353791,0.00%,,,WINNER,,LOSER,,-0.02270758195,WINNER,1,,0.00%,ROUND,WINNER,John Parry - WINNER - Chris Kirk
Marco Penge - LOSER - Ben Kohles,Marco Penge,Ben Kohles,Ben Kohles - VS - Marco Penge,BETMGM,0.00,0.00,,,,,0.4817399773,0.5182600227,44.98333333,42.53166667,87.515,0.5140071226,0.4859928774,0.00%,,,WINNER,,LOSER,,0.02801424518,LOSER,0,,0.00%,ROUND,WINNER,Marco Penge - WINNER - Ben Kohles
Lee Hodges - LOSER - Austin Smotherman,Lee Hodges,Austin Smotherman,Austin Smotherman - VS - Lee Hodges,BETMGM,0.00,0.00,,,,,0.4898785425,0.5101214575,39.33666667,37.10166667,76.43833333,0.514619628,0.485380372,0.00%,,,WINNER,,LOSER,,0.02923925605,LOSER,0,,0.00%,ROUND,WINNER,Lee Hodges - WINNER - Austin Smotherman
Trace Crowe - LOSER - Chandler Phillips,Trace Crowe,Chandler Phillips,Chandler Phillips - VS - Trace Crowe,BETMGM,0.00,0.00,,,,,0.4724305249,0.5275694751,35.26166667,36.47833333,71.74,0.4915203048,0.5084796952,0.00%,,,WINNER,,LOSER,,-0.01695939039,WINNER,1,,0.00%,ROUND,WINNER,Trace Crowe - WINNER - Chandler Phillips
Sudarshan Yellamaraju - LOSER - Max Greyserman,Sudarshan Yellamaraju,Max Greyserman,Max Greyserman - VS - Sudarshan Yellamaraju,BETMGM,0.00,0.00,,,,,0.5238095238,0.4761904762,36.68333333,40.47666667,77.16,0.4754190427,0.5245809573,0.00%,,,WINNER,,LOSER,,-0.04916191464,WINNER,1,,0.00%,ROUND,WINNER,Sudarshan Yellamaraju - WINNER - Max Greyserman
Matthieu Pavon - LOSER - Billy Horschel,Matthieu Pavon,Billy Horschel,Billy Horschel - VS - Matthieu Pavon,BETMGM,0.00,0.00,,,,,0.5040451438,0.4959548562,33.17333333,41.305,74.47833333,0.4454091794,0.5545908206,0.00%,,,WINNER,,LOSER,,-0.1091816412,WINNER,1,,0.00%,ROUND,WINNER,Matthieu Pavon - WINNER - Billy Horschel
David Ford - LOSER - Patrick Fishburn,David Ford,Patrick Fishburn,Patrick Fishburn - VS - David Ford,BETMGM,0.00,0.00,,,,,0.5275694751,0.4724305249,36.44333333,35.695,72.13833333,0.5051867939,0.4948132061,0.00%,,,WINNER,,LOSER,,0.01037358778,LOSER,0,,0.00%,ROUND,WINNER,David Ford - WINNER - Patrick Fishburn
Gordon Sargent - LOSER - Zecheng Dou,Gordon Sargent,Zecheng Dou,Zecheng Dou - VS - Gordon Sargent,BETMGM,0.00,0.00,,,,,0.4756208555,0.5243791445,37.21166667,39.76333333,76.975,0.4834253546,0.5165746454,0.00%,,,WINNER,,LOSER,,-0.0331492909,WINNER,1,,0.00%,ROUND,WINNER,Gordon Sargent - WINNER - Zecheng Dou
Joe Highsmith - LOSER - Andrew Putnam,Joe Highsmith,Andrew Putnam,Andrew Putnam - VS - Joe Highsmith,BETMGM,0.00,0.00,,,,,0.4771572922,0.5228427078,30.33,34.53833333,64.86833333,0.4675624984,0.5324375016,0.00%,,,WINNER,,LOSER,,-0.06487500321,WINNER,1,,0.00%,ROUND,WINNER,Joe Highsmith - WINNER - Andrew Putnam
Zac Blair - LOSER - Joel Dahmen,Zac Blair,Joel Dahmen,Joel Dahmen - VS - Zac Blair,BETMGM,0.00,0.00,,,,,0.4837800576,0.5162199424,35.95833333,34.33166667,70.29,0.5115711102,0.4884288898,0.00%,,,WINNER,,LOSER,,0.02314222033,LOSER,0,,0.00%,ROUND,WINNER,Zac Blair - WINNER - Joel Dahmen
Zach Bauchou - LOSER - Jordan Smith,Zach Bauchou,Jordan Smith,Jordan Smith - VS - Zach Bauchou,BETMGM,0.00,0.00,,,,,0.4759152216,0.5240847784,,,0,0,0,0.00%,,,WINNER,,LOSER,,0,WINNER,1,,0.00%,ROUND,WINNER,Zach Bauchou - WINNER - Jordan Smith
Kevin Roy - LOSER - Nick Taylor,Kevin Roy,Nick Taylor,Nick Taylor - VS - Kevin Roy,BETMGM,0.00,0.00,,,,,0.4939310568,0.5060689432,41.215,41.82166667,83.03666667,0.4963469953,0.5036530047,0.00%,,,WINNER,,LOSER,,-0.007306009393,WINNER,1,,0.00%,ROUND,WINNER,Kevin Roy - WINNER - Nick Taylor
Eric Cole - LOSER - Emiliano Grillo,Eric Cole,Emiliano Grillo,Emiliano Grillo - VS - Eric Cole,BETMGM,0.00,0.00,,,,,0.5223540888,0.4776459112,43.53333333,40.33166667,83.865,0.5190882172,0.4809117828,0.00%,,,WINNER,,LOSER,,0.03817643435,LOSER,0,,0.00%,ROUND,WINNER,Eric Cole - WINNER - Emiliano Grillo
Pierceson Coody - LOSER - Kristoffer Ventura,Pierceson Coody,Kristoffer Ventura,Kristoffer Ventura - VS - Pierceson Coody,BETMGM,0.00,0.00,,,,,0.4989820847,0.5010179153,41.47833333,41.47833333,82.95666667,0.5,0.5,0.00%,,,WINNER,,LOSER,,0,WINNER,1,,0.00%,ROUND,WINNER,Pierceson Coody - WINNER - Kristoffer Ventura
Johnny Keefer - LOSER - Matt McCarty,Johnny Keefer,Matt McCarty,Matt McCarty - VS - Johnny Keefer,BETMGM,0.00,0.00,,,,,0.5101214575,0.4898785425,41.755,0,41.755,1,0,0.00%,,,WINNER,,LOSER,,1,LOSER,0,,0.00%,ROUND,WINNER,Johnny Keefer - WINNER - Matt McCarty
Ben James - LOSER - Doug Ghim,Ben James,Doug Ghim,Doug Ghim - VS - Ben James,BETMGM,0.00,0.00,,,,,0.5123152709,0.4876847291,45.57333333,45.57333333,91.14666667,0.5,0.5,0.00%,,,WINNER,,LOSER,,0,WINNER,1,,0.00%,ROUND,WINNER,Ben James - WINNER - Doug Ghim
Jackson Suber - LOSER - Kevin Yu,Jackson Suber,Kevin Yu,Kevin Yu - VS - Jackson Suber,BETMGM,0.00,0.00,,,,,0.5060689432,0.4939310568,42.70833333,42.54166667,85.25,0.5009775171,0.4990224829,0.00%,,,WINNER,,LOSER,,0.001955034213,LOSER,0,,0.00%,ROUND,WINNER,Jackson Suber - WINNER - Kevin Yu
Michael Brennan - LOSER - Stephan Jaeger,Michael Brennan,Stephan Jaeger,Stephan Jaeger - VS - Michael Brennan,BETMGM,0.00,0.00,,,,,0.5286885246,0.4713114754,44.11,40.02833333,84.13833333,0.52425569,0.47574431,0.00%,,,WINNER,,LOSER,,0.04851138007,LOSER,0,,0.00%,ROUND,WINNER,Michael Brennan - WINNER - Stephan Jaeger
David Ford - LOSER - Max McGreevy,David Ford,Max McGreevy,Max McGreevy - VS - David Ford,BETMGM,0.00,0.00,,,,,0.4959002952,0.5040997048,36.44333333,35.68666667,72.13,0.5052451592,0.4947548408,0.00%,,,WINNER,,LOSER,,0.01049031841,LOSER,0,,0.00%,ROUND,WINNER,David Ford - WINNER - Max McGreevy
  - LOSER -  , , ,  - VS -  ,BETMGM,0.00,0.00,,,,,,,,,0,0,0,0.00%,,,WINNER,,LOSER,,0,WINNER,1,,0.00%,ROUND,WINNER,  - WINNER -  
  - LOSER -  , , ,  - VS -  ,BETMGM,0.00,0.00,,,,,,,,,0,0,0,0.00%,,,WINNER,,LOSER,,0,WINNER,1,,0.00%,ROUND,WINNER,  - WINNER -  
  - LOSER -  , , ,  - VS -  ,BETMGM,0.00,0.00,,,,,,,,,0,0,0,0.00%,,,WINNER,,LOSER,,0,WINNER,1,,0.00%,ROUND,WINNER,  - WINNER -  
  - LOSER -  , , ,  - VS -  ,BETMGM,0.00,0.00,,,,,,,,,0,0,0,0.00%,,,WINNER,,LOSER,,0,WINNER,1,,0.00%,ROUND,WINNER,  - WINNER -  
  - LOSER -  , , ,  - VS -  ,BETMGM,0.00,0.00,,,,,,,,,0,0,0,0.00%,,,WINNER,,LOSER,,0,WINNER,1,,0.00%,ROUND,WINNER,  - WINNER -  
  - LOSER -  , , ,  - VS -  ,BETMGM,0.00,0.00,,,,,,,,,0,0,0,0.00%,,,WINNER,,LOSER,,0,WINNER,1,,0.00%,ROUND,WINNER,  - WINNER -  
  - LOSER -  , , ,  - VS -  ,BETMGM,0.00,0.00,,,,,,,,,0,0,0,0.00%,,,WINNER,,LOSER,,0,WINNER,1,,0.00%,ROUND,WINNER,  - WINNER -  
  - LOSER -  , , ,  - VS -  ,BETMGM,0.00,0.00,,,,,,,,,0,0,0,0.00%,,,WINNER,,LOSER,,0,WINNER,1,,0.00%,ROUND,WINNER,  - WINNER -  
  - LOSER -  , , ,  - VS -  ,BETMGM,0.00,0.00,,,,,,,,,0,0,0,0.00%,,,WINNER,,LOSER,,0,WINNER,1,,0.00%,ROUND,WINNER,  - WINNER -  
  - LOSER -  , , ,  - VS -  ,BETMGM,0.00,0.00,,,,,,,,,0,0,0,0.00%,,,WINNER,,LOSER,,0,WINNER,1,,0.00%,ROUND,WINNER,  - WINNER -  
  - LOSER -  , , ,  - VS -  ,BETMGM,0.00,0.00,,,,,,,,,0,0,0,0.00%,,,WINNER,,LOSER,,0,WINNER,1,,0.00%,ROUND,WINNER,  - WINNER -  
  - LOSER -  , , ,  - VS -  ,BETMGM,0.00,0.00,,,,,,,,,0,0,0,0.00%,,,WINNER,,LOSER,,0,WINNER,1,,0.00%,ROUND,WINNER,  - WINNER -  
  - LOSER -  , , ,  - VS -  ,BETMGM,0.00,0.00,,,,,,,,,0,0,0,0.00%,,,WINNER,,LOSER,,0,WINNER,1,,0.00%,ROUND,WINNER,  - WINNER -  
  - LOSER -  , , ,  - VS -  ,BETMGM,0.00,0.00,,,,,,,,,0,0,0,0.00%,,,WINNER,,LOSER,,0,WINNER,1,,0.00%,ROUND,WINNER,  - WINNER -  
  - LOSER -  , , ,  - VS -  ,BETMGM,0.00,0.00,,,,,,,,,0,0,0,0.00%,,,WINNER,,LOSER,,0,WINNER,1,,0.00%,ROUND,WINNER,  - WINNER -  
  - LOSER -  , , ,  - VS -  ,BETMGM,0.00,0.00,,,,,,,,,0,0,0,0.00%,,,WINNER,,LOSER,,0,WINNER,1,,0.00%,ROUND,WINNER,  - WINNER -  
  - LOSER -  , , ,  - VS -  ,BETMGM,0.00,0.00,,,,,,,,,0,0,0,0.00%,,,WINNER,,LOSER,,0,WINNER,1,,0.00%,ROUND,WINNER,  - WINNER -  
  - LOSER -  , , ,  - VS -  ,BETMGM,0.00,0.00,,,,,,,,,0,0,0,0.00%,,,WINNER,,LOSER,,0,WINNER,1,,0.00%,ROUND,WINNER,  - WINNER -  
  - LOSER -  , , ,  - VS -  ,BETMGM,0.00,0.00,,,,,,,,,0,0,0,0.00%,,,WINNER,,LOSER,,0,WINNER,1,,0.00%,ROUND,WINNER,  - WINNER -  
  - LOSER -  , , ,  - VS -  ,BETMGM,0.00,0.00,,,,,,,,,0,0,0,0.00%,,,WINNER,,LOSER,,0,WINNER,1,,0.00%,ROUND,WINNER,  - WINNER -  
  - LOSER -  , , ,  - VS -  ,BETMGM,0.00,0.00,,,,,,,,,0,0,0,0.00%,,,WINNER,,LOSER,,0,WINNER,1,,0.00%,ROUND,WINNER,  - WINNER -  
  - LOSER -  , , ,  - VS -  ,BETMGM,0.00,0.00,,,,,,,,,0,0,0,0.00%,,,WINNER,,LOSER,,0,WINNER,1,,0.00%,ROUND,WINNER,  - WINNER -  
  - LOSER -  , , ,  - VS -  ,BETMGM,0.00,0.00,,,,,,,,,0,0,0,0.00%,,,WINNER,,LOSER,,0,WINNER,1,,0.00%,ROUND,WINNER,  - WINNER -  
  - LOSER -  , , ,  - VS -  ,BETMGM,0.00,0.00,,,,,,,,,0,0,0,0.00%,,,WINNER,,LOSER,,0,WINNER,1,,0.00%,ROUND,WINNER,  - WINNER -  
  - LOSER -  , , ,  - VS -  ,BETMGM,0.00,0.00,,,,,,,,,0,0,0,0.00%,,,WINNER,,LOSER,,0,WINNER,1,,0.00%,ROUND,WINNER,  - WINNER -  
  - LOSER -  , , ,  - VS -  ,BETMGM,0.00,0.00,,,,,,,,,0,0,0,0.00%,,,WINNER,,LOSER,,0,WINNER,1,,0.00%,ROUND,WINNER,  - WINNER -  
  - LOSER -  , , ,  - VS -  ,BETMGM,0.00,0.00,,,,,,,,,0,0,0,0.00%,,,WINNER,,LOSER,,0,WINNER,1,,0.00%,ROUND,WINNER,  - WINNER -  
  - LOSER -  , , ,  - VS -  ,BETMGM,0.00,0.00,,,,,,,,,0,0,0,0.00%,,,WINNER,,LOSER,,0,WINNER,1,,0.00%,ROUND,WINNER,  - WINNER -  
  - LOSER -  , , ,  - VS -  ,BETMGM,0.00,0.00,,,,,,,,,0,0,0,0.00%,,,WINNER,,LOSER,,0,WINNER,1,,0.00%,ROUND,WINNER,  - WINNER -  
  - LOSER -  , , ,  - VS -  ,BETMGM,0.00,0.00,,,,,,,,,0,0,0,0.00%,,,WINNER,,LOSER,,0,WINNER,1,,0.00%,ROUND,WINNER,  - WINNER -  
  - LOSER -  , , ,  - VS -  ,BETMGM,0.00,0.00,,,,,,,,,0,0,0,0.00%,,,WINNER,,LOSER,,0,WINNER,1,,0.00%,ROUND,WINNER,  - WINNER -  
  - LOSER -  , , ,  - VS -  ,BETMGM,0.00,0.00,,,,,,,,,0,0,0,0.00%,,,WINNER,,LOSER,,0,WINNER,1,,0.00%,ROUND,WINNER,  - WINNER -  
  - LOSER -  , , ,  - VS -  ,BETMGM,0.00,0.00,,,,,,,,,0,0,0,0.00%,,,WINNER,,LOSER,,0,WINNER,1,,0.00%,ROUND,WINNER,  - WINNER -  
  - LOSER -  , , ,  - VS -  ,BETMGM,0.00,0.00,,,,,,,,,0,0,0,0.00%,,,WINNER,,LOSER,,0,WINNER,1,,0.00%,ROUND,WINNER,  - WINNER -  
  - LOSER -  , , ,  - VS -  ,BETMGM,0.00,0.00,,,,,,,,,0,0,0,0.00%,,,WINNER,,LOSER,,0,WINNER,1,,0.00%,ROUND,WINNER,  - WINNER -  
  - LOSER -  , , ,  - VS -  ,BETMGM,0.00,0.00,,,,,,,,,0,0,0,0.00%,,,WINNER,,LOSER,,0,WINNER,1,,0.00%,ROUND,WINNER,  - WINNER -  
  - LOSER -  , , ,  - VS -  ,BETMGM,0.00,0.00,,,,,,,,,0,0,0,0.00%,,,WINNER,,LOSER,,0,WINNER,1,,0.00%,ROUND,WINNER,  - WINNER -  
  - LOSER -  , , ,  - VS -  ,BETMGM,0.00,0.00,,,,,,,,,0,0,0,0.00%,,,WINNER,,LOSER,,0,WINNER,1,,0.00%,ROUND,WINNER,  - WINNER -  
  - LOSER -  , , ,  - VS -  ,BETMGM,0.00,0.00,,,,,,,,,0,0,0,0.00%,,,WINNER,,LOSER,,0,WINNER,1,,0.00%,ROUND,WINNER,  - WINNER -  
  - LOSER -  , , ,  - VS -  ,BETMGM,0.00,0.00,,,,,,,,,0,0,0,0.00%,,,WINNER,,LOSER,,0,WINNER,1,,0.00%,ROUND,WINNER,  - WINNER -  
  - LOSER -  , , ,  - VS -  ,BETMGM,0.00,0.00,,,,,,,,,0,0,0,0.00%,,,WINNER,,LOSER,,0,WINNER,1,,0.00%,ROUND,WINNER,  - WINNER -  
  - LOSER -  , , ,  - VS -  ,BETMGM,0.00,0.00,,,,,,,,,0,0,0,0.00%,,,WINNER,,LOSER,,0,WINNER,1,,0.00%,ROUND,WINNER,  - WINNER -  
  - LOSER -  , , ,  - VS -  ,BETMGM,0.00,0.00,,,,,,,,,0,0,0,0.00%,,,WINNER,,LOSER,,0,WINNER,1,,0.00%,ROUND,WINNER,  - WINNER -  
  - LOSER -  , , ,  - VS -  ,BETMGM,0.00,0.00,,,,,,,,,0,0,0,0.00%,,,WINNER,,LOSER,,0,WINNER,1,,0.00%,ROUND,WINNER,  - WINNER -  
  - LOSER -  , , ,  - VS -  ,BETMGM,0.00,0.00,,,,,,,,,0,0,0,0.00%,,,WINNER,,LOSER,,0,WINNER,1,,0.00%,ROUND,WINNER,  - WINNER -  
  - LOSER -  , , ,  - VS -  ,BETMGM,0.00,0.00,,,,,,,,,0,0,0,0.00%,,,WINNER,,LOSER,,0,WINNER,1,,0.00%,ROUND,WINNER,  - WINNER -  
  - LOSER -  , , ,  - VS -  ,BETMGM,0.00,0.00,,,,,,,,,0,0,0,0.00%,,,WINNER,,LOSER,,0,WINNER,1,,0.00%,ROUND,WINNER,  - WINNER -  
  - LOSER -  , , ,  - VS -  ,BETMGM,0.00,0.00,,,,,,,,,0,0,0,0.00%,,,WINNER,,LOSER,,0,WINNER,1,,0.00%,ROUND,WINNER,  - WINNER -  
  - LOSER -  , , ,  - VS -  ,BETMGM,0.00,0.00,,,,,,,,,0,0,0,0.00%,,,WINNER,,LOSER,,0,WINNER,1,,0.00%,ROUND,WINNER,  - WINNER -  
  - LOSER -  , , ,  - VS -  ,BETMGM,0.00,0.00,,,,,,,,,0,0,0,0.00%,,,WINNER,,LOSER,,0,WINNER,1,,0.00%,ROUND,WINNER,  - WINNER -  
  - LOSER -  , , ,  - VS -  ,BETMGM,0.00,0.00,,,,,,,,,0,0,0,0.00%,,,WINNER,,LOSER,,0,WINNER,1,,0.00%,ROUND,WINNER,  - WINNER -  
  - LOSER -  , , ,  - VS -  ,BETMGM,0.00,0.00,,,,,0.5174283501,0.4825716499,,,0,0,0,0.00%,,,WINNER,,LOSER,,0,WINNER,1,,0.00%,ROUND,WINNER,  - WINNER -  
  - LOSER -  , , ,  - VS -  ,BETMGM,0.00,0.00,,,,,0.4777898158,0.5222101842,,,0,0,0,0.00%,,,WINNER,,LOSER,,0,WINNER,1,,0.00%,ROUND,WINNER,  - WINNER -  
  - LOSER -  , , ,  - VS -  ,BETMGM,0.00,0.00,,,,,0.5,0.5,,,0,0,0,0.00%,,,WINNER,,LOSER,,0,WINNER,1,,0.00%,ROUND,WINNER,  - WINNER -  
  - LOSER -  , , ,  - VS -  ,BETMGM,0.00,0.00,,,,,0.5297741273,0.4702258727,,,0,0,0,0.00%,,,WINNER,,LOSER,,0,WINNER,1,,0.00%,ROUND,WINNER,  - WINNER -  
  - LOSER -  , , ,  - VS -  ,BETMGM,0.00,0.00,,,,,0.5188159706,0.4811840294,,,0,0,0,0.00%,,,WINNER,,LOSER,,0,WINNER,1,,0.00%,ROUND,WINNER,  - WINNER -  
  - LOSER -  , , ,  - VS -  ,BETMGM,0.00,0.00,,,,,0.499460742,0.500539258,,,0,0,0,0.00%,,,WINNER,,LOSER,,0,WINNER,1,,0.00%,ROUND,WINNER,  - WINNER -  
  - LOSER -  , , ,  - VS -  ,BETMGM,0.00,0.00,,,,,0.5088654332,0.4911345668,,,0,0,0,0.00%,,,WINNER,,LOSER,,0,WINNER,1,,0.00%,ROUND,WINNER,  - WINNER -  
  - LOSER -  , , ,  - VS -  ,BETMGM,0.00,0.00,,,,,0.520661157,0.479338843,,,0,0,0,0.00%,,,WINNER,,LOSER,,0,WINNER,1,,0.00%,ROUND,WINNER,  - WINNER -  
  - LOSER -  , , ,  - VS -  ,BETMGM,0.00,0.00,,,,,0.4806629834,0.5193370166,,,0,0,0,0.00%,,,WINNER,,LOSER,,0,WINNER,1,,0.00%,ROUND,WINNER,  - WINNER -  
  - LOSER -  , , ,  - VS -  ,BETMGM,0.00,0.00,,,,,0.5,0.5,,,0,0,0,0.00%,,,WINNER,,LOSER,,0,WINNER,1,,0.00%,ROUND,WINNER,  - WINNER -  
 - LOSER - ,,,,BETMGM,,,,,,,0.5217391304,0.4782608696,,,0,0,0,0.00%,,,WINNER,,LOSER,,0,WINNER,1,,0.00%,ROUND,WINNER, - WINNER - 
 - LOSER - ,,,,BETMGM,,,,,,,0.5,0.5,,,0,0,0,0.00%,,,WINNER,,LOSER,,0,WINNER,1,,0.00%,ROUND,WINNER, - WINNER - 
 - LOSER - ,,,,BETMGM,,,,,,,0.5203045685,0.4796954315,,,0,0,0,0.00%,,,WINNER,,LOSER,,0,WINNER,1,,0.00%,ROUND,WINNER, - WINNER - 
 - LOSER - ,,,,BETMGM,,,,,,,0.5208602779,0.4791397221,,,0,0,0,0.00%,,,WINNER,,LOSER,,0,WINNER,1,,0.00%,ROUND,WINNER, - WINNER - 
 - LOSER - ,,,,BETMGM,,,,,,,0.5217391304,0.4782608696,,,0,0,0,0.00%,,,WINNER,,LOSER,,0,WINNER,1,,0.00%,ROUND,WINNER, - WINNER - 
 - LOSER - ,,,,BETMGM,,,,,,,0.4782608696,0.5217391304,,,0,0,0,0.00%,,,WINNER,,LOSER,,0,WINNER,1,,0.00%,ROUND,WINNER, - WINNER - 
 - LOSER - ,,,,BETMGM,,,,,,,0.5174283501,0.4825716499,,,0,0,0,0.00%,,,WINNER,,LOSER,,0,WINNER,1,,0.00%,ROUND,WINNER, - WINNER - 
 - LOSER - ,,,,BETMGM,,,,,,,0.4777898158,0.5222101842,,,0,0,0,0.00%,,,WINNER,,LOSER,,0,WINNER,1,,0.00%,ROUND,WINNER, - WINNER - 
 - LOSER - ,,,,BETMGM,,,,,,,0.5,0.5,,,0,0,0,0.00%,,,WINNER,,LOSER,,0,WINNER,1,,0.00%,ROUND,WINNER, - WINNER - 
 - LOSER - ,,,,BETMGM,,,,,,,0.5297741273,0.4702258727,,,0,0,0,0.00%,,,WINNER,,LOSER,,0,WINNER,1,,0.00%,ROUND,WINNER, - WINNER - 
 - LOSER - ,,,,BETMGM,,,,,,,0.5188159706,0.4811840294,,,0,0,0,0.00%,,,WINNER,,LOSER,,0,WINNER,1,,0.00%,ROUND,WINNER, - WINNER - 
 - LOSER - ,,,,BETMGM,,,,,,,0.499460742,0.500539258,,,0,0,0,0.00%,,,WINNER,,LOSER,,0,WINNER,1,,0.00%,ROUND,WINNER, - WINNER - 
 - LOSER - ,,,,BETMGM,,,,,,,0.5088654332,0.4911345668,,,0,0,0,0.00%,,,WINNER,,LOSER,,0,WINNER,1,,0.00%,ROUND,WINNER, - WINNER - 
 - LOSER - ,,,,BETMGM,,,,,,,0.520661157,0.479338843,,,0,0,0,0.00%,,,WINNER,,LOSER,,0,WINNER,1,,0.00%,ROUND,WINNER, - WINNER - 
 - LOSER - ,,,,BETMGM,,,,,,,0.4806629834,0.5193370166,,,0,0,0,0.00%,,,WINNER,,LOSER,,0,WINNER,1,,0.00%,ROUND,WINNER, - WINNER - 
 - LOSER - ,,,,BETMGM,,,,,,,0.5,0.5,,,0,0,0,0.00%,,,WINNER,,LOSER,,0,WINNER,1,,0.00%,ROUND,WINNER, - WINNER - 
 - LOSER - ,,,,BETMGM,,,,,,,0.5217391304,0.4782608696,,,0,0,0,0.00%,,,WINNER,,LOSER,,0,WINNER,1,,0.00%,ROUND,WINNER, - WINNER - 
 - LOSER - ,,,,BETMGM,,,,,,,0.5,0.5,,,0,0,0,0.00%,,,WINNER,,LOSER,,0,WINNER,1,,0.00%,ROUND,WINNER, - WINNER - 
 - LOSER - ,,,,BETMGM,,,,,,,0.5203045685,0.4796954315,,,0,0,0,0.00%,,,WINNER,,LOSER,,0,WINNER,1,,0.00%,ROUND,WINNER, - WINNER - 
,,,,,,,,,,,0.5208602779,0.4791397221,,,,0,0,0.00%,,,WINNER,,LOSER,,0,WINNER,1,,0.00%,ROUND,,
,,,,,,,,,,,0.5217391304,0.4782608696,,,,0,0,0.00%,,,WINNER,,LOSER,,0,WINNER,1,,0.00%,ROUND,,
,,,,,,,,,,,0.4782608696,0.5217391304,,,,0,0,0.00%,,,WINNER,,LOSER,,0,WINNER,1,,0.00%,ROUND,,
,,,,,,,,,,,0.5146705928,0.4853294072,,,,0,0,0.00%,,,WINNER,,LOSER,,0,WINNER,1,,0.00%,ROUND,,
Johnny Keefer - LOSER - David Lipsky,Johnny Keefer,David Lipsky,David Lipsky - VS - Johnny Keefer,BOVADA,0.00,0.00,,,,,0.5174283501,0.4825716499,41.755,31.82,73.575,0.56751614,0.43248386,0.00%,,,WINNER,,LOSER,,0.13503228,LOSER,0,,0.00%,ROUND,WINNER,Johnny Keefer - WINNER - David Lipsky
Jackson Suber - LOSER - Doug Ghim,Jackson Suber,Doug Ghim,Doug Ghim - VS - Jackson Suber,BOVADA,0.00,0.00,,,,,0.4777898158,0.5222101842,42.70833333,45.57333333,88.28166667,0.4837735279,0.5162264721,0.00%,,,WINNER,,LOSER,,-0.03245294417,WINNER,1,,0.00%,ROUND,WINNER,Jackson Suber - WINNER - Doug Ghim
Denny McCarthy - LOSER - Patrick Rodgers,Denny McCarthy,Patrick Rodgers,Patrick Rodgers - VS - Denny McCarthy,BOVADA,0.00,0.00,,,,,0.5,0.5,37.44166667,36.56666667,74.00833333,0.5059114965,0.4940885035,0.00%,,,WINNER,,LOSER,,0.01182299291,LOSER,0,,0.00%,ROUND,WINNER,Denny McCarthy - WINNER - Patrick Rodgers
Jackson Koivun - LOSER - Ben James,Jackson Koivun,Ben James,Ben James - VS - Jackson Koivun,BOVADA,0.00,0.00,,,,,0.5297741273,0.4702258727,44.89675439,44.89675439,89.79350877,0.5,0.5,0.00%,,,WINNER,,LOSER,,0,WINNER,1,,0.00%,ROUND,WINNER,Jackson Koivun - WINNER - Ben James
Michael Brennan - LOSER - Kevin Yu,Michael Brennan,Kevin Yu,Kevin Yu - VS - Michael Brennan,BOVADA,0.00,0.00,,,,,0.5188159706,0.4811840294,44.11,42.54166667,86.65166667,0.5090496432,0.4909503568,0.00%,,,WINNER,,LOSER,,0.01809928641,LOSER,0,,0.00%,ROUND,WINNER,Michael Brennan - WINNER - Kevin Yu
Steven Fisk - LOSER - Stephan Jaeger,Steven Fisk,Stephan Jaeger,Stephan Jaeger - VS - Steven Fisk,BOVADA,0.00,0.00,,,,,0.499460742,0.500539258,37.37166667,40.02833333,77.4,0.4828380706,0.5171619294,0.00%,,,WINNER,,LOSER,,-0.03432385874,WINNER,1,,0.00%,ROUND,WINNER,Steven Fisk - WINNER - Stephan Jaeger
Neal Shipley - LOSER - Harry Hall,Neal Shipley,Harry Hall,Harry Hall - VS - Neal Shipley,BOVADA,0.00,0.00,,,,,0.5088654332,0.4911345668,40.91333333,41.46333333,82.37666667,0.496661676,0.503338324,0.00%,,,WINNER,,LOSER,,-0.006676647918,WINNER,1,,0.00%,ROUND,WINNER,Neal Shipley - WINNER - Harry Hall
Matt McCarty - LOSER - Zac Blair,Matt McCarty,Zac Blair,Zac Blair - VS - Matt McCarty,BOVADA,0.00,0.00,,,,,0.520661157,0.479338843,0,35.95833333,35.95833333,0,1,0.00%,,,WINNER,,LOSER,,-1,WINNER,1,,0.00%,ROUND,WINNER,Matt McCarty - WINNER - Zac Blair
Rico Hoey - LOSER - Matt Wallace,Rico Hoey,Matt Wallace,Matt Wallace - VS - Rico Hoey,BOVADA,0.00,0.00,,,,,0.4806629834,0.5193370166,41.72,43.17,84.89,0.4914595359,0.5085404641,0.00%,,,WINNER,,LOSER,,-0.01708092826,WINNER,1,,0.00%,ROUND,WINNER,Rico Hoey - WINNER - Matt Wallace
Trace Crowe - LOSER - Patrick Fishburn,Trace Crowe,Patrick Fishburn,Patrick Fishburn - VS - Trace Crowe,BOVADA,0.00,0.00,,,,,0.5,0.5,35.26166667,35.695,70.95666667,0.4969464932,0.5030535068,0.00%,,,WINNER,,LOSER,,-0.00610701367,WINNER,1,,0.00%,ROUND,WINNER,Trace Crowe - WINNER - Patrick Fishburn
Jordan Smith - LOSER - Kevin Roy,Jordan Smith,Kevin Roy,Kevin Roy - VS - Jordan Smith,BOVADA,0.00,0.00,,,,,0.5217391304,0.4782608696,41.215,41.215,82.43,0.5,0.5,0.00%,,,WINNER,,LOSER,,0,WINNER,1,,0.00%,ROUND,WINNER,Jordan Smith - WINNER - Kevin Roy
Taylor Moore - LOSER - Matthieu Pavon,Taylor Moore,Matthieu Pavon,Matthieu Pavon - VS - Taylor Moore,BOVADA,0.00,0.00,,,,,0.5,0.5,37.42666667,33.17333333,70.6,0.5301227573,0.4698772427,0.00%,,,WINNER,,LOSER,,0.06024551464,LOSER,0,,0.00%,ROUND,WINNER,Taylor Moore - WINNER - Matthieu Pavon
Christiaan Bezuidenhout - LOSER - John Parry,Christiaan Bezuidenhout,John Parry,John Parry - VS - Christiaan Bezuidenhout,BOVADA,0.00,0.00,,,,,0.5203045685,0.4796954315,41.08166667,40.42,81.50166667,0.5040592217,0.4959407783,0.00%,,,WINNER,,LOSER,,0.008118443386,LOSER,0,,0.00%,ROUND,WINNER,Christiaan Bezuidenhout - WINNER - John Parry
Maverick McNealy - LOSER - Chris Kirk,Maverick McNealy,Chris Kirk,Chris Kirk - VS - Maverick McNealy,BOVADA,0.00,0.00,,,,,0.5208602779,0.4791397221,44.815,42.29833333,87.11333333,0.5144447846,0.4855552154,0.00%,,,WINNER,,LOSER,,0.02888956914,LOSER,0,,0.00%,ROUND,WINNER,Maverick McNealy - WINNER - Chris Kirk
Max Homa - LOSER - Billy Horschel,Max Homa,Billy Horschel,Billy Horschel - VS - Max Homa,BOVADA,0.00,0.00,,,,,0.5217391304,0.4782608696,42.85333333,41.305,84.15833333,0.5091989306,0.4908010694,0.00%,,,WINNER,,LOSER,,0.01839786117,LOSER,0,,0.00%,ROUND,WINNER,Max Homa - WINNER - Billy Horschel
Eric Cole - LOSER - Nick Taylor,Eric Cole,Nick Taylor,Nick Taylor - VS - Eric Cole,BOVADA,0.00,0.00,,,,,0.4782608696,0.5217391304,43.53333333,41.82166667,85.355,0.510026751,0.489973249,0.00%,,,WINNER,,LOSER,,0.02005350204,LOSER,0,,0.00%,ROUND,WINNER,Eric Cole - WINNER - Nick Taylor
Aldrich Potgieter - LOSER - Tony Finau,Aldrich Potgieter,Tony Finau,Tony Finau - VS - Aldrich Potgieter,BOVADA,0.00,0.00,,,,,0.5146705928,0.4853294072,39.74333333,38.155,77.89833333,0.5101949122,0.4898050878,0.00%,,,WINNER,,LOSER,,0.02038982434,LOSER,0,,0.00%,ROUND,WINNER,Aldrich Potgieter - WINNER - Tony Finau
Pierceson Coody - LOSER - Ben Kohles,Pierceson Coody,Ben Kohles,Ben Kohles - VS - Pierceson Coody,BOVADA,0.00,0.00,,,,,0.4782608696,0.5217391304,41.47833333,42.53166667,84.01,0.4937309051,0.5062690949,0.00%,,,WINNER,,LOSER,,-0.0125381899,WINNER,1,,0.00%,ROUND,WINNER,Pierceson Coody - WINNER - Ben Kohles
Lee Hodges - LOSER - Emiliano Grillo,Lee Hodges,Emiliano Grillo,Emiliano Grillo - VS - Lee Hodges,BOVADA,0.00,0.00,,,,,0.4782608696,0.5217391304,39.33666667,40.33166667,79.66833333,0.4937553608,0.5062446392,0.00%,,,WINNER,,LOSER,,-0.01248927847,WINNER,1,,0.00%,ROUND,WINNER,Lee Hodges - WINNER - Emiliano Grillo
Marco Penge - LOSER - Kristoffer Ventura,Marco Penge,Kristoffer Ventura,Kristoffer Ventura - VS - Marco Penge,BOVADA,0.00,0.00,,,,,0.5108342362,0.4891657638,44.98333333,44.98333333,89.96666667,0.5,0.5,0.00%,,,WINNER,,LOSER,,0,WINNER,1,,0.00%,ROUND,WINNER,Marco Penge - WINNER - Kristoffer Ventura
Johnny Keefer - LOSER - Mac Meissner,Johnny Keefer,Mac Meissner,Mac Meissner - VS - Johnny Keefer,BOVADA,0.00,0.00,,,,,0.5108342362,0.4891657638,41.755,41.38333333,83.13833333,0.5022352304,0.4977647696,0.00%,,,WINNER,,LOSER,,0.004470460878,LOSER,0,,0.00%,ROUND,WINNER,Johnny Keefer - WINNER - Mac Meissner
Sudarshan Yellamaraju - LOSER - Denny McCarthy,Sudarshan Yellamaraju,Denny McCarthy,Denny McCarthy - VS - Sudarshan Yellamaraju,BOVADA,0.00,0.00,,,,,0.5173641257,0.4826358743,36.68333333,37.44166667,74.125,0.4948847667,0.5051152333,0.00%,,,WINNER,,LOSER,,-0.01023046655,WINNER,1,,0.00%,ROUND,WINNER,Sudarshan Yellamaraju - WINNER - Denny McCarthy
Rasmus Hojgaard - LOSER - Max Greyserman,Rasmus Hojgaard,Max Greyserman,Max Greyserman - VS - Rasmus Hojgaard,BOVADA,0.00,0.00,,,,,0.4801120955,0.5198879045,41.64166667,40.47666667,82.11833333,0.5070934221,0.4929065779,0.00%,,,WINNER,,LOSER,,0.01418684419,LOSER,0,,0.00%,ROUND,WINNER,Rasmus Hojgaard - WINNER - Max Greyserman
Davis Thompson - LOSER - Harry Hall,Davis Thompson,Harry Hall,Harry Hall - VS - Davis Thompson,BOVADA,0.00,0.00,,,,,0.5,0.5,41.78,41.46333333,83.24333333,0.5019020542,0.4980979458,0.00%,,,WINNER,,LOSER,,0.003804108437,LOSER,0,,0.00%,ROUND,WINNER,Davis Thompson - WINNER - Harry Hall
Neal Shipley - LOSER - Matt McCarty,Neal Shipley,Matt McCarty,Matt McCarty - VS - Neal Shipley,BOVADA,0.00,0.00,,,,,0.5217391304,0.4782608696,40.91333333,0,40.91333333,1,0,0.00%,,,WINNER,,LOSER,,1,LOSER,0,,0.00%,ROUND,WINNER,Neal Shipley - WINNER - Matt McCarty
William Mouw - LOSER - Max McGreevy,William Mouw,Max McGreevy,Max McGreevy - VS - William Mouw,BOVADA,0.00,0.00,,,,,0.4794204807,0.5205795193,36.83833333,35.68666667,72.525,0.5079397909,0.4920602091,0.00%,,,WINNER,,LOSER,,0.01587958175,LOSER,0,,0.00%,ROUND,WINNER,William Mouw - WINNER - Max McGreevy
Chandler Phillips - LOSER - Seamus Power,Chandler Phillips,Seamus Power,Seamus Power - VS - Chandler Phillips,BOVADA,0.00,0.00,,,,,0.4956702459,0.5043297541,36.47833333,37.32,73.79833333,0.4942975225,0.5057024775,0.00%,,,WINNER,,LOSER,,-0.01140495494,WINNER,1,,0.00%,ROUND,WINNER,Chandler Phillips - WINNER - Seamus Power
Haotong Li - LOSER - Joel Dahmen,Haotong Li,Joel Dahmen,Joel Dahmen - VS - Haotong Li,BOVADA,0.00,0.00,,,,,0.4935039626,0.5064960374,34.33166667,34.33166667,68.66333333,0.5,0.5,0.00%,,,WINNER,,LOSER,,0,WINNER,1,,0.00%,ROUND,WINNER,Haotong Li - WINNER - Joel Dahmen
Hank Lebioda - LOSER - Matthieu Pavon,Hank Lebioda,Matthieu Pavon,Matthieu Pavon - VS - Hank Lebioda,BOVADA,0.00,0.00,,,,,,,31.485,33.17333333,64.65833333,0.4869441938,0.5130558062,0.00%,,,WINNER,,LOSER,,-0.02611161232,WINNER,1,,0.00%,ROUND,WINNER,Hank Lebioda - WINNER - Matthieu Pavon
Taylor Moore - LOSER - Kevin Roy,Taylor Moore,Kevin Roy,Kevin Roy - VS - Taylor Moore,BOVADA,0.00,0.00,,,,,,,37.42666667,41.215,78.64166667,0.4759139557,0.5240860443,0.00%,,,WINNER,,LOSER,,-0.04817208859,WINNER,1,,0.00%,ROUND,WINNER,Taylor Moore - WINNER - Kevin Roy
Zach Bauchou - LOSER - Christiaan Bezuidenhout,Zach Bauchou,Christiaan Bezuidenhout,Christiaan Bezuidenhout - VS - Zach Bauchou,BOVADA,0.00,0.00,,,,,,,41.08166667,41.08166667,82.16333333,0.5,0.5,0.00%,,,WINNER,,LOSER,,0,WINNER,1,,0.00%,ROUND,WINNER,Zach Bauchou - WINNER - Christiaan Bezuidenhout
Pierceson Coody - LOSER - Tony Finau,Pierceson Coody,Tony Finau,Tony Finau - VS - Pierceson Coody,BOVADA,0.00,0.00,,,,,,,41.47833333,38.155,79.63333333,0.5208664713,0.4791335287,0.00%,,,WINNER,,LOSER,,0.04173294265,LOSER,0,,0.00%,ROUND,WINNER,Pierceson Coody - WINNER - Tony Finau
Ben Kohles - LOSER - Emiliano Grillo,Ben Kohles,Emiliano Grillo,Emiliano Grillo - VS - Ben Kohles,BOVADA,0.00,0.00,,,,,,,42.53166667,40.33166667,82.86333333,0.5132748703,0.4867251297,0.00%,,,WINNER,,LOSER,,0.02654974054,LOSER,0,,0.00%,ROUND,WINNER,Ben Kohles - WINNER - Emiliano Grillo
Johnny Keefer - LOSER - Doug Ghim,Johnny Keefer,Doug Ghim,Doug Ghim - VS - Johnny Keefer,BOVADA,0.00,0.00,,,,,,,41.755,45.57333333,87.32833333,0.4781380613,0.5218619387,0.00%,,,WINNER,,LOSER,,-0.04372387732,WINNER,1,,0.00%,ROUND,WINNER,Johnny Keefer - WINNER - Doug Ghim
Neal Shipley - LOSER - Jackson Suber,Neal Shipley,Jackson Suber,Jackson Suber - VS - Neal Shipley,BOVADA,0.00,0.00,,,,,,,40.91333333,42.70833333,83.62166667,0.4892671357,0.5107328643,0.00%,,,WINNER,,LOSER,,-0.02146572858,WINNER,1,,0.00%,ROUND,WINNER,Neal Shipley - WINNER - Jackson Suber
Ben James - LOSER - Michael Brennan,Ben James,Michael Brennan,Michael Brennan - VS - Ben James,BOVADA,0.00,0.00,,,,,,,44.11,44.11,88.22,0.5,0.5,0.00%,,,WINNER,,LOSER,,0,WINNER,1,,0.00%,ROUND,WINNER,Ben James - WINNER - Michael Brennan
Matt McCarty - LOSER - Kevin Yu,Matt McCarty,Kevin Yu,Kevin Yu - VS - Matt McCarty,BOVADA,0.00,0.00,,,,,,,0,42.54166667,42.54166667,0,1,0.00%,,,WINNER,,LOSER,,-1,WINNER,1,,0.00%,ROUND,WINNER,Matt McCarty - WINNER - Kevin Yu
Garrick Higgo - LOSER - Rico Hoey,Garrick Higgo,Rico Hoey,Rico Hoey - VS - Garrick Higgo,BOVADA,0.00,0.00,,,,,,,33.325,41.72,75.045,0.4440668932,0.5559331068,0.00%,,,WINNER,,LOSER,,-0.1118662136,WINNER,1,,0.00%,ROUND,WINNER,Garrick Higgo - WINNER - Rico Hoey
Harry Hall - LOSER - Max McGreevy,Harry Hall,Max McGreevy,Max McGreevy - VS - Harry Hall,BOVADA,0.00,0.00,,,,,,,41.46333333,35.68666667,77.15,0.5374378916,0.4625621084,0.00%,,,WINNER,,LOSER,,0.07487578311,LOSER,0,,0.00%,ROUND,WINNER,Harry Hall - WINNER - Max McGreevy
David Ford - LOSER - Jesper Svensson,David Ford,Jesper Svensson,Jesper Svensson - VS - David Ford,BOVADA,0.00,0.00,,,,,,,36.44333333,35.69833333,72.14166667,0.5051634515,0.4948365485,0.00%,,,WINNER,,LOSER,,0.01032690308,LOSER,0,,0.00%,ROUND,WINNER,David Ford - WINNER - Jesper Svensson
Christiaan Bezuidenhout - LOSER - Mackenzie Hughes,Christiaan Bezuidenhout,Mackenzie Hughes,Mackenzie Hughes - VS - Christiaan Bezuidenhout,BOVADA,0.00,0.00,,,,,0.5263157895,0.4736842105,41.08166667,40.705,81.78666667,0.5023027388,0.4976972612,0.00%,,,WINNER,,LOSER,,0.004605477665,LOSER,0,,0.00%,ROUND,WINNER,Christiaan Bezuidenhout - WINNER - Mackenzie Hughes
Takumi Kanaya - LOSER - Tony Finau,Takumi Kanaya,Tony Finau,Tony Finau - VS - Takumi Kanaya,BOVADA,0.00,0.00,,,,,0.5,0.5,35.14,38.155,73.295,0.4794324306,0.5205675694,0.00%,,,WINNER,,LOSER,,-0.04113513882,WINNER,1,,0.00%,ROUND,WINNER,Takumi Kanaya - WINNER - Tony Finau
Jackson Koivun - LOSER - Rasmus Hojgaard,Jackson Koivun,Rasmus Hojgaard,Rasmus Hojgaard - VS - Jackson Koivun,BOVADA,0.00,0.00,,,,,0.5273184759,0.4726815241,44.89675439,41.64166667,86.53842105,0.5188071823,0.4811928177,0.00%,,,WINNER,,LOSER,,0.03761436458,LOSER,0,,0.00%,ROUND,WINNER,Jackson Koivun - WINNER - Rasmus Hojgaard
Nick Taylor - LOSER - Billy Horschel,Nick Taylor,Billy Horschel,Billy Horschel - VS - Nick Taylor,BOVADA,0.00,0.00,,,,,0.5,0.5,41.82166667,41.305,83.12666667,0.5031077071,0.4968922929,0.00%,,,WINNER,,LOSER,,0.006215414227,LOSER,0,,0.00%,ROUND,WINNER,Nick Taylor - WINNER - Billy Horschel
Sudarshan Yellamaraju - LOSER - Doug Ghim,Sudarshan Yellamaraju,Doug Ghim,Doug Ghim - VS - Sudarshan Yellamaraju,BOVADA,0.00,0.00,,,,,0.4807692308,0.5192307692,36.68333333,45.57333333,82.25666667,0.4459618268,0.5540381732,0.00%,,,WINNER,,LOSER,,-0.1080763464,WINNER,1,,0.00%,ROUND,WINNER,Sudarshan Yellamaraju - WINNER - Doug Ghim
Max Homa - LOSER - Chris Kirk,Max Homa,Chris Kirk,Chris Kirk - VS - Max Homa,BOVADA,0.00,0.00,,,,,0.5263157895,0.4736842105,42.85333333,42.29833333,85.15166667,0.503258891,0.496741109,0.00%,,,WINNER,,LOSER,,0.006517781997,LOSER,0,,0.00%,ROUND,WINNER,Max Homa - WINNER - Chris Kirk
Doug Ghim - LOSER - Kevin Yu,Doug Ghim,Kevin Yu,Kevin Yu - VS - Doug Ghim,BOVADA,0.00,0.00,,,,,0.5230189732,0.4769810268,45.57333333,42.54166667,88.115,0.5172028977,0.4827971023,0.00%,,,WINNER,,LOSER,,0.03440579546,LOSER,0,,0.00%,ROUND,WINNER,Doug Ghim - WINNER - Kevin Yu
Davis Thompson - LOSER - Matt Wallace,Davis Thompson,Matt Wallace,Matt Wallace - VS - Davis Thompson,BOVADA,0.00,0.00,,,,,0.4709707385,0.5290292615,41.78,43.17,84.95,0.4918187169,0.5081812831,0.00%,,,WINNER,,LOSER,,-0.01636256622,WINNER,1,,0.00%,ROUND,WINNER,Davis Thompson - WINNER - Matt Wallace
Kristoffer Ventura - LOSER - Beau Hossler,Kristoffer Ventura,Beau Hossler,Beau Hossler - VS - Kristoffer Ventura,BOVADA,0.00,0.00,,,,,0.5203045685,0.4796954315,43.22333333,43.22333333,86.44666667,0.5,0.5,0.00%,,,WINNER,,LOSER,,0,WINNER,1,,0.00%,ROUND,WINNER,Kristoffer Ventura - WINNER - Beau Hossler
Steven Fisk - LOSER - Rico Hoey,Steven Fisk,Rico Hoey,Rico Hoey - VS - Steven Fisk,BOVADA,0.00,0.00,,,,,0.4837800576,0.5162199424,37.37166667,41.72,79.09166667,0.4725107997,0.5274892003,0.00%,,,WINNER,,LOSER,,-0.05497840059,WINNER,1,,0.00%,ROUND,WINNER,Steven Fisk - WINNER - Rico Hoey
Kevin Roy - LOSER - Christiaan Bezuidenhout,Kevin Roy,Christiaan Bezuidenhout,Christiaan Bezuidenhout - VS - Kevin Roy,BOVADA,0.00,0.00,,,,,0.5020223265,0.4979776735,41.215,41.08166667,82.29666667,0.5008100774,0.4991899226,0.00%,,,WINNER,,LOSER,,0.001620154725,LOSER,0,,0.00%,ROUND,WINNER,Kevin Roy - WINNER - Christiaan Bezuidenhout
Pierceson Coody - LOSER - Emiliano Grillo,Pierceson Coody,Emiliano Grillo,Emiliano Grillo - VS - Pierceson Coody,BOVADA,0.00,0.00,,,,,0.4776459112,0.5223540888,41.47833333,40.33166667,81.81,0.5070081082,0.4929918918,0.00%,,,WINNER,,LOSER,,0.01401621644,LOSER,0,,0.00%,ROUND,WINNER,Pierceson Coody - WINNER - Emiliano Grillo
William Mouw - LOSER - Seamus Power,William Mouw,Seamus Power,Seamus Power - VS - William Mouw,BOVADA,0.00,0.00,,,,,0.5223540888,0.4776459112,36.83833333,37.32,74.15833333,0.4967524441,0.5032475559,0.00%,,,WINNER,,LOSER,,-0.00649511181,WINNER,1,,0.00%,ROUND,WINNER,William Mouw - WINNER - Seamus Power
Takumi Kanaya - LOSER - Max Homa,Takumi Kanaya,Max Homa,Max Homa - VS - Takumi Kanaya,BOVADA,0.00,0.00,,,,,0.4959548562,0.5040451438,35.14,42.85333333,77.99333333,0.4505513292,0.5494486708,0.00%,,,WINNER,,LOSER,,-0.09889734165,WINNER,1,,0.00%,ROUND,WINNER,Takumi Kanaya - WINNER - Max Homa
Davis Chatfield - LOSER - Chad Ramey,Davis Chatfield,Chad Ramey,Chad Ramey - VS - Davis Chatfield,BOVADA,0.00,0.00,,,,,0.4939310568,0.5060689432,35.55833333,35.85,71.40833333,0.4979577547,0.5020422453,0.00%,,,WINNER,,LOSER,,-0.004084490606,WINNER,1,,0.00%,ROUND,WINNER,Davis Chatfield - WINNER - Chad Ramey
Stephan Jaeger - LOSER - Mark Hubbard,Stephan Jaeger,Mark Hubbard,Mark Hubbard - VS - Stephan Jaeger,BOVADA,0.00,0.00,,,,,0.5298044826,0.4701955174,40.02833333,33.04833333,73.07666667,0.5477580623,0.4522419377,0.00%,,,WINNER,,LOSER,,0.09551612462,LOSER,0,,0.00%,ROUND,WINNER,Stephan Jaeger - WINNER - Mark Hubbard
Paul Peterson - LOSER - Haotong Li,Paul Peterson,Haotong Li,Haotong Li - VS - Paul Peterson,BOVADA,0.00,0.00,,,,,0.4697958197,0.5302041803,31.175,31.175,62.35,0.5,0.5,0.00%,,,WINNER,,LOSER,,0,WINNER,1,,0.00%,ROUND,WINNER,Paul Peterson - WINNER - Haotong Li
Taylor Moore - LOSER - Hank Lebioda,Taylor Moore,Hank Lebioda,Hank Lebioda - VS - Taylor Moore,BOVADA,0.00,0.00,,,,,0.5268817204,0.4731182796,37.42666667,31.485,68.91166667,0.5431107456,0.4568892544,0.00%,,,WINNER,,LOSER,,0.08622149128,LOSER,0,,0.00%,ROUND,WINNER,Taylor Moore - WINNER - Hank Lebioda
Michael Brennan - LOSER - Mac Meissner,Michael Brennan,Mac Meissner,Mac Meissner - VS - Michael Brennan,BOVADA,0.00,0.00,,,,,0.5290292615,0.4709707385,44.11,41.38333333,85.49333333,0.5159466625,0.4840533375,0.00%,,,WINNER,,LOSER,,0.03189332502,LOSER,0,,0.00%,ROUND,WINNER,Michael Brennan - WINNER - Mac Meissner
Johnny Keefer - LOSER - Jackson Suber,Johnny Keefer,Jackson Suber,Jackson Suber - VS - Johnny Keefer,BOVADA,0.00,0.00,,,,,0.5162199424,0.4837800576,41.755,42.70833333,84.46333333,0.4943565255,0.5056434745,0.00%,,,WINNER,,LOSER,,-0.01128694897,WINNER,1,,0.00%,ROUND,WINNER,Johnny Keefer - WINNER - Jackson Suber
Jordan Smith - LOSER - Mackenzie Hughes,Jordan Smith,Mackenzie Hughes,Mackenzie Hughes - VS - Jordan Smith,BOVADA,0.00,0.00,,,,,0.5219466078,0.4780533922,40.705,40.705,81.41,0.5,0.5,0.00%,,,WINNER,,LOSER,,0,WINNER,1,,0.00%,ROUND,WINNER,Jordan Smith - WINNER - Mackenzie Hughes
John Parry - LOSER - Chris Kirk,John Parry,Chris Kirk,Chris Kirk - VS - John Parry,BOVADA,0.00,0.00,,,,,0.4837800576,0.5162199424,40.42,42.29833333,82.71833333,0.488646209,0.511353791,0.00%,,,WINNER,,LOSER,,-0.02270758195,WINNER,1,,0.00%,ROUND,WINNER,John Parry - WINNER - Chris Kirk
Marco Penge - LOSER - Ben Kohles,Marco Penge,Ben Kohles,Ben Kohles - VS - Marco Penge,BOVADA,0.00,0.00,,,,,0.4817399773,0.5182600227,44.98333333,42.53166667,87.515,0.5140071226,0.4859928774,0.00%,,,WINNER,,LOSER,,0.02801424518,LOSER,0,,0.00%,ROUND,WINNER,Marco Penge - WINNER - Ben Kohles
Lee Hodges - LOSER - Austin Smotherman,Lee Hodges,Austin Smotherman,Austin Smotherman - VS - Lee Hodges,BOVADA,0.00,0.00,,,,,0.4898785425,0.5101214575,39.33666667,37.10166667,76.43833333,0.514619628,0.485380372,0.00%,,,WINNER,,LOSER,,0.02923925605,LOSER,0,,0.00%,ROUND,WINNER,Lee Hodges - WINNER - Austin Smotherman
Trace Crowe - LOSER - Chandler Phillips,Trace Crowe,Chandler Phillips,Chandler Phillips - VS - Trace Crowe,BOVADA,0.00,0.00,,,,,0.4724305249,0.5275694751,35.26166667,36.47833333,71.74,0.4915203048,0.5084796952,0.00%,,,WINNER,,LOSER,,-0.01695939039,WINNER,1,,0.00%,ROUND,WINNER,Trace Crowe - WINNER - Chandler Phillips
Sudarshan Yellamaraju - LOSER - Max Greyserman,Sudarshan Yellamaraju,Max Greyserman,Max Greyserman - VS - Sudarshan Yellamaraju,BOVADA,0.00,0.00,,,,,0.5238095238,0.4761904762,36.68333333,40.47666667,77.16,0.4754190427,0.5245809573,0.00%,,,WINNER,,LOSER,,-0.04916191464,WINNER,1,,0.00%,ROUND,WINNER,Sudarshan Yellamaraju - WINNER - Max Greyserman
Matthieu Pavon - LOSER - Billy Horschel,Matthieu Pavon,Billy Horschel,Billy Horschel - VS - Matthieu Pavon,BOVADA,0.00,0.00,,,,,0.5040451438,0.4959548562,33.17333333,41.305,74.47833333,0.4454091794,0.5545908206,0.00%,,,WINNER,,LOSER,,-0.1091816412,WINNER,1,,0.00%,ROUND,WINNER,Matthieu Pavon - WINNER - Billy Horschel
David Ford - LOSER - Patrick Fishburn,David Ford,Patrick Fishburn,Patrick Fishburn - VS - David Ford,BOVADA,0.00,0.00,,,,,0.5275694751,0.4724305249,36.44333333,35.695,72.13833333,0.5051867939,0.4948132061,0.00%,,,WINNER,,LOSER,,0.01037358778,LOSER,0,,0.00%,ROUND,WINNER,David Ford - WINNER - Patrick Fishburn
Gordon Sargent - LOSER - Zecheng Dou,Gordon Sargent,Zecheng Dou,Zecheng Dou - VS - Gordon Sargent,BOVADA,0.00,0.00,,,,,0.4756208555,0.5243791445,37.21166667,39.76333333,76.975,0.4834253546,0.5165746454,0.00%,,,WINNER,,LOSER,,-0.0331492909,WINNER,1,,0.00%,ROUND,WINNER,Gordon Sargent - WINNER - Zecheng Dou
Joe Highsmith - LOSER - Andrew Putnam,Joe Highsmith,Andrew Putnam,Andrew Putnam - VS - Joe Highsmith,BOVADA,0.00,0.00,,,,,0.4771572922,0.5228427078,30.33,34.53833333,64.86833333,0.4675624984,0.5324375016,0.00%,,,WINNER,,LOSER,,-0.06487500321,WINNER,1,,0.00%,ROUND,WINNER,Joe Highsmith - WINNER - Andrew Putnam
Zac Blair - LOSER - Joel Dahmen,Zac Blair,Joel Dahmen,Joel Dahmen - VS - Zac Blair,BOVADA,0.00,0.00,,,,,0.4837800576,0.5162199424,35.95833333,34.33166667,70.29,0.5115711102,0.4884288898,0.00%,,,WINNER,,LOSER,,0.02314222033,LOSER,0,,0.00%,ROUND,WINNER,Zac Blair - WINNER - Joel Dahmen
Zach Bauchou - LOSER - Jordan Smith,Zach Bauchou,Jordan Smith,Jordan Smith - VS - Zach Bauchou,BOVADA,0.00,0.00,,,,,0.4759152216,0.5240847784,,,0,0,0,0.00%,,,WINNER,,LOSER,,0,WINNER,1,,0.00%,ROUND,WINNER,Zach Bauchou - WINNER - Jordan Smith
Kevin Roy - LOSER - Nick Taylor,Kevin Roy,Nick Taylor,Nick Taylor - VS - Kevin Roy,BOVADA,0.00,0.00,,,,,0.4939310568,0.5060689432,41.215,41.82166667,83.03666667,0.4963469953,0.5036530047,0.00%,,,WINNER,,LOSER,,-0.007306009393,WINNER,1,,0.00%,ROUND,WINNER,Kevin Roy - WINNER - Nick Taylor
Eric Cole - LOSER - Emiliano Grillo,Eric Cole,Emiliano Grillo,Emiliano Grillo - VS - Eric Cole,BOVADA,0.00,0.00,,,,,0.5223540888,0.4776459112,43.53333333,40.33166667,83.865,0.5190882172,0.4809117828,0.00%,,,WINNER,,LOSER,,0.03817643435,LOSER,0,,0.00%,ROUND,WINNER,Eric Cole - WINNER - Emiliano Grillo
Pierceson Coody - LOSER - Kristoffer Ventura,Pierceson Coody,Kristoffer Ventura,Kristoffer Ventura - VS - Pierceson Coody,BOVADA,0.00,0.00,,,,,0.4989820847,0.5010179153,41.47833333,41.47833333,82.95666667,0.5,0.5,0.00%,,,WINNER,,LOSER,,0,WINNER,1,,0.00%,ROUND,WINNER,Pierceson Coody - WINNER - Kristoffer Ventura
Johnny Keefer - LOSER - Matt McCarty,Johnny Keefer,Matt McCarty,Matt McCarty - VS - Johnny Keefer,BOVADA,0.00,0.00,,,,,0.5101214575,0.4898785425,41.755,0,41.755,1,0,0.00%,,,WINNER,,LOSER,,1,LOSER,0,,0.00%,ROUND,WINNER,Johnny Keefer - WINNER - Matt McCarty
Ben James - LOSER - Doug Ghim,Ben James,Doug Ghim,Doug Ghim - VS - Ben James,BOVADA,0.00,0.00,,,,,0.5123152709,0.4876847291,45.57333333,45.57333333,91.14666667,0.5,0.5,0.00%,,,WINNER,,LOSER,,0,WINNER,1,,0.00%,ROUND,WINNER,Ben James - WINNER - Doug Ghim
Jackson Suber - LOSER - Kevin Yu,Jackson Suber,Kevin Yu,Kevin Yu - VS - Jackson Suber,BOVADA,0.00,0.00,,,,,0.5060689432,0.4939310568,42.70833333,42.54166667,85.25,0.5009775171,0.4990224829,0.00%,,,WINNER,,LOSER,,0.001955034213,LOSER,0,,0.00%,ROUND,WINNER,Jackson Suber - WINNER - Kevin Yu
Michael Brennan - LOSER - Stephan Jaeger,Michael Brennan,Stephan Jaeger,Stephan Jaeger - VS - Michael Brennan,BOVADA,0.00,0.00,,,,,0.5286885246,0.4713114754,44.11,40.02833333,84.13833333,0.52425569,0.47574431,0.00%,,,WINNER,,LOSER,,0.04851138007,LOSER,0,,0.00%,ROUND,WINNER,Michael Brennan - WINNER - Stephan Jaeger
David Ford - LOSER - Max McGreevy,David Ford,Max McGreevy,Max McGreevy - VS - David Ford,BOVADA,0.00,0.00,,,,,0.4959002952,0.5040997048,36.44333333,35.68666667,72.13,0.5052451592,0.4947548408,0.00%,,,WINNER,,LOSER,,0.01049031841,LOSER,0,,0.00%,ROUND,WINNER,David Ford - WINNER - Max McGreevy
  - LOSER -  , , ,  - VS -  ,BOVADA,0.00,0.00,,,,,,,,,0,0,0,0.00%,,,WINNER,,LOSER,,0,WINNER,1,,0.00%,ROUND,WINNER,  - WINNER -  
  - LOSER -  , , ,  - VS -  ,BOVADA,0.00,0.00,,,,,,,,,0,0,0,0.00%,,,WINNER,,LOSER,,0,WINNER,1,,0.00%,ROUND,WINNER,  - WINNER -  
  - LOSER -  , , ,  - VS -  ,BOVADA,0.00,0.00,,,,,,,,,0,0,0,0.00%,,,WINNER,,LOSER,,0,WINNER,1,,0.00%,ROUND,WINNER,  - WINNER -  
  - LOSER -  , , ,  - VS -  ,BOVADA,0.00,0.00,,,,,,,,,0,0,0,0.00%,,,WINNER,,LOSER,,0,WINNER,1,,0.00%,ROUND,WINNER,  - WINNER -  
  - LOSER -  , , ,  - VS -  ,BOVADA,0.00,0.00,,,,,,,,,0,0,0,0.00%,,,WINNER,,LOSER,,0,WINNER,1,,0.00%,ROUND,WINNER,  - WINNER -  
  - LOSER -  , , ,  - VS -  ,BOVADA,0.00,0.00,,,,,,,,,0,0,0,0.00%,,,WINNER,,LOSER,,0,WINNER,1,,0.00%,ROUND,WINNER,  - WINNER -  
  - LOSER -  , , ,  - VS -  ,BOVADA,0.00,0.00,,,,,,,,,0,0,0,0.00%,,,WINNER,,LOSER,,0,WINNER,1,,0.00%,ROUND,WINNER,  - WINNER -  
  - LOSER -  , , ,  - VS -  ,BOVADA,0.00,0.00,,,,,,,,,0,0,0,0.00%,,,WINNER,,LOSER,,0,WINNER,1,,0.00%,ROUND,WINNER,  - WINNER -  
  - LOSER -  , , ,  - VS -  ,BOVADA,0.00,0.00,,,,,,,,,0,0,0,0.00%,,,WINNER,,LOSER,,0,WINNER,1,,0.00%,ROUND,WINNER,  - WINNER -  
  - LOSER -  , , ,  - VS -  ,BOVADA,0.00,0.00,,,,,,,,,0,0,0,0.00%,,,WINNER,,LOSER,,0,WINNER,1,,0.00%,ROUND,WINNER,  - WINNER -  
  - LOSER -  , , ,  - VS -  ,BOVADA,0.00,0.00,,,,,,,,,0,0,0,0.00%,,,WINNER,,LOSER,,0,WINNER,1,,0.00%,ROUND,WINNER,  - WINNER -  
  - LOSER -  , , ,  - VS -  ,BOVADA,0.00,0.00,,,,,,,,,0,0,0,0.00%,,,WINNER,,LOSER,,0,WINNER,1,,0.00%,ROUND,WINNER,  - WINNER -  
  - LOSER -  , , ,  - VS -  ,BOVADA,0.00,0.00,,,,,,,,,0,0,0,0.00%,,,WINNER,,LOSER,,0,WINNER,1,,0.00%,ROUND,WINNER,  - WINNER -  
  - LOSER -  , , ,  - VS -  ,BOVADA,0.00,0.00,,,,,,,,,0,0,0,0.00%,,,WINNER,,LOSER,,0,WINNER,1,,0.00%,ROUND,WINNER,  - WINNER -  
  - LOSER -  , , ,  - VS -  ,BOVADA,0.00,0.00,,,,,,,,,0,0,0,0.00%,,,WINNER,,LOSER,,0,WINNER,1,,0.00%,ROUND,WINNER,  - WINNER -  
  - LOSER -  , , ,  - VS -  ,BOVADA,0.00,0.00,,,,,,,,,0,0,0,0.00%,,,WINNER,,LOSER,,0,WINNER,1,,0.00%,ROUND,WINNER,  - WINNER -  
  - LOSER -  , , ,  - VS -  ,BOVADA,0.00,0.00,,,,,,,,,0,0,0,0.00%,,,WINNER,,LOSER,,0,WINNER,1,,0.00%,ROUND,WINNER,  - WINNER -  
  - LOSER -  , , ,  - VS -  ,BOVADA,0.00,0.00,,,,,,,,,0,0,0,0.00%,,,WINNER,,LOSER,,0,WINNER,1,,0.00%,ROUND,WINNER,  - WINNER -  
  - LOSER -  , , ,  - VS -  ,BOVADA,0.00,0.00,,,,,,,,,0,0,0,0.00%,,,WINNER,,LOSER,,0,WINNER,1,,0.00%,ROUND,WINNER,  - WINNER -  
  - LOSER -  , , ,  - VS -  ,BOVADA,0.00,0.00,,,,,,,,,0,0,0,0.00%,,,WINNER,,LOSER,,0,WINNER,1,,0.00%,ROUND,WINNER,  - WINNER -  
  - LOSER -  , , ,  - VS -  ,BOVADA,0.00,0.00,,,,,,,,,0,0,0,0.00%,,,WINNER,,LOSER,,0,WINNER,1,,0.00%,ROUND,WINNER,  - WINNER -  
  - LOSER -  , , ,  - VS -  ,BOVADA,0.00,0.00,,,,,,,,,0,0,0,0.00%,,,WINNER,,LOSER,,0,WINNER,1,,0.00%,ROUND,WINNER,  - WINNER -  
  - LOSER -  , , ,  - VS -  ,BOVADA,0.00,0.00,,,,,,,,,0,0,0,0.00%,,,WINNER,,LOSER,,0,WINNER,1,,0.00%,ROUND,WINNER,  - WINNER -  
  - LOSER -  , , ,  - VS -  ,BOVADA,0.00,0.00,,,,,,,,,0,0,0,0.00%,,,WINNER,,LOSER,,0,WINNER,1,,0.00%,ROUND,WINNER,  - WINNER -  
  - LOSER -  , , ,  - VS -  ,BOVADA,0.00,0.00,,,,,,,,,0,0,0,0.00%,,,WINNER,,LOSER,,0,WINNER,1,,0.00%,ROUND,WINNER,  - WINNER -  
  - LOSER -  , , ,  - VS -  ,BOVADA,0.00,0.00,,,,,,,,,0,0,0,0.00%,,,WINNER,,LOSER,,0,WINNER,1,,0.00%,ROUND,WINNER,  - WINNER -  
  - LOSER -  , , ,  - VS -  ,BOVADA,0.00,0.00,,,,,,,,,0,0,0,0.00%,,,WINNER,,LOSER,,0,WINNER,1,,0.00%,ROUND,WINNER,  - WINNER -  
  - LOSER -  , , ,  - VS -  ,BOVADA,0.00,0.00,,,,,,,,,0,0,0,0.00%,,,WINNER,,LOSER,,0,WINNER,1,,0.00%,ROUND,WINNER,  - WINNER -  
  - LOSER -  , , ,  - VS -  ,BOVADA,0.00,0.00,,,,,,,,,0,0,0,0.00%,,,WINNER,,LOSER,,0,WINNER,1,,0.00%,ROUND,WINNER,  - WINNER -  
  - LOSER -  , , ,  - VS -  ,BOVADA,0.00,0.00,,,,,,,,,0,0,0,0.00%,,,WINNER,,LOSER,,0,WINNER,1,,0.00%,ROUND,WINNER,  - WINNER -  
  - LOSER -  , , ,  - VS -  ,BOVADA,0.00,0.00,,,,,,,,,0,0,0,0.00%,,,WINNER,,LOSER,,0,WINNER,1,,0.00%,ROUND,WINNER,  - WINNER -  
  - LOSER -  , , ,  - VS -  ,BOVADA,0.00,0.00,,,,,,,,,0,0,0,0.00%,,,WINNER,,LOSER,,0,WINNER,1,,0.00%,ROUND,WINNER,  - WINNER -  
 - LOSER - ,,,,BOVADA,,,,,,,,,,,0,0,0,0.00%,,,WINNER,,LOSER,,0,WINNER,1,,0.00%,ROUND,WINNER, - WINNER - 
 - LOSER - ,,,,BOVADA,,,,,,,,,,,0,0,0,0.00%,,,WINNER,,LOSER,,0,WINNER,1,,0.00%,ROUND,WINNER, - WINNER - 
 - LOSER - ,,,,BOVADA,,,,,,,,,,,0,0,0,0.00%,,,WINNER,,LOSER,,0,WINNER,1,,0.00%,ROUND,WINNER, - WINNER - 
 - LOSER - ,,,,BOVADA,,,,,,,,,,,0,0,0,0.00%,,,WINNER,,LOSER,,0,WINNER,1,,0.00%,ROUND,WINNER, - WINNER - 
 - LOSER - ,,,,BOVADA,,,,,,,,,,,0,0,0,0.00%,,,WINNER,,LOSER,,0,WINNER,1,,0.00%,ROUND,WINNER, - WINNER - 
 - LOSER - ,,,,BOVADA,,,,,,,,,,,0,0,0,0.00%,,,WINNER,,LOSER,,0,WINNER,1,,0.00%,ROUND,WINNER, - WINNER - 
 - LOSER - ,,,,BOVADA,,,,,,,,,,,0,0,0,0.00%,,,WINNER,,LOSER,,0,WINNER,1,,0.00%,ROUND,WINNER, - WINNER - 
 - LOSER - ,,,,BOVADA,,,,,,,,,,,0,0,0,0.00%,,,WINNER,,LOSER,,0,WINNER,1,,0.00%,ROUND,WINNER, - WINNER - 
 - LOSER - ,,,,BOVADA,,,,,,,,,,,0,0,0,0.00%,,,WINNER,,LOSER,,0,WINNER,1,,0.00%,ROUND,WINNER, - WINNER - 
 - LOSER - ,,,,BOVADA,,,,,,,,,,,0,0,0,0.00%,,,WINNER,,LOSER,,0,WINNER,1,,0.00%,ROUND,WINNER, - WINNER - 
 - LOSER - ,,,,BOVADA,,,,,,,,,,,0,0,0,0.00%,,,WINNER,,LOSER,,0,WINNER,1,,0.00%,ROUND,WINNER, - WINNER - 
 - LOSER - ,,,,BOVADA,,,,,,,,,,,0,0,0,0.00%,,,WINNER,,LOSER,,0,WINNER,1,,0.00%,ROUND,WINNER, - WINNER - 
 - LOSER - ,,,,BOVADA,,,,,,,,,,,0,0,0,0.00%,,,WINNER,,LOSER,,0,WINNER,1,,0.00%,ROUND,WINNER, - WINNER - 
 - LOSER - ,,,,BOVADA,,,,,,,,,,,0,0,0,0.00%,,,WINNER,,LOSER,,0,WINNER,1,,0.00%,ROUND,WINNER, - WINNER - 
 - LOSER - ,,,,BOVADA,,,,,,,,,,,0,0,0,0.00%,,,WINNER,,LOSER,,0,WINNER,1,,0.00%,ROUND,WINNER, - WINNER - 
 - LOSER - ,,,,BOVADA,,,,,,,,,,,0,0,0,0.00%,,,WINNER,,LOSER,,0,WINNER,1,,0.00%,ROUND,WINNER, - WINNER - 
 - LOSER - ,,,,BOVADA,,,,,,,,,,,0,0,0,0.00%,,,WINNER,,LOSER,,0,WINNER,1,,0.00%,ROUND,WINNER, - WINNER - 
 - LOSER - ,,,,BOVADA,,,,,,,,,,,0,0,0,0.00%,,,WINNER,,LOSER,,0,WINNER,1,,0.00%,ROUND,WINNER, - WINNER - 
 - LOSER - ,,,,BOVADA,,,,,,,,,,,0,0,0,0.00%,,,WINNER,,LOSER,,0,WINNER,1,,0.00%,ROUND,WINNER, - WINNER - 
 - LOSER - ,,,,BOVADA,,,,,,,0.5174283501,0.4825716499,,,0,0,0,0.00%,,,WINNER,,LOSER,,0,WINNER,1,,0.00%,ROUND,WINNER, - WINNER - 
 - LOSER - ,,,,BOVADA,,,,,,,0.4777898158,0.5222101842,,,0,0,0,0.00%,,,WINNER,,LOSER,,0,WINNER,1,,0.00%,ROUND,WINNER, - WINNER - 
 - LOSER - ,,,,BOVADA,,,,,,,0.5,0.5,,,0,0,0,0.00%,,,WINNER,,LOSER,,0,WINNER,1,,0.00%,ROUND,WINNER, - WINNER - 
 - LOSER - ,,,,BOVADA,,,,,,,0.5297741273,0.4702258727,,,0,0,0,0.00%,,,WINNER,,LOSER,,0,WINNER,1,,0.00%,ROUND,WINNER, - WINNER - 
 - LOSER - ,,,,BOVADA,,,,,,,0.5188159706,0.4811840294,,,0,0,0,0.00%,,,WINNER,,LOSER,,0,WINNER,1,,0.00%,ROUND,WINNER, - WINNER - 
 - LOSER - ,,,,BOVADA,,,,,,,0.499460742,0.500539258,,,0,0,0,0.00%,,,WINNER,,LOSER,,0,WINNER,1,,0.00%,ROUND,WINNER, - WINNER - 
 - LOSER - ,,,,BOVADA,,,,,,,0.5088654332,0.4911345668,,,0,0,0,0.00%,,,WINNER,,LOSER,,0,WINNER,1,,0.00%,ROUND,WINNER, - WINNER - 
 - LOSER - ,,,,BOVADA,,,,,,,0.520661157,0.479338843,,,0,0,0,0.00%,,,WINNER,,LOSER,,0,WINNER,1,,0.00%,ROUND,WINNER, - WINNER - 
 - LOSER - ,,,,BOVADA,,,,,,,0.4806629834,0.5193370166,,,0,0,0,0.00%,,,WINNER,,LOSER,,0,WINNER,1,,0.00%,ROUND,WINNER, - WINNER - 
 - LOSER - ,,,,BOVADA,,,,,,,0.5,0.5,,,0,0,0,0.00%,,,WINNER,,LOSER,,0,WINNER,1,,0.00%,ROUND,WINNER, - WINNER - 
 - LOSER - ,,,,BOVADA,,,,,,,0.5217391304,0.4782608696,,,0,0,0,0.00%,,,WINNER,,LOSER,,0,WINNER,1,,0.00%,ROUND,WINNER, - WINNER - 
 - LOSER - ,,,,BOVADA,,,,,,,0.5,0.5,,,0,0,0,0.00%,,,WINNER,,LOSER,,0,WINNER,1,,0.00%,ROUND,WINNER, - WINNER - 
 - LOSER - ,,,,BOVADA,,,,,,,0.5203045685,0.4796954315,,,0,0,0,0.00%,,,WINNER,,LOSER,,0,WINNER,1,,0.00%,ROUND,WINNER, - WINNER - 
 - LOSER - ,,,,BOVADA,,,,,,,0.5208602779,0.4791397221,,,0,0,0,0.00%,,,WINNER,,LOSER,,0,WINNER,1,,0.00%,ROUND,WINNER, - WINNER - 
 - LOSER - ,,,,BOVADA,,,,,,,0.5217391304,0.4782608696,,,0,0,0,0.00%,,,WINNER,,LOSER,,0,WINNER,1,,0.00%,ROUND,WINNER, - WINNER - 
 - LOSER - ,,,,BOVADA,,,,,,,0.4782608696,0.5217391304,,,0,0,0,0.00%,,,WINNER,,LOSER,,0,WINNER,1,,0.00%,ROUND,WINNER, - WINNER - 
 - LOSER - ,,,,BOVADA,,,,,,,0.5174283501,0.4825716499,,,0,0,0,0.00%,,,WINNER,,LOSER,,0,WINNER,1,,0.00%,ROUND,WINNER, - WINNER - 
 - LOSER - ,,,,BOVADA,,,,,,,0.4777898158,0.5222101842,,,0,0,0,0.00%,,,WINNER,,LOSER,,0,WINNER,1,,0.00%,ROUND,WINNER, - WINNER - 
 - LOSER - ,,,,BOVADA,,,,,,,0.5,0.5,,,0,0,0,0.00%,,,WINNER,,LOSER,,0,WINNER,1,,0.00%,ROUND,WINNER, - WINNER - 
 - LOSER - ,,,,BOVADA,,,,,,,0.5297741273,0.4702258727,,,0,0,0,0.00%,,,WINNER,,LOSER,,0,WINNER,1,,0.00%,ROUND,WINNER, - WINNER - 
 - LOSER - ,,,,BOVADA,,,,,,,0.5188159706,0.4811840294,,,0,0,0,0.00%,,,WINNER,,LOSER,,0,WINNER,1,,0.00%,ROUND,WINNER, - WINNER - 
 - LOSER - ,,,,BOVADA,,,,,,,0.499460742,0.500539258,,,0,0,0,0.00%,,,WINNER,,LOSER,,0,WINNER,1,,0.00%,ROUND,WINNER, - WINNER - 
 - LOSER - ,,,,BOVADA,,,,,,,0.5088654332,0.4911345668,,,0,0,0,0.00%,,,WINNER,,LOSER,,0,WINNER,1,,0.00%,ROUND,WINNER, - WINNER - 
 - LOSER - ,,,,BOVADA,,,,,,,0.520661157,0.479338843,,,0,0,0,0.00%,,,WINNER,,LOSER,,0,WINNER,1,,0.00%,ROUND,WINNER, - WINNER - 
 - LOSER - ,,,,BOVADA,,,,,,,0.4806629834,0.5193370166,,,0,0,0,0.00%,,,WINNER,,LOSER,,0,WINNER,1,,0.00%,ROUND,WINNER, - WINNER - 
 - LOSER - ,,,,BOVADA,,,,,,,0.5,0.5,,,0,0,0,0.00%,,,WINNER,,LOSER,,0,WINNER,1,,0.00%,ROUND,WINNER, - WINNER - 
 - LOSER - ,,,,BOVADA,,,,,,,0.5217391304,0.4782608696,,,0,0,0,0.00%,,,WINNER,,LOSER,,0,WINNER,1,,0.00%,ROUND,WINNER, - WINNER - 
 - LOSER - ,,,,BOVADA,,,,,,,0.5,0.5,,,0,0,0,0.00%,,,WINNER,,LOSER,,0,WINNER,1,,0.00%,ROUND,WINNER, - WINNER - 
 - LOSER - ,,,,BOVADA,,,,,,,0.5203045685,0.4796954315,,,0,0,0,0.00%,,,WINNER,,LOSER,,0,WINNER,1,,0.00%,ROUND,WINNER, - WINNER - 
 - LOSER - ,,,,BOVADA,,,,,,,0.5208602779,0.4791397221,,,0,0,0,0.00%,,,WINNER,,LOSER,,0,WINNER,1,,0.00%,ROUND,WINNER, - WINNER - 
 - LOSER - ,,,,BOVADA,,,,,,,0.5217391304,0.4782608696,,,0,0,0,0.00%,,,WINNER,,LOSER,,0,WINNER,1,,0.00%,ROUND,WINNER, - WINNER - 
 - LOSER - ,,,,BOVADA,,,,,,,0.4782608696,0.5217391304,,,0,0,0,0.00%,,,WINNER,,LOSER,,0,WINNER,1,,0.00%,ROUND,WINNER, - WINNER - 
,,,,,,,,,,,0.5146705928,0.4853294072,,,,0,0,0.00%,,,WINNER,,LOSER,,0,WINNER,1,,0.00%,ROUND,,
Johnny Keefer - LOSER - David Lipsky,Johnny Keefer,David Lipsky,David Lipsky - VS - Johnny Keefer,CASESARS,0.00,0.00,,,,,0.5174283501,0.4825716499,41.755,31.82,73.575,0.56751614,0.43248386,0.00%,,,WINNER,,LOSER,,0.13503228,LOSER,0,,0.00%,ROUND,WINNER,Johnny Keefer - WINNER - David Lipsky
Jackson Suber - LOSER - Doug Ghim,Jackson Suber,Doug Ghim,Doug Ghim - VS - Jackson Suber,CASESARS,0.00,0.00,,,,,0.4777898158,0.5222101842,42.70833333,45.57333333,88.28166667,0.4837735279,0.5162264721,0.00%,,,WINNER,,LOSER,,-0.03245294417,WINNER,1,,0.00%,ROUND,WINNER,Jackson Suber - WINNER - Doug Ghim
Denny McCarthy - LOSER - Patrick Rodgers,Denny McCarthy,Patrick Rodgers,Patrick Rodgers - VS - Denny McCarthy,CASESARS,0.00,0.00,,,,,0.5,0.5,37.44166667,36.56666667,74.00833333,0.5059114965,0.4940885035,0.00%,,,WINNER,,LOSER,,0.01182299291,LOSER,0,,0.00%,ROUND,WINNER,Denny McCarthy - WINNER - Patrick Rodgers
Jackson Koivun - LOSER - Ben James,Jackson Koivun,Ben James,Ben James - VS - Jackson Koivun,CASESARS,0.00,0.00,,,,,0.5297741273,0.4702258727,44.89675439,44.89675439,89.79350877,0.5,0.5,0.00%,,,WINNER,,LOSER,,0,WINNER,1,,0.00%,ROUND,WINNER,Jackson Koivun - WINNER - Ben James
Michael Brennan - LOSER - Kevin Yu,Michael Brennan,Kevin Yu,Kevin Yu - VS - Michael Brennan,CASESARS,0.00,0.00,,,,,0.5188159706,0.4811840294,44.11,42.54166667,86.65166667,0.5090496432,0.4909503568,0.00%,,,WINNER,,LOSER,,0.01809928641,LOSER,0,,0.00%,ROUND,WINNER,Michael Brennan - WINNER - Kevin Yu
Steven Fisk - LOSER - Stephan Jaeger,Steven Fisk,Stephan Jaeger,Stephan Jaeger - VS - Steven Fisk,CASESARS,0.00,0.00,,,,,0.499460742,0.500539258,37.37166667,40.02833333,77.4,0.4828380706,0.5171619294,0.00%,,,WINNER,,LOSER,,-0.03432385874,WINNER,1,,0.00%,ROUND,WINNER,Steven Fisk - WINNER - Stephan Jaeger
Neal Shipley - LOSER - Harry Hall,Neal Shipley,Harry Hall,Harry Hall - VS - Neal Shipley,CASESARS,0.00,0.00,,,,,0.5088654332,0.4911345668,40.91333333,41.46333333,82.37666667,0.496661676,0.503338324,0.00%,,,WINNER,,LOSER,,-0.006676647918,WINNER,1,,0.00%,ROUND,WINNER,Neal Shipley - WINNER - Harry Hall
Matt McCarty - LOSER - Zac Blair,Matt McCarty,Zac Blair,Zac Blair - VS - Matt McCarty,CASESARS,0.00,0.00,,,,,0.520661157,0.479338843,0,35.95833333,35.95833333,0,1,0.00%,,,WINNER,,LOSER,,-1,WINNER,1,,0.00%,ROUND,WINNER,Matt McCarty - WINNER - Zac Blair
Rico Hoey - LOSER - Matt Wallace,Rico Hoey,Matt Wallace,Matt Wallace - VS - Rico Hoey,CASESARS,0.00,0.00,,,,,0.4806629834,0.5193370166,41.72,43.17,84.89,0.4914595359,0.5085404641,0.00%,,,WINNER,,LOSER,,-0.01708092826,WINNER,1,,0.00%,ROUND,WINNER,Rico Hoey - WINNER - Matt Wallace
Trace Crowe - LOSER - Patrick Fishburn,Trace Crowe,Patrick Fishburn,Patrick Fishburn - VS - Trace Crowe,CASESARS,0.00,0.00,,,,,0.5,0.5,35.26166667,35.695,70.95666667,0.4969464932,0.5030535068,0.00%,,,WINNER,,LOSER,,-0.00610701367,WINNER,1,,0.00%,ROUND,WINNER,Trace Crowe - WINNER - Patrick Fishburn
Jordan Smith - LOSER - Kevin Roy,Jordan Smith,Kevin Roy,Kevin Roy - VS - Jordan Smith,CASESARS,0.00,0.00,,,,,0.5217391304,0.4782608696,41.215,41.215,82.43,0.5,0.5,0.00%,,,WINNER,,LOSER,,0,WINNER,1,,0.00%,ROUND,WINNER,Jordan Smith - WINNER - Kevin Roy
Taylor Moore - LOSER - Matthieu Pavon,Taylor Moore,Matthieu Pavon,Matthieu Pavon - VS - Taylor Moore,CASESARS,0.00,0.00,,,,,0.5,0.5,37.42666667,33.17333333,70.6,0.5301227573,0.4698772427,0.00%,,,WINNER,,LOSER,,0.06024551464,LOSER,0,,0.00%,ROUND,WINNER,Taylor Moore - WINNER - Matthieu Pavon
Christiaan Bezuidenhout - LOSER - John Parry,Christiaan Bezuidenhout,John Parry,John Parry - VS - Christiaan Bezuidenhout,CASESARS,0.00,0.00,,,,,0.5203045685,0.4796954315,41.08166667,40.42,81.50166667,0.5040592217,0.4959407783,0.00%,,,WINNER,,LOSER,,0.008118443386,LOSER,0,,0.00%,ROUND,WINNER,Christiaan Bezuidenhout - WINNER - John Parry
Maverick McNealy - LOSER - Chris Kirk,Maverick McNealy,Chris Kirk,Chris Kirk - VS - Maverick McNealy,CASESARS,0.00,0.00,,,,,0.5208602779,0.4791397221,44.815,42.29833333,87.11333333,0.5144447846,0.4855552154,0.00%,,,WINNER,,LOSER,,0.02888956914,LOSER,0,,0.00%,ROUND,WINNER,Maverick McNealy - WINNER - Chris Kirk
Max Homa - LOSER - Billy Horschel,Max Homa,Billy Horschel,Billy Horschel - VS - Max Homa,CASESARS,0.00,0.00,,,,,0.5217391304,0.4782608696,42.85333333,41.305,84.15833333,0.5091989306,0.4908010694,0.00%,,,WINNER,,LOSER,,0.01839786117,LOSER,0,,0.00%,ROUND,WINNER,Max Homa - WINNER - Billy Horschel
Eric Cole - LOSER - Nick Taylor,Eric Cole,Nick Taylor,Nick Taylor - VS - Eric Cole,CASESARS,0.00,0.00,,,,,0.4782608696,0.5217391304,43.53333333,41.82166667,85.355,0.510026751,0.489973249,0.00%,,,WINNER,,LOSER,,0.02005350204,LOSER,0,,0.00%,ROUND,WINNER,Eric Cole - WINNER - Nick Taylor
Aldrich Potgieter - LOSER - Tony Finau,Aldrich Potgieter,Tony Finau,Tony Finau - VS - Aldrich Potgieter,CASESARS,0.00,0.00,,,,,0.5146705928,0.4853294072,39.74333333,38.155,77.89833333,0.5101949122,0.4898050878,0.00%,,,WINNER,,LOSER,,0.02038982434,LOSER,0,,0.00%,ROUND,WINNER,Aldrich Potgieter - WINNER - Tony Finau
Pierceson Coody - LOSER - Ben Kohles,Pierceson Coody,Ben Kohles,Ben Kohles - VS - Pierceson Coody,CASESARS,0.00,0.00,,,,,0.4782608696,0.5217391304,41.47833333,42.53166667,84.01,0.4937309051,0.5062690949,0.00%,,,WINNER,,LOSER,,-0.0125381899,WINNER,1,,0.00%,ROUND,WINNER,Pierceson Coody - WINNER - Ben Kohles
Lee Hodges - LOSER - Emiliano Grillo,Lee Hodges,Emiliano Grillo,Emiliano Grillo - VS - Lee Hodges,CASESARS,0.00,0.00,,,,,0.4782608696,0.5217391304,39.33666667,40.33166667,79.66833333,0.4937553608,0.5062446392,0.00%,,,WINNER,,LOSER,,-0.01248927847,WINNER,1,,0.00%,ROUND,WINNER,Lee Hodges - WINNER - Emiliano Grillo
Marco Penge - LOSER - Kristoffer Ventura,Marco Penge,Kristoffer Ventura,Kristoffer Ventura - VS - Marco Penge,CASESARS,0.00,0.00,,,,,0.5108342362,0.4891657638,44.98333333,44.98333333,89.96666667,0.5,0.5,0.00%,,,WINNER,,LOSER,,0,WINNER,1,,0.00%,ROUND,WINNER,Marco Penge - WINNER - Kristoffer Ventura
Johnny Keefer - LOSER - Mac Meissner,Johnny Keefer,Mac Meissner,Mac Meissner - VS - Johnny Keefer,CASESARS,0.00,0.00,,,,,0.5108342362,0.4891657638,41.755,41.38333333,83.13833333,0.5022352304,0.4977647696,0.00%,,,WINNER,,LOSER,,0.004470460878,LOSER,0,,0.00%,ROUND,WINNER,Johnny Keefer - WINNER - Mac Meissner
Sudarshan Yellamaraju - LOSER - Denny McCarthy,Sudarshan Yellamaraju,Denny McCarthy,Denny McCarthy - VS - Sudarshan Yellamaraju,CASESARS,0.00,0.00,,,,,0.5173641257,0.4826358743,36.68333333,37.44166667,74.125,0.4948847667,0.5051152333,0.00%,,,WINNER,,LOSER,,-0.01023046655,WINNER,1,,0.00%,ROUND,WINNER,Sudarshan Yellamaraju - WINNER - Denny McCarthy
Rasmus Hojgaard - LOSER - Max Greyserman,Rasmus Hojgaard,Max Greyserman,Max Greyserman - VS - Rasmus Hojgaard,CASESARS,0.00,0.00,,,,,0.4801120955,0.5198879045,41.64166667,40.47666667,82.11833333,0.5070934221,0.4929065779,0.00%,,,WINNER,,LOSER,,0.01418684419,LOSER,0,,0.00%,ROUND,WINNER,Rasmus Hojgaard - WINNER - Max Greyserman
Davis Thompson - WINNER - Harry Hall,Davis Thompson,Harry Hall,Harry Hall - VS - Davis Thompson,CASESARS,-120.00,-110.00,1.833333333,1.909090909,0.5101214575,0.489878543,0.5,0.5,41.78,41.46333333,83.24333333,0.5019020542,0.4980979458,0.00%,-1.01%,1.01%,WINNER,-0.82%,WINNER,,0.003804108437,LOSER,0,-0.82%,1.01%,ROUND,LOSER,Davis Thompson - LOSER - Harry Hall
Neal Shipley - LOSER - Matt McCarty,Neal Shipley,Matt McCarty,Matt McCarty - VS - Neal Shipley,CASESARS,0.00,0.00,,,,,0.5217391304,0.4782608696,40.91333333,0,40.91333333,1,0,0.00%,,,WINNER,,LOSER,,1,LOSER,0,,0.00%,ROUND,WINNER,Neal Shipley - WINNER - Matt McCarty
William Mouw - LOSER - Max McGreevy,William Mouw,Max McGreevy,Max McGreevy - VS - William Mouw,CASESARS,0.00,0.00,,,,,0.4794204807,0.5205795193,36.83833333,35.68666667,72.525,0.5079397909,0.4920602091,0.00%,,,WINNER,,LOSER,,0.01587958175,LOSER,0,,0.00%,ROUND,WINNER,William Mouw - WINNER - Max McGreevy
Chandler Phillips - LOSER - Seamus Power,Chandler Phillips,Seamus Power,Seamus Power - VS - Chandler Phillips,CASESARS,0.00,0.00,,,,,0.4956702459,0.5043297541,36.47833333,37.32,73.79833333,0.4942975225,0.5057024775,0.00%,,,WINNER,,LOSER,,-0.01140495494,WINNER,1,,0.00%,ROUND,WINNER,Chandler Phillips - WINNER - Seamus Power
Haotong Li - LOSER - Joel Dahmen,Haotong Li,Joel Dahmen,Joel Dahmen - VS - Haotong Li,CASESARS,0.00,0.00,,,,,0.4935039626,0.5064960374,34.33166667,34.33166667,68.66333333,0.5,0.5,0.00%,,,WINNER,,LOSER,,0,WINNER,1,,0.00%,ROUND,WINNER,Haotong Li - WINNER - Joel Dahmen
Hank Lebioda - LOSER - Matthieu Pavon,Hank Lebioda,Matthieu Pavon,Matthieu Pavon - VS - Hank Lebioda,CASESARS,0.00,0.00,,,,,,,31.485,33.17333333,64.65833333,0.4869441938,0.5130558062,0.00%,,,WINNER,,LOSER,,-0.02611161232,WINNER,1,,0.00%,ROUND,WINNER,Hank Lebioda - WINNER - Matthieu Pavon
Taylor Moore - LOSER - Kevin Roy,Taylor Moore,Kevin Roy,Kevin Roy - VS - Taylor Moore,CASESARS,0.00,0.00,,,,,,,37.42666667,41.215,78.64166667,0.4759139557,0.5240860443,0.00%,,,WINNER,,LOSER,,-0.04817208859,WINNER,1,,0.00%,ROUND,WINNER,Taylor Moore - WINNER - Kevin Roy
Zach Bauchou - LOSER - Christiaan Bezuidenhout,Zach Bauchou,Christiaan Bezuidenhout,Christiaan Bezuidenhout - VS - Zach Bauchou,CASESARS,0.00,0.00,,,,,,,41.08166667,41.08166667,82.16333333,0.5,0.5,0.00%,,,WINNER,,LOSER,,0,WINNER,1,,0.00%,ROUND,WINNER,Zach Bauchou - WINNER - Christiaan Bezuidenhout
Pierceson Coody - LOSER - Tony Finau,Pierceson Coody,Tony Finau,Tony Finau - VS - Pierceson Coody,CASESARS,0.00,0.00,,,,,,,41.47833333,38.155,79.63333333,0.5208664713,0.4791335287,0.00%,,,WINNER,,LOSER,,0.04173294265,LOSER,0,,0.00%,ROUND,WINNER,Pierceson Coody - WINNER - Tony Finau
Ben Kohles - LOSER - Emiliano Grillo,Ben Kohles,Emiliano Grillo,Emiliano Grillo - VS - Ben Kohles,CASESARS,0.00,0.00,,,,,,,42.53166667,40.33166667,82.86333333,0.5132748703,0.4867251297,0.00%,,,WINNER,,LOSER,,0.02654974054,LOSER,0,,0.00%,ROUND,WINNER,Ben Kohles - WINNER - Emiliano Grillo
Johnny Keefer - LOSER - Doug Ghim,Johnny Keefer,Doug Ghim,Doug Ghim - VS - Johnny Keefer,CASESARS,0.00,0.00,,,,,,,41.755,45.57333333,87.32833333,0.4781380613,0.5218619387,0.00%,,,WINNER,,LOSER,,-0.04372387732,WINNER,1,,0.00%,ROUND,WINNER,Johnny Keefer - WINNER - Doug Ghim
Neal Shipley - LOSER - Jackson Suber,Neal Shipley,Jackson Suber,Jackson Suber - VS - Neal Shipley,CASESARS,0.00,0.00,,,,,,,40.91333333,42.70833333,83.62166667,0.4892671357,0.5107328643,0.00%,,,WINNER,,LOSER,,-0.02146572858,WINNER,1,,0.00%,ROUND,WINNER,Neal Shipley - WINNER - Jackson Suber
Ben James - LOSER - Michael Brennan,Ben James,Michael Brennan,Michael Brennan - VS - Ben James,CASESARS,0.00,0.00,,,,,,,44.11,44.11,88.22,0.5,0.5,0.00%,,,WINNER,,LOSER,,0,WINNER,1,,0.00%,ROUND,WINNER,Ben James - WINNER - Michael Brennan
Matt McCarty - LOSER - Kevin Yu,Matt McCarty,Kevin Yu,Kevin Yu - VS - Matt McCarty,CASESARS,0.00,0.00,,,,,,,0,42.54166667,42.54166667,0,1,0.00%,,,WINNER,,LOSER,,-1,WINNER,1,,0.00%,ROUND,WINNER,Matt McCarty - WINNER - Kevin Yu
Garrick Higgo - LOSER - Rico Hoey,Garrick Higgo,Rico Hoey,Rico Hoey - VS - Garrick Higgo,CASESARS,0.00,0.00,,,,,,,33.325,41.72,75.045,0.4440668932,0.5559331068,0.00%,,,WINNER,,LOSER,,-0.1118662136,WINNER,1,,0.00%,ROUND,WINNER,Garrick Higgo - WINNER - Rico Hoey
Harry Hall - LOSER - Max McGreevy,Harry Hall,Max McGreevy,Max McGreevy - VS - Harry Hall,CASESARS,0.00,0.00,,,,,,,41.46333333,35.68666667,77.15,0.5374378916,0.4625621084,0.00%,,,WINNER,,LOSER,,0.07487578311,LOSER,0,,0.00%,ROUND,WINNER,Harry Hall - WINNER - Max McGreevy
David Ford - LOSER - Jesper Svensson,David Ford,Jesper Svensson,Jesper Svensson - VS - David Ford,CASESARS,0.00,0.00,,,,,,,36.44333333,35.69833333,72.14166667,0.5051634515,0.4948365485,0.00%,,,WINNER,,LOSER,,0.01032690308,LOSER,0,,0.00%,ROUND,WINNER,David Ford - WINNER - Jesper Svensson
Christiaan Bezuidenhout - LOSER - Mackenzie Hughes,Christiaan Bezuidenhout,Mackenzie Hughes,Mackenzie Hughes - VS - Christiaan Bezuidenhout,CASESARS,-125.00,100.00,1.8,2,0.5263157895,0.473684211,0.5263157895,0.4736842105,41.08166667,40.705,81.78666667,0.5023027388,0.4976972612,0.00%,0.00%,0.00%,WINNER,-2.40%,LOSER,,0.004605477665,LOSER,0,-2.40%,0.00%,ROUND,LOSER,Christiaan Bezuidenhout - LOSER - Mackenzie Hughes
Takumi Kanaya - LOSER - Tony Finau,Takumi Kanaya,Tony Finau,Tony Finau - VS - Takumi Kanaya,CASESARS,-111.00,-111.00,1.900900901,1.900900901,0.5,0.500000000,0.5,0.5,35.14,38.155,73.295,0.4794324306,0.5205675694,0.00%,0.00%,0.00%,LOSER,-2.06%,LOSER,,-0.04113513882,WINNER,0,-2.06%,0.00%,ROUND,LOSER,Takumi Kanaya - LOSER - Tony Finau
Jackson Koivun - LOSER - Rasmus Hojgaard,Jackson Koivun,Rasmus Hojgaard,Rasmus Hojgaard - VS - Jackson Koivun,CASESARS,-163.00,125.00,1.613496933,2.25,0.5273184759,0.472681524,0.5273184759,0.4726815241,44.89675439,41.64166667,86.53842105,0.5188071823,0.4811928177,0.00%,0.00%,0.00%,WINNER,-0.85%,LOSER,,0.03761436458,LOSER,0,-0.85%,0.00%,ROUND,LOSER,Jackson Koivun - LOSER - Rasmus Hojgaard
Nick Taylor - LOSER - Billy Horschel,Nick Taylor,Billy Horschel,Billy Horschel - VS - Nick Taylor,CASESARS,-111.00,-111.00,1.900900901,1.900900901,0.5,0.500000000,0.5,0.5,41.82166667,41.305,83.12666667,0.5031077071,0.4968922929,0.00%,0.00%,0.00%,LOSER,0.31%,LOSER,0.31%,0.006215414227,LOSER,1,0.31%,0.00%,ROUND,WINNER,Nick Taylor - WINNER - Billy Horschel
Sudarshan Yellamaraju - LOSER - Doug Ghim,Sudarshan Yellamaraju,Doug Ghim,Doug Ghim - VS - Sudarshan Yellamaraju,CASESARS,125.00,-150.00,2.25,1.666666667,0.4807692308,0.519230769,0.4807692308,0.5192307692,36.68333333,45.57333333,82.25666667,0.4459618268,0.5540381732,0.00%,0.00%,0.00%,LOSER,-3.48%,LOSER,,-0.1080763464,WINNER,0,-3.48%,0.00%,ROUND,LOSER,Sudarshan Yellamaraju - LOSER - Doug Ghim
Max Homa - LOSER - Chris Kirk,Max Homa,Chris Kirk,Chris Kirk - VS - Max Homa,CASESARS,-125.00,100.00,1.8,2,0.5263157895,0.473684211,0.5263157895,0.4736842105,42.85333333,42.29833333,85.15166667,0.503258891,0.496741109,0.00%,0.00%,0.00%,WINNER,-2.31%,LOSER,,0.006517781997,LOSER,0,-2.31%,0.00%,ROUND,LOSER,Max Homa - LOSER - Chris Kirk
Doug Ghim - LOSER - Kevin Yu,Doug Ghim,Kevin Yu,Kevin Yu - VS - Doug Ghim,CASESARS,0.00,0.00,,,,,0.5230189732,0.4769810268,45.57333333,42.54166667,88.115,0.5172028977,0.4827971023,0.00%,,,WINNER,,LOSER,,0.03440579546,LOSER,0,,0.00%,ROUND,WINNER,Doug Ghim - WINNER - Kevin Yu
Davis Thompson - LOSER - Matt Wallace,Davis Thompson,Matt Wallace,Matt Wallace - VS - Davis Thompson,CASESARS,0.00,0.00,,,,,0.4709707385,0.5290292615,41.78,43.17,84.95,0.4918187169,0.5081812831,0.00%,,,WINNER,,LOSER,,-0.01636256622,WINNER,1,,0.00%,ROUND,WINNER,Davis Thompson - WINNER - Matt Wallace
Kristoffer Ventura - LOSER - Beau Hossler,Kristoffer Ventura,Beau Hossler,Beau Hossler - VS - Kristoffer Ventura,CASESARS,0.00,0.00,,,,,0.5203045685,0.4796954315,43.22333333,43.22333333,86.44666667,0.5,0.5,0.00%,,,WINNER,,LOSER,,0,WINNER,1,,0.00%,ROUND,WINNER,Kristoffer Ventura - WINNER - Beau Hossler
Steven Fisk - LOSER - Rico Hoey,Steven Fisk,Rico Hoey,Rico Hoey - VS - Steven Fisk,CASESARS,0.00,0.00,,,,,0.4837800576,0.5162199424,37.37166667,41.72,79.09166667,0.4725107997,0.5274892003,0.00%,,,WINNER,,LOSER,,-0.05497840059,WINNER,1,,0.00%,ROUND,WINNER,Steven Fisk - WINNER - Rico Hoey
Kevin Roy - LOSER - Christiaan Bezuidenhout,Kevin Roy,Christiaan Bezuidenhout,Christiaan Bezuidenhout - VS - Kevin Roy,CASESARS,0.00,0.00,,,,,0.5020223265,0.4979776735,41.215,41.08166667,82.29666667,0.5008100774,0.4991899226,0.00%,,,WINNER,,LOSER,,0.001620154725,LOSER,0,,0.00%,ROUND,WINNER,Kevin Roy - WINNER - Christiaan Bezuidenhout
Pierceson Coody - LOSER - Emiliano Grillo,Pierceson Coody,Emiliano Grillo,Emiliano Grillo - VS - Pierceson Coody,CASESARS,0.00,0.00,,,,,0.4776459112,0.5223540888,41.47833333,40.33166667,81.81,0.5070081082,0.4929918918,0.00%,,,WINNER,,LOSER,,0.01401621644,LOSER,0,,0.00%,ROUND,WINNER,Pierceson Coody - WINNER - Emiliano Grillo
William Mouw - LOSER - Seamus Power,William Mouw,Seamus Power,Seamus Power - VS - William Mouw,CASESARS,0.00,0.00,,,,,0.5223540888,0.4776459112,36.83833333,37.32,74.15833333,0.4967524441,0.5032475559,0.00%,,,WINNER,,LOSER,,-0.00649511181,WINNER,1,,0.00%,ROUND,WINNER,William Mouw - WINNER - Seamus Power
Takumi Kanaya - LOSER - Max Homa,Takumi Kanaya,Max Homa,Max Homa - VS - Takumi Kanaya,CASESARS,0.00,0.00,,,,,0.4959548562,0.5040451438,35.14,42.85333333,77.99333333,0.4505513292,0.5494486708,0.00%,,,WINNER,,LOSER,,-0.09889734165,WINNER,1,,0.00%,ROUND,WINNER,Takumi Kanaya - WINNER - Max Homa
Davis Chatfield - LOSER - Chad Ramey,Davis Chatfield,Chad Ramey,Chad Ramey - VS - Davis Chatfield,CASESARS,0.00,0.00,,,,,0.4939310568,0.5060689432,35.55833333,35.85,71.40833333,0.4979577547,0.5020422453,0.00%,,,WINNER,,LOSER,,-0.004084490606,WINNER,1,,0.00%,ROUND,WINNER,Davis Chatfield - WINNER - Chad Ramey
Stephan Jaeger - LOSER - Mark Hubbard,Stephan Jaeger,Mark Hubbard,Mark Hubbard - VS - Stephan Jaeger,CASESARS,0.00,0.00,,,,,0.5298044826,0.4701955174,40.02833333,33.04833333,73.07666667,0.5477580623,0.4522419377,0.00%,,,WINNER,,LOSER,,0.09551612462,LOSER,0,,0.00%,ROUND,WINNER,Stephan Jaeger - WINNER - Mark Hubbard
Paul Peterson - LOSER - Haotong Li,Paul Peterson,Haotong Li,Haotong Li - VS - Paul Peterson,CASESARS,0.00,0.00,,,,,0.4697958197,0.5302041803,31.175,31.175,62.35,0.5,0.5,0.00%,,,WINNER,,LOSER,,0,WINNER,1,,0.00%,ROUND,WINNER,Paul Peterson - WINNER - Haotong Li
Taylor Moore - LOSER - Hank Lebioda,Taylor Moore,Hank Lebioda,Hank Lebioda - VS - Taylor Moore,CASESARS,0.00,0.00,,,,,0.5268817204,0.4731182796,37.42666667,31.485,68.91166667,0.5431107456,0.4568892544,0.00%,,,WINNER,,LOSER,,0.08622149128,LOSER,0,,0.00%,ROUND,WINNER,Taylor Moore - WINNER - Hank Lebioda
Michael Brennan - LOSER - Mac Meissner,Michael Brennan,Mac Meissner,Mac Meissner - VS - Michael Brennan,CASESARS,0.00,0.00,,,,,0.5290292615,0.4709707385,44.11,41.38333333,85.49333333,0.5159466625,0.4840533375,0.00%,,,WINNER,,LOSER,,0.03189332502,LOSER,0,,0.00%,ROUND,WINNER,Michael Brennan - WINNER - Mac Meissner
Johnny Keefer - LOSER - Jackson Suber,Johnny Keefer,Jackson Suber,Jackson Suber - VS - Johnny Keefer,CASESARS,0.00,0.00,,,,,0.5162199424,0.4837800576,41.755,42.70833333,84.46333333,0.4943565255,0.5056434745,0.00%,,,WINNER,,LOSER,,-0.01128694897,WINNER,1,,0.00%,ROUND,WINNER,Johnny Keefer - WINNER - Jackson Suber
Jordan Smith - LOSER - Mackenzie Hughes,Jordan Smith,Mackenzie Hughes,Mackenzie Hughes - VS - Jordan Smith,CASESARS,0.00,0.00,,,,,0.5219466078,0.4780533922,40.705,40.705,81.41,0.5,0.5,0.00%,,,WINNER,,LOSER,,0,WINNER,1,,0.00%,ROUND,WINNER,Jordan Smith - WINNER - Mackenzie Hughes
John Parry - LOSER - Chris Kirk,John Parry,Chris Kirk,Chris Kirk - VS - John Parry,CASESARS,0.00,0.00,,,,,0.4837800576,0.5162199424,40.42,42.29833333,82.71833333,0.488646209,0.511353791,0.00%,,,WINNER,,LOSER,,-0.02270758195,WINNER,1,,0.00%,ROUND,WINNER,John Parry - WINNER - Chris Kirk
Marco Penge - LOSER - Ben Kohles,Marco Penge,Ben Kohles,Ben Kohles - VS - Marco Penge,CASESARS,0.00,0.00,,,,,0.4817399773,0.5182600227,44.98333333,42.53166667,87.515,0.5140071226,0.4859928774,0.00%,,,WINNER,,LOSER,,0.02801424518,LOSER,0,,0.00%,ROUND,WINNER,Marco Penge - WINNER - Ben Kohles
Lee Hodges - LOSER - Austin Smotherman,Lee Hodges,Austin Smotherman,Austin Smotherman - VS - Lee Hodges,CASESARS,0.00,0.00,,,,,0.4898785425,0.5101214575,39.33666667,37.10166667,76.43833333,0.514619628,0.485380372,0.00%,,,WINNER,,LOSER,,0.02923925605,LOSER,0,,0.00%,ROUND,WINNER,Lee Hodges - WINNER - Austin Smotherman
Trace Crowe - LOSER - Chandler Phillips,Trace Crowe,Chandler Phillips,Chandler Phillips - VS - Trace Crowe,CASESARS,0.00,0.00,,,,,0.4724305249,0.5275694751,35.26166667,36.47833333,71.74,0.4915203048,0.5084796952,0.00%,,,WINNER,,LOSER,,-0.01695939039,WINNER,1,,0.00%,ROUND,WINNER,Trace Crowe - WINNER - Chandler Phillips
Sudarshan Yellamaraju - LOSER - Max Greyserman,Sudarshan Yellamaraju,Max Greyserman,Max Greyserman - VS - Sudarshan Yellamaraju,CASESARS,0.00,0.00,,,,,0.5238095238,0.4761904762,36.68333333,40.47666667,77.16,0.4754190427,0.5245809573,0.00%,,,WINNER,,LOSER,,-0.04916191464,WINNER,1,,0.00%,ROUND,WINNER,Sudarshan Yellamaraju - WINNER - Max Greyserman
Matthieu Pavon - LOSER - Billy Horschel,Matthieu Pavon,Billy Horschel,Billy Horschel - VS - Matthieu Pavon,CASESARS,0.00,0.00,,,,,0.5040451438,0.4959548562,33.17333333,41.305,74.47833333,0.4454091794,0.5545908206,0.00%,,,WINNER,,LOSER,,-0.1091816412,WINNER,1,,0.00%,ROUND,WINNER,Matthieu Pavon - WINNER - Billy Horschel
David Ford - LOSER - Patrick Fishburn,David Ford,Patrick Fishburn,Patrick Fishburn - VS - David Ford,CASESARS,0.00,0.00,,,,,0.5275694751,0.4724305249,36.44333333,35.695,72.13833333,0.5051867939,0.4948132061,0.00%,,,WINNER,,LOSER,,0.01037358778,LOSER,0,,0.00%,ROUND,WINNER,David Ford - WINNER - Patrick Fishburn
Gordon Sargent - LOSER - Zecheng Dou,Gordon Sargent,Zecheng Dou,Zecheng Dou - VS - Gordon Sargent,CASESARS,0.00,0.00,,,,,0.4756208555,0.5243791445,37.21166667,39.76333333,76.975,0.4834253546,0.5165746454,0.00%,,,WINNER,,LOSER,,-0.0331492909,WINNER,1,,0.00%,ROUND,WINNER,Gordon Sargent - WINNER - Zecheng Dou
Joe Highsmith - LOSER - Andrew Putnam,Joe Highsmith,Andrew Putnam,Andrew Putnam - VS - Joe Highsmith,CASESARS,0.00,0.00,,,,,0.4771572922,0.5228427078,30.33,34.53833333,64.86833333,0.4675624984,0.5324375016,0.00%,,,WINNER,,LOSER,,-0.06487500321,WINNER,1,,0.00%,ROUND,WINNER,Joe Highsmith - WINNER - Andrew Putnam
Zac Blair - LOSER - Joel Dahmen,Zac Blair,Joel Dahmen,Joel Dahmen - VS - Zac Blair,CASESARS,0.00,0.00,,,,,0.4837800576,0.5162199424,35.95833333,34.33166667,70.29,0.5115711102,0.4884288898,0.00%,,,WINNER,,LOSER,,0.02314222033,LOSER,0,,0.00%,ROUND,WINNER,Zac Blair - WINNER - Joel Dahmen
Zach Bauchou - LOSER - Jordan Smith,Zach Bauchou,Jordan Smith,Jordan Smith - VS - Zach Bauchou,CASESARS,0.00,0.00,,,,,0.4759152216,0.5240847784,,,0,0,0,0.00%,,,WINNER,,LOSER,,0,WINNER,1,,0.00%,ROUND,WINNER,Zach Bauchou - WINNER - Jordan Smith
Kevin Roy - LOSER - Nick Taylor,Kevin Roy,Nick Taylor,Nick Taylor - VS - Kevin Roy,CASESARS,0.00,0.00,,,,,0.4939310568,0.5060689432,41.215,41.82166667,83.03666667,0.4963469953,0.5036530047,0.00%,,,WINNER,,LOSER,,-0.007306009393,WINNER,1,,0.00%,ROUND,WINNER,Kevin Roy - WINNER - Nick Taylor
Eric Cole - LOSER - Emiliano Grillo,Eric Cole,Emiliano Grillo,Emiliano Grillo - VS - Eric Cole,CASESARS,0.00,0.00,,,,,0.5223540888,0.4776459112,43.53333333,40.33166667,83.865,0.5190882172,0.4809117828,0.00%,,,WINNER,,LOSER,,0.03817643435,LOSER,0,,0.00%,ROUND,WINNER,Eric Cole - WINNER - Emiliano Grillo
Pierceson Coody - LOSER - Kristoffer Ventura,Pierceson Coody,Kristoffer Ventura,Kristoffer Ventura - VS - Pierceson Coody,CASESARS,0.00,0.00,,,,,0.4989820847,0.5010179153,41.47833333,41.47833333,82.95666667,0.5,0.5,0.00%,,,WINNER,,LOSER,,0,WINNER,1,,0.00%,ROUND,WINNER,Pierceson Coody - WINNER - Kristoffer Ventura
Johnny Keefer - LOSER - Matt McCarty,Johnny Keefer,Matt McCarty,Matt McCarty - VS - Johnny Keefer,CASESARS,0.00,0.00,,,,,0.5101214575,0.4898785425,41.755,0,41.755,1,0,0.00%,,,WINNER,,LOSER,,1,LOSER,0,,0.00%,ROUND,WINNER,Johnny Keefer - WINNER - Matt McCarty
Ben James - LOSER - Doug Ghim,Ben James,Doug Ghim,Doug Ghim - VS - Ben James,CASESARS,0.00,0.00,,,,,0.5123152709,0.4876847291,45.57333333,45.57333333,91.14666667,0.5,0.5,0.00%,,,WINNER,,LOSER,,0,WINNER,1,,0.00%,ROUND,WINNER,Ben James - WINNER - Doug Ghim
Jackson Suber - LOSER - Kevin Yu,Jackson Suber,Kevin Yu,Kevin Yu - VS - Jackson Suber,CASESARS,0.00,0.00,,,,,0.5060689432,0.4939310568,42.70833333,42.54166667,85.25,0.5009775171,0.4990224829,0.00%,,,WINNER,,LOSER,,0.001955034213,LOSER,0,,0.00%,ROUND,WINNER,Jackson Suber - WINNER - Kevin Yu
Michael Brennan - LOSER - Stephan Jaeger,Michael Brennan,Stephan Jaeger,Stephan Jaeger - VS - Michael Brennan,CASESARS,0.00,0.00,,,,,0.5286885246,0.4713114754,44.11,40.02833333,84.13833333,0.52425569,0.47574431,0.00%,,,WINNER,,LOSER,,0.04851138007,LOSER,0,,0.00%,ROUND,WINNER,Michael Brennan - WINNER - Stephan Jaeger
David Ford - LOSER - Max McGreevy,David Ford,Max McGreevy,Max McGreevy - VS - David Ford,CASESARS,0.00,0.00,,,,,0.4959002952,0.5040997048,36.44333333,35.68666667,72.13,0.5052451592,0.4947548408,0.00%,,,WINNER,,LOSER,,0.01049031841,LOSER,0,,0.00%,ROUND,WINNER,David Ford - WINNER - Max McGreevy
  - LOSER -  , , ,  - VS -  ,CASESARS,0.00,0.00,,,,,,,,,0,0,0,0.00%,,,WINNER,,LOSER,,0,WINNER,1,,0.00%,ROUND,WINNER,  - WINNER -  
  - LOSER -  , , ,  - VS -  ,CASESARS,0.00,0.00,,,,,,,,,0,0,0,0.00%,,,WINNER,,LOSER,,0,WINNER,1,,0.00%,ROUND,WINNER,  - WINNER -  
  - LOSER -  , , ,  - VS -  ,CASESARS,0.00,0.00,,,,,,,,,0,0,0,0.00%,,,WINNER,,LOSER,,0,WINNER,1,,0.00%,ROUND,WINNER,  - WINNER -  
  - LOSER -  , , ,  - VS -  ,CASESARS,0.00,0.00,,,,,,,,,0,0,0,0.00%,,,WINNER,,LOSER,,0,WINNER,1,,0.00%,ROUND,WINNER,  - WINNER -  
  - LOSER -  , , ,  - VS -  ,CASESARS,0.00,0.00,,,,,,,,,0,0,0,0.00%,,,WINNER,,LOSER,,0,WINNER,1,,0.00%,ROUND,WINNER,  - WINNER -  
  - LOSER -  , , ,  - VS -  ,CASESARS,0.00,0.00,,,,,,,,,0,0,0,0.00%,,,WINNER,,LOSER,,0,WINNER,1,,0.00%,ROUND,WINNER,  - WINNER -  
  - LOSER -  , , ,  - VS -  ,CASESARS,0.00,0.00,,,,,,,,,0,0,0,0.00%,,,WINNER,,LOSER,,0,WINNER,1,,0.00%,ROUND,WINNER,  - WINNER -  
  - LOSER -  , , ,  - VS -  ,CASESARS,0.00,0.00,,,,,,,,,0,0,0,0.00%,,,WINNER,,LOSER,,0,WINNER,1,,0.00%,ROUND,WINNER,  - WINNER -  
  - LOSER -  , , ,  - VS -  ,CASESARS,0.00,0.00,,,,,,,,,0,0,0,0.00%,,,WINNER,,LOSER,,0,WINNER,1,,0.00%,ROUND,WINNER,  - WINNER -  
  - LOSER -  , , ,  - VS -  ,CASESARS,0.00,0.00,,,,,,,,,0,0,0,0.00%,,,WINNER,,LOSER,,0,WINNER,1,,0.00%,ROUND,WINNER,  - WINNER -  
  - LOSER -  , , ,  - VS -  ,CASESARS,0.00,0.00,,,,,,,,,0,0,0,0.00%,,,WINNER,,LOSER,,0,WINNER,1,,0.00%,ROUND,WINNER,  - WINNER -  
  - LOSER -  , , ,  - VS -  ,CASESARS,0.00,0.00,,,,,,,,,0,0,0,0.00%,,,WINNER,,LOSER,,0,WINNER,1,,0.00%,ROUND,WINNER,  - WINNER -  
  - LOSER -  , , ,  - VS -  ,CASESARS,0.00,0.00,,,,,,,,,0,0,0,0.00%,,,WINNER,,LOSER,,0,WINNER,1,,0.00%,ROUND,WINNER,  - WINNER -  
  - LOSER -  , , ,  - VS -  ,CASESARS,0.00,0.00,,,,,,,,,0,0,0,0.00%,,,WINNER,,LOSER,,0,WINNER,1,,0.00%,ROUND,WINNER,  - WINNER -  
  - LOSER -  , , ,  - VS -  ,CASESARS,0.00,0.00,,,,,,,,,0,0,0,0.00%,,,WINNER,,LOSER,,0,WINNER,1,,0.00%,ROUND,WINNER,  - WINNER -  
  - LOSER -  , , ,  - VS -  ,CASESARS,0.00,0.00,,,,,,,,,0,0,0,0.00%,,,WINNER,,LOSER,,0,WINNER,1,,0.00%,ROUND,WINNER,  - WINNER -  
  - LOSER -  , , ,  - VS -  ,CASESARS,0.00,0.00,,,,,,,,,0,0,0,0.00%,,,WINNER,,LOSER,,0,WINNER,1,,0.00%,ROUND,WINNER,  - WINNER -  
  - LOSER -  , , ,  - VS -  ,CASESARS,0.00,0.00,,,,,,,,,0,0,0,0.00%,,,WINNER,,LOSER,,0,WINNER,1,,0.00%,ROUND,WINNER,  - WINNER -  
  - LOSER -  , , ,  - VS -  ,CASESARS,0.00,0.00,,,,,,,,,0,0,0,0.00%,,,WINNER,,LOSER,,0,WINNER,1,,0.00%,ROUND,WINNER,  - WINNER -  
  - LOSER -  , , ,  - VS -  ,CASESARS,0.00,0.00,,,,,,,,,0,0,0,0.00%,,,WINNER,,LOSER,,0,WINNER,1,,0.00%,ROUND,WINNER,  - WINNER -  
  - LOSER -  , , ,  - VS -  ,CASESARS,0.00,0.00,,,,,,,,,0,0,0,0.00%,,,WINNER,,LOSER,,0,WINNER,1,,0.00%,ROUND,WINNER,  - WINNER -  
  - LOSER -  , , ,  - VS -  ,CASESARS,0.00,0.00,,,,,,,,,0,0,0,0.00%,,,WINNER,,LOSER,,0,WINNER,1,,0.00%,ROUND,WINNER,  - WINNER -  
  - LOSER -  , , ,  - VS -  ,CASESARS,0.00,0.00,,,,,,,,,0,0,0,0.00%,,,WINNER,,LOSER,,0,WINNER,1,,0.00%,ROUND,WINNER,  - WINNER -  
  - LOSER -  , , ,  - VS -  ,CASESARS,0.00,0.00,,,,,,,,,0,0,0,0.00%,,,WINNER,,LOSER,,0,WINNER,1,,0.00%,ROUND,WINNER,  - WINNER -  
  - LOSER -  , , ,  - VS -  ,CASESARS,0.00,0.00,,,,,,,,,0,0,0,0.00%,,,WINNER,,LOSER,,0,WINNER,1,,0.00%,ROUND,WINNER,  - WINNER -  
  - LOSER -  , , ,  - VS -  ,CASESARS,0.00,0.00,,,,,,,,,0,0,0,0.00%,,,WINNER,,LOSER,,0,WINNER,1,,0.00%,ROUND,WINNER,  - WINNER -  
  - LOSER -  , , ,  - VS -  ,CASESARS,0.00,0.00,,,,,,,,,0,0,0,0.00%,,,WINNER,,LOSER,,0,WINNER,1,,0.00%,ROUND,WINNER,  - WINNER -  
  - LOSER -  , , ,  - VS -  ,CASESARS,0.00,0.00,,,,,,,,,0,0,0,0.00%,,,WINNER,,LOSER,,0,WINNER,1,,0.00%,ROUND,WINNER,  - WINNER -  
 - LOSER - ,,,,CASESARS,,,,,,,,,,,0,0,0,0.00%,,,WINNER,,LOSER,,0,WINNER,1,,0.00%,ROUND,WINNER, - WINNER - 
 - LOSER - ,,,,CASESARS,,,,,,,,,,,0,0,0,0.00%,,,WINNER,,LOSER,,0,WINNER,1,,0.00%,ROUND,WINNER, - WINNER - 
 - LOSER - ,,,,CASESARS,,,,,,,,,,,0,0,0,0.00%,,,WINNER,,LOSER,,0,WINNER,1,,0.00%,ROUND,WINNER, - WINNER - 
 - LOSER - ,,,,CASESARS,,,,,,,,,,,0,0,0,0.00%,,,WINNER,,LOSER,,0,WINNER,1,,0.00%,ROUND,WINNER, - WINNER - 
 - LOSER - ,,,,CASESARS,,,,,,,,,,,0,0,0,0.00%,,,WINNER,,LOSER,,0,WINNER,1,,0.00%,ROUND,WINNER, - WINNER - 
 - LOSER - ,,,,CASESARS,,,,,,,,,,,0,0,0,0.00%,,,WINNER,,LOSER,,0,WINNER,1,,0.00%,ROUND,WINNER, - WINNER - 
 - LOSER - ,,,,CASESARS,,,,,,,,,,,0,0,0,0.00%,,,WINNER,,LOSER,,0,WINNER,1,,0.00%,ROUND,WINNER, - WINNER - 
 - LOSER - ,,,,CASESARS,,,,,,,,,,,0,0,0,0.00%,,,WINNER,,LOSER,,0,WINNER,1,,0.00%,ROUND,WINNER, - WINNER - 
 - LOSER - ,,,,CASESARS,,,,,,,,,,,0,0,0,0.00%,,,WINNER,,LOSER,,0,WINNER,1,,0.00%,ROUND,WINNER, - WINNER - 
 - LOSER - ,,,,CASESARS,,,,,,,,,,,0,0,0,0.00%,,,WINNER,,LOSER,,0,WINNER,1,,0.00%,ROUND,WINNER, - WINNER - 
 - LOSER - ,,,,CASESARS,,,,,,,,,,,0,0,0,0.00%,,,WINNER,,LOSER,,0,WINNER,1,,0.00%,ROUND,WINNER, - WINNER - 
 - LOSER - ,,,,CASESARS,,,,,,,,,,,0,0,0,0.00%,,,WINNER,,LOSER,,0,WINNER,1,,0.00%,ROUND,WINNER, - WINNER - 
 - LOSER - ,,,,CASESARS,,,,,,,,,,,0,0,0,0.00%,,,WINNER,,LOSER,,0,WINNER,1,,0.00%,ROUND,WINNER, - WINNER - 
 - LOSER - ,,,,CASESARS,,,,,,,,,,,0,0,0,0.00%,,,WINNER,,LOSER,,0,WINNER,1,,0.00%,ROUND,WINNER, - WINNER - 
 - LOSER - ,,,,CASESARS,,,,,,,,,,,0,0,0,0.00%,,,WINNER,,LOSER,,0,WINNER,1,,0.00%,ROUND,WINNER, - WINNER - 
 - LOSER - ,,,,CASESARS,,,,,,,,,,,0,0,0,0.00%,,,WINNER,,LOSER,,0,WINNER,1,,0.00%,ROUND,WINNER, - WINNER - 
 - LOSER - ,,,,CASESARS,,,,,,,,,,,0,0,0,0.00%,,,WINNER,,LOSER,,0,WINNER,1,,0.00%,ROUND,WINNER, - WINNER - 
 - LOSER - ,,,,CASESARS,,,,,,,,,,,0,0,0,0.00%,,,WINNER,,LOSER,,0,WINNER,1,,0.00%,ROUND,WINNER, - WINNER - 
 - LOSER - ,,,,CASESARS,,,,,,,,,,,0,0,0,0.00%,,,WINNER,,LOSER,,0,WINNER,1,,0.00%,ROUND,WINNER, - WINNER - 
 - LOSER - ,,,,CASESARS,,,,,,,,,,,0,0,0,0.00%,,,WINNER,,LOSER,,0,WINNER,1,,0.00%,ROUND,WINNER, - WINNER - 
 - LOSER - ,,,,CASESARS,,,,,,,,,,,0,0,0,0.00%,,,WINNER,,LOSER,,0,WINNER,1,,0.00%,ROUND,WINNER, - WINNER - 
 - LOSER - ,,,,CASESARS,,,,,,,,,,,0,0,0,0.00%,,,WINNER,,LOSER,,0,WINNER,1,,0.00%,ROUND,WINNER, - WINNER - 
 - LOSER - ,,,,CASESARS,,,,,,,,,,,0,0,0,0.00%,,,WINNER,,LOSER,,0,WINNER,1,,0.00%,ROUND,WINNER, - WINNER - 
 - LOSER - ,,,,CASESARS,,,,,,,0.5174283501,0.4825716499,,,0,0,0,0.00%,,,WINNER,,LOSER,,0,WINNER,1,,0.00%,ROUND,WINNER, - WINNER - 
 - LOSER - ,,,,CASESARS,,,,,,,0.4777898158,0.5222101842,,,0,0,0,0.00%,,,WINNER,,LOSER,,0,WINNER,1,,0.00%,ROUND,WINNER, - WINNER - 
 - LOSER - ,,,,CASESARS,,,,,,,0.5,0.5,,,0,0,0,0.00%,,,WINNER,,LOSER,,0,WINNER,1,,0.00%,ROUND,WINNER, - WINNER - 
 - LOSER - ,,,,CASESARS,,,,,,,0.5297741273,0.4702258727,,,0,0,0,0.00%,,,WINNER,,LOSER,,0,WINNER,1,,0.00%,ROUND,WINNER, - WINNER - 
 - LOSER - ,,,,CASESARS,,,,,,,0.5188159706,0.4811840294,,,0,0,0,0.00%,,,WINNER,,LOSER,,0,WINNER,1,,0.00%,ROUND,WINNER, - WINNER - 
 - LOSER - ,,,,CASESARS,,,,,,,0.499460742,0.500539258,,,0,0,0,0.00%,,,WINNER,,LOSER,,0,WINNER,1,,0.00%,ROUND,WINNER, - WINNER - 
 - LOSER - ,,,,CASESARS,,,,,,,0.5088654332,0.4911345668,,,0,0,0,0.00%,,,WINNER,,LOSER,,0,WINNER,1,,0.00%,ROUND,WINNER, - WINNER - 
 - LOSER - ,,,,CASESARS,,,,,,,0.520661157,0.479338843,,,0,0,0,0.00%,,,WINNER,,LOSER,,0,WINNER,1,,0.00%,ROUND,WINNER, - WINNER - 
 - LOSER - ,,,,CASESARS,,,,,,,0.4806629834,0.5193370166,,,0,0,0,0.00%,,,WINNER,,LOSER,,0,WINNER,1,,0.00%,ROUND,WINNER, - WINNER - 
 - LOSER - ,,,,CASESARS,,,,,,,0.5,0.5,,,0,0,0,0.00%,,,WINNER,,LOSER,,0,WINNER,1,,0.00%,ROUND,WINNER, - WINNER - 
 - LOSER - ,,,,CASESARS,,,,,,,0.5217391304,0.4782608696,,,0,0,0,0.00%,,,WINNER,,LOSER,,0,WINNER,1,,0.00%,ROUND,WINNER, - WINNER - 
 - LOSER - ,,,,CASESARS,,,,,,,0.5,0.5,,,0,0,0,0.00%,,,WINNER,,LOSER,,0,WINNER,1,,0.00%,ROUND,WINNER, - WINNER - 
 - LOSER - ,,,,CASESARS,,,,,,,0.5203045685,0.4796954315,,,0,0,0,0.00%,,,WINNER,,LOSER,,0,WINNER,1,,0.00%,ROUND,WINNER, - WINNER - 
 - LOSER - ,,,,CASESARS,,,,,,,0.5208602779,0.4791397221,,,0,0,0,0.00%,,,WINNER,,LOSER,,0,WINNER,1,,0.00%,ROUND,WINNER, - WINNER - 
 - LOSER - ,,,,CASESARS,,,,,,,0.5217391304,0.4782608696,,,0,0,0,0.00%,,,WINNER,,LOSER,,0,WINNER,1,,0.00%,ROUND,WINNER, - WINNER - 
 - LOSER - ,,,,CASESARS,,,,,,,0.4782608696,0.5217391304,,,0,0,0,0.00%,,,WINNER,,LOSER,,0,WINNER,1,,0.00%,ROUND,WINNER, - WINNER - 
 - LOSER - ,,,,CASESARS,,,,,,,0.5174283501,0.4825716499,,,0,0,0,0.00%,,,WINNER,,LOSER,,0,WINNER,1,,0.00%,ROUND,WINNER, - WINNER - 
 - LOSER - ,,,,CASESARS,,,,,,,0.4777898158,0.5222101842,,,0,0,0,0.00%,,,WINNER,,LOSER,,0,WINNER,1,,0.00%,ROUND,WINNER, - WINNER - 
 - LOSER - ,,,,CASESARS,,,,,,,0.5,0.5,,,0,0,0,0.00%,,,WINNER,,LOSER,,0,WINNER,1,,0.00%,ROUND,WINNER, - WINNER - 
 - LOSER - ,,,,CASESARS,,,,,,,0.5297741273,0.4702258727,,,0,0,0,0.00%,,,WINNER,,LOSER,,0,WINNER,1,,0.00%,ROUND,WINNER, - WINNER - 
 - LOSER - ,,,,CASESARS,,,,,,,0.5188159706,0.4811840294,,,0,0,0,0.00%,,,WINNER,,LOSER,,0,WINNER,1,,0.00%,ROUND,WINNER, - WINNER - 
 - LOSER - ,,,,CASESARS,,,,,,,0.499460742,0.500539258,,,0,0,0,0.00%,,,WINNER,,LOSER,,0,WINNER,1,,0.00%,ROUND,WINNER, - WINNER - 
 - LOSER - ,,,,CASESARS,,,,,,,0.5088654332,0.4911345668,,,0,0,0,0.00%,,,WINNER,,LOSER,,0,WINNER,1,,0.00%,ROUND,WINNER, - WINNER - 
 - LOSER - ,,,,CASESARS,,,,,,,0.520661157,0.479338843,,,0,0,0,0.00%,,,WINNER,,LOSER,,0,WINNER,1,,0.00%,ROUND,WINNER, - WINNER - 
 - LOSER - ,,,,CASESARS,,,,,,,0.4806629834,0.5193370166,,,0,0,0,0.00%,,,WINNER,,LOSER,,0,WINNER,1,,0.00%,ROUND,WINNER, - WINNER - 
 - LOSER - ,,,,CASESARS,,,,,,,0.5,0.5,,,0,0,0,0.00%,,,WINNER,,LOSER,,0,WINNER,1,,0.00%,ROUND,WINNER, - WINNER - 
 - LOSER - ,,,,CASESARS,,,,,,,0.5217391304,0.4782608696,,,0,0,0,0.00%,,,WINNER,,LOSER,,0,WINNER,1,,0.00%,ROUND,WINNER, - WINNER - 
 - LOSER - ,,,,CASESARS,,,,,,,0.5,0.5,,,0,0,0,0.00%,,,WINNER,,LOSER,,0,WINNER,1,,0.00%,ROUND,WINNER, - WINNER - 
 - LOSER - ,,,,CASESARS,,,,,,,0.5203045685,0.4796954315,,,0,0,0,0.00%,,,WINNER,,LOSER,,0,WINNER,1,,0.00%,ROUND,WINNER, - WINNER - 
 - LOSER - ,,,,CASESARS,,,,,,,0.5208602779,0.4791397221,,,0,0,0,0.00%,,,WINNER,,LOSER,,0,WINNER,1,,0.00%,ROUND,WINNER, - WINNER - 
 - LOSER - ,,,,CASESARS,,,,,,,0.5217391304,0.4782608696,,,0,0,0,0.00%,,,WINNER,,LOSER,,0,WINNER,1,,0.00%,ROUND,WINNER, - WINNER - 
 - LOSER - ,,,,CASESARS,,,,,,,0.4782608696,0.5217391304,,,0,0,0,0.00%,,,WINNER,,LOSER,,0,WINNER,1,,0.00%,ROUND,WINNER, - WINNER - 
 - LOSER - ,,,,CASESARS,,,,,,,0.5146705928,0.4853294072,,,0,0,0,0.00%,,,WINNER,,LOSER,,0,WINNER,1,,0.00%,ROUND,WINNER, - WINNER - 
,,,,,,,,,,,0.4782608696,0.5217391304,,,,0,0,0.00%,,,WINNER,,LOSER,,0,WINNER,1,,0.00%,ROUND,,
,,,,,,,,,,,0.4782608696,0.5217391304,,,,0,0,0.00%,,,WINNER,,LOSER,,0,WINNER,1,,0.00%,ROUND,,
,,,,,,,,,,,0.5108342362,0.4891657638,,,,0,0,0.00%,,,WINNER,,LOSER,,0,WINNER,1,,0.00%,ROUND,,
,,,,,,,,,,,0.5108342362,0.4891657638,,,,0,0,0.00%,,,WINNER,,LOSER,,0,WINNER,1,,0.00%,ROUND,,
,,,,,,,,,,,0.5173641257,0.4826358743,,,,0,0,0.00%,,,WINNER,,LOSER,,0,WINNER,1,,0.00%,ROUND,,
Johnny Keefer - LOSER - David Lipsky,Johnny Keefer,David Lipsky,David Lipsky - VS - Johnny Keefer,BETONLINE,0.00,0.00,,,,,0.5174283501,0.4825716499,41.755,31.82,73.575,0.56751614,0.43248386,0.00%,,,WINNER,,LOSER,,0.13503228,LOSER,0,,0.00%,ROUND,WINNER,Johnny Keefer - WINNER - David Lipsky
Jackson Suber - WINNER - Doug Ghim,Jackson Suber,Doug Ghim,Doug Ghim - VS - Jackson Suber,BETONLINE,109.00,-130.00,2.09,1.769230769,0.4799004594,0.520099541,0.4777898158,0.5222101842,42.70833333,45.57333333,88.28166667,0.4837735279,0.5162264721,0.00%,-0.21%,0.21%,LOSER,0.39%,WINNER,,-0.03245294417,WINNER,0,0.39%,0.21%,ROUND,WINNER,Jackson Suber - WINNER - Doug Ghim
Denny McCarthy - LOSER - Patrick Rodgers,Denny McCarthy,Patrick Rodgers,Patrick Rodgers - VS - Denny McCarthy,BETONLINE,0.00,0.00,,,,,0.5,0.5,37.44166667,36.56666667,74.00833333,0.5059114965,0.4940885035,0.00%,,,WINNER,,LOSER,,0.01182299291,LOSER,0,,0.00%,ROUND,WINNER,Denny McCarthy - WINNER - Patrick Rodgers
Jackson Koivun - LOSER - Ben James,Jackson Koivun,Ben James,Ben James - VS - Jackson Koivun,BETONLINE,-135.00,113.00,1.740740741,2.13,0.5198879045,0.480112095,0.5297741273,0.4702258727,44.89675439,44.89675439,89.79350877,0.5,0.5,0.00%,0.99%,-0.99%,WINNER,-1.99%,LOSER,1.99%,0,WINNER,1,-1.99%,-0.99%,ROUND,LOSER,Jackson Koivun - LOSER - Ben James
Michael Brennan - WINNER - Kevin Yu,Michael Brennan,Kevin Yu,Kevin Yu - VS - Michael Brennan,BETONLINE,-131.00,110.00,1.763358779,2.1,0.5198412698,0.480158730,0.5188159706,0.4811840294,44.11,42.54166667,86.65166667,0.5090496432,0.4909503568,0.00%,-0.10%,0.10%,WINNER,-1.08%,WINNER,,0.01809928641,LOSER,0,-1.08%,0.10%,ROUND,LOSER,Michael Brennan - LOSER - Kevin Yu
Steven Fisk - WINNER - Stephan Jaeger,Steven Fisk,Stephan Jaeger,Stephan Jaeger - VS - Steven Fisk,BETONLINE,-115.00,-105.00,1.869565217,1.952380952,0.5108342362,0.489165764,0.499460742,0.500539258,37.37166667,40.02833333,77.4,0.4828380706,0.5171619294,0.00%,-1.14%,1.14%,WINNER,-2.80%,WINNER,2.80%,-0.03432385874,WINNER,1,-2.80%,1.14%,ROUND,LOSER,Steven Fisk - LOSER - Stephan Jaeger
Neal Shipley - LOSER - Harry Hall,Neal Shipley,Harry Hall,Harry Hall - VS - Neal Shipley,BETONLINE,0.00,0.00,,,,,0.5088654332,0.4911345668,40.91333333,41.46333333,82.37666667,0.496661676,0.503338324,0.00%,,,WINNER,,LOSER,,-0.006676647918,WINNER,1,,0.00%,ROUND,WINNER,Neal Shipley - WINNER - Harry Hall
Matt McCarty - LOSER - Zac Blair,Matt McCarty,Zac Blair,Zac Blair - VS - Matt McCarty,BETONLINE,0.00,0.00,,,,,0.520661157,0.479338843,0,35.95833333,35.95833333,0,1,0.00%,,,WINNER,,LOSER,,-1,WINNER,1,,0.00%,ROUND,WINNER,Matt McCarty - WINNER - Zac Blair
Rico Hoey - WINNER - Matt Wallace,Rico Hoey,Matt Wallace,Matt Wallace - VS - Rico Hoey,BETONLINE,-110.00,-110.00,1.909090909,1.909090909,0.5,0.500000000,0.4806629834,0.5193370166,41.72,43.17,84.89,0.4914595359,0.5085404641,0.00%,-1.93%,1.93%,LOSER,-0.85%,WINNER,,-0.01708092826,WINNER,0,-0.85%,1.93%,ROUND,LOSER,Rico Hoey - LOSER - Matt Wallace
Trace Crowe - LOSER - Patrick Fishburn,Trace Crowe,Patrick Fishburn,Patrick Fishburn - VS - Trace Crowe,BETONLINE,0.00,0.00,,,,,0.5,0.5,35.26166667,35.695,70.95666667,0.4969464932,0.5030535068,0.00%,,,WINNER,,LOSER,,-0.00610701367,WINNER,1,,0.00%,ROUND,WINNER,Trace Crowe - WINNER - Patrick Fishburn
Jordan Smith - LOSER - Kevin Roy,Jordan Smith,Kevin Roy,Kevin Roy - VS - Jordan Smith,BETONLINE,-120.00,100.00,1.833333333,2,0.5217391304,0.478260870,0.5217391304,0.4782608696,41.215,41.215,82.43,0.5,0.5,0.00%,0.00%,0.00%,WINNER,-2.17%,LOSER,2.17%,0,WINNER,1,-2.17%,0.00%,ROUND,LOSER,Jordan Smith - LOSER - Kevin Roy
Taylor Moore - LOSER - Matthieu Pavon,Taylor Moore,Matthieu Pavon,Matthieu Pavon - VS - Taylor Moore,BETONLINE,-110.00,-110.00,1.909090909,1.909090909,0.5,0.500000000,0.5,0.5,37.42666667,33.17333333,70.6,0.5301227573,0.4698772427,0.00%,0.00%,0.00%,LOSER,3.01%,LOSER,3.01%,0.06024551464,LOSER,1,3.01%,0.00%,ROUND,WINNER,Taylor Moore - WINNER - Matthieu Pavon
Christiaan Bezuidenhout - LOSER - John Parry,Christiaan Bezuidenhout,John Parry,John Parry - VS - Christiaan Bezuidenhout,BETONLINE,-125.00,105.00,1.8,2.05,0.5203045685,0.479695431,0.5203045685,0.4796954315,41.08166667,40.42,81.50166667,0.5040592217,0.4959407783,0.00%,0.00%,0.00%,WINNER,-1.62%,LOSER,,0.008118443386,LOSER,0,-1.62%,0.00%,ROUND,LOSER,Christiaan Bezuidenhout - LOSER - John Parry
Maverick McNealy - LOSER - Chris Kirk,Maverick McNealy,Chris Kirk,Chris Kirk - VS - Maverick McNealy,BETONLINE,-123.00,103.00,1.81300813,2.03,0.5208602779,0.479139722,0.5208602779,0.4791397221,44.815,42.29833333,87.11333333,0.5144447846,0.4855552154,0.00%,0.00%,0.00%,WINNER,-0.64%,LOSER,,0.02888956914,LOSER,0,-0.64%,0.00%,ROUND,LOSER,Maverick McNealy - LOSER - Chris Kirk
Max Homa - LOSER - Billy Horschel,Max Homa,Billy Horschel,Billy Horschel - VS - Max Homa,BETONLINE,-120.00,100.00,1.833333333,2,0.5217391304,0.478260870,0.5217391304,0.4782608696,42.85333333,41.305,84.15833333,0.5091989306,0.4908010694,0.00%,0.00%,0.00%,WINNER,-1.25%,LOSER,,0.01839786117,LOSER,0,-1.25%,0.00%,ROUND,LOSER,Max Homa - LOSER - Billy Horschel
Eric Cole - WINNER - Nick Taylor,Eric Cole,Nick Taylor,Nick Taylor - VS - Eric Cole,BETONLINE,-110.00,-110.00,1.909090909,1.909090909,0.5,0.500000000,0.4782608696,0.5217391304,43.53333333,41.82166667,85.355,0.510026751,0.489973249,0.00%,-2.17%,2.17%,LOSER,1.00%,WINNER,1.00%,0.02005350204,LOSER,1,1.00%,2.17%,ROUND,WINNER,Eric Cole - WINNER - Nick Taylor
Aldrich Potgieter - LOSER - Tony Finau,Aldrich Potgieter,Tony Finau,Tony Finau - VS - Aldrich Potgieter,BETONLINE,-115.00,-105.00,1.869565217,1.952380952,0.5108342362,0.489165764,0.5146705928,0.4853294072,39.74333333,38.155,77.89833333,0.5101949122,0.4898050878,0.00%,0.38%,-0.38%,WINNER,-0.06%,LOSER,,0.02038982434,LOSER,0,-0.06%,-0.38%,ROUND,LOSER,Aldrich Potgieter - LOSER - Tony Finau
Pierceson Coody - LOSER - Ben Kohles,Pierceson Coody,Ben Kohles,Ben Kohles - VS - Pierceson Coody,BETONLINE,100.00,-120.00,2,1.833333333,0.4782608696,0.521739130,0.4782608696,0.5217391304,41.47833333,42.53166667,84.01,0.4937309051,0.5062690949,0.00%,0.00%,0.00%,LOSER,1.55%,LOSER,,-0.0125381899,WINNER,0,1.55%,0.00%,ROUND,WINNER,Pierceson Coody - WINNER - Ben Kohles
Lee Hodges - LOSER - Emiliano Grillo,Lee Hodges,Emiliano Grillo,Emiliano Grillo - VS - Lee Hodges,BETONLINE,100.00,-120.00,2,1.833333333,0.4782608696,0.521739130,0.4782608696,0.5217391304,39.33666667,40.33166667,79.66833333,0.4937553608,0.5062446392,0.00%,0.00%,0.00%,LOSER,1.55%,LOSER,,-0.01248927847,WINNER,0,1.55%,0.00%,ROUND,WINNER,Lee Hodges - WINNER - Emiliano Grillo
Marco Penge - LOSER - Kristoffer Ventura,Marco Penge,Kristoffer Ventura,Kristoffer Ventura - VS - Marco Penge,BETONLINE,-115.00,-105.00,1.869565217,1.952380952,0.5108342362,0.489165764,0.5108342362,0.4891657638,44.98333333,44.98333333,89.96666667,0.5,0.5,0.00%,0.00%,0.00%,WINNER,-1.08%,LOSER,1.08%,0,WINNER,1,-1.08%,0.00%,ROUND,LOSER,Marco Penge - LOSER - Kristoffer Ventura
Johnny Keefer - LOSER - Mac Meissner,Johnny Keefer,Mac Meissner,Mac Meissner - VS - Johnny Keefer,BETONLINE,-115.00,-105.00,1.869565217,1.952380952,0.5108342362,0.489165764,0.5108342362,0.4891657638,41.755,41.38333333,83.13833333,0.5022352304,0.4977647696,0.00%,0.00%,0.00%,WINNER,-0.86%,LOSER,,0.004470460878,LOSER,0,-0.86%,0.00%,ROUND,LOSER,Johnny Keefer - LOSER - Mac Meissner
Sudarshan Yellamaraju - LOSER - Denny McCarthy,Sudarshan Yellamaraju,Denny McCarthy,Denny McCarthy - VS - Sudarshan Yellamaraju,BETONLINE,-118.00,-102.00,1.847457627,1.980392157,0.5173641257,0.482635874,0.5173641257,0.4826358743,36.68333333,37.44166667,74.125,0.4948847667,0.5051152333,0.00%,0.00%,0.00%,WINNER,-2.25%,LOSER,2.25%,-0.01023046655,WINNER,1,-2.25%,0.00%,ROUND,LOSER,Sudarshan Yellamaraju - LOSER - Denny McCarthy
Rasmus Hojgaard - LOSER - Max Greyserman,Rasmus Hojgaard,Max Greyserman,Max Greyserman - VS - Rasmus Hojgaard,BETONLINE,113.00,-135.00,2.13,1.740740741,0.4801120955,0.519887905,0.4801120955,0.5198879045,41.64166667,40.47666667,82.11833333,0.5070934221,0.4929065779,0.00%,0.00%,0.00%,LOSER,2.70%,LOSER,2.70%,0.01418684419,LOSER,1,2.70%,0.00%,ROUND,WINNER,Rasmus Hojgaard - WINNER - Max Greyserman
Davis Thompson - LOSER - Harry Hall,Davis Thompson,Harry Hall,Harry Hall - VS - Davis Thompson,BETONLINE,-105.00,-115.00,1.952380952,1.869565217,0.4891657638,0.510834236,0.5,0.5,41.78,41.46333333,83.24333333,0.5019020542,0.4980979458,0.00%,1.08%,-1.08%,LOSER,1.27%,LOSER,1.27%,0.003804108437,LOSER,1,1.27%,-1.08%,ROUND,WINNER,Davis Thompson - WINNER - Harry Hall
Neal Shipley - LOSER - Matt McCarty,Neal Shipley,Matt McCarty,Matt McCarty - VS - Neal Shipley,BETONLINE,-120.00,100.00,1.833333333,2,0.5217391304,0.478260870,0.5217391304,0.4782608696,40.91333333,0,40.91333333,1,0,0.00%,0.00%,0.00%,WINNER,,LOSER,,1,LOSER,0,47.83%,0.00%,ROUND,WINNER,Neal Shipley - WINNER - Matt McCarty
William Mouw - LOSER - Max McGreevy,William Mouw,Max McGreevy,Max McGreevy - VS - William Mouw,BETONLINE,104.00,-124.00,2.04,1.806451613,0.4794204807,0.520579519,0.4794204807,0.5205795193,36.83833333,35.68666667,72.525,0.5079397909,0.4920602091,0.00%,0.00%,0.00%,LOSER,2.85%,LOSER,2.85%,0.01587958175,LOSER,1,2.85%,0.00%,ROUND,WINNER,William Mouw - WINNER - Max McGreevy
Chandler Phillips - LOSER - Seamus Power,Chandler Phillips,Seamus Power,Seamus Power - VS - Chandler Phillips,BETONLINE,-108.00,-112.00,1.925925926,1.892857143,0.4956702459,0.504329754,0.4956702459,0.5043297541,36.47833333,37.32,73.79833333,0.4942975225,0.5057024775,0.00%,0.00%,0.00%,LOSER,-0.14%,LOSER,,-0.01140495494,WINNER,0,-0.14%,0.00%,ROUND,LOSER,Chandler Phillips - LOSER - Seamus Power
Haotong Li - LOSER - Joel Dahmen,Haotong Li,Joel Dahmen,Joel Dahmen - VS - Haotong Li,BETONLINE,-107.00,-113.00,1.934579439,1.884955752,0.4935039626,0.506496037,0.4935039626,0.5064960374,34.33166667,34.33166667,68.66333333,0.5,0.5,0.00%,0.00%,0.00%,LOSER,0.65%,LOSER,,0,WINNER,0,0.65%,0.00%,ROUND,WINNER,Haotong Li - WINNER - Joel Dahmen
Hank Lebioda - LOSER - Matthieu Pavon,Hank Lebioda,Matthieu Pavon,Matthieu Pavon - VS - Hank Lebioda,BETONLINE,0.00,0.00,,,,,,,31.485,33.17333333,64.65833333,0.4869441938,0.5130558062,0.00%,,,WINNER,,LOSER,,-0.02611161232,WINNER,1,,0.00%,ROUND,WINNER,Hank Lebioda - WINNER - Matthieu Pavon
Taylor Moore - LOSER - Kevin Roy,Taylor Moore,Kevin Roy,Kevin Roy - VS - Taylor Moore,BETONLINE,0.00,0.00,,,,,,,37.42666667,41.215,78.64166667,0.4759139557,0.5240860443,0.00%,,,WINNER,,LOSER,,-0.04817208859,WINNER,1,,0.00%,ROUND,WINNER,Taylor Moore - WINNER - Kevin Roy
Zach Bauchou - LOSER - Christiaan Bezuidenhout,Zach Bauchou,Christiaan Bezuidenhout,Christiaan Bezuidenhout - VS - Zach Bauchou,BETONLINE,0.00,0.00,,,,,,,41.08166667,41.08166667,82.16333333,0.5,0.5,0.00%,,,WINNER,,LOSER,,0,WINNER,1,,0.00%,ROUND,WINNER,Zach Bauchou - WINNER - Christiaan Bezuidenhout
Pierceson Coody - LOSER - Tony Finau,Pierceson Coody,Tony Finau,Tony Finau - VS - Pierceson Coody,BETONLINE,0.00,0.00,,,,,,,41.47833333,38.155,79.63333333,0.5208664713,0.4791335287,0.00%,,,WINNER,,LOSER,,0.04173294265,LOSER,0,,0.00%,ROUND,WINNER,Pierceson Coody - WINNER - Tony Finau
Ben Kohles - LOSER - Emiliano Grillo,Ben Kohles,Emiliano Grillo,Emiliano Grillo - VS - Ben Kohles,BETONLINE,0.00,0.00,,,,,,,42.53166667,40.33166667,82.86333333,0.5132748703,0.4867251297,0.00%,,,WINNER,,LOSER,,0.02654974054,LOSER,0,,0.00%,ROUND,WINNER,Ben Kohles - WINNER - Emiliano Grillo
Johnny Keefer - LOSER - Doug Ghim,Johnny Keefer,Doug Ghim,Doug Ghim - VS - Johnny Keefer,BETONLINE,0.00,0.00,,,,,,,41.755,45.57333333,87.32833333,0.4781380613,0.5218619387,0.00%,,,WINNER,,LOSER,,-0.04372387732,WINNER,1,,0.00%,ROUND,WINNER,Johnny Keefer - WINNER - Doug Ghim
Neal Shipley - LOSER - Jackson Suber,Neal Shipley,Jackson Suber,Jackson Suber - VS - Neal Shipley,BETONLINE,0.00,0.00,,,,,,,40.91333333,42.70833333,83.62166667,0.4892671357,0.5107328643,0.00%,,,WINNER,,LOSER,,-0.02146572858,WINNER,1,,0.00%,ROUND,WINNER,Neal Shipley - WINNER - Jackson Suber
Ben James - LOSER - Michael Brennan,Ben James,Michael Brennan,Michael Brennan - VS - Ben James,BETONLINE,0.00,0.00,,,,,,,44.11,44.11,88.22,0.5,0.5,0.00%,,,WINNER,,LOSER,,0,WINNER,1,,0.00%,ROUND,WINNER,Ben James - WINNER - Michael Brennan
Matt McCarty - LOSER - Kevin Yu,Matt McCarty,Kevin Yu,Kevin Yu - VS - Matt McCarty,BETONLINE,0.00,0.00,,,,,,,0,42.54166667,42.54166667,0,1,0.00%,,,WINNER,,LOSER,,-1,WINNER,1,,0.00%,ROUND,WINNER,Matt McCarty - WINNER - Kevin Yu
Garrick Higgo - LOSER - Rico Hoey,Garrick Higgo,Rico Hoey,Rico Hoey - VS - Garrick Higgo,BETONLINE,0.00,0.00,,,,,,,33.325,41.72,75.045,0.4440668932,0.5559331068,0.00%,,,WINNER,,LOSER,,-0.1118662136,WINNER,1,,0.00%,ROUND,WINNER,Garrick Higgo - WINNER - Rico Hoey
Harry Hall - LOSER - Max McGreevy,Harry Hall,Max McGreevy,Max McGreevy - VS - Harry Hall,BETONLINE,0.00,0.00,,,,,,,41.46333333,35.68666667,77.15,0.5374378916,0.4625621084,0.00%,,,WINNER,,LOSER,,0.07487578311,LOSER,0,,0.00%,ROUND,WINNER,Harry Hall - WINNER - Max McGreevy
David Ford - LOSER - Jesper Svensson,David Ford,Jesper Svensson,Jesper Svensson - VS - David Ford,BETONLINE,0.00,0.00,,,,,,,36.44333333,35.69833333,72.14166667,0.5051634515,0.4948365485,0.00%,,,WINNER,,LOSER,,0.01032690308,LOSER,0,,0.00%,ROUND,WINNER,David Ford - WINNER - Jesper Svensson
Christiaan Bezuidenhout - LOSER - Mackenzie Hughes,Christiaan Bezuidenhout,Mackenzie Hughes,Mackenzie Hughes - VS - Christiaan Bezuidenhout,BETONLINE,0.00,0.00,,,,,0.5263157895,0.4736842105,41.08166667,40.705,81.78666667,0.5023027388,0.4976972612,0.00%,,,WINNER,,LOSER,,0.004605477665,LOSER,0,,0.00%,ROUND,WINNER,Christiaan Bezuidenhout - WINNER - Mackenzie Hughes
Takumi Kanaya - LOSER - Tony Finau,Takumi Kanaya,Tony Finau,Tony Finau - VS - Takumi Kanaya,BETONLINE,0.00,0.00,,,,,0.5,0.5,35.14,38.155,73.295,0.4794324306,0.5205675694,0.00%,,,WINNER,,LOSER,,-0.04113513882,WINNER,1,,0.00%,ROUND,WINNER,Takumi Kanaya - WINNER - Tony Finau
Jackson Koivun - LOSER - Rasmus Hojgaard,Jackson Koivun,Rasmus Hojgaard,Rasmus Hojgaard - VS - Jackson Koivun,BETONLINE,0.00,0.00,,,,,0.5273184759,0.4726815241,44.89675439,41.64166667,86.53842105,0.5188071823,0.4811928177,0.00%,,,WINNER,,LOSER,,0.03761436458,LOSER,0,,0.00%,ROUND,WINNER,Jackson Koivun - WINNER - Rasmus Hojgaard
Nick Taylor - LOSER - Billy Horschel,Nick Taylor,Billy Horschel,Billy Horschel - VS - Nick Taylor,BETONLINE,0.00,0.00,,,,,0.5,0.5,41.82166667,41.305,83.12666667,0.5031077071,0.4968922929,0.00%,,,WINNER,,LOSER,,0.006215414227,LOSER,0,,0.00%,ROUND,WINNER,Nick Taylor - WINNER - Billy Horschel
Sudarshan Yellamaraju - LOSER - Doug Ghim,Sudarshan Yellamaraju,Doug Ghim,Doug Ghim - VS - Sudarshan Yellamaraju,BETONLINE,0.00,0.00,,,,,0.4807692308,0.5192307692,36.68333333,45.57333333,82.25666667,0.4459618268,0.5540381732,0.00%,,,WINNER,,LOSER,,-0.1080763464,WINNER,1,,0.00%,ROUND,WINNER,Sudarshan Yellamaraju - WINNER - Doug Ghim
Max Homa - LOSER - Chris Kirk,Max Homa,Chris Kirk,Chris Kirk - VS - Max Homa,BETONLINE,0.00,0.00,,,,,0.5263157895,0.4736842105,42.85333333,42.29833333,85.15166667,0.503258891,0.496741109,0.00%,,,WINNER,,LOSER,,0.006517781997,LOSER,0,,0.00%,ROUND,WINNER,Max Homa - WINNER - Chris Kirk
Doug Ghim - LOSER - Kevin Yu,Doug Ghim,Kevin Yu,Kevin Yu - VS - Doug Ghim,BETONLINE,0.00,0.00,,,,,0.5230189732,0.4769810268,45.57333333,42.54166667,88.115,0.5172028977,0.4827971023,0.00%,,,WINNER,,LOSER,,0.03440579546,LOSER,0,,0.00%,ROUND,WINNER,Doug Ghim - WINNER - Kevin Yu
Davis Thompson - LOSER - Matt Wallace,Davis Thompson,Matt Wallace,Matt Wallace - VS - Davis Thompson,BETONLINE,0.00,0.00,,,,,0.4709707385,0.5290292615,41.78,43.17,84.95,0.4918187169,0.5081812831,0.00%,,,WINNER,,LOSER,,-0.01636256622,WINNER,1,,0.00%,ROUND,WINNER,Davis Thompson - WINNER - Matt Wallace
Kristoffer Ventura - LOSER - Beau Hossler,Kristoffer Ventura,Beau Hossler,Beau Hossler - VS - Kristoffer Ventura,BETONLINE,0.00,0.00,,,,,0.5203045685,0.4796954315,43.22333333,43.22333333,86.44666667,0.5,0.5,0.00%,,,WINNER,,LOSER,,0,WINNER,1,,0.00%,ROUND,WINNER,Kristoffer Ventura - WINNER - Beau Hossler
Steven Fisk - LOSER - Rico Hoey,Steven Fisk,Rico Hoey,Rico Hoey - VS - Steven Fisk,BETONLINE,0.00,0.00,,,,,0.4837800576,0.5162199424,37.37166667,41.72,79.09166667,0.4725107997,0.5274892003,0.00%,,,WINNER,,LOSER,,-0.05497840059,WINNER,1,,0.00%,ROUND,WINNER,Steven Fisk - WINNER - Rico Hoey
Kevin Roy - LOSER - Christiaan Bezuidenhout,Kevin Roy,Christiaan Bezuidenhout,Christiaan Bezuidenhout - VS - Kevin Roy,BETONLINE,0.00,0.00,,,,,0.5020223265,0.4979776735,41.215,41.08166667,82.29666667,0.5008100774,0.4991899226,0.00%,,,WINNER,,LOSER,,0.001620154725,LOSER,0,,0.00%,ROUND,WINNER,Kevin Roy - WINNER - Christiaan Bezuidenhout
Pierceson Coody - LOSER - Emiliano Grillo,Pierceson Coody,Emiliano Grillo,Emiliano Grillo - VS - Pierceson Coody,BETONLINE,0.00,0.00,,,,,0.4776459112,0.5223540888,41.47833333,40.33166667,81.81,0.5070081082,0.4929918918,0.00%,,,WINNER,,LOSER,,0.01401621644,LOSER,0,,0.00%,ROUND,WINNER,Pierceson Coody - WINNER - Emiliano Grillo
William Mouw - LOSER - Seamus Power,William Mouw,Seamus Power,Seamus Power - VS - William Mouw,BETONLINE,0.00,0.00,,,,,0.5223540888,0.4776459112,36.83833333,37.32,74.15833333,0.4967524441,0.5032475559,0.00%,,,WINNER,,LOSER,,-0.00649511181,WINNER,1,,0.00%,ROUND,WINNER,William Mouw - WINNER - Seamus Power
Takumi Kanaya - LOSER - Max Homa,Takumi Kanaya,Max Homa,Max Homa - VS - Takumi Kanaya,BETONLINE,0.00,0.00,,,,,0.4959548562,0.5040451438,35.14,42.85333333,77.99333333,0.4505513292,0.5494486708,0.00%,,,WINNER,,LOSER,,-0.09889734165,WINNER,1,,0.00%,ROUND,WINNER,Takumi Kanaya - WINNER - Max Homa
Davis Chatfield - LOSER - Chad Ramey,Davis Chatfield,Chad Ramey,Chad Ramey - VS - Davis Chatfield,BETONLINE,0.00,0.00,,,,,0.4939310568,0.5060689432,35.55833333,35.85,71.40833333,0.4979577547,0.5020422453,0.00%,,,WINNER,,LOSER,,-0.004084490606,WINNER,1,,0.00%,ROUND,WINNER,Davis Chatfield - WINNER - Chad Ramey
Stephan Jaeger - LOSER - Mark Hubbard,Stephan Jaeger,Mark Hubbard,Mark Hubbard - VS - Stephan Jaeger,BETONLINE,0.00,0.00,,,,,0.5298044826,0.4701955174,40.02833333,33.04833333,73.07666667,0.5477580623,0.4522419377,0.00%,,,WINNER,,LOSER,,0.09551612462,LOSER,0,,0.00%,ROUND,WINNER,Stephan Jaeger - WINNER - Mark Hubbard
Paul Peterson - LOSER - Haotong Li,Paul Peterson,Haotong Li,Haotong Li - VS - Paul Peterson,BETONLINE,0.00,0.00,,,,,0.4697958197,0.5302041803,31.175,31.175,62.35,0.5,0.5,0.00%,,,WINNER,,LOSER,,0,WINNER,1,,0.00%,ROUND,WINNER,Paul Peterson - WINNER - Haotong Li
Taylor Moore - LOSER - Hank Lebioda,Taylor Moore,Hank Lebioda,Hank Lebioda - VS - Taylor Moore,BETONLINE,0.00,0.00,,,,,0.5268817204,0.4731182796,37.42666667,31.485,68.91166667,0.5431107456,0.4568892544,0.00%,,,WINNER,,LOSER,,0.08622149128,LOSER,0,,0.00%,ROUND,WINNER,Taylor Moore - WINNER - Hank Lebioda
Michael Brennan - LOSER - Mac Meissner,Michael Brennan,Mac Meissner,Mac Meissner - VS - Michael Brennan,BETONLINE,0.00,0.00,,,,,0.5290292615,0.4709707385,44.11,41.38333333,85.49333333,0.5159466625,0.4840533375,0.00%,,,WINNER,,LOSER,,0.03189332502,LOSER,0,,0.00%,ROUND,WINNER,Michael Brennan - WINNER - Mac Meissner
Johnny Keefer - LOSER - Jackson Suber,Johnny Keefer,Jackson Suber,Jackson Suber - VS - Johnny Keefer,BETONLINE,0.00,0.00,,,,,0.5162199424,0.4837800576,41.755,42.70833333,84.46333333,0.4943565255,0.5056434745,0.00%,,,WINNER,,LOSER,,-0.01128694897,WINNER,1,,0.00%,ROUND,WINNER,Johnny Keefer - WINNER - Jackson Suber
Jordan Smith - LOSER - Mackenzie Hughes,Jordan Smith,Mackenzie Hughes,Mackenzie Hughes - VS - Jordan Smith,BETONLINE,0.00,0.00,,,,,0.5219466078,0.4780533922,40.705,40.705,81.41,0.5,0.5,0.00%,,,WINNER,,LOSER,,0,WINNER,1,,0.00%,ROUND,WINNER,Jordan Smith - WINNER - Mackenzie Hughes
John Parry - LOSER - Chris Kirk,John Parry,Chris Kirk,Chris Kirk - VS - John Parry,BETONLINE,0.00,0.00,,,,,0.4837800576,0.5162199424,40.42,42.29833333,82.71833333,0.488646209,0.511353791,0.00%,,,WINNER,,LOSER,,-0.02270758195,WINNER,1,,0.00%,ROUND,WINNER,John Parry - WINNER - Chris Kirk
Marco Penge - LOSER - Ben Kohles,Marco Penge,Ben Kohles,Ben Kohles - VS - Marco Penge,BETONLINE,0.00,0.00,,,,,0.4817399773,0.5182600227,44.98333333,42.53166667,87.515,0.5140071226,0.4859928774,0.00%,,,WINNER,,LOSER,,0.02801424518,LOSER,0,,0.00%,ROUND,WINNER,Marco Penge - WINNER - Ben Kohles
Lee Hodges - LOSER - Austin Smotherman,Lee Hodges,Austin Smotherman,Austin Smotherman - VS - Lee Hodges,BETONLINE,0.00,0.00,,,,,0.4898785425,0.5101214575,39.33666667,37.10166667,76.43833333,0.514619628,0.485380372,0.00%,,,WINNER,,LOSER,,0.02923925605,LOSER,0,,0.00%,ROUND,WINNER,Lee Hodges - WINNER - Austin Smotherman
Trace Crowe - LOSER - Chandler Phillips,Trace Crowe,Chandler Phillips,Chandler Phillips - VS - Trace Crowe,BETONLINE,0.00,0.00,,,,,0.4724305249,0.5275694751,35.26166667,36.47833333,71.74,0.4915203048,0.5084796952,0.00%,,,WINNER,,LOSER,,-0.01695939039,WINNER,1,,0.00%,ROUND,WINNER,Trace Crowe - WINNER - Chandler Phillips
Sudarshan Yellamaraju - LOSER - Max Greyserman,Sudarshan Yellamaraju,Max Greyserman,Max Greyserman - VS - Sudarshan Yellamaraju,BETONLINE,0.00,0.00,,,,,0.5238095238,0.4761904762,36.68333333,40.47666667,77.16,0.4754190427,0.5245809573,0.00%,,,WINNER,,LOSER,,-0.04916191464,WINNER,1,,0.00%,ROUND,WINNER,Sudarshan Yellamaraju - WINNER - Max Greyserman
Matthieu Pavon - LOSER - Billy Horschel,Matthieu Pavon,Billy Horschel,Billy Horschel - VS - Matthieu Pavon,BETONLINE,0.00,0.00,,,,,0.5040451438,0.4959548562,33.17333333,41.305,74.47833333,0.4454091794,0.5545908206,0.00%,,,WINNER,,LOSER,,-0.1091816412,WINNER,1,,0.00%,ROUND,WINNER,Matthieu Pavon - WINNER - Billy Horschel
David Ford - LOSER - Patrick Fishburn,David Ford,Patrick Fishburn,Patrick Fishburn - VS - David Ford,BETONLINE,0.00,0.00,,,,,0.5275694751,0.4724305249,36.44333333,35.695,72.13833333,0.5051867939,0.4948132061,0.00%,,,WINNER,,LOSER,,0.01037358778,LOSER,0,,0.00%,ROUND,WINNER,David Ford - WINNER - Patrick Fishburn
Gordon Sargent - LOSER - Zecheng Dou,Gordon Sargent,Zecheng Dou,Zecheng Dou - VS - Gordon Sargent,BETONLINE,0.00,0.00,,,,,0.4756208555,0.5243791445,37.21166667,39.76333333,76.975,0.4834253546,0.5165746454,0.00%,,,WINNER,,LOSER,,-0.0331492909,WINNER,1,,0.00%,ROUND,WINNER,Gordon Sargent - WINNER - Zecheng Dou
Joe Highsmith - LOSER - Andrew Putnam,Joe Highsmith,Andrew Putnam,Andrew Putnam - VS - Joe Highsmith,BETONLINE,0.00,0.00,,,,,0.4771572922,0.5228427078,30.33,34.53833333,64.86833333,0.4675624984,0.5324375016,0.00%,,,WINNER,,LOSER,,-0.06487500321,WINNER,1,,0.00%,ROUND,WINNER,Joe Highsmith - WINNER - Andrew Putnam
Zac Blair - LOSER - Joel Dahmen,Zac Blair,Joel Dahmen,Joel Dahmen - VS - Zac Blair,BETONLINE,0.00,0.00,,,,,0.4837800576,0.5162199424,35.95833333,34.33166667,70.29,0.5115711102,0.4884288898,0.00%,,,WINNER,,LOSER,,0.02314222033,LOSER,0,,0.00%,ROUND,WINNER,Zac Blair - WINNER - Joel Dahmen
Zach Bauchou - LOSER - Jordan Smith,Zach Bauchou,Jordan Smith,Jordan Smith - VS - Zach Bauchou,BETONLINE,0.00,0.00,,,,,0.4759152216,0.5240847784,,,0,0,0,0.00%,,,WINNER,,LOSER,,0,WINNER,1,,0.00%,ROUND,WINNER,Zach Bauchou - WINNER - Jordan Smith
Kevin Roy - LOSER - Nick Taylor,Kevin Roy,Nick Taylor,Nick Taylor - VS - Kevin Roy,BETONLINE,0.00,0.00,,,,,0.4939310568,0.5060689432,41.215,41.82166667,83.03666667,0.4963469953,0.5036530047,0.00%,,,WINNER,,LOSER,,-0.007306009393,WINNER,1,,0.00%,ROUND,WINNER,Kevin Roy - WINNER - Nick Taylor
Eric Cole - LOSER - Emiliano Grillo,Eric Cole,Emiliano Grillo,Emiliano Grillo - VS - Eric Cole,BETONLINE,0.00,0.00,,,,,0.5223540888,0.4776459112,43.53333333,40.33166667,83.865,0.5190882172,0.4809117828,0.00%,,,WINNER,,LOSER,,0.03817643435,LOSER,0,,0.00%,ROUND,WINNER,Eric Cole - WINNER - Emiliano Grillo
Pierceson Coody - LOSER - Kristoffer Ventura,Pierceson Coody,Kristoffer Ventura,Kristoffer Ventura - VS - Pierceson Coody,BETONLINE,0.00,0.00,,,,,0.4989820847,0.5010179153,41.47833333,41.47833333,82.95666667,0.5,0.5,0.00%,,,WINNER,,LOSER,,0,WINNER,1,,0.00%,ROUND,WINNER,Pierceson Coody - WINNER - Kristoffer Ventura
Johnny Keefer - LOSER - Matt McCarty,Johnny Keefer,Matt McCarty,Matt McCarty - VS - Johnny Keefer,BETONLINE,0.00,0.00,,,,,0.5101214575,0.4898785425,41.755,0,41.755,1,0,0.00%,,,WINNER,,LOSER,,1,LOSER,0,,0.00%,ROUND,WINNER,Johnny Keefer - WINNER - Matt McCarty
Ben James - LOSER - Doug Ghim,Ben James,Doug Ghim,Doug Ghim - VS - Ben James,BETONLINE,0.00,0.00,,,,,0.5123152709,0.4876847291,45.57333333,45.57333333,91.14666667,0.5,0.5,0.00%,,,WINNER,,LOSER,,0,WINNER,1,,0.00%,ROUND,WINNER,Ben James - WINNER - Doug Ghim
Jackson Suber - LOSER - Kevin Yu,Jackson Suber,Kevin Yu,Kevin Yu - VS - Jackson Suber,BETONLINE,0.00,0.00,,,,,0.5060689432,0.4939310568,42.70833333,42.54166667,85.25,0.5009775171,0.4990224829,0.00%,,,WINNER,,LOSER,,0.001955034213,LOSER,0,,0.00%,ROUND,WINNER,Jackson Suber - WINNER - Kevin Yu
Michael Brennan - LOSER - Stephan Jaeger,Michael Brennan,Stephan Jaeger,Stephan Jaeger - VS - Michael Brennan,BETONLINE,0.00,0.00,,,,,0.5286885246,0.4713114754,44.11,40.02833333,84.13833333,0.52425569,0.47574431,0.00%,,,WINNER,,LOSER,,0.04851138007,LOSER,0,,0.00%,ROUND,WINNER,Michael Brennan - WINNER - Stephan Jaeger
David Ford - LOSER - Max McGreevy,David Ford,Max McGreevy,Max McGreevy - VS - David Ford,BETONLINE,0.00,0.00,,,,,0.4959002952,0.5040997048,36.44333333,35.68666667,72.13,0.5052451592,0.4947548408,0.00%,,,WINNER,,LOSER,,0.01049031841,LOSER,0,,0.00%,ROUND,WINNER,David Ford - WINNER - Max McGreevy
  - LOSER -  , , ,  - VS -  ,BETONLINE,0.00,0.00,,,,,,,,,0,0,0,0.00%,,,WINNER,,LOSER,,0,WINNER,1,,0.00%,ROUND,WINNER,  - WINNER -  
  - LOSER -  , , ,  - VS -  ,BETONLINE,0.00,0.00,,,,,,,,,0,0,0,0.00%,,,WINNER,,LOSER,,0,WINNER,1,,0.00%,ROUND,WINNER,  - WINNER -  
  - LOSER -  , , ,  - VS -  ,BETONLINE,0.00,0.00,,,,,,,,,0,0,0,0.00%,,,WINNER,,LOSER,,0,WINNER,1,,0.00%,ROUND,WINNER,  - WINNER -  
  - LOSER -  , , ,  - VS -  ,BETONLINE,0.00,0.00,,,,,,,,,0,0,0,0.00%,,,WINNER,,LOSER,,0,WINNER,1,,0.00%,ROUND,WINNER,  - WINNER -  
  - LOSER -  , , ,  - VS -  ,BETONLINE,0.00,0.00,,,,,,,,,0,0,0,0.00%,,,WINNER,,LOSER,,0,WINNER,1,,0.00%,ROUND,WINNER,  - WINNER -  
  - LOSER -  , , ,  - VS -  ,BETONLINE,0.00,0.00,,,,,,,,,0,0,0,0.00%,,,WINNER,,LOSER,,0,WINNER,1,,0.00%,ROUND,WINNER,  - WINNER -  
  - LOSER -  , , ,  - VS -  ,BETONLINE,0.00,0.00,,,,,,,,,0,0,0,0.00%,,,WINNER,,LOSER,,0,WINNER,1,,0.00%,ROUND,WINNER,  - WINNER -  
  - LOSER -  , , ,  - VS -  ,BETONLINE,0.00,0.00,,,,,,,,,0,0,0,0.00%,,,WINNER,,LOSER,,0,WINNER,1,,0.00%,ROUND,WINNER,  - WINNER -  
  - LOSER -  , , ,  - VS -  ,BETONLINE,0.00,0.00,,,,,,,,,0,0,0,0.00%,,,WINNER,,LOSER,,0,WINNER,1,,0.00%,ROUND,WINNER,  - WINNER -  
  - LOSER -  , , ,  - VS -  ,BETONLINE,0.00,0.00,,,,,,,,,0,0,0,0.00%,,,WINNER,,LOSER,,0,WINNER,1,,0.00%,ROUND,WINNER,  - WINNER -  
  - LOSER -  , , ,  - VS -  ,BETONLINE,0.00,0.00,,,,,,,,,0,0,0,0.00%,,,WINNER,,LOSER,,0,WINNER,1,,0.00%,ROUND,WINNER,  - WINNER -  
  - LOSER -  , , ,  - VS -  ,BETONLINE,0.00,0.00,,,,,,,,,0,0,0,0.00%,,,WINNER,,LOSER,,0,WINNER,1,,0.00%,ROUND,WINNER,  - WINNER -  
  - LOSER -  , , ,  - VS -  ,BETONLINE,0.00,0.00,,,,,,,,,0,0,0,0.00%,,,WINNER,,LOSER,,0,WINNER,1,,0.00%,ROUND,WINNER,  - WINNER -  
  - LOSER -  , , ,  - VS -  ,BETONLINE,0.00,0.00,,,,,,,,,0,0,0,0.00%,,,WINNER,,LOSER,,0,WINNER,1,,0.00%,ROUND,WINNER,  - WINNER -  
  - LOSER -  , , ,  - VS -  ,BETONLINE,0.00,0.00,,,,,,,,,0,0,0,0.00%,,,WINNER,,LOSER,,0,WINNER,1,,0.00%,ROUND,WINNER,  - WINNER -  
  - LOSER -  , , ,  - VS -  ,BETONLINE,0.00,0.00,,,,,,,,,0,0,0,0.00%,,,WINNER,,LOSER,,0,WINNER,1,,0.00%,ROUND,WINNER,  - WINNER -  
  - LOSER -  , , ,  - VS -  ,BETONLINE,0.00,0.00,,,,,,,,,0,0,0,0.00%,,,WINNER,,LOSER,,0,WINNER,1,,0.00%,ROUND,WINNER,  - WINNER -  
  - LOSER -  , , ,  - VS -  ,BETONLINE,0.00,0.00,,,,,,,,,0,0,0,0.00%,,,WINNER,,LOSER,,0,WINNER,1,,0.00%,ROUND,WINNER,  - WINNER -  
  - LOSER -  , , ,  - VS -  ,BETONLINE,0.00,0.00,,,,,,,,,0,0,0,0.00%,,,WINNER,,LOSER,,0,WINNER,1,,0.00%,ROUND,WINNER,  - WINNER -  
  - LOSER -  , , ,  - VS -  ,BETONLINE,0.00,0.00,,,,,,,,,0,0,0,0.00%,,,WINNER,,LOSER,,0,WINNER,1,,0.00%,ROUND,WINNER,  - WINNER -  
  - LOSER -  , , ,  - VS -  ,BETONLINE,0.00,0.00,,,,,,,,,0,0,0,0.00%,,,WINNER,,LOSER,,0,WINNER,1,,0.00%,ROUND,WINNER,  - WINNER -  
  - LOSER -  , , ,  - VS -  ,BETONLINE,0.00,0.00,,,,,,,,,0,0,0,0.00%,,,WINNER,,LOSER,,0,WINNER,1,,0.00%,ROUND,WINNER,  - WINNER -  
  - LOSER -  , , ,  - VS -  ,BETONLINE,0.00,0.00,,,,,,,,,0,0,0,0.00%,,,WINNER,,LOSER,,0,WINNER,1,,0.00%,ROUND,WINNER,  - WINNER -  
  - LOSER -  , , ,  - VS -  ,BETONLINE,0.00,0.00,,,,,,,,,0,0,0,0.00%,,,WINNER,,LOSER,,0,WINNER,1,,0.00%,ROUND,WINNER,  - WINNER -  
  - LOSER -  , , ,  - VS -  ,BETONLINE,0.00,0.00,,,,,,,,,0,0,0,0.00%,,,WINNER,,LOSER,,0,WINNER,1,,0.00%,ROUND,WINNER,  - WINNER -  
  - LOSER -  , , ,  - VS -  ,BETONLINE,0.00,0.00,,,,,,,,,0,0,0,0.00%,,,WINNER,,LOSER,,0,WINNER,1,,0.00%,ROUND,WINNER,  - WINNER -  
  - LOSER -  , , ,  - VS -  ,BETONLINE,0.00,0.00,,,,,,,,,0,0,0,0.00%,,,WINNER,,LOSER,,0,WINNER,1,,0.00%,ROUND,WINNER,  - WINNER -  
  - LOSER -  , , ,  - VS -  ,BETONLINE,0.00,0.00,,,,,,,,,0,0,0,0.00%,,,WINNER,,LOSER,,0,WINNER,1,,0.00%,ROUND,WINNER,  - WINNER -  
  - LOSER -  , , ,  - VS -  ,BETONLINE,0.00,0.00,,,,,,,,,0,0,0,0.00%,,,WINNER,,LOSER,,0,WINNER,1,,0.00%,ROUND,WINNER,  - WINNER -  
  - LOSER -  , , ,  - VS -  ,BETONLINE,0.00,0.00,,,,,,,,,0,0,0,0.00%,,,WINNER,,LOSER,,0,WINNER,1,,0.00%,ROUND,WINNER,  - WINNER -  
  - LOSER -  , , ,  - VS -  ,BETONLINE,0.00,0.00,,,,,,,,,0,0,0,0.00%,,,WINNER,,LOSER,,0,WINNER,1,,0.00%,ROUND,WINNER,  - WINNER -  
  - LOSER -  , , ,  - VS -  ,BETONLINE,0.00,0.00,,,,,,,,,0,0,0,0.00%,,,WINNER,,LOSER,,0,WINNER,1,,0.00%,ROUND,WINNER,  - WINNER -  
  - LOSER -  , , ,  - VS -  ,BETONLINE,0.00,0.00,,,,,,,,,0,0,0,0.00%,,,WINNER,,LOSER,,0,WINNER,1,,0.00%,ROUND,WINNER,  - WINNER -  
  - LOSER -  , , ,  - VS -  ,BETONLINE,0.00,0.00,,,,,,,,,0,0,0,0.00%,,,WINNER,,LOSER,,0,WINNER,1,,0.00%,ROUND,WINNER,  - WINNER -  
  - LOSER -  , , ,  - VS -  ,BETONLINE,0.00,0.00,,,,,,,,,0,0,0,0.00%,,,WINNER,,LOSER,,0,WINNER,1,,0.00%,ROUND,WINNER,  - WINNER -  
  - LOSER -  , , ,  - VS -  ,BETONLINE,0.00,0.00,,,,,,,,,0,0,0,0.00%,,,WINNER,,LOSER,,0,WINNER,1,,0.00%,ROUND,WINNER,  - WINNER -  
  - LOSER -  , , ,  - VS -  ,BETONLINE,0.00,0.00,,,,,,,,,0,0,0,0.00%,,,WINNER,,LOSER,,0,WINNER,1,,0.00%,ROUND,WINNER,  - WINNER -  
  - LOSER -  , , ,  - VS -  ,BETONLINE,0.00,0.00,,,,,,,,,0,0,0,0.00%,,,WINNER,,LOSER,,0,WINNER,1,,0.00%,ROUND,WINNER,  - WINNER -  
  - LOSER -  , , ,  - VS -  ,BETONLINE,0.00,0.00,,,,,,,,,0,0,0,0.00%,,,WINNER,,LOSER,,0,WINNER,1,,0.00%,ROUND,WINNER,  - WINNER -  
  - LOSER -  , , ,  - VS -  ,BETONLINE,0.00,0.00,,,,,,,,,0,0,0,0.00%,,,WINNER,,LOSER,,0,WINNER,1,,0.00%,ROUND,WINNER,  - WINNER -  
  - LOSER -  , , ,  - VS -  ,BETONLINE,0.00,0.00,,,,,,,,,0,0,0,0.00%,,,WINNER,,LOSER,,0,WINNER,1,,0.00%,ROUND,WINNER,  - WINNER -  
  - LOSER -  , , ,  - VS -  ,BETONLINE,0.00,0.00,,,,,,,,,0,0,0,0.00%,,,WINNER,,LOSER,,0,WINNER,1,,0.00%,ROUND,WINNER,  - WINNER -  
  - LOSER -  , , ,  - VS -  ,BETONLINE,0.00,0.00,,,,,,,,,0,0,0,0.00%,,,WINNER,,LOSER,,0,WINNER,1,,0.00%,ROUND,WINNER,  - WINNER -  
  - LOSER -  , , ,  - VS -  ,BETONLINE,0.00,0.00,,,,,,,,,0,0,0,0.00%,,,WINNER,,LOSER,,0,WINNER,1,,0.00%,ROUND,WINNER,  - WINNER -  
  - LOSER -  , , ,  - VS -  ,BETONLINE,0.00,0.00,,,,,,,,,0,0,0,0.00%,,,WINNER,,LOSER,,0,WINNER,1,,0.00%,ROUND,WINNER,  - WINNER -  
  - LOSER -  , , ,  - VS -  ,BETONLINE,0.00,0.00,,,,,,,,,0,0,0,0.00%,,,WINNER,,LOSER,,0,WINNER,1,,0.00%,ROUND,WINNER,  - WINNER -  
  - LOSER -  , , ,  - VS -  ,BETONLINE,0.00,0.00,,,,,,,,,0,0,0,0.00%,,,WINNER,,LOSER,,0,WINNER,1,,0.00%,ROUND,WINNER,  - WINNER -  
  - LOSER -  , , ,  - VS -  ,BETONLINE,0.00,0.00,,,,,,,,,0,0,0,0.00%,,,WINNER,,LOSER,,0,WINNER,1,,0.00%,ROUND,WINNER,  - WINNER -  
  - LOSER -  , , ,  - VS -  ,BETONLINE,0.00,0.00,,,,,,,,,0,0,0,0.00%,,,WINNER,,LOSER,,0,WINNER,1,,0.00%,ROUND,WINNER,  - WINNER -  
  - LOSER -  , , ,  - VS -  ,BETONLINE,0.00,0.00,,,,,,,,,0,0,0,0.00%,,,WINNER,,LOSER,,0,WINNER,1,,0.00%,ROUND,WINNER,  - WINNER -  
  - LOSER -  , , ,  - VS -  ,BETONLINE,0.00,0.00,,,,,,,,,0,0,0,0.00%,,,WINNER,,LOSER,,0,WINNER,1,,0.00%,ROUND,WINNER,  - WINNER -  
  - LOSER -  , , ,  - VS -  ,BETONLINE,0.00,0.00,,,,,0.5174283501,0.4825716499,,,0,0,0,0.00%,,,WINNER,,LOSER,,0,WINNER,1,,0.00%,ROUND,WINNER,  - WINNER -  
  - LOSER -  , , ,  - VS -  ,BETONLINE,0.00,0.00,,,,,0.4777898158,0.5222101842,,,0,0,0,0.00%,,,WINNER,,LOSER,,0,WINNER,1,,0.00%,ROUND,WINNER,  - WINNER -  
  - LOSER -  , , ,  - VS -  ,BETONLINE,0.00,0.00,,,,,0.5,0.5,,,0,0,0,0.00%,,,WINNER,,LOSER,,0,WINNER,1,,0.00%,ROUND,WINNER,  - WINNER -  
  - LOSER -  , , ,  - VS -  ,BETONLINE,0.00,0.00,,,,,0.5297741273,0.4702258727,,,0,0,0,0.00%,,,WINNER,,LOSER,,0,WINNER,1,,0.00%,ROUND,WINNER,  - WINNER -  
  - LOSER -  , , ,  - VS -  ,BETONLINE,0.00,0.00,,,,,0.5188159706,0.4811840294,,,0,0,0,0.00%,,,WINNER,,LOSER,,0,WINNER,1,,0.00%,ROUND,WINNER,  - WINNER -  
  - LOSER -  , , ,  - VS -  ,BETONLINE,0.00,0.00,,,,,0.499460742,0.500539258,,,0,0,0,0.00%,,,WINNER,,LOSER,,0,WINNER,1,,0.00%,ROUND,WINNER,  - WINNER -  
  - LOSER -  , , ,  - VS -  ,BETONLINE,0.00,0.00,,,,,0.5088654332,0.4911345668,,,0,0,0,0.00%,,,WINNER,,LOSER,,0,WINNER,1,,0.00%,ROUND,WINNER,  - WINNER -  
  - LOSER -  , , ,  - VS -  ,BETONLINE,0.00,0.00,,,,,0.520661157,0.479338843,,,0,0,0,0.00%,,,WINNER,,LOSER,,0,WINNER,1,,0.00%,ROUND,WINNER,  - WINNER -  
  - LOSER -  , , ,  - VS -  ,BETONLINE,0.00,0.00,,,,,0.4806629834,0.5193370166,,,0,0,0,0.00%,,,WINNER,,LOSER,,0,WINNER,1,,0.00%,ROUND,WINNER,  - WINNER -  
  - LOSER -  , , ,  - VS -  ,BETONLINE,0.00,0.00,,,,,0.5,0.5,,,0,0,0,0.00%,,,WINNER,,LOSER,,0,WINNER,1,,0.00%,ROUND,WINNER,  - WINNER -  
  - LOSER -  , , ,  - VS -  ,BETONLINE,0.00,0.00,,,,,0.5217391304,0.4782608696,,,0,0,0,0.00%,,,WINNER,,LOSER,,0,WINNER,1,,0.00%,ROUND,WINNER,  - WINNER -  
 - LOSER -  ,, ,  - VS - ,BETONLINE,0.00,0.00,,,,,0.5,0.5,,,0,0,0,0.00%,,,WINNER,,LOSER,,0,WINNER,1,,0.00%,ROUND,WINNER, - WINNER -  
 - LOSER -  ,, ,  - VS - ,BETONLINE,0.00,0.00,,,,,0.5203045685,0.4796954315,,,0,0,0,0.00%,,,WINNER,,LOSER,,0,WINNER,1,,0.00%,ROUND,WINNER, - WINNER -  
 - LOSER -  ,, ,  - VS - ,BETONLINE,0.00,0.00,,,,,0.5208602779,0.4791397221,,,0,0,0,0.00%,,,WINNER,,LOSER,,0,WINNER,1,,0.00%,ROUND,WINNER, - WINNER -  
 - LOSER -  ,, ,  - VS - ,BETONLINE,0.00,0.00,,,,,0.5217391304,0.4782608696,,,0,0,0,0.00%,,,WINNER,,LOSER,,0,WINNER,1,,0.00%,ROUND,WINNER, - WINNER -  
 - LOSER -  ,, ,  - VS - ,BETONLINE,0.00,0.00,,,,,0.4782608696,0.5217391304,,,0,0,0,0.00%,,,WINNER,,LOSER,,0,WINNER,1,,0.00%,ROUND,WINNER, - WINNER -  
 - LOSER -  ,, ,  - VS - ,BETONLINE,0.00,0.00,,,,,0.5174283501,0.4825716499,,,0,0,0,0.00%,,,WINNER,,LOSER,,0,WINNER,1,,0.00%,ROUND,WINNER, - WINNER -  
 - LOSER -  ,, ,  - VS - ,BETONLINE,0.00,0.00,,,,,0.4777898158,0.5222101842,,,0,0,0,0.00%,,,WINNER,,LOSER,,0,WINNER,1,,0.00%,ROUND,WINNER, - WINNER -  
 - LOSER -  ,, ,  - VS - ,BETONLINE,0.00,0.00,,,,,0.5,0.5,,,0,0,0,0.00%,,,WINNER,,LOSER,,0,WINNER,1,,0.00%,ROUND,WINNER, - WINNER -  
 - LOSER -  ,, ,  - VS - ,BETONLINE,0.00,0.00,,,,,0.5297741273,0.4702258727,,,0,0,0,0.00%,,,WINNER,,LOSER,,0,WINNER,1,,0.00%,ROUND,WINNER, - WINNER -  
 - LOSER -  ,, ,  - VS - ,BETONLINE,0.00,0.00,,,,,0.5188159706,0.4811840294,,,0,0,0,0.00%,,,WINNER,,LOSER,,0,WINNER,1,,0.00%,ROUND,WINNER, - WINNER -  
 - LOSER -  ,, ,  - VS - ,BETONLINE,0.00,0.00,,,,,0.499460742,0.500539258,,,0,0,0,0.00%,,,WINNER,,LOSER,,0,WINNER,1,,0.00%,ROUND,WINNER, - WINNER -  
 - LOSER - ,,,,BETONLINE,,,,,,,0.5088654332,0.4911345668,,,0,0,0,0.00%,,,WINNER,,LOSER,,0,WINNER,1,,0.00%,ROUND,WINNER, - WINNER - 
 - LOSER - ,,,,BETONLINE,,,,,,,0.520661157,0.479338843,,,0,0,0,0.00%,,,WINNER,,LOSER,,0,WINNER,1,,0.00%,ROUND,WINNER, - WINNER - 
 - LOSER - ,,,,BETONLINE,,,,,,,0.4806629834,0.5193370166,,,0,0,0,0.00%,,,WINNER,,LOSER,,0,WINNER,1,,0.00%,ROUND,WINNER, - WINNER - 
 - LOSER - ,,,,BETONLINE,,,,,,,0.5,0.5,,,0,0,0,0.00%,,,WINNER,,LOSER,,0,WINNER,1,,0.00%,ROUND,WINNER, - WINNER - 
 - LOSER - ,,,,BETONLINE,,,,,,,0.5217391304,0.4782608696,,,0,0,0,0.00%,,,WINNER,,LOSER,,0,WINNER,1,,0.00%,ROUND,WINNER, - WINNER - 
 - LOSER - ,,,,BETONLINE,,,,,,,0.5,0.5,,,0,0,0,0.00%,,,WINNER,,LOSER,,0,WINNER,1,,0.00%,ROUND,WINNER, - WINNER - 
 - LOSER - ,,,,BETONLINE,,,,,,,0.5203045685,0.4796954315,,,0,0,0,0.00%,,,WINNER,,LOSER,,0,WINNER,1,,0.00%,ROUND,WINNER, - WINNER - 
 - LOSER - ,,,,BETONLINE,,,,,,,0.5208602779,0.4791397221,,,0,0,0,0.00%,,,WINNER,,LOSER,,0,WINNER,1,,0.00%,ROUND,WINNER, - WINNER - 
 - LOSER - ,,,,BETONLINE,,,,,,,0.5217391304,0.4782608696,,,0,0,0,0.00%,,,WINNER,,LOSER,,0,WINNER,1,,0.00%,ROUND,WINNER, - WINNER - 
 - LOSER - ,,,,BETONLINE,,,,,,,0.4782608696,0.5217391304,,,0,0,0,0.00%,,,WINNER,,LOSER,,0,WINNER,1,,0.00%,ROUND,WINNER, - WINNER - 
 - LOSER - ,,,,BETONLINE,,,,,,,0.5146705928,0.4853294072,,,0,0,0,0.00%,,,WINNER,,LOSER,,0,WINNER,1,,0.00%,ROUND,WINNER, - WINNER - 
 - LOSER - ,,,,BETONLINE,,,,,,,0.4782608696,0.5217391304,,,0,0,0,0.00%,,,WINNER,,LOSER,,0,WINNER,1,,0.00%,ROUND,WINNER, - WINNER - 
 - LOSER - ,,,,BETONLINE,,,,,,,0.4782608696,0.5217391304,,,0,0,0,0.00%,,,WINNER,,LOSER,,0,WINNER,1,,0.00%,ROUND,WINNER, - WINNER - 
 - LOSER - ,,,,BETONLINE,,,,,,,0.5108342362,0.4891657638,,,0,0,0,0.00%,,,WINNER,,LOSER,,0,WINNER,1,,0.00%,ROUND,WINNER, - WINNER - 
 - LOSER - ,,,,BETONLINE,,,,,,,0.5108342362,0.4891657638,,,0,0,0,0.00%,,,WINNER,,LOSER,,0,WINNER,1,,0.00%,ROUND,WINNER, - WINNER - 
 - LOSER - ,,,,BETONLINE,,,,,,,0.5173641257,0.4826358743,,,0,0,0,0.00%,,,WINNER,,LOSER,,0,WINNER,1,,0.00%,ROUND,WINNER, - WINNER - 
 - LOSER - ,,,,BETONLINE,,,,,,,0.4801120955,0.5198879045,,,0,0,0,0.00%,,,WINNER,,LOSER,,0,WINNER,1,,0.00%,ROUND,WINNER, - WINNER - 
 - LOSER - ,,,,BETONLINE,,,,,,,0.5,0.5,,,0,0,0,0.00%,,,WINNER,,LOSER,,0,WINNER,1,,0.00%,ROUND,WINNER, - WINNER - 
 - LOSER - ,,,,BETONLINE,,,,,,,0.5217391304,0.4782608696,,,0,0,0,0.00%,,,WINNER,,LOSER,,0,WINNER,1,,0.00%,ROUND,WINNER, - WINNER - 
 - LOSER - ,,,,BETONLINE,,,,,,,0.4794204807,0.5205795193,,,0,0,0,0.00%,,,WINNER,,LOSER,,0,WINNER,1,,0.00%,ROUND,WINNER, - WINNER - 
 - LOSER - ,,,,BETONLINE,,,,,,,0.4956702459,0.5043297541,,,0,0,0,0.00%,,,WINNER,,LOSER,,0,WINNER,1,,0.00%,ROUND,WINNER, - WINNER - 
 - LOSER - ,,,,BETONLINE,,,,,,,0.4935039626,0.5064960374,,,0,0,0,0.00%,,,WINNER,,LOSER,,0,WINNER,1,,0.00%,ROUND,WINNER, - WINNER - 
 - LOSER - ,,,,BETONLINE,,,,,,,,,,,0,0,0,0.00%,,,WINNER,,LOSER,,0,WINNER,1,,0.00%,ROUND,WINNER, - WINNER - 
 - LOSER - ,,,,BETONLINE,,,,,,,,,,,0,0,0,0.00%,,,WINNER,,LOSER,,0,WINNER,1,,0.00%,ROUND,WINNER, - WINNER - 
 - LOSER - ,,,,BETONLINE,,,,,,,,,,,0,0,0,0.00%,,,WINNER,,LOSER,,0,WINNER,1,,0.00%,ROUND,WINNER, - WINNER - 
 - LOSER - ,,,,BETONLINE,,,,,,,,,,,0,0,0,0.00%,,,WINNER,,LOSER,,0,WINNER,1,,0.00%,ROUND,WINNER, - WINNER - 
 - LOSER - ,,,,BETONLINE,,,,,,,,,,,0,0,0,0.00%,,,WINNER,,LOSER,,0,WINNER,1,,0.00%,ROUND,WINNER, - WINNER - 
,,,,,,,,,,,,,,,,0,0,0.00%,,,WINNER,,LOSER,,0,WINNER,1,,0.00%,ROUND,,
,,,,,,,,,,,,,,,,0,0,0.00%,,,WINNER,,LOSER,,0,WINNER,1,,0.00%,ROUND,,
,,,,,,,,,,,,,,,,0,0,0.00%,,,WINNER,,LOSER,,0,WINNER,1,,0.00%,ROUND,,
,,,,,,,,,,,,,,,,0,0,0.00%,,,WINNER,,LOSER,,0,WINNER,1,,0.00%,ROUND,,
Johnny Keefer - LOSER - David Lipsky,Johnny Keefer,David Lipsky,David Lipsky - VS - Johnny Keefer,PINNACLE,0.00,0.00,,,,,0.5174283501,0.4825716499,41.755,31.82,73.575,0.56751614,0.43248386,0.00%,,,WINNER,,LOSER,,0.13503228,LOSER,0,,0.00%,ROUND,WINNER,Johnny Keefer - WINNER - David Lipsky
Jackson Suber - LOSER - Doug Ghim,Jackson Suber,Doug Ghim,Doug Ghim - VS - Jackson Suber,PINNACLE,0.00,0.00,,,,,0.4777898158,0.5222101842,42.70833333,45.57333333,88.28166667,0.4837735279,0.5162264721,0.00%,,,WINNER,,LOSER,,-0.03245294417,WINNER,1,,0.00%,ROUND,WINNER,Jackson Suber - WINNER - Doug Ghim
Denny McCarthy - LOSER - Patrick Rodgers,Denny McCarthy,Patrick Rodgers,Patrick Rodgers - VS - Denny McCarthy,PINNACLE,0.00,0.00,,,,,0.5,0.5,37.44166667,36.56666667,74.00833333,0.5059114965,0.4940885035,0.00%,,,WINNER,,LOSER,,0.01182299291,LOSER,0,,0.00%,ROUND,WINNER,Denny McCarthy - WINNER - Patrick Rodgers
Jackson Koivun - LOSER - Ben James,Jackson Koivun,Ben James,Ben James - VS - Jackson Koivun,PINNACLE,-147.00,117.00,1.680272109,2.17,0.5246718642,0.475328136,0.5297741273,0.4702258727,44.89675439,44.89675439,89.79350877,0.5,0.5,0.00%,0.51%,-0.51%,WINNER,-2.47%,LOSER,2.47%,0,WINNER,1,-2.47%,-0.51%,ROUND,LOSER,Jackson Koivun - LOSER - Ben James
Michael Brennan - LOSER - Kevin Yu,Michael Brennan,Kevin Yu,Kevin Yu - VS - Michael Brennan,PINNACLE,0.00,0.00,,,,,0.5188159706,0.4811840294,44.11,42.54166667,86.65166667,0.5090496432,0.4909503568,0.00%,,,WINNER,,LOSER,,0.01809928641,LOSER,0,,0.00%,ROUND,WINNER,Michael Brennan - WINNER - Kevin Yu
Steven Fisk - LOSER - Stephan Jaeger,Steven Fisk,Stephan Jaeger,Stephan Jaeger - VS - Steven Fisk,PINNACLE,0.00,0.00,,,,,0.499460742,0.500539258,37.37166667,40.02833333,77.4,0.4828380706,0.5171619294,0.00%,,,WINNER,,LOSER,,-0.03432385874,WINNER,1,,0.00%,ROUND,WINNER,Steven Fisk - WINNER - Stephan Jaeger
Neal Shipley - WINNER - Harry Hall,Neal Shipley,Harry Hall,Harry Hall - VS - Neal Shipley,PINNACLE,-129.00,-101.00,1.775193798,1.99009901,0.5285376493,0.471462351,0.5088654332,0.4911345668,40.91333333,41.46333333,82.37666667,0.496661676,0.503338324,0.00%,-1.97%,1.97%,WINNER,-3.19%,WINNER,3.19%,-0.006676647918,WINNER,1,-3.19%,1.97%,ROUND,LOSER,Neal Shipley - LOSER - Harry Hall
Matt McCarty - LOSER - Zac Blair,Matt McCarty,Zac Blair,Zac Blair - VS - Matt McCarty,PINNACLE,0.00,0.00,,,,,0.520661157,0.479338843,0,35.95833333,35.95833333,0,1,0.00%,,,WINNER,,LOSER,,-1,WINNER,1,,0.00%,ROUND,WINNER,Matt McCarty - WINNER - Zac Blair
Rico Hoey - LOSER - Matt Wallace,Rico Hoey,Matt Wallace,Matt Wallace - VS - Rico Hoey,PINNACLE,0.00,0.00,,,,,0.4806629834,0.5193370166,41.72,43.17,84.89,0.4914595359,0.5085404641,0.00%,,,WINNER,,LOSER,,-0.01708092826,WINNER,1,,0.00%,ROUND,WINNER,Rico Hoey - WINNER - Matt Wallace
Trace Crowe - LOSER - Patrick Fishburn,Trace Crowe,Patrick Fishburn,Patrick Fishburn - VS - Trace Crowe,PINNACLE,0.00,0.00,,,,,0.5,0.5,35.26166667,35.695,70.95666667,0.4969464932,0.5030535068,0.00%,,,WINNER,,LOSER,,-0.00610701367,WINNER,1,,0.00%,ROUND,WINNER,Trace Crowe - WINNER - Patrick Fishburn
Jordan Smith - LOSER - Kevin Roy,Jordan Smith,Kevin Roy,Kevin Roy - VS - Jordan Smith,PINNACLE,0.00,0.00,,,,,0.5217391304,0.4782608696,41.215,41.215,82.43,0.5,0.5,0.00%,,,WINNER,,LOSER,,0,WINNER,1,,0.00%,ROUND,WINNER,Jordan Smith - WINNER - Kevin Roy
Taylor Moore - LOSER - Matthieu Pavon,Taylor Moore,Matthieu Pavon,Matthieu Pavon - VS - Taylor Moore,PINNACLE,0.00,0.00,,,,,0.5,0.5,37.42666667,33.17333333,70.6,0.5301227573,0.4698772427,0.00%,,,WINNER,,LOSER,,0.06024551464,LOSER,0,,0.00%,ROUND,WINNER,Taylor Moore - WINNER - Matthieu Pavon
Christiaan Bezuidenhout - LOSER - John Parry,Christiaan Bezuidenhout,John Parry,John Parry - VS - Christiaan Bezuidenhout,PINNACLE,0.00,0.00,,,,,0.5203045685,0.4796954315,41.08166667,40.42,81.50166667,0.5040592217,0.4959407783,0.00%,,,WINNER,,LOSER,,0.008118443386,LOSER,0,,0.00%,ROUND,WINNER,Christiaan Bezuidenhout - WINNER - John Parry
Maverick McNealy - LOSER - Chris Kirk,Maverick McNealy,Chris Kirk,Chris Kirk - VS - Maverick McNealy,PINNACLE,0.00,0.00,,,,,0.5208602779,0.4791397221,44.815,42.29833333,87.11333333,0.5144447846,0.4855552154,0.00%,,,WINNER,,LOSER,,0.02888956914,LOSER,0,,0.00%,ROUND,WINNER,Maverick McNealy - WINNER - Chris Kirk
Max Homa - LOSER - Billy Horschel,Max Homa,Billy Horschel,Billy Horschel - VS - Max Homa,PINNACLE,0.00,0.00,,,,,0.5217391304,0.4782608696,42.85333333,41.305,84.15833333,0.5091989306,0.4908010694,0.00%,,,WINNER,,LOSER,,0.01839786117,LOSER,0,,0.00%,ROUND,WINNER,Max Homa - WINNER - Billy Horschel
Eric Cole - LOSER - Nick Taylor,Eric Cole,Nick Taylor,Nick Taylor - VS - Eric Cole,PINNACLE,100.00,-130.00,2,1.769230769,0.4693877551,0.530612245,0.4782608696,0.5217391304,43.53333333,41.82166667,85.355,0.510026751,0.489973249,0.00%,0.89%,-0.89%,LOSER,4.06%,LOSER,4.06%,0.02005350204,LOSER,1,4.06%,-0.89%,ROUND,WINNER,Eric Cole - WINNER - Nick Taylor
Aldrich Potgieter - WINNER - Tony Finau,Aldrich Potgieter,Tony Finau,Tony Finau - VS - Aldrich Potgieter,PINNACLE,-124.00,-106.00,1.806451613,1.943396226,0.5182600227,0.481739977,0.5146705928,0.4853294072,39.74333333,38.155,77.89833333,0.5101949122,0.4898050878,0.00%,-0.36%,0.36%,WINNER,-0.81%,WINNER,,0.02038982434,LOSER,0,-0.81%,0.36%,ROUND,LOSER,Aldrich Potgieter - LOSER - Tony Finau
Pierceson Coody - LOSER - Ben Kohles,Pierceson Coody,Ben Kohles,Ben Kohles - VS - Pierceson Coody,PINNACLE,0.00,0.00,,,,,0.4782608696,0.5217391304,41.47833333,42.53166667,84.01,0.4937309051,0.5062690949,0.00%,,,WINNER,,LOSER,,-0.0125381899,WINNER,1,,0.00%,ROUND,WINNER,Pierceson Coody - WINNER - Ben Kohles
Lee Hodges - LOSER - Emiliano Grillo,Lee Hodges,Emiliano Grillo,Emiliano Grillo - VS - Lee Hodges,PINNACLE,0.00,0.00,,,,,0.4782608696,0.5217391304,39.33666667,40.33166667,79.66833333,0.4937553608,0.5062446392,0.00%,,,WINNER,,LOSER,,-0.01248927847,WINNER,1,,0.00%,ROUND,WINNER,Lee Hodges - WINNER - Emiliano Grillo
Marco Penge - LOSER - Kristoffer Ventura,Marco Penge,Kristoffer Ventura,Kristoffer Ventura - VS - Marco Penge,PINNACLE,0.00,0.00,,,,,0.5108342362,0.4891657638,44.98333333,44.98333333,89.96666667,0.5,0.5,0.00%,,,WINNER,,LOSER,,0,WINNER,1,,0.00%,ROUND,WINNER,Marco Penge - WINNER - Kristoffer Ventura
Johnny Keefer - LOSER - Mac Meissner,Johnny Keefer,Mac Meissner,Mac Meissner - VS - Johnny Keefer,PINNACLE,0.00,0.00,,,,,0.5108342362,0.4891657638,41.755,41.38333333,83.13833333,0.5022352304,0.4977647696,0.00%,,,WINNER,,LOSER,,0.004470460878,LOSER,0,,0.00%,ROUND,WINNER,Johnny Keefer - WINNER - Mac Meissner
Sudarshan Yellamaraju - LOSER - Denny McCarthy,Sudarshan Yellamaraju,Denny McCarthy,Denny McCarthy - VS - Sudarshan Yellamaraju,PINNACLE,0.00,0.00,,,,,0.5173641257,0.4826358743,36.68333333,37.44166667,74.125,0.4948847667,0.5051152333,0.00%,,,WINNER,,LOSER,,-0.01023046655,WINNER,1,,0.00%,ROUND,WINNER,Sudarshan Yellamaraju - WINNER - Denny McCarthy
Rasmus Hojgaard - LOSER - Max Greyserman,Rasmus Hojgaard,Max Greyserman,Max Greyserman - VS - Rasmus Hojgaard,PINNACLE,0.00,0.00,,,,,0.4801120955,0.5198879045,41.64166667,40.47666667,82.11833333,0.5070934221,0.4929065779,0.00%,,,WINNER,,LOSER,,0.01418684419,LOSER,0,,0.00%,ROUND,WINNER,Rasmus Hojgaard - WINNER - Max Greyserman
Davis Thompson - LOSER - Harry Hall,Davis Thompson,Harry Hall,Harry Hall - VS - Davis Thompson,PINNACLE,0.00,0.00,,,,,0.5,0.5,41.78,41.46333333,83.24333333,0.5019020542,0.4980979458,0.00%,,,WINNER,,LOSER,,0.003804108437,LOSER,0,,0.00%,ROUND,WINNER,Davis Thompson - WINNER - Harry Hall
Neal Shipley - LOSER - Matt McCarty,Neal Shipley,Matt McCarty,Matt McCarty - VS - Neal Shipley,PINNACLE,0.00,0.00,,,,,0.5217391304,0.4782608696,40.91333333,0,40.91333333,1,0,0.00%,,,WINNER,,LOSER,,1,LOSER,0,,0.00%,ROUND,WINNER,Neal Shipley - WINNER - Matt McCarty
William Mouw - LOSER - Max McGreevy,William Mouw,Max McGreevy,Max McGreevy - VS - William Mouw,PINNACLE,0.00,0.00,,,,,0.4794204807,0.5205795193,36.83833333,35.68666667,72.525,0.5079397909,0.4920602091,0.00%,,,WINNER,,LOSER,,0.01587958175,LOSER,0,,0.00%,ROUND,WINNER,William Mouw - WINNER - Max McGreevy
Chandler Phillips - LOSER - Seamus Power,Chandler Phillips,Seamus Power,Seamus Power - VS - Chandler Phillips,PINNACLE,0.00,0.00,,,,,0.4956702459,0.5043297541,36.47833333,37.32,73.79833333,0.4942975225,0.5057024775,0.00%,,,WINNER,,LOSER,,-0.01140495494,WINNER,1,,0.00%,ROUND,WINNER,Chandler Phillips - WINNER - Seamus Power
Haotong Li - LOSER - Joel Dahmen,Haotong Li,Joel Dahmen,Joel Dahmen - VS - Haotong Li,PINNACLE,0.00,0.00,,,,,0.4935039626,0.5064960374,34.33166667,34.33166667,68.66333333,0.5,0.5,0.00%,,,WINNER,,LOSER,,0,WINNER,1,,0.00%,ROUND,WINNER,Haotong Li - WINNER - Joel Dahmen
Hank Lebioda - LOSER - Matthieu Pavon,Hank Lebioda,Matthieu Pavon,Matthieu Pavon - VS - Hank Lebioda,PINNACLE,0.00,0.00,,,,,,,31.485,33.17333333,64.65833333,0.4869441938,0.5130558062,0.00%,,,WINNER,,LOSER,,-0.02611161232,WINNER,1,,0.00%,ROUND,WINNER,Hank Lebioda - WINNER - Matthieu Pavon
Taylor Moore - LOSER - Kevin Roy,Taylor Moore,Kevin Roy,Kevin Roy - VS - Taylor Moore,PINNACLE,0.00,0.00,,,,,,,37.42666667,41.215,78.64166667,0.4759139557,0.5240860443,0.00%,,,WINNER,,LOSER,,-0.04817208859,WINNER,1,,0.00%,ROUND,WINNER,Taylor Moore - WINNER - Kevin Roy
Zach Bauchou - LOSER - Christiaan Bezuidenhout,Zach Bauchou,Christiaan Bezuidenhout,Christiaan Bezuidenhout - VS - Zach Bauchou,PINNACLE,0.00,0.00,,,,,,,41.08166667,41.08166667,82.16333333,0.5,0.5,0.00%,,,WINNER,,LOSER,,0,WINNER,1,,0.00%,ROUND,WINNER,Zach Bauchou - WINNER - Christiaan Bezuidenhout
Pierceson Coody - LOSER - Tony Finau,Pierceson Coody,Tony Finau,Tony Finau - VS - Pierceson Coody,PINNACLE,0.00,0.00,,,,,,,41.47833333,38.155,79.63333333,0.5208664713,0.4791335287,0.00%,,,WINNER,,LOSER,,0.04173294265,LOSER,0,,0.00%,ROUND,WINNER,Pierceson Coody - WINNER - Tony Finau
Ben Kohles - LOSER - Emiliano Grillo,Ben Kohles,Emiliano Grillo,Emiliano Grillo - VS - Ben Kohles,PINNACLE,0.00,0.00,,,,,,,42.53166667,40.33166667,82.86333333,0.5132748703,0.4867251297,0.00%,,,WINNER,,LOSER,,0.02654974054,LOSER,0,,0.00%,ROUND,WINNER,Ben Kohles - WINNER - Emiliano Grillo
Johnny Keefer - LOSER - Doug Ghim,Johnny Keefer,Doug Ghim,Doug Ghim - VS - Johnny Keefer,PINNACLE,0.00,0.00,,,,,,,41.755,45.57333333,87.32833333,0.4781380613,0.5218619387,0.00%,,,WINNER,,LOSER,,-0.04372387732,WINNER,1,,0.00%,ROUND,WINNER,Johnny Keefer - WINNER - Doug Ghim
Neal Shipley - LOSER - Jackson Suber,Neal Shipley,Jackson Suber,Jackson Suber - VS - Neal Shipley,PINNACLE,0.00,0.00,,,,,,,40.91333333,42.70833333,83.62166667,0.4892671357,0.5107328643,0.00%,,,WINNER,,LOSER,,-0.02146572858,WINNER,1,,0.00%,ROUND,WINNER,Neal Shipley - WINNER - Jackson Suber
Ben James - LOSER - Michael Brennan,Ben James,Michael Brennan,Michael Brennan - VS - Ben James,PINNACLE,0.00,0.00,,,,,,,44.11,44.11,88.22,0.5,0.5,0.00%,,,WINNER,,LOSER,,0,WINNER,1,,0.00%,ROUND,WINNER,Ben James - WINNER - Michael Brennan
Matt McCarty - LOSER - Kevin Yu,Matt McCarty,Kevin Yu,Kevin Yu - VS - Matt McCarty,PINNACLE,0.00,0.00,,,,,,,0,42.54166667,42.54166667,0,1,0.00%,,,WINNER,,LOSER,,-1,WINNER,1,,0.00%,ROUND,WINNER,Matt McCarty - WINNER - Kevin Yu
Garrick Higgo - LOSER - Rico Hoey,Garrick Higgo,Rico Hoey,Rico Hoey - VS - Garrick Higgo,PINNACLE,0.00,0.00,,,,,,,33.325,41.72,75.045,0.4440668932,0.5559331068,0.00%,,,WINNER,,LOSER,,-0.1118662136,WINNER,1,,0.00%,ROUND,WINNER,Garrick Higgo - WINNER - Rico Hoey
Harry Hall - LOSER - Max McGreevy,Harry Hall,Max McGreevy,Max McGreevy - VS - Harry Hall,PINNACLE,0.00,0.00,,,,,,,41.46333333,35.68666667,77.15,0.5374378916,0.4625621084,0.00%,,,WINNER,,LOSER,,0.07487578311,LOSER,0,,0.00%,ROUND,WINNER,Harry Hall - WINNER - Max McGreevy
David Ford - LOSER - Jesper Svensson,David Ford,Jesper Svensson,Jesper Svensson - VS - David Ford,PINNACLE,0.00,0.00,,,,,,,36.44333333,35.69833333,72.14166667,0.5051634515,0.4948365485,0.00%,,,WINNER,,LOSER,,0.01032690308,LOSER,0,,0.00%,ROUND,WINNER,David Ford - WINNER - Jesper Svensson
Christiaan Bezuidenhout - LOSER - Mackenzie Hughes,Christiaan Bezuidenhout,Mackenzie Hughes,Mackenzie Hughes - VS - Christiaan Bezuidenhout,PINNACLE,0.00,0.00,,,,,0.5263157895,0.4736842105,41.08166667,40.705,81.78666667,0.5023027388,0.4976972612,0.00%,,,WINNER,,LOSER,,0.004605477665,LOSER,0,,0.00%,ROUND,WINNER,Christiaan Bezuidenhout - WINNER - Mackenzie Hughes
Takumi Kanaya - LOSER - Tony Finau,Takumi Kanaya,Tony Finau,Tony Finau - VS - Takumi Kanaya,PINNACLE,0.00,0.00,,,,,0.5,0.5,35.14,38.155,73.295,0.4794324306,0.5205675694,0.00%,,,WINNER,,LOSER,,-0.04113513882,WINNER,1,,0.00%,ROUND,WINNER,Takumi Kanaya - WINNER - Tony Finau
Jackson Koivun - LOSER - Rasmus Hojgaard,Jackson Koivun,Rasmus Hojgaard,Rasmus Hojgaard - VS - Jackson Koivun,PINNACLE,0.00,0.00,,,,,0.5273184759,0.4726815241,44.89675439,41.64166667,86.53842105,0.5188071823,0.4811928177,0.00%,,,WINNER,,LOSER,,0.03761436458,LOSER,0,,0.00%,ROUND,WINNER,Jackson Koivun - WINNER - Rasmus Hojgaard
Nick Taylor - LOSER - Billy Horschel,Nick Taylor,Billy Horschel,Billy Horschel - VS - Nick Taylor,PINNACLE,0.00,0.00,,,,,0.5,0.5,41.82166667,41.305,83.12666667,0.5031077071,0.4968922929,0.00%,,,WINNER,,LOSER,,0.006215414227,LOSER,0,,0.00%,ROUND,WINNER,Nick Taylor - WINNER - Billy Horschel
Sudarshan Yellamaraju - LOSER - Doug Ghim,Sudarshan Yellamaraju,Doug Ghim,Doug Ghim - VS - Sudarshan Yellamaraju,PINNACLE,0.00,0.00,,,,,0.4807692308,0.5192307692,36.68333333,45.57333333,82.25666667,0.4459618268,0.5540381732,0.00%,,,WINNER,,LOSER,,-0.1080763464,WINNER,1,,0.00%,ROUND,WINNER,Sudarshan Yellamaraju - WINNER - Doug Ghim
Max Homa - LOSER - Chris Kirk,Max Homa,Chris Kirk,Chris Kirk - VS - Max Homa,PINNACLE,0.00,0.00,,,,,0.5263157895,0.4736842105,42.85333333,42.29833333,85.15166667,0.503258891,0.496741109,0.00%,,,WINNER,,LOSER,,0.006517781997,LOSER,0,,0.00%,ROUND,WINNER,Max Homa - WINNER - Chris Kirk
Doug Ghim - LOSER - Kevin Yu,Doug Ghim,Kevin Yu,Kevin Yu - VS - Doug Ghim,PINNACLE,-163.00,130.00,1.613496933,2.3,0.5230189732,0.476981027,0.5230189732,0.4769810268,45.57333333,42.54166667,88.115,0.5172028977,0.4827971023,0.00%,0.00%,0.00%,WINNER,-0.58%,LOSER,,0.03440579546,LOSER,0,-0.58%,0.00%,ROUND,LOSER,Doug Ghim - LOSER - Kevin Yu
Davis Thompson - LOSER - Matt Wallace,Davis Thompson,Matt Wallace,Matt Wallace - VS - Davis Thompson,PINNACLE,104.00,-134.00,2.04,1.746268657,0.4709707385,0.529029261,0.4709707385,0.5290292615,41.78,43.17,84.95,0.4918187169,0.5081812831,0.00%,0.00%,0.00%,LOSER,2.08%,LOSER,,-0.01636256622,WINNER,0,2.08%,0.00%,ROUND,WINNER,Davis Thompson - WINNER - Matt Wallace
Kristoffer Ventura - LOSER - Beau Hossler,Kristoffer Ventura,Beau Hossler,Beau Hossler - VS - Kristoffer Ventura,PINNACLE,-125.00,-105.00,1.8,1.952380952,0.5203045685,0.479695431,0.5203045685,0.4796954315,43.22333333,43.22333333,86.44666667,0.5,0.5,0.00%,0.00%,0.00%,WINNER,-2.03%,LOSER,2.03%,0,WINNER,1,-2.03%,0.00%,ROUND,LOSER,Kristoffer Ventura - LOSER - Beau Hossler
Steven Fisk - WINNER - Rico Hoey,Steven Fisk,Rico Hoey,Rico Hoey - VS - Steven Fisk,PINNACLE,-108.00,-122.00,1.925925926,1.819672131,0.4858161777,0.514183822,0.4837800576,0.5162199424,37.37166667,41.72,79.09166667,0.4725107997,0.5274892003,0.00%,-0.20%,0.20%,LOSER,-1.33%,WINNER,,-0.05497840059,WINNER,0,-1.33%,0.20%,ROUND,LOSER,Steven Fisk - LOSER - Rico Hoey
Kevin Roy - LOSER - Christiaan Bezuidenhout,Kevin Roy,Christiaan Bezuidenhout,Christiaan Bezuidenhout - VS - Kevin Roy,PINNACLE,-116.00,-114.00,1.862068966,1.877192982,0.5020223265,0.497977674,0.5020223265,0.4979776735,41.215,41.08166667,82.29666667,0.5008100774,0.4991899226,0.00%,0.00%,0.00%,WINNER,-0.12%,LOSER,,0.001620154725,LOSER,0,-0.12%,0.00%,ROUND,LOSER,Kevin Roy - LOSER - Christiaan Bezuidenhout
Pierceson Coody - LOSER - Emiliano Grillo,Pierceson Coody,Emiliano Grillo,Emiliano Grillo - VS - Pierceson Coody,PINNACLE,-104.00,-126.00,1.961538462,1.793650794,0.4776459112,0.522354089,0.4776459112,0.5223540888,41.47833333,40.33166667,81.81,0.5070081082,0.4929918918,0.00%,0.00%,0.00%,LOSER,2.94%,LOSER,2.94%,0.01401621644,LOSER,1,2.94%,0.00%,ROUND,WINNER,Pierceson Coody - WINNER - Emiliano Grillo
William Mouw - LOSER - Seamus Power,William Mouw,Seamus Power,Seamus Power - VS - William Mouw,PINNACLE,-126.00,-104.00,1.793650794,1.961538462,0.5223540888,0.477645911,0.5223540888,0.4776459112,36.83833333,37.32,74.15833333,0.4967524441,0.5032475559,0.00%,0.00%,0.00%,WINNER,-2.56%,LOSER,2.56%,-0.00649511181,WINNER,1,-2.56%,0.00%,ROUND,LOSER,William Mouw - LOSER - Seamus Power
Takumi Kanaya - LOSER - Max Homa,Takumi Kanaya,Max Homa,Max Homa - VS - Takumi Kanaya,PINNACLE,-113.00,-117.00,1.884955752,1.854700855,0.4959548562,0.504045144,0.4959548562,0.5040451438,35.14,42.85333333,77.99333333,0.4505513292,0.5494486708,0.00%,0.00%,0.00%,LOSER,-4.54%,LOSER,,-0.09889734165,WINNER,0,-4.54%,0.00%,ROUND,LOSER,Takumi Kanaya - LOSER - Max Homa
Davis Chatfield - LOSER - Chad Ramey,Davis Chatfield,Chad Ramey,Chad Ramey - VS - Davis Chatfield,PINNACLE,-112.00,-118.00,1.892857143,1.847457627,0.4939310568,0.506068943,0.4939310568,0.5060689432,35.55833333,35.85,71.40833333,0.4979577547,0.5020422453,0.00%,0.00%,0.00%,LOSER,0.40%,LOSER,,-0.004084490606,WINNER,0,0.40%,0.00%,ROUND,WINNER,Davis Chatfield - WINNER - Chad Ramey
Stephan Jaeger - LOSER - Mark Hubbard,Stephan Jaeger,Mark Hubbard,Mark Hubbard - VS - Stephan Jaeger,PINNACLE,-132.00,102.00,1.757575758,2.02,0.5298044826,0.470195517,0.5298044826,0.4701955174,40.02833333,33.04833333,73.07666667,0.5477580623,0.4522419377,0.00%,0.00%,0.00%,WINNER,1.80%,LOSER,,0.09551612462,LOSER,0,1.80%,0.00%,ROUND,WINNER,Stephan Jaeger - WINNER - Mark Hubbard
Paul Peterson - LOSER - Haotong Li,Paul Peterson,Haotong Li,Haotong Li - VS - Paul Peterson,PINNACLE,101.00,-131.00,2.01,1.763358779,0.4697958197,0.530204180,0.4697958197,0.5302041803,31.175,31.175,62.35,0.5,0.5,0.00%,0.00%,0.00%,LOSER,3.02%,LOSER,,0,WINNER,0,3.02%,0.00%,ROUND,WINNER,Paul Peterson - WINNER - Haotong Li
Taylor Moore - LOSER - Hank Lebioda,Taylor Moore,Hank Lebioda,Hank Lebioda - VS - Taylor Moore,PINNACLE,-140.00,110.00,1.714285714,2.1,0.5268817204,0.473118280,0.5268817204,0.4731182796,37.42666667,31.485,68.91166667,0.5431107456,0.4568892544,0.00%,0.00%,0.00%,WINNER,1.62%,LOSER,,0.08622149128,LOSER,0,1.62%,0.00%,ROUND,WINNER,Taylor Moore - WINNER - Hank Lebioda
Michael Brennan - LOSER - Mac Meissner,Michael Brennan,Mac Meissner,Mac Meissner - VS - Michael Brennan,PINNACLE,-134.00,104.00,1.746268657,2.04,0.5290292615,0.470970739,0.5290292615,0.4709707385,44.11,41.38333333,85.49333333,0.5159466625,0.4840533375,0.00%,0.00%,0.00%,WINNER,-1.31%,LOSER,,0.03189332502,LOSER,0,-1.31%,0.00%,ROUND,LOSER,Michael Brennan - LOSER - Mac Meissner
Johnny Keefer - LOSER - Jackson Suber,Johnny Keefer,Jackson Suber,Jackson Suber - VS - Johnny Keefer,PINNACLE,-123.00,-107.00,1.81300813,1.934579439,0.5162199424,0.483780058,0.5162199424,0.4837800576,41.755,42.70833333,84.46333333,0.4943565255,0.5056434745,0.00%,0.00%,0.00%,WINNER,-2.19%,LOSER,2.19%,-0.01128694897,WINNER,1,-2.19%,0.00%,ROUND,LOSER,Johnny Keefer - LOSER - Jackson Suber
Jordan Smith - LOSER - Mackenzie Hughes,Jordan Smith,Mackenzie Hughes,Mackenzie Hughes - VS - Jordan Smith,PINNACLE,-187.00,148.00,1.534759358,2.48,0.5219466078,0.478053392,0.5219466078,0.4780533922,40.705,40.705,81.41,0.5,0.5,0.00%,0.00%,0.00%,WINNER,-2.19%,LOSER,2.19%,0,WINNER,1,-2.19%,0.00%,ROUND,LOSER,Jordan Smith - LOSER - Mackenzie Hughes
John Parry - LOSER - Chris Kirk,John Parry,Chris Kirk,Chris Kirk - VS - John Parry,PINNACLE,-107.00,-123.00,1.934579439,1.81300813,0.4837800576,0.516219942,0.4837800576,0.5162199424,40.42,42.29833333,82.71833333,0.488646209,0.511353791,0.00%,0.00%,0.00%,LOSER,0.49%,LOSER,,-0.02270758195,WINNER,0,0.49%,0.00%,ROUND,WINNER,John Parry - WINNER - Chris Kirk
Marco Penge - LOSER - Ben Kohles,Marco Penge,Ben Kohles,Ben Kohles - VS - Marco Penge,PINNACLE,-106.00,-124.00,1.943396226,1.806451613,0.4817399773,0.518260023,0.4817399773,0.5182600227,44.98333333,42.53166667,87.515,0.5140071226,0.4859928774,0.00%,0.00%,0.00%,LOSER,3.23%,LOSER,3.23%,0.02801424518,LOSER,1,3.23%,0.00%,ROUND,WINNER,Marco Penge - WINNER - Ben Kohles
Lee Hodges - LOSER - Austin Smotherman,Lee Hodges,Austin Smotherman,Austin Smotherman - VS - Lee Hodges,PINNACLE,-110.00,-120.00,1.909090909,1.833333333,0.4898785425,0.510121457,0.4898785425,0.5101214575,39.33666667,37.10166667,76.43833333,0.514619628,0.485380372,0.00%,0.00%,0.00%,LOSER,2.47%,LOSER,2.47%,0.02923925605,LOSER,1,2.47%,0.00%,ROUND,WINNER,Lee Hodges - WINNER - Austin Smotherman
Trace Crowe - LOSER - Chandler Phillips,Trace Crowe,Chandler Phillips,Chandler Phillips - VS - Trace Crowe,PINNACLE,108.00,-138.00,2.08,1.724637681,0.4724305249,0.527569475,0.4724305249,0.5275694751,35.26166667,36.47833333,71.74,0.4915203048,0.5084796952,0.00%,0.00%,0.00%,LOSER,1.91%,LOSER,,-0.01695939039,WINNER,0,1.91%,0.00%,ROUND,WINNER,Trace Crowe - WINNER - Chandler Phillips
Sudarshan Yellamaraju - LOSER - Max Greyserman,Sudarshan Yellamaraju,Max Greyserman,Max Greyserman - VS - Sudarshan Yellamaraju,PINNACLE,-150.00,120.00,1.666666667,2.2,0.5238095238,0.476190476,0.5238095238,0.4761904762,36.68333333,40.47666667,77.16,0.4754190427,0.5245809573,0.00%,0.00%,0.00%,WINNER,-4.84%,LOSER,4.84%,-0.04916191464,WINNER,1,-4.84%,0.00%,ROUND,LOSER,Sudarshan Yellamaraju - LOSER - Max Greyserman
Matthieu Pavon - LOSER - Billy Horschel,Matthieu Pavon,Billy Horschel,Billy Horschel - VS - Matthieu Pavon,PINNACLE,-117.00,-113.00,1.854700855,1.884955752,0.5040451438,0.495954856,0.5040451438,0.4959548562,33.17333333,41.305,74.47833333,0.4454091794,0.5545908206,0.00%,0.00%,0.00%,WINNER,-5.86%,LOSER,5.86%,-0.1091816412,WINNER,1,-5.86%,0.00%,ROUND,LOSER,Matthieu Pavon - LOSER - Billy Horschel
David Ford - LOSER - Patrick Fishburn,David Ford,Patrick Fishburn,Patrick Fishburn - VS - David Ford,PINNACLE,-138.00,108.00,1.724637681,2.08,0.5275694751,0.472430525,0.5275694751,0.4724305249,36.44333333,35.695,72.13833333,0.5051867939,0.4948132061,0.00%,0.00%,0.00%,WINNER,-2.24%,LOSER,,0.01037358778,LOSER,0,-2.24%,0.00%,ROUND,LOSER,David Ford - LOSER - Patrick Fishburn
Gordon Sargent - LOSER - Zecheng Dou,Gordon Sargent,Zecheng Dou,Zecheng Dou - VS - Gordon Sargent,PINNACLE,118.00,-148.00,2.18,1.675675676,0.4756208555,0.524379144,0.4756208555,0.5243791445,37.21166667,39.76333333,76.975,0.4834253546,0.5165746454,0.00%,0.00%,0.00%,LOSER,0.78%,LOSER,,-0.0331492909,WINNER,0,0.78%,0.00%,ROUND,WINNER,Gordon Sargent - WINNER - Zecheng Dou
Joe Highsmith - LOSER - Andrew Putnam,Joe Highsmith,Andrew Putnam,Andrew Putnam - VS - Joe Highsmith,PINNACLE,133.00,-167.00,2.33,1.598802395,0.4771572922,0.522842708,0.4771572922,0.5228427078,30.33,34.53833333,64.86833333,0.4675624984,0.5324375016,0.00%,0.00%,0.00%,LOSER,-0.96%,LOSER,,-0.06487500321,WINNER,0,-0.96%,0.00%,ROUND,LOSER,Joe Highsmith - LOSER - Andrew Putnam
Zac Blair - LOSER - Joel Dahmen,Zac Blair,Joel Dahmen,Joel Dahmen - VS - Zac Blair,PINNACLE,-107.00,-123.00,1.934579439,1.81300813,0.4837800576,0.516219942,0.4837800576,0.5162199424,35.95833333,34.33166667,70.29,0.5115711102,0.4884288898,0.00%,0.00%,0.00%,LOSER,2.78%,LOSER,2.78%,0.02314222033,LOSER,1,2.78%,0.00%,ROUND,WINNER,Zac Blair - WINNER - Joel Dahmen
Zach Bauchou - LOSER - Jordan Smith,Zach Bauchou,Jordan Smith,Jordan Smith - VS - Zach Bauchou,PINNACLE,0.00,0.00,,,,,0.4759152216,0.5240847784,,,0,0,0,0.00%,,,WINNER,,LOSER,,0,WINNER,1,,0.00%,ROUND,WINNER,Zach Bauchou - WINNER - Jordan Smith
Kevin Roy - LOSER - Nick Taylor,Kevin Roy,Nick Taylor,Nick Taylor - VS - Kevin Roy,PINNACLE,0.00,0.00,,,,,0.4939310568,0.5060689432,41.215,41.82166667,83.03666667,0.4963469953,0.5036530047,0.00%,,,WINNER,,LOSER,,-0.007306009393,WINNER,1,,0.00%,ROUND,WINNER,Kevin Roy - WINNER - Nick Taylor
Eric Cole - LOSER - Emiliano Grillo,Eric Cole,Emiliano Grillo,Emiliano Grillo - VS - Eric Cole,PINNACLE,0.00,0.00,,,,,0.5223540888,0.4776459112,43.53333333,40.33166667,83.865,0.5190882172,0.4809117828,0.00%,,,WINNER,,LOSER,,0.03817643435,LOSER,0,,0.00%,ROUND,WINNER,Eric Cole - WINNER - Emiliano Grillo
Pierceson Coody - LOSER - Kristoffer Ventura,Pierceson Coody,Kristoffer Ventura,Kristoffer Ventura - VS - Pierceson Coody,PINNACLE,0.00,0.00,,,,,0.4989820847,0.5010179153,41.47833333,41.47833333,82.95666667,0.5,0.5,0.00%,,,WINNER,,LOSER,,0,WINNER,1,,0.00%,ROUND,WINNER,Pierceson Coody - WINNER - Kristoffer Ventura
Johnny Keefer - LOSER - Matt McCarty,Johnny Keefer,Matt McCarty,Matt McCarty - VS - Johnny Keefer,PINNACLE,0.00,0.00,,,,,0.5101214575,0.4898785425,41.755,0,41.755,1,0,0.00%,,,WINNER,,LOSER,,1,LOSER,0,,0.00%,ROUND,WINNER,Johnny Keefer - WINNER - Matt McCarty
Ben James - LOSER - Doug Ghim,Ben James,Doug Ghim,Doug Ghim - VS - Ben James,PINNACLE,0.00,0.00,,,,,0.5123152709,0.4876847291,45.57333333,45.57333333,91.14666667,0.5,0.5,0.00%,,,WINNER,,LOSER,,0,WINNER,1,,0.00%,ROUND,WINNER,Ben James - WINNER - Doug Ghim
Jackson Suber - LOSER - Kevin Yu,Jackson Suber,Kevin Yu,Kevin Yu - VS - Jackson Suber,PINNACLE,0.00,0.00,,,,,0.5060689432,0.4939310568,42.70833333,42.54166667,85.25,0.5009775171,0.4990224829,0.00%,,,WINNER,,LOSER,,0.001955034213,LOSER,0,,0.00%,ROUND,WINNER,Jackson Suber - WINNER - Kevin Yu
Michael Brennan - LOSER - Stephan Jaeger,Michael Brennan,Stephan Jaeger,Stephan Jaeger - VS - Michael Brennan,PINNACLE,0.00,0.00,,,,,0.5286885246,0.4713114754,44.11,40.02833333,84.13833333,0.52425569,0.47574431,0.00%,,,WINNER,,LOSER,,0.04851138007,LOSER,0,,0.00%,ROUND,WINNER,Michael Brennan - WINNER - Stephan Jaeger
David Ford - LOSER - Max McGreevy,David Ford,Max McGreevy,Max McGreevy - VS - David Ford,PINNACLE,0.00,0.00,,,,,0.4959002952,0.5040997048,36.44333333,35.68666667,72.13,0.5052451592,0.4947548408,0.00%,,,WINNER,,LOSER,,0.01049031841,LOSER,0,,0.00%,ROUND,WINNER,David Ford - WINNER - Max McGreevy
  - LOSER -  , , ,  - VS -  ,PINNACLE,0.00,0.00,,,,,,,,,0,0,0,0.00%,,,WINNER,,LOSER,,0,WINNER,1,,0.00%,ROUND,WINNER,  - WINNER -  
  - LOSER -  , , ,  - VS -  ,PINNACLE,0.00,0.00,,,,,,,,,0,0,0,0.00%,,,WINNER,,LOSER,,0,WINNER,1,,0.00%,ROUND,WINNER,  - WINNER -  
  - LOSER -  , , ,  - VS -  ,PINNACLE,0.00,0.00,,,,,,,,,0,0,0,0.00%,,,WINNER,,LOSER,,0,WINNER,1,,0.00%,ROUND,WINNER,  - WINNER -  
  - LOSER -  , , ,  - VS -  ,PINNACLE,0.00,0.00,,,,,,,,,0,0,0,0.00%,,,WINNER,,LOSER,,0,WINNER,1,,0.00%,ROUND,WINNER,  - WINNER -  
  - LOSER -  , , ,  - VS -  ,PINNACLE,0.00,0.00,,,,,,,,,0,0,0,0.00%,,,WINNER,,LOSER,,0,WINNER,1,,0.00%,ROUND,WINNER,  - WINNER -  
  - LOSER -  , , ,  - VS -  ,PINNACLE,0.00,0.00,,,,,,,,,0,0,0,0.00%,,,WINNER,,LOSER,,0,WINNER,1,,0.00%,ROUND,WINNER,  - WINNER -  
  - LOSER -  , , ,  - VS -  ,PINNACLE,0.00,0.00,,,,,,,,,0,0,0,0.00%,,,WINNER,,LOSER,,0,WINNER,1,,0.00%,ROUND,WINNER,  - WINNER -  
  - LOSER -  , , ,  - VS -  ,PINNACLE,0.00,0.00,,,,,,,,,0,0,0,0.00%,,,WINNER,,LOSER,,0,WINNER,1,,0.00%,ROUND,WINNER,  - WINNER -  
  - LOSER -  , , ,  - VS -  ,PINNACLE,0.00,0.00,,,,,,,,,0,0,0,0.00%,,,WINNER,,LOSER,,0,WINNER,1,,0.00%,ROUND,WINNER,  - WINNER -  
  - LOSER -  , , ,  - VS -  ,PINNACLE,0.00,0.00,,,,,,,,,0,0,0,0.00%,,,WINNER,,LOSER,,0,WINNER,1,,0.00%,ROUND,WINNER,  - WINNER -  
  - LOSER -  , , ,  - VS -  ,PINNACLE,0.00,0.00,,,,,,,,,0,0,0,0.00%,,,WINNER,,LOSER,,0,WINNER,1,,0.00%,ROUND,WINNER,  - WINNER -  
  - LOSER -  , , ,  - VS -  ,PINNACLE,0.00,0.00,,,,,,,,,0,0,0,0.00%,,,WINNER,,LOSER,,0,WINNER,1,,0.00%,ROUND,WINNER,  - WINNER -  
  - LOSER -  , , ,  - VS -  ,PINNACLE,0.00,0.00,,,,,,,,,0,0,0,0.00%,,,WINNER,,LOSER,,0,WINNER,1,,0.00%,ROUND,WINNER,  - WINNER -  
  - LOSER -  , , ,  - VS -  ,PINNACLE,0.00,0.00,,,,,,,,,0,0,0,0.00%,,,WINNER,,LOSER,,0,WINNER,1,,0.00%,ROUND,WINNER,  - WINNER -  
  - LOSER -  , , ,  - VS -  ,PINNACLE,0.00,0.00,,,,,,,,,0,0,0,0.00%,,,WINNER,,LOSER,,0,WINNER,1,,0.00%,ROUND,WINNER,  - WINNER -  
  - LOSER -  , , ,  - VS -  ,PINNACLE,0.00,0.00,,,,,,,,,0,0,0,0.00%,,,WINNER,,LOSER,,0,WINNER,1,,0.00%,ROUND,WINNER,  - WINNER -  
  - LOSER -  , , ,  - VS -  ,PINNACLE,0.00,0.00,,,,,,,,,0,0,0,0.00%,,,WINNER,,LOSER,,0,WINNER,1,,0.00%,ROUND,WINNER,  - WINNER -  
  - LOSER -  , , ,  - VS -  ,PINNACLE,0.00,0.00,,,,,,,,,0,0,0,0.00%,,,WINNER,,LOSER,,0,WINNER,1,,0.00%,ROUND,WINNER,  - WINNER -  
  - LOSER -  , , ,  - VS -  ,PINNACLE,0.00,0.00,,,,,,,,,0,0,0,0.00%,,,WINNER,,LOSER,,0,WINNER,1,,0.00%,ROUND,WINNER,  - WINNER -  
  - LOSER -  , , ,  - VS -  ,PINNACLE,0.00,0.00,,,,,,,,,0,0,0,0.00%,,,WINNER,,LOSER,,0,WINNER,1,,0.00%,ROUND,WINNER,  - WINNER -  
  - LOSER -  , , ,  - VS -  ,PINNACLE,0.00,0.00,,,,,,,,,0,0,0,0.00%,,,WINNER,,LOSER,,0,WINNER,1,,0.00%,ROUND,WINNER,  - WINNER -  
  - LOSER -  , , ,  - VS -  ,PINNACLE,0.00,0.00,,,,,,,,,0,0,0,0.00%,,,WINNER,,LOSER,,0,WINNER,1,,0.00%,ROUND,WINNER,  - WINNER -  
  - LOSER -  , , ,  - VS -  ,PINNACLE,0.00,0.00,,,,,,,,,0,0,0,0.00%,,,WINNER,,LOSER,,0,WINNER,1,,0.00%,ROUND,WINNER,  - WINNER -  
  - LOSER -  , , ,  - VS -  ,PINNACLE,0.00,0.00,,,,,,,,,0,0,0,0.00%,,,WINNER,,LOSER,,0,WINNER,1,,0.00%,ROUND,WINNER,  - WINNER -  
  - LOSER -  , , ,  - VS -  ,PINNACLE,0.00,0.00,,,,,,,,,0,0,0,0.00%,,,WINNER,,LOSER,,0,WINNER,1,,0.00%,ROUND,WINNER,  - WINNER -  
  - LOSER -  , , ,  - VS -  ,PINNACLE,0.00,0.00,,,,,,,,,0,0,0,0.00%,,,WINNER,,LOSER,,0,WINNER,1,,0.00%,ROUND,WINNER,  - WINNER -  
  - LOSER -  , , ,  - VS -  ,PINNACLE,0.00,0.00,,,,,,,,,0,0,0,0.00%,,,WINNER,,LOSER,,0,WINNER,1,,0.00%,ROUND,WINNER,  - WINNER -  
  - LOSER -  , , ,  - VS -  ,PINNACLE,0.00,0.00,,,,,,,,,0,0,0,0.00%,,,WINNER,,LOSER,,0,WINNER,1,,0.00%,ROUND,WINNER,  - WINNER -  
  - LOSER -  , , ,  - VS -  ,PINNACLE,0.00,0.00,,,,,,,,,0,0,0,0.00%,,,WINNER,,LOSER,,0,WINNER,1,,0.00%,ROUND,WINNER,  - WINNER -  
  - LOSER -  , , ,  - VS -  ,PINNACLE,0.00,0.00,,,,,,,,,0,0,0,0.00%,,,WINNER,,LOSER,,0,WINNER,1,,0.00%,ROUND,WINNER,  - WINNER -  
  - LOSER -  , , ,  - VS -  ,PINNACLE,0.00,0.00,,,,,,,,,0,0,0,0.00%,,,WINNER,,LOSER,,0,WINNER,1,,0.00%,ROUND,WINNER,  - WINNER -  
  - LOSER -  , , ,  - VS -  ,PINNACLE,0.00,0.00,,,,,,,,,0,0,0,0.00%,,,WINNER,,LOSER,,0,WINNER,1,,0.00%,ROUND,WINNER,  - WINNER -  
  - LOSER -  , , ,  - VS -  ,PINNACLE,0.00,0.00,,,,,,,,,0,0,0,0.00%,,,WINNER,,LOSER,,0,WINNER,1,,0.00%,ROUND,WINNER,  - WINNER -  
  - LOSER -  , , ,  - VS -  ,PINNACLE,0.00,0.00,,,,,,,,,0,0,0,0.00%,,,WINNER,,LOSER,,0,WINNER,1,,0.00%,ROUND,WINNER,  - WINNER -  
  - LOSER -  , , ,  - VS -  ,PINNACLE,0.00,0.00,,,,,,,,,0,0,0,0.00%,,,WINNER,,LOSER,,0,WINNER,1,,0.00%,ROUND,WINNER,  - WINNER -  
  - LOSER -  , , ,  - VS -  ,PINNACLE,0.00,0.00,,,,,,,,,0,0,0,0.00%,,,WINNER,,LOSER,,0,WINNER,1,,0.00%,ROUND,WINNER,  - WINNER -  
  - LOSER -  , , ,  - VS -  ,PINNACLE,0.00,0.00,,,,,,,,,0,0,0,0.00%,,,WINNER,,LOSER,,0,WINNER,1,,0.00%,ROUND,WINNER,  - WINNER -  
  - LOSER -  , , ,  - VS -  ,PINNACLE,0.00,0.00,,,,,,,,,0,0,0,0.00%,,,WINNER,,LOSER,,0,WINNER,1,,0.00%,ROUND,WINNER,  - WINNER -  
  - LOSER -  , , ,  - VS -  ,PINNACLE,0.00,0.00,,,,,,,,,0,0,0,0.00%,,,WINNER,,LOSER,,0,WINNER,1,,0.00%,ROUND,WINNER,  - WINNER -  
  - LOSER -  , , ,  - VS -  ,PINNACLE,0.00,0.00,,,,,,,,,0,0,0,0.00%,,,WINNER,,LOSER,,0,WINNER,1,,0.00%,ROUND,WINNER,  - WINNER -  
  - LOSER -  , , ,  - VS -  ,PINNACLE,0.00,0.00,,,,,,,,,0,0,0,0.00%,,,WINNER,,LOSER,,0,WINNER,1,,0.00%,ROUND,WINNER,  - WINNER -  
  - LOSER -  , , ,  - VS -  ,PINNACLE,0.00,0.00,,,,,,,,,0,0,0,0.00%,,,WINNER,,LOSER,,0,WINNER,1,,0.00%,ROUND,WINNER,  - WINNER -  
  - LOSER -  , , ,  - VS -  ,PINNACLE,0.00,0.00,,,,,,,,,0,0,0,0.00%,,,WINNER,,LOSER,,0,WINNER,1,,0.00%,ROUND,WINNER,  - WINNER -  
  - LOSER -  , , ,  - VS -  ,PINNACLE,0.00,0.00,,,,,,,,,0,0,0,0.00%,,,WINNER,,LOSER,,0,WINNER,1,,0.00%,ROUND,WINNER,  - WINNER -  
  - LOSER -  , , ,  - VS -  ,PINNACLE,0.00,0.00,,,,,,,,,0,0,0,0.00%,,,WINNER,,LOSER,,0,WINNER,1,,0.00%,ROUND,WINNER,  - WINNER -  
  - LOSER -  , , ,  - VS -  ,PINNACLE,0.00,0.00,,,,,,,,,0,0,0,0.00%,,,WINNER,,LOSER,,0,WINNER,1,,0.00%,ROUND,WINNER,  - WINNER -  
  - LOSER -  , , ,  - VS -  ,PINNACLE,0.00,0.00,,,,,,,,,0,0,0,0.00%,,,WINNER,,LOSER,,0,WINNER,1,,0.00%,ROUND,WINNER,  - WINNER -  
  - LOSER -  , , ,  - VS -  ,PINNACLE,0.00,0.00,,,,,,,,,0,0,0,0.00%,,,WINNER,,LOSER,,0,WINNER,1,,0.00%,ROUND,WINNER,  - WINNER -  
  - LOSER -  , , ,  - VS -  ,PINNACLE,0.00,0.00,,,,,,,,,0,0,0,0.00%,,,WINNER,,LOSER,,0,WINNER,1,,0.00%,ROUND,WINNER,  - WINNER -  
  - LOSER -  , , ,  - VS -  ,PINNACLE,0.00,0.00,,,,,,,,,0,0,0,0.00%,,,WINNER,,LOSER,,0,WINNER,1,,0.00%,ROUND,WINNER,  - WINNER -  
  - LOSER -  , , ,  - VS -  ,PINNACLE,0.00,0.00,,,,,,,,,0,0,0,0.00%,,,WINNER,,LOSER,,0,WINNER,1,,0.00%,ROUND,WINNER,  - WINNER -  
  - LOSER -  , , ,  - VS -  ,PINNACLE,0.00,0.00,,,,,0.5174283501,0.4825716499,,,0,0,0,0.00%,,,WINNER,,LOSER,,0,WINNER,1,,0.00%,ROUND,WINNER,  - WINNER -  
  - LOSER -  , , ,  - VS -  ,PINNACLE,0.00,0.00,,,,,0.4777898158,0.5222101842,,,0,0,0,0.00%,,,WINNER,,LOSER,,0,WINNER,1,,0.00%,ROUND,WINNER,  - WINNER -  
  - LOSER -  , , ,  - VS -  ,PINNACLE,0.00,0.00,,,,,0.5,0.5,,,0,0,0,0.00%,,,WINNER,,LOSER,,0,WINNER,1,,0.00%,ROUND,WINNER,  - WINNER -  
  - LOSER -  , , ,  - VS -  ,PINNACLE,0.00,0.00,,,,,0.5297741273,0.4702258727,,,0,0,0,0.00%,,,WINNER,,LOSER,,0,WINNER,1,,0.00%,ROUND,WINNER,  - WINNER -  
  - LOSER -  , , ,  - VS -  ,PINNACLE,0.00,0.00,,,,,0.5188159706,0.4811840294,,,0,0,0,0.00%,,,WINNER,,LOSER,,0,WINNER,1,,0.00%,ROUND,WINNER,  - WINNER -  
  - LOSER -  , , ,  - VS -  ,PINNACLE,0.00,0.00,,,,,0.499460742,0.500539258,,,0,0,0,0.00%,,,WINNER,,LOSER,,0,WINNER,1,,0.00%,ROUND,WINNER,  - WINNER -  
  - LOSER -  , , ,  - VS -  ,PINNACLE,0.00,0.00,,,,,0.5088654332,0.4911345668,,,0,0,0,0.00%,,,WINNER,,LOSER,,0,WINNER,1,,0.00%,ROUND,WINNER,  - WINNER -  
  - LOSER -  , , ,  - VS -  ,PINNACLE,0.00,0.00,,,,,0.520661157,0.479338843,,,0,0,0,0.00%,,,WINNER,,LOSER,,0,WINNER,1,,0.00%,ROUND,WINNER,  - WINNER -  
  - LOSER -  , , ,  - VS -  ,PINNACLE,0.00,0.00,,,,,0.4806629834,0.5193370166,,,0,0,0,0.00%,,,WINNER,,LOSER,,0,WINNER,1,,0.00%,ROUND,WINNER,  - WINNER -  
  - LOSER -  , , ,  - VS -  ,PINNACLE,0.00,0.00,,,,,0.5,0.5,,,0,0,0,0.00%,,,WINNER,,LOSER,,0,WINNER,1,,0.00%,ROUND,WINNER,  - WINNER -  
  - LOSER -  , , ,  - VS -  ,PINNACLE,0.00,0.00,,,,,0.5217391304,0.4782608696,,,0,0,0,0.00%,,,WINNER,,LOSER,,0,WINNER,1,,0.00%,ROUND,WINNER,  - WINNER -  
 - LOSER -  ,, ,  - VS - ,PINNACLE,0.00,0.00,,,,,0.5,0.5,,,0,0,0,0.00%,,,WINNER,,LOSER,,0,WINNER,1,,0.00%,ROUND,WINNER, - WINNER -  
 - LOSER -  ,, ,  - VS - ,PINNACLE,0.00,0.00,,,,,0.5203045685,0.4796954315,,,0,0,0,0.00%,,,WINNER,,LOSER,,0,WINNER,1,,0.00%,ROUND,WINNER, - WINNER -  
 - LOSER -  ,, ,  - VS - ,PINNACLE,0.00,0.00,,,,,0.5208602779,0.4791397221,,,0,0,0,0.00%,,,WINNER,,LOSER,,0,WINNER,1,,0.00%,ROUND,WINNER, - WINNER -  
 - LOSER -  ,, ,  - VS - ,PINNACLE,0.00,0.00,,,,,0.5217391304,0.4782608696,,,0,0,0,0.00%,,,WINNER,,LOSER,,0,WINNER,1,,0.00%,ROUND,WINNER, - WINNER -  
 - LOSER -  ,, ,  - VS - ,PINNACLE,0.00,0.00,,,,,0.4782608696,0.5217391304,,,0,0,0,0.00%,,,WINNER,,LOSER,,0,WINNER,1,,0.00%,ROUND,WINNER, - WINNER -  
 - LOSER -  ,, ,  - VS - ,PINNACLE,0.00,0.00,,,,,0.5174283501,0.4825716499,,,0,0,0,0.00%,,,WINNER,,LOSER,,0,WINNER,1,,0.00%,ROUND,WINNER, - WINNER -  