PLAYER,SALARY,Score,THRU,Holes,RD1Rank,RD 2 Ranking,RD 3 Ranking,RD 4 Ranking,RD2 Regression,RD3 Regression,RD4 Regression,Win RK Going into RD2,Win RK Going into RD3,Win RK Going into RD4,Win,STAT RANK,MODEL RANK,R1 RANK,AVERAGE RD1,% Owned,CURRENT PLACE,RD1 PTS,RD2 PTS,RD3 PTS,RD 4 PTS,ODDS,VEGAS % ODDS,925 ODDS %,Group,Tee Time,Matchup Odds,TEE TIME (LOCAL),AM OR PM,`,PRE-TOURNAMENT ODDS,WIN %,VEGAS WIN %,925 WIN %,WIN DIFFERENCE,TOP 10 %,VEGAS TOP 10 %,925 TOP 10 %,TOP 10 DIFFERENCE,Model Average,Model Rank,FRL % DIF,FRL RANK,FRL Group Rank Total,FRL Group Rank,Win Average,Win Rank,Last 20 1st %,Win Rank Last 20,Top 5 Odds,Top 10 Odds,FRL Odds,Vegas FRL Odds,Vegas Top 5 Odds,Top 5 RK Vegas,Top 10 RK Vegas,FRL RK Vegas,Vegas FRL vs 925 (EDGE),Vegas Win RK vs 925,Vegas Win RK,VEGAS MATCHUP ODDS,VEGAS MATCHUP ODDS %,NINETOFIVE MATCHUP ODDS VS VEGAS,LIVE ACCURACY,LIVEDISTANCE,LIVE GIR,LIVE SG TOTAL,LIVE SG OT,LIVE SGT2G,LIVE SG AP,LIVE SG ARG,LIVE SG PUTT,LIVE FAIRWAYS HIT,LIVE GIRS HIT,LIVE ACCURACY RK,LIVE DISTANCE RK,LIVE GIR RK,LIVE SG TOTAL RK,LIVE SG OT RK,LIVE SGT2G RK,LIVE SG AP RK,LIVE SG ARG RK,LIVE SG PUTT RK,LIVE FAIRWAYS HIT RK,Strokes Gained Total #,Strokes Gained Off the Tee #,Strokes Gained Tee to Green #,Strokes Gained Putting #,Strokes Gained Around the Green #,Strokes Gained Approach #,Greens in Regulation,Fairway Hit %,SG TTL RK,SG OT RK,SG T2G RK,SG PUTT RK,SG ARG RK,SG AP RK,GIR RK,FH RK,SG TTL SZN - LIVE,SG OT SZN - LIVE,SG T2G SZN - LIVE,SG PUTT SZN - LIVE,SG ARG SZN - LIVE,SG AP SZN - LIVE,GIR SZN - LIVE,FH SZN - LIVE,IMPROVEMENT,NEXT RD EXPECTED RK,SG OT DIF % LIVE,SG TTL DIF % SZN,SG T2G SZN - LIVERK,SG PUTT SZN - LIVERK,SG ARG SZN - LIVERK,SG AP SZN - LIVERK,GIR SZN - LIVERK,FH SZN - LIVERK,COUNT OF PLAYER,SG TTL DIF % LIVE,SG TTL DIF % SZN Percentile,SG TTL %,,SG TTL SZN-LIVE,SG TTL SZN AVE,DY COLUMN + REGRESSION,NEXT ROUND RANK AV,SALARY RANK,OWNERSHIP RANK,LEVERANK RANK,OWN RK - LIVE SG TTL,LEV RK - LIVE SG TTL,OWN RK - LEV RK,SALARY - LIVE SG TTL,MODEL - LIVE SG TTL,SG TTL EXPECTATION NEXT ROUND,OVERALL IMPROVEMENT RANK,NEXT ROUND RANK,SCORE TO PAR,DESIGNER,STYLE,GREENS,LOCATION,SCORING,WEATHER,ROUND,TOURNAMENT,COURSE,STROKES GAINED TOTAL SZN / LIVE,HEADSHOT
Jackson Koivun,10800,-6,56,18,8,2,28,25,24,25,28,59,41,44,48,27,6,8,14,26,56,53.71666667,80.67368421,48.25,47.87426595,411.1,,,"Brennan, Michael / James, Ben / Koivun, Jackson",,34.97%,2026-10-02 13:03,Late,,411.1,,0.2426595487,2.586300863,2.343641314,,30.00,8.737502914,-21.26249709,20.28571429,7,2.333333333,9,200,3,,15,0.05,-,-2.07,,,,,,,,,,,+186,34.97%,0.00%,82.14%,294.05,80.56%,0.055,-0.295,0.74,1.31,-0.28,-0.685,11.49995,14.49999,84,82,18,57,80,41,17,77,90,83,,,,,,,,,,,,,,,,,57,80,41,90,77,17,18,83,40,80,0.375,0,34,11,14,68,47,7,128,0.5546875,0,-0.5546875,0,,,0,0,1,1,23,-56,-34,-39,-56,-51,,,,64,#N/A,#N/A,#N/A,#N/A,#N/A,GOOD,2,Black Desert Championship2026,Black Desert Resort,0.055 (0.055),https://www.freeiconspng.com/uploads/--tie-user-users-work-worker-working-icon--icon-search-engine-6.png
Michael Brennan,10200,-12,7,18,1,1,4,2,62,40,43,6,5,4,4,3,1,1,2,4,7,58.06388889,80.93333333,59.19926471,67.93493151,13.6,7.35%,7.40%,"Brennan, Michael / James, Ben / Koivun, Jackson",0,34.25%,2026-10-02 13:03,Late,,13.6,,6.849315068,9.716962053,2.867646984,,15.00,32.8275745,17.8275745,13.75,3,1,3,200,3,,4,0.05,-,,,,,,,,,,,,+192,34.25%,0.00%,92.86%,305.7,91.67%,3.055,1.48,1.705,1.435,-1.21,1.35,12.99998,16.49997,16,23,3,7,3,17,11,109,16,15,0.44,0.68,0.41,0.04,,0.26,0.68,0.58,11,2,10,40,,16,23,53,-4,1,7,-24,109,-5,-20,-38,3.75,23,0.9921875,0.984375,72,132,2,117,123,139,128,0.9453125,0.9140625,-0.03125,0.9140625,74,74,31.8,16.11428571,2,26,20,19,13,-39,-5,-6,11,,,58,#N/A,#N/A,#N/A,#N/A,#N/A,GOOD,2,Black Desert Championship2026,Black Desert Resort,3.055 (2.616),"https://pga-tour-res.cloudinary.com/image/upload/c_fill,d_headshots_default.png,dpr_2.0,f_auto,g_face:center,h_350,q_auto,w_280/headshots_58611.png"
Benjamin James,9900,,,,4,10,,,,,,,,,,26,8,4,13,,,54.91111111,75.33333333,0,0,,,,,,,,,,,,,1.997775146,1.997775146,,,6.749240357,6.749240357,31.71428571,16,0,16,200,3,,10,,-,,,,,,,,,,,,,,0.00%,,,,,,,,,,,,,,,,,,,,,,,,,,,,,,,,,,,,,,0,0,0,0,0,0,0,0,4,24,1,0,79,76,83,79,74,68,128,0,0,0,0,,,0,0,3,,112,0,112,-39,3,8,,,,,#N/A,#N/A,#N/A,#N/A,#N/A,GOOD,2,Black Desert Championship2026,, (0),"https://pga-tour-res.cloudinary.com/image/upload/c_fill,d_headshots_default.png,dpr_2.0,f_auto,g_face:center,h_350,q_auto,w_280/headshots_51477.png"
Matt Wallace,9700,-5,69,18,10,8,3,,53,10,13,72,45,54,55,18,28,10,19,4,69,52.25833333,76.26666667,61.8,0,0,0.00%,0.12%,"Power, Seamus / Wallace, Matt / Hoey, Rico",0.357415581250508,35.74%,2026-10-02 13:36,Late,,0.0,,0,0.5707911758,0.5707911758,,15.00,1.928348567,-13.07165143,30.25,14,0,14,200,3,,32,,-,,,,,,,,,,,,+146,40.65%,-4.91%,82.14%,304.85,77.78%,-0.445,0.975,1.57,0.22,0.375,-2.015,11.49995,14.00004,84,25,46,72,17,19,51,32,108,83,0.67,0.02,0.65,0.01,0.19,0.44,0.67,0.59,5,37,4,45,19,6,40,52,67,-20,15,63,13,45,6,31,43,83,1.15625,0.7109375,60,24,66,29,66,33,128,0.4375,0.9609375,0.5234375,0.9609375,80,80,19,19.33333333,4,23,26,-49,-46,-39,-68,-44,5,,,65,#N/A,#N/A,#N/A,#N/A,#N/A,GOOD,2,Black Desert Championship2026,Black Desert Resort,-0.445 (-1.111),"https://pga-tour-res.cloudinary.com/image/upload/c_fill,d_headshots_default.png,dpr_2.0,f_auto,g_face:center,h_350,q_auto,w_280/headshots_48887.png"
Maverick McNealy,9600,-5,69,18,3,7,2,,50,5,8,69,36,48,50,10,14,3,9,,69,55.27222222,76.4,61.9,0,0,0.00%,0.14%,"Taylor, Nick / Homa, Max / McNealy, Maverick",0.341163067549059,34.12%,2026-10-02 08:08,Early,,0.0,,0,1.183251722,1.183251722,,15.00,3.997472035,-11.00252796,20.28571429,6,0,7,200,3,,16,,-,,,,,,,,,,,,+146,40.65%,-6.53%,100.00%,300.15,77.78%,-0.445,1.385,1.715,-0.525,0.855,-2.16,14,14.00004,1,42,46,70,5,16,80,9,111,1,0.86,0.10,0.28,0.59,0.31,-0.13,0.66,0.56,2,32,19,2,6,48,50,73,68,-27,-3,109,3,32,-4,-72,38.5,76,1.2109375,0.75,115,2,76,51,110,148,128,0.453125,0.984375,0.53125,0.984375,83,83,14.2,14.86666667,5,,16,-70,-54,-39,-65,-56,2,,,65,#N/A,#N/A,#N/A,#N/A,#N/A,GOOD,2,Black Desert Championship2026,Black Desert Resort,-0.445 (-1.307),"https://pga-tour-res.cloudinary.com/image/upload/c_fill,d_headshots_default.png,dpr_2.0,f_auto,g_face:center,h_350,q_auto,w_280/headshots_46442.png"
Doug Ghim,9500,-15,3,18,2,4,1,1,69,47,50,3,1,1,23,1,2,2,2,10,3,56.45277778,77.6,62.4375,71.1,4,25.00%,25.04%,"Malnati, Peter / Ghim, Doug / Tie",0.590111566190928,59.01%,2026-10-02 12:30,Early,,4.0,,20,6.232178548,-13.76782145,,10.00,21.05465726,11.05465726,12.25,1,0,1,200,3,,1,,-,,,,,,,,,,,,-183,64.66%,-5.65%,96.43%,303.6,88.89%,4.555,1.745,3.595,1.595,0.25,0.96,13.49999,15.99993,5,30,7,3,2,2,10,35,28,4,1.00,0.59,1.03,-0.03,0.27,0.18,0.71,0.66,1,3,1,46,12,23,1,18,2,-1,1,-18,23,-13,6,-14,2,22,1.0078125,0.9765625,78,125,50,125,66,120,128,0.9765625,0.9921875,0.015625,0.9921875,84,84,33.6,15.94285714,6,10,1,7,-2,-39,3,-1,1,,,55,#N/A,#N/A,#N/A,#N/A,#N/A,GOOD,2,Black Desert Championship2026,Black Desert Resort,4.555 (3.556),"https://pga-tour-res.cloudinary.com/image/upload/c_fill,d_headshots_default.png,dpr_2.0,f_auto,g_face:center,h_350,q_auto,w_280/headshots_52375.png"
Marco Penge,9400,-7,49,18,15,3,18,24,25,17,20,50,30,37,39,39,29,15,28,,49,50.3,78.26666667,50.43920978,48.28531073,282.2,0.35%,0.38%,"Lingmerth, David / Penge, Marco / Salinda, Isaiah",0.465455759130114,46.55%,2026-10-02 08:52,Early,,282.2,,0.3531073446,0.5497917175,0.1966843729,,10.00,1.857404451,-8.142595549,33.85714286,23,0,25,200,3,,38,,-,,,,,,,,,,,,-126,55.75%,-9.21%,89.29%,304.9,75.00%,0.555,0.815,0.265,-0.805,0.25,0.29,12.49997,13.5,31,24,60,47,24,56,86,35,49,30,-0.04,0.57,0.30,-0.34,-0.07,-0.20,0.65,0.56,41,5,18,70,56,61,58,70,6,19,38,-21,-21,25,2,-40,30.75,64,0.8515625,0.9609375,38,130,129,58,72,140,128,0.6328125,0.6796875,0.046875,0.6796875,46,46,24.8,23.25714286,7,,34,-47,-13,-39,-40,-18,39,,,63,#N/A,#N/A,#N/A,#N/A,#N/A,GOOD,2,Black Desert Championship2026,Black Desert Resort,0.555 (0.596),"https://pga-tour-res.cloudinary.com/image/upload/c_fill,d_headshots_default.png,dpr_2.0,f_auto,g_face:center,h_350,q_auto,w_280/headshots_51003.png"
Jackson Suber,9300,-11,9,18,6,6,9,5,85,37,40,9,6,6,2,7,4,6,6,22,9,54.64722222,76.53333333,55.97966102,62.42472527,35.4,2.82%,2.87%,"Greyserman, Max / Hojgaard, Rasmus / Suber, Jackson",0.345092802777407,34.51%,2026-10-02 12:52,Late,,35.4,,2.747252747,3.626604908,0.8793521611,,15.00,12.25204361,-2.747956391,14.75,4,0,4,200,3,,7,,-,,,,,,,,,,,,+150,40.00%,-5.49%,89.29%,299.2,80.56%,2.555,0.46,2.035,1.435,0.14,0.52,12.49997,14.49999,31,46,18,9,41,9,11,46,40,30,0.48,0.12,0.77,-0.29,0.14,0.51,0.71,0.62,8,28,3,65,26,3,5,32,1,13,6,-25,20,8,13,-2,5.5,28,73,0.78125,74,133,56,73,57,107,128,0.9296875,0.9375,0.0078125,0.9375,77,77,34.8,21.68571429,8,2,10,-7,1,-39,-1,-5,8,,,59,#N/A,#N/A,#N/A,#N/A,#N/A,GOOD,2,Black Desert Championship2026,Black Desert Resort,2.555 (2.08),"https://pga-tour-res.cloudinary.com/image/upload/c_fill,d_headshots_default.png,dpr_2.0,f_auto,g_face:center,h_350,q_auto,w_280/headshots_60019.png"
Kevin Yu,9200,-7,49,18,5,5,15,21,40,4,7,49,20,29,33,2,3,5,3,4,49,54.82777778,77.06666667,51.8625755,49.57410219,413.9,0.24%,0.27%,"Yu, Kevin / Wise, Aaron / Higgo, Garrick",0.433561738172302,43.36%,2026-10-02 13:03,Late,,413.9,,0.241021933,4.578347393,4.33732546,,10.00,15.46738984,5.467389842,15.125,5,0,6,200,3,,9,,-,,,,,,,,,,,,+111,47.39%,-4.04%,89.29%,302.9,72.22%,0.555,0.545,-0.34,0.21,-1.095,0.895,12.49997,13.00005,31,32,75,45,36,66,52,106,29,30,0.42,0.33,0.55,-0.12,0.10,0.11,0.69,0.62,13,12,7,49,29,27,12,38,32,24,59,-20,77,25,63,-8,23.25,50,41,0.90625,22,127,14,58,17,113,128,0.6484375,0.8984375,0.25,0.8984375,72,72,13.8,15.82857143,9,21,2,-24,-43,-39,-36,-42,13,,,63,#N/A,#N/A,#N/A,#N/A,#N/A,GOOD,2,Black Desert Championship2026,Black Desert Resort,0.555 (0.131),"https://pga-tour-res.cloudinary.com/image/upload/c_fill,d_headshots_default.png,dpr_2.0,f_auto,g_face:center,h_350,q_auto,w_280/headshots_45242.png"
Davis Thompson,9100,-6,56,18,17,9,40,50,15,107,110,62,91,95,85,6,33,17,19,7,56,49.55,75.6,44.30381902,37.71018019,981.3,0.24%,0.27%,"Jaeger, Stephan / Riley, Davis / Thompson, Davis",0.415203540683819,41.52%,2026-10-02 13:14,Late,,981.3,,0.1018018935,0.4485393185,0.346737425,,15.00,1.515335535,-13.48466446,40.125,32,0,38,200,3,,55,,-,,,,,,,,,,,,+150,40.00%,1.52%,89.29%,297.45,69.44%,0.055,0.525,1.115,0.46,0.135,-1.06,12.49997,12.50001,31,59,88,60,37,27,42,47,97,30,0.47,0.24,0.79,-0.32,-0.08,0.63,0.70,0.62,9,19,2,69,59,1,8,32,51,18,25,28,-12,41,80,-2,38.25,75,31,0.8515625,48,47,124,33,11,107,128,0.53125,0.9296875,0.3984375,0.9296875,76,76,54.6,30.08571429,10,14,25,-46,-35,-39,-50,-27,9,,,64,#N/A,#N/A,#N/A,#N/A,#N/A,GOOD,2,Black Desert Championship2026,Black Desert Resort,0.0549999999999999 (-0.412),"https://pga-tour-res.cloudinary.com/image/upload/c_fill,d_headshots_default.png,dpr_2.0,f_auto,g_face:center,h_350,q_auto,w_280/headshots_58168.png"
Matt McCarty,9000,-6,56,18,26,18,,66,21,10,13,57,,,56,69,23,26,39,,56,47.4,72.66666667,0,0.006197706848,1612.5,0.06%,0.08%,"Hall, Harry / McCarty, Matt / Shipley, Neal",0,29.94%,2026-10-02 13:14,Late,,1612.5,,0.06197706848,0.6985050985,0.63652803,,10.00,2.359814522,-7.640185478,27.75,10,0,10,200,3,,46,,-,,,,,,,,,,,,+234,29.94%,0.00%,78.57%,298.25,69.44%,0.055,0.17,-0.27,0.675,-1.11,0.325,11.00001,12.50001,97,55,88,52,54,63,37,107,46,96,,,,,,,,,,,,,,,,,52,54,63,46,107,37,88,96,42.33333333,81,0,0,20,34,3,41,9,4,128,0.59375,0,-0.59375,0,,,0,0,11,,24,-52,-28,-39,-41,-29,,,,64,#N/A,#N/A,#N/A,#N/A,#N/A,GOOD,2,Black Desert Championship2026,Black Desert Resort,0.0550000000000002 (0.0550000000000002),"https://pga-tour-res.cloudinary.com/image/upload/c_fill,d_headshots_default.png,dpr_2.0,f_auto,g_face:center,h_350,q_auto,w_280/headshots_59141.png"
Harry Hall,8900,-7,49,18,32,11,37,27,46,33,36,52,38,42,43,56,37,32,42,,49,46.58333333,74.53333333,44.99107273,46.76824152,547.2,0.18%,0.21%,"Hall, Harry / McCarty, Matt / Shipley, Neal",0,35.84%,2026-10-02 13:14,Late,,547.2,,0.1824151769,0.4131945312,0.2307793543,,15.00,1.39592747,-13.60407253,37.375,28,0,34,200,3,,51,,-,,,,,,,,,,,,+179,35.84%,0.00%,89.29%,297.9,83.33%,0.555,0.485,0.825,-0.365,0.705,-0.27,12.49997,14.99994,31,58,13,47,40,38,74,17,72,30,0.27,-0.32,-0.11,0.38,0.30,-0.09,0.64,0.58,21,70,42,14,7,43,71,65,26,-30,-4,58,10,31,-58,-35,32.75,65,44,-0.6875,117,28,69,53,145,138,128,0.6328125,0.8359375,0.203125,0.8359375,64,64,32.8,30.25714286,12,,31,-47,-16,-39,-35,-10,21,,,63,#N/A,#N/A,#N/A,#N/A,#N/A,GOOD,2,Black Desert Championship2026,Black Desert Resort,0.555 (0.286),"https://pga-tour-res.cloudinary.com/image/upload/c_fill,d_headshots_default.png,dpr_2.0,f_auto,g_face:center,h_350,q_auto,w_280/headshots_57975.png"
Max Homa,8800,-9,24,18,19,12,12,9,73,22,25,26,10,10,11,40,7,19,22,12,24,49.1,74.13333333,52.73862168,57.72127584,139.3,0.72%,0.76%,"Taylor, Nick / Homa, Max / McNealy, Maverick",0.332586628435376,33.26%,2026-10-02 08:08,Early,,139.3,,0.7127583749,2.204886213,1.492127838,,15.00,7.448939909,-7.551060091,21.25,8,0,5,200,3,15,14,,5,700,300,3500,2.857142857,14.28571429,7,7,1,-99,4,5,+228,30.49%,2.77%,85.71%,293.65,77.78%,1.555,0.695,1.35,0.795,-0.145,0.205,11.99996,14.00004,56,84,46,22,29,23,30,64,58,55,0.07,0.08,-0.18,0.25,-0.07,-0.18,0.65,0.56,34,34,48,21,58,59,64,71,-12,-5,-25,37,6,-29,-18,-16,12.75,30,125,-0.7734375,134,43,71,130,121,121,128,0.828125,0.734375,-0.09375,0.734375,53,53,32,25.28571429,13,8,4,-14,-18,-39,-9,-15,32,,,61,#N/A,#N/A,#N/A,#N/A,#N/A,GOOD,2,Black Desert Championship2026,Black Desert Resort,1.555 (1.483),"https://pga-tour-res.cloudinary.com/image/upload/c_fill,d_headshots_default.png,dpr_2.0,f_auto,g_face:center,h_350,q_auto,w_280/headshots_39977.png"
Rasmus Hojgaard,8700,3,112,18,35,19,21,,14,13,16,110,83,93,104,51,59,35,48,,112,46.28333333,72.26666667,49.15,0,0,0.00%,0.03%,"Greyserman, Max / Hojgaard, Rasmus / Suber, Jackson",0.332220590198958,33.22%,2026-10-02 12:52,Late,,0.0,,0,0.2264888885,0.2264888885,,10.00,0.7651651639,-9.234834836,78.85714286,94,0,101,200,3,61.66666667,60,,2,,,,,,1,1,,,-18,2,+281,26.25%,6.98%,71.43%,300.8,72.22%,-4.445,-2.84,-4.75,-2.115,0.2,0.305,9.99999,12.99996,108,39,85,111,112,112,108,41,48,107,0.42,0.22,0.03,0.38,-0.09,-0.10,0.69,0.51,14,21,31,12,61,45,20,88,97,91,81,36,-20,63,65,19,70.25,127,7,-0.125,13,44,128,18,16,50,128,0.1328125,0.890625,0.7578125,0.890625,71,71,30.2,26.2,14,,42,-111,-69,-39,-97,-52,14,,,73,#N/A,#N/A,#N/A,#N/A,#N/A,GOOD,2,Black Desert Championship2026,Black Desert Resort,-4.445 (-4.861),https://www.freeiconspng.com/uploads/--tie-user-users-work-worker-working-icon--icon-search-engine-6.png
Mac Meissner,8600,-2,96,18,13,14,8,,16,2,5,96,50,66,75,24,16,13,18,7,96,51.63333333,73.6,56,0,0,0.00%,0.05%,"Hoge, Tom / Meissner, Mac / Yellamaraju, Sudarshan",0.364863086796977,36.49%,2026-10-02 12:41,Late,,0.0,,0,1.013060975,1.013060975,,15.00,3.422503293,-11.57749671,33,22,0,23,200,3,,19,,-,,,,,,,,,,,,+144,40.98%,-4.50%,89.29%,304.45,77.78%,-1.945,0.94,0.43,0.225,-0.74,-2.375,12.49997,13.99995,31,28,52,94,19,48,49,96,112,30,0.54,0.00,0.36,0.18,0.24,0.12,0.66,0.59,6,40,14,25,14,25,46,51,88,-21,34,87,82,24,6,-21,51,93,11,-0.8515625,39,12,12,61,66,125,128,0.265625,0.953125,0.6875,0.953125,79,79,10.2,11.7,15,15,5,-79,-89,-39,-79,-78,6,,,68,#N/A,#N/A,#N/A,#N/A,#N/A,GOOD,2,Black Desert Championship2026,Black Desert Resort,-1.945 (-2.482),"https://pga-tour-res.cloudinary.com/image/upload/c_fill,d_headshots_default.png,dpr_2.0,f_auto,g_face:center,h_350,q_auto,w_280/headshots_59143.png"
Eric Cole,8500,-9,24,18,21,13,17,13,59,29,32,27,16,18,18,45,20,21,29,21,24,48.81666667,73.73333333,50.79108761,53.92496252,132.4,0.76%,0.79%,"Finau, Tony / Cole, Eric / Potgieter, Aldrich",0.362796393187131,36.28%,2026-10-02 08:19,Early,,132.4,,0.7496251874,0.7790024325,0.0293772451,,15.00,2.631764975,-12.36823503,29.85714286,13,0,11,200,3,20.66666667,24,,16,2000,800,6000,1.666666667,5,17,17,10,-90,12,16,+133,42.92%,-6.64%,89.29%,293.437931,88.89%,1.555,0.04,1.975,1.73,0.205,-0.42,12.49997,16.00002,31,86,4,22,60,10,8,40,79,30,0.43,-0.48,-0.14,0.57,0.35,-0.01,0.64,0.55,12,83,46,3,4,38,69,79,10,-23,-36,76,36,-30,-65,-49,16,34,62,-0.53125,142,17,38,132,148,143,128,0.828125,0.90625,0.078125,0.90625,73,73,29,23.28571429,16,4,11,-18,-11,-39,-6,-2,12,,,61,#N/A,#N/A,#N/A,#N/A,#N/A,GOOD,2,Black Desert Championship2026,Black Desert Resort,1.555 (1.124),"https://pga-tour-res.cloudinary.com/image/upload/c_fill,d_headshots_default.png,dpr_2.0,f_auto,g_face:center,h_350,q_auto,w_280/headshots_47591.png"
Johnny Keefer,8400,-8,35,18,18,16,25,23,43,31,34,37,26,28,29,16,25,18,20,,35,49.16666667,73.2,48.81357276,48.79642526,214.4,0.47%,0.50%,"Kizzire, Patton / Wu, Dylan / Keefer, Johnny",0.498184219214262,49.82%,2026-10-02 12:30,Early,,214.4,,0.4642525534,0.631920423,0.1676678696,,20.00,2.134866294,-17.86513371,38.14285714,30,0,37,200,3,,33,,-,,,,,,,,,,,,+106,48.54%,1.27%,92.86%,315.55,86.11%,1.055,1.87,2.6,-0.065,0.795,-1.545,12.99998,15.49998,16,1,8,39,1,6,63,12,105,15,0.32,0.53,0.57,-0.25,-0.34,0.38,0.71,0.60,17,6,6,60,80,7,2,47,22,-5,0,45,-68,56,6,-32,25.75,56,49,-0.9921875,79,35,145,23,66,133,128,0.6953125,0.8671875,0.171875,0.8671875,68,68,31,25.71428571,17,,32,-39,-7,-39,-22,-14,17,,,62,#N/A,#N/A,#N/A,#N/A,#N/A,GOOD,2,Black Desert Championship2026,Black Desert Resort,1.055 (0.74),"https://pga-tour-res.cloudinary.com/image/upload/c_fill,d_headshots_default.png,dpr_2.0,f_auto,g_face:center,h_350,q_auto,w_280/headshots_63454.png"
Beau Hossler,8300,-8,35,18,14,15,19,19,37,14,17,35,18,24,26,7,13,14,11,1,35,51.18333333,73.33333333,50.37886485,50.68125977,318.9,0.31%,0.34%,"Hossler, Beau / Lower, Justin / Ramey, Chad",0.409198223105837,40.92%,2026-10-02 08:41,Early,,318.9,,0.3125976868,1.224194018,0.911596331,,10.00,4.1357906,-5.8642094,31.75,18,0,18,200,3,32.33333333,23,,19,2500,850,7000,1.428571429,4,21,19,16,-84,11,19,+145,40.82%,0.10%,71.43%,301.5724138,77.78%,1.055,-1.11,-0.34,1.26,-0.49,1.395,10.00006,14.00004,107,37,46,31,101,67,18,88,15,106,0.76,0.19,0.26,0.50,0.21,-0.14,0.69,0.63,3,23,20,5,17,53,21,29,28,78,47,10,71,-35,25,77,18.75,41,42,13,29,65,20,135,43,12,128,0.7578125,0.9765625,0.21875,0.9765625,82,82,17.8,17.68571429,18,39,3,8,-28,-39,-13,-18,3,,,62,#N/A,#N/A,#N/A,#N/A,#N/A,GOOD,2,Black Desert Championship2026,Black Desert Resort,1.055 (0.293),"https://pga-tour-res.cloudinary.com/image/upload/c_fill,d_headshots_default.png,dpr_2.0,f_auto,g_face:center,h_350,q_auto,w_280/headshots_35461.png"
Rico Hoey,8200,-9,24,18,11,16,11,10,54,24,27,25,12,13,13,14,10,11,12,5,24,52.03333333,73.2,52.82679651,57.11671114,148.9,0.67%,0.71%,"Power, Seamus / Wallace, Matt / Hoey, Rico",0.338676920577324,33.87%,2026-10-02 13:36,Late,,148.9,,0.6671114076,1.562521195,0.8954097874,,0.00,5.278787821,5.278787821,37.75,29,0,35,200,3,,17,,-,,,,,,,,,,,,+198,33.56%,0.31%,85.71%,308.55,80.56%,1.555,1.255,0.92,-0.125,-0.215,0.635,12.00003,14.49999,55,10,18,29,10,34,65,70,37,54,0.03,0.41,0.34,-0.32,-0.15,0.08,0.68,0.62,38,9,15,68,66,30,24,35,-9,1,19,-31,4,35,-6,19,17,38,121,78,55,136,75,44,112,50,128,0.7734375,0.703125,-0.0703125,0.703125,49,49,34,24.42857143,19,20,6,-9,-23,-39,-10,-19,36,,,61,#N/A,#N/A,#N/A,#N/A,#N/A,GOOD,2,Black Desert Championship2026,Black Desert Resort,1.555 (1.529),"https://pga-tour-res.cloudinary.com/image/upload/c_fill,d_headshots_default.png,dpr_2.0,f_auto,g_face:center,h_350,q_auto,w_280/headshots_51696.png"
Chris Kirk,8100,-11,9,18,12,24,14,6,90,44,47,10,7,7,1,12,15,12,13,,9,51.71666667,69.2,52.01294821,61.1453125,50.2,1.99%,2.03%,"Horschel, Billy / Kirk, Chris / Davis, Cam",0.404812959672877,40.48%,2026-10-02 08:08,Early,,50.2,,1.953125,1.066008971,-0.8871160291,,10.00,3.601381658,-6.398618342,30.625,15,0,15,200,3,34.33333333,13,,16,2200,750,6500,1.538461538,4.545454545,19,16,14,-86,7,16,+128,43.86%,-3.38%,89.29%,295.837931,83.33%,2.555,-0.015,1.81,2.12,-0.295,0.745,12.49997,14.99994,31,70,13,13,62,14,6,80,33,30,0.15,0.00,0.63,-0.47,0.12,0.50,0.69,0.62,27,38,5,82,28,4,18,30,-14,24,9,-49,52,2,-5,0,10.25,29,127,47,67,144,31,76,111,68,128,0.8984375,0.7890625,-0.109375,0.7890625,59,59,44.4,31.34285714,20,,17,-13,4,-39,7,2,26,,,59,#N/A,#N/A,#N/A,#N/A,#N/A,GOOD,2,Black Desert Championship2026,Black Desert Resort,2.555 (2.401),"https://pga-tour-res.cloudinary.com/image/upload/c_fill,d_headshots_default.png,dpr_2.0,f_auto,g_face:center,h_350,q_auto,w_280/headshots_30926.png"
Jordan L. Smith,8000,,,,7,25,,65,,,,,,,,4,9,7,7,,,54.56666667,68.93333333,0,0.03815337657,261.1,,,"Todd, Brendon / Hughes, Mackenzie / Smith, Jordan",,,2026-10-02 07:35,Early,,261.1,,0.3815337657,1.717239289,1.335705524,,0.00,5.801484085,5.801484085,32.14285714,19,0,19,200,3,15.66666667,18,,2,,,,,,1,1,,,,2,+107,,0.00%,,,,,,,,,,,,,,,,,,,,,,,,,,,,,,,,,,,,,,0,0,0,0,0,0,0,0,4.5,26,0,81,79,76,83,79,74,68,128,0,0,0,0,,,0,0,21,,9,0,9,-39,21,9,,,,,#N/A,#N/A,#N/A,#N/A,#N/A,GOOD,2,Black Desert Championship2026,, (0),"https://pga-tour-res.cloudinary.com/image/upload/c_fill,d_headshots_default.png,dpr_2.0,f_auto,g_face:center,h_350,q_auto,w_280/headshots_46464.png"
Neal Shipley,7900,-12,7,18,24,21,26,7,82,63,66,8,8,8,3,22,38,24,28,0,7,47.91666667,71.33333333,48.8001773,61.09246575,28.2,3.55%,3.59%,"Hall, Harry / McCarty, Matt / Shipley, Neal",0,34.25%,2026-10-02 13:14,Late,,28.2,,3.424657534,0.4111725669,-3.013484967,,5.00,1.38909651,-3.61090349,55.85714286,57,0,65,200,3,,11,,-,,,,,,,,,,,,+192,34.25%,0.00%,89.29%,311.15,88.89%,3.055,0.995,4.08,3.175,-0.09,-1.025,12.49997,16.00002,31,6,4,7,15,1,2,59,94,30,-0.21,0.78,0.16,-0.37,-0.40,-0.23,0.69,0.69,50,1,25,73,81,63,19,5,-43,14,-24,21,-22,-61,-15,25,13,31,142,64,131,54,130,148,119,45,128,0.9453125,0.609375,-0.3359375,0.609375,38,38,63,40.57142857,22,57,36,50,29,-39,15,31,47,,,58,#N/A,#N/A,#N/A,#N/A,#N/A,GOOD,2,Black Desert Championship2026,Black Desert Resort,3.055 (3.265),"https://pga-tour-res.cloudinary.com/image/upload/c_fill,d_headshots_default.png,dpr_2.0,f_auto,g_face:center,h_350,q_auto,w_280/headshots_63807.png"
Max Greyserman,7900,-5,69,18,25,23,6,,35,8,11,70,44,53,60,47,26,25,33,5,69,47.76666667,70.66666667,57.05,0,0,0.00%,0.11%,"Greyserman, Max / Hojgaard, Rasmus / Suber, Jackson",0.322686607023635,32.27%,2026-10-02 12:52,Late,,0.0,,0,0.6005970534,0.6005970534,,10.00,6.384812615,-3.615187385,31.71428571,16,0,16,200,3,,30,,-,,,,,,,,,,,,+196,33.78%,-1.52%,82.14%,296.4068966,63.89%,-0.445,-0.23,-0.43,-1.095,0.905,-0.015,11.49995,11.50002,84,64,107,72,79,73,92,8,63,83,0.13,-0.01,-0.14,0.27,0.04,-0.17,0.65,0.55,29,41,45,20,34,58,63,78,43,38,28,43,-26,34,44,5,42.5,82,34,36,45,38,132,46,27,61,128,0.4375,0.7734375,0.3359375,0.7734375,57,57,19.6,22.93333333,22,19,29,-53,-43,-39,-50,-46,28,,,65,#N/A,#N/A,#N/A,#N/A,#N/A,GOOD,2,Black Desert Championship2026,Black Desert Resort,-0.445 (-0.579),"https://pga-tour-res.cloudinary.com/image/upload/c_fill,d_headshots_default.png,dpr_2.0,f_auto,g_face:center,h_350,q_auto,w_280/headshots_51977.png"
Nick Taylor,7800,-10,18,18,23,22,27,14,69,37,40,18,15,15,12,41,27,23,30,,18,48.11666667,70.93333333,48.66105717,53.15672359,92.7,1.08%,1.12%,"Taylor, Nick / Homa, Max / McNealy, Maverick",0.326250304015566,32.63%,2026-10-02 08:08,Early,,92.7,,1.067235859,0.5777396464,-0.4894962127,,5.00,3.832109684,-1.167890316,43.25,36,0,31,200,3,51,21,,24,3000,1100,7500,1.333333333,3.333333333,23,23,18,-82,9,24,+246,28.90%,3.72%,96.43%,289.1,80.56%,2.055,0.335,0.88,-0.26,0.805,1.175,13.49999,14.49999,5,102,18,19,45,37,69,11,23,4,0.30,-0.19,0.14,0.16,0.29,0.04,0.65,0.62,18,60,26,27,8,34,59,36,1,-15,11,-4,3,35,-41,-32,16.25,35,73,129,64,115,76,44,140,133,128,0.8515625,0.859375,0.0078125,0.859375,67,67,40,31,24,,21,-19,2,-39,5,8,18,,,60,#N/A,#N/A,#N/A,#N/A,#N/A,GOOD,2,Black Desert Championship2026,Black Desert Resort,2.055 (1.751),"https://pga-tour-res.cloudinary.com/image/upload/c_fill,d_headshots_default.png,dpr_2.0,f_auto,g_face:center,h_350,q_auto,w_280/headshots_25493.png"
Ben Kohles,7800,-9,24,18,16,20,16,11,51,19,22,24,9,9,8,28,5,16,16,10,24,50.3,71.6,50.89882698,56.50830904,170.5,0.59%,0.62%,"Kohles, Ben / Hodges, Lee / Dunlap, Nick",0.402083633395746,40.21%,2026-10-02 08:30,Early,,170.5,,0.583090379,2.872991078,2.289900699,,10.00,11.62433201,1.624332015,12.25,1,0,1,200,3,,12,,-,,,,,,,,,,,,+146,40.65%,-0.44%,96.43%,290.6,66.67%,1.555,-0.015,1.645,0.175,1.485,-0.09,13.49999,12.00006,5,97,101,22,63,18,55,2,66,4,,,,,,,,,,,,,,,,,22,63,18,66,2,55,101,4,16.33333333,36,0,22,57,22,80,24,5,62,128,0.828125,0,-0.828125,0,,,0,0,24,9,14,-13,-8,-39,2,-17,,,,61,#N/A,#N/A,#N/A,#N/A,#N/A,GOOD,2,Black Desert Championship2026,Black Desert Resort,1.555 (1.555),"https://pga-tour-res.cloudinary.com/image/upload/c_fill,d_headshots_default.png,dpr_2.0,f_auto,g_face:center,h_350,q_auto,w_280/headshots_36884.png"
Pierceson Coody,7700,-4,82,18,34,25,13,,17,16,19,82,62,69,76,46,51,34,44,9,82,46.31666667,68.93333333,52.35,0,0,0.00%,0.09%,"Grillo, Emiliano / Kanaya, Takumi / Coody, Pierceson",0.355925191514858,35.59%,2026-10-02 08:30,Early,,0.0,,0,0.2679258135,0.2679258135,,0.00,0.6177636809,0.6177636809,50.375,49,0,54,200,3,,56,,-,,,,,,,,,,,,+172,36.76%,-1.17%,92.86%,307.6,80.56%,-0.945,1.445,-0.645,-1.35,-0.74,-0.3,12.99998,14.49999,16,15,18,78,4,77,102,96,73,15,0.08,0.32,-0.04,0.12,-0.29,-0.07,0.67,0.58,33,13,38,32,77,41,39,58,45,-9,39,41,19,61,-21,-43,51.75,95,33,125,37,39,57,20,126,141,128,0.390625,0.7421875,0.3515625,0.7421875,54,54,26.4,27.23333333,26,11,51,-67,-27,-39,-52,-27,31,,,66,#N/A,#N/A,#N/A,#N/A,#N/A,GOOD,2,Black Desert Championship2026,Black Desert Resort,-0.945 (-1.024),"https://pga-tour-res.cloudinary.com/image/upload/c_fill,d_headshots_default.png,dpr_2.0,f_auto,g_face:center,h_350,q_auto,w_280/headshots_59836.png"
Stephan Jaeger,7700,-14,5,18,27,27,5,8,92,,,5,4,5,5,43,11,27,27,2,5,47.025,68.53333333,58.94778761,61.06300813,11.3,8.85%,8.89%,"Jaeger, Stephan / Riley, Davis / Thompson, Davis",0.393495776794255,39.35%,2026-10-02 13:14,Late,,11.3,,8.130081301,1.396244745,-6.733836556,,20.00,13.21935868,-6.78064132,27.75,10,0,8,200,3,20.66666667,5,,10,1400,600,5000,2,7.142857143,9,11,3,-97,6,10,+170,37.04%,2.31%,85.71%,295.1241379,80.56%,4.055,-0.13,3.39,3.26,0.26,0.665,11.99996,14.49999,56,76,18,5,70,4,1,34,36,55,0.18,-0.24,-0.05,0.23,0.26,-0.06,0.66,0.54,25,63,39,23,13,40,43,82,-20,7,-35,13,21,-39,-25,-27,5.25,27,133,74,140,62,51,137,129,130,128,0.9609375,0.8046875,-0.15625,0.8046875,61,61,42,29.85714286,26,29,13,24,8,-39,21,6,24,,,56,#N/A,#N/A,#N/A,#N/A,#N/A,GOOD,2,Black Desert Championship2026,Black Desert Resort,4.055 (3.875),"https://pga-tour-res.cloudinary.com/image/upload/c_fill,d_headshots_default.png,dpr_2.0,f_auto,g_face:center,h_350,q_auto,w_280/headshots_36799.png"
Christiaan Bezuidenhout,7600,-9,24,18,22,30,24,15,96,25,28,28,14,17,17,16,18,22,19,9,24,48.53888889,66.66666667,48.95024631,52.71119951,162.4,0.62%,0.65%,"Van Rooyen, Erik / Bezuidenhout, Christiaan / Bauchou, Zach",0.397310830933377,39.73%,2026-10-02 07:57,Early,,162.4,,0.611995104,0.8297164804,0.2177213764,,10.00,6.913099378,-3.086900622,36.5,26,0,28,200,3,,26,,-,,,,,,,,,,,,+188,34.72%,5.01%,85.71%,286.1137931,72.22%,1.555,-1.46,0.08,0.77,0.77,1.475,11.99996,12.99996,56,105,84,29,109,59,32,15,13,55,0.72,-0.29,0.31,0.42,0.22,0.38,0.68,0.63,4,67,17,9,16,7,25,26,25,42,42,4,-1,25,59,29,19,42,46,32,33,71,116,58,23,39,128,0.7734375,0.96875,0.1953125,0.96875,81,81,35.8,31.82857143,28,12,7,-17,-22,-39,-1,-11,4,,,61,#N/A,#N/A,#N/A,#N/A,#N/A,GOOD,2,Black Desert Championship2026,Black Desert Resort,1.555 (0.833),"https://pga-tour-res.cloudinary.com/image/upload/c_fill,d_headshots_default.png,dpr_2.0,f_auto,g_face:center,h_350,q_auto,w_280/headshots_45522.png"
Billy Horschel,7600,-9,24,18,36,32,30,20,82,40,43,29,23,23,22,57,32,36,42,,24,45.88611111,66.26666667,47.03705435,49.60810575,171.1,0.58%,0.61%,"Horschel, Billy / Kirk, Chris / Davis, Cam",0.395965905064764,39.60%,2026-10-02 08:08,Early,,171.1,,0.5810575247,0.49919381,-0.08186371469,,0.00,1.151004457,1.151004457,36.5,26,0,28,200,3,31,35,,1,,,,,,1,1,,,-5,1,+182,35.46%,4.14%,75.00%,292.8,75.00%,1.555,-0.915,0.305,-0.05,1.27,1.25,10.5,13.5,102,91,60,22,94,52,62,3,19,101,-0.08,-0.11,-0.12,0.04,-0.29,0.29,0.66,0.59,44,51,43,39,78,15,47,50,-22,43,9,-20,-75,47,13,51,19,42,136,30,67,127,149,28,57,25,128,0.828125,0.65625,-0.171875,0.65625,43,43,46.6,40.65714286,28,,33,-22,11,-39,6,10,42,,,61,#N/A,#N/A,#N/A,#N/A,#N/A,GOOD,2,Black Desert Championship2026,Black Desert Resort,1.555 (1.633),"https://pga-tour-res.cloudinary.com/image/upload/c_fill,d_headshots_default.png,dpr_2.0,f_auto,g_face:center,h_350,q_auto,w_280/headshots_29420.png"
Kevin Roy,7600,-16,2,18,9,28,7,3,80,55,58,2,2,2,24,5,12,9,9,1,2,53.23333333,68.4,56.25,65.2,4,25.00%,25.03%,"Martin, Ben / Roy, Kevin / Walker, Danny",0.478458486605165,47.85%,2026-10-02 07:46,Early,,4.0,,20,1.276876871,-18.72312313,,5.00,5.444128996,0.4441289958,28.75,12,0,13,200,3,,3,,-,,,,,,,,,,,,+122,45.05%,2.80%,100.00%,296,80.56%,5.055,1.03,3.37,1.76,0.585,1.685,14,14.49999,1,69,18,2,13,5,7,20,9,1,0.34,0.17,0.23,0.11,0.20,-0.13,0.67,0.63,16,24,21,34,18,51,29,28,-14,-11,-16,-25,2,-44,-11,-27,4,24,127,126,125,133,80,140,118,130,128,0.984375,0.875,-0.109375,0.875,69,69,44.2,27.17142857,28,45,12,43,10,-39,26,10,16,,,54,#N/A,#N/A,#N/A,#N/A,#N/A,GOOD,2,Black Desert Championship2026,Black Desert Resort,5.055 (4.714),"https://pga-tour-res.cloudinary.com/image/upload/c_fill,d_headshots_default.png,dpr_2.0,f_auto,g_face:center,h_350,q_auto,w_280/headshots_39335.png"
Hao-Tong Li,7500,,,,48,35,,,,,,,,,,112,75,48,78,2,,42.08055556,64.13333333,0,0,,,,,,,,,,,,,0.142903179,0.142903179,,,0.3294956642,0.3294956642,,100,0,108,200,3,,76,,-,,,,,,,,,,,,,,0.00%,,,,,,,,,,,,,,,,,,,,,,,,,,,,,,,,,,,,,,0,0,0,0,0,0,0,0,37.5,72,0,81,79,76,83,79,74,68,128,0,0,0,0,,,0,0,31,33,112,33,112,-39,31,75,,,,,#N/A,#N/A,#N/A,#N/A,#N/A,GOOD,2,Black Desert Championship2026,, (0),https://www.freeiconspng.com/uploads/--tie-user-users-work-worker-working-icon--icon-search-engine-6.png
Rasmus Neergaard-Petersen,7500,,,,28,36,,,,,,,,,,20,35,28,28,,,46.92777778,63.73333333,0,0,,,,,,,,,,,,,0.4242410863,0.4242410863,,,0.978183967,0.978183967,58.57142857,61,0,71,200,3,,39,,-,,,,,,,,,,,,,,0.00%,,,,,,,,,,,,,,,,,,,,,,0.24,0.48,0.21,0.03,-0.19,-0.08,0.67,0.64,23,7,23,42,71,42,32,20,0,-7,-23,-42,-71,-42,-32,-20,19.33333333,44,0,124,129,141,148,139,136,124,128,0,0,0,0,,,0,0,31,,112,0,112,-39,31,35,,,,,#N/A,#N/A,#N/A,#N/A,#N/A,GOOD,2,Black Desert Championship2026,, (-0.244),"https://pga-tour-res.cloudinary.com/image/upload/c_fill,d_headshots_default.png,dpr_2.0,f_auto,g_face:center,h_350,q_auto,w_280/headshots_52689.png"
Mackenzie Hughes,7500,-1,103,18,20,31,10,,13,1,4,103,56,71,80,21,17,20,19,0,103,48.94166667,66.4,53.3,0,0,0.00%,0.04%,"Todd, Brendon / Hughes, Mackenzie / Smith, Jordan",0.374061554920932,37.41%,2026-10-02 07:35,Early,,0.0,,0,0.8982386057,0.8982386057,,10.00,7.071092666,-2.928907334,38.85714286,31,0,31,200,3,,20,,-,,,10000,1,,,,23,-77,,,+161,38.31%,-0.91%,89.29%,298.05,77.78%,-2.445,-0.06,-1.07,-0.91,-0.095,-1.375,12.49997,14.00004,31,57,44,102,66,92,89,61,103,30,0.38,-0.15,-0.02,0.40,0.43,-0.30,0.67,0.58,15,55,34,11,1,66,34,62,87,11,58,92,60,23,10,-32,55.25,100,14,68,23,8,26,63,65,133,128,0.203125,0.8828125,0.6796875,0.8828125,70,70,12.8,16.46666667,31,49,8,-53,-94,-39,-71,-85,15,,,69,#N/A,#N/A,#N/A,#N/A,#N/A,GOOD,2,Black Desert Championship2026,Black Desert Resort,-2.445 (-2.82),"https://pga-tour-res.cloudinary.com/image/upload/c_fill,d_headshots_default.png,dpr_2.0,f_auto,g_face:center,h_350,q_auto,w_280/headshots_35506.png"
John Parry,7500,-6,56,18,31,29,33,33,18,8,11,56,33,41,44,15,22,31,23,,56,46.62222222,67.73333333,45.66432112,44.55627038,1593.8,0.06%,0.09%,"Parry, John / Hardy, Nick / Tie",0,54.55%,2026-10-02 07:57,Early,,1593.8,,0.06270378731,0.699120554,0.6364167667,,5.00,4.111980874,-0.8880191265,33.85714286,23,0,25,200,3,,44,,-,,,,,,,,,,,,-120,54.55%,0.00%,89.29%,298.75,77.78%,0.055,0.225,-0.175,-0.195,-0.205,0.23,12.49997,13.99995,31,49,52,60,49,61,66,69,56,30,0.21,-0.11,0.39,-0.18,0.18,0.33,0.70,0.63,24,51,11,55,22,12,6,23,36,-2,50,1,47,54,46,7,35.5,69,39,118,27,75,32,26,26,60,128,0.53125,0.8125,0.28125,0.8125,62,62,16.6,24.94285714,31,,15,-60,-45,-39,-29,-38,23,,,64,#N/A,#N/A,#N/A,#N/A,#N/A,GOOD,2,Black Desert Championship2026,Black Desert Resort,0.0549999999999999 (-0.157),"https://pga-tour-res.cloudinary.com/image/upload/c_fill,d_headshots_default.png,dpr_2.0,f_auto,g_face:center,h_350,q_auto,w_280/headshots_28723.png"
Taylor Pendrith,7400,,,,43,38,,,,,,,,,,50,64,43,52,3,,43.13611111,62.53333333,0,0,,,,,,,,,,,,,0.2012598686,0.2012598686,,,0.4640502371,0.4640502371,71.57142857,87,0,96,200,3,,64,,-,,,,,,,,,,,,,,0.00%,,,,,,,,,,,,,,,,,,,,,,-0.18,0.29,0.18,-0.37,-0.02,-0.09,0.70,0.58,49,14,24,72,47,44,9,54,0,-14,-24,-72,-47,-44,-9,-54,37.66666667,73,0,128,131,147,143,140,116,145,128,0,0,0,0,,,0,0,35,28,112,28,112,-39,35,64,,,,,#N/A,#N/A,#N/A,#N/A,#N/A,GOOD,2,Black Desert Championship2026,, (0.184),"https://pga-tour-res.cloudinary.com/image/upload/c_fill,d_headshots_default.png,dpr_2.0,f_auto,g_face:center,h_350,q_auto,w_280/headshots_40250.png"
Kris Ventura,7400,,,,44,40,,,,,,,,,,82,39,44,55,,,42.98333333,62.13333333,0,0,,,,,,,,,,,,,0.3946385148,0.3946385148,,,0.9099285299,0.9099285299,40.25,33,0,39,200,3,,43,,-,,,,,,,,,,,,,,0.00%,,,,,,,,,,,,,,,,,,,,,,,,,,,,,,,,,,,,,,0,0,0,0,0,0,0,0,19.5,45,0,81,79,76,83,79,74,68,128,0,0,0,0,,,0,0,35,,112,0,112,-39,35,39,,,,,#N/A,#N/A,#N/A,#N/A,#N/A,GOOD,2,Black Desert Championship2026,, (0),"https://pga-tour-res.cloudinary.com/image/upload/c_fill,d_headshots_default.png,dpr_2.0,f_auto,g_face:center,h_350,q_auto,w_280/headshots_35658.png"
Emiliano Grillo,7400,-8,35,18,38,34,49,31,60,49,52,38,35,31,31,28,47,38,38,17,35,44.66388889,64.53333333,41.24784022,45.2731696,430.6,0.23%,0.26%,"Grillo, Emiliano / Kanaya, Takumi / Coody, Pierceson",0.340047646899385,34.00%,2026-10-02 08:30,Early,,430.6,,0.2316960148,0.2748922623,0.04319624743,,5.00,3.133826407,-1.866173593,45.75,42,0,24,200,3,36.33333333,57,,8,1400,550,5000,2,7.142857143,9,8,3,-97,-2,8,+200,33.33%,0.67%,85.71%,292.7,80.56%,1.055,-0.305,1.825,2.75,-0.62,-0.77,11.99996,14.49999,56,92,18,31,81,12,3,93,92,55,-0.05,0.10,0.10,-0.15,-0.12,0.12,0.67,0.69,42,33,28,53,65,25,37,10,-11,48,-16,39,28,-22,-19,45,27.25,57,124,26,125,41,45,127,122,26,128,0.7578125,0.671875,-0.0859375,0.671875,45,45,48.6,44.22857143,35,5,45,-26,14,-39,4,16,40,,,62,#N/A,#N/A,#N/A,#N/A,#N/A,GOOD,2,Black Desert Championship2026,Black Desert Resort,1.055 (1.108),"https://pga-tour-res.cloudinary.com/image/upload/c_fill,d_headshots_default.png,dpr_2.0,f_auto,g_face:center,h_350,q_auto,w_280/headshots_31646.png"
Austin Eckroat,7400,,,,30,41,,,,,,,,,,32,31,30,31,4,,46.67777778,61.33333333,0,0,,,,,,,,,,,,,0.5207177197,0.5207177197,,,1.200632709,1.200632709,44.57142857,37,0,41,200,3,,36,,-,,,,,,,,,,,,,,0.00%,,,,,,,,,,,,,,,,,,,,,,0.12,-0.20,-0.01,0.12,-0.16,0.35,0.67,0.60,31,61,32,32,70,11,31,44,0,-61,-32,-32,-70,-11,-31,-44,20.66666667,47,0,147,139,137,147,124,135,142,128,0,0,0,0,,,0,0,35,25,112,25,112,-39,35,31,,,,,#N/A,#N/A,#N/A,#N/A,#N/A,GOOD,2,Black Desert Championship2026,, (-0.117),"https://pga-tour-res.cloudinary.com/image/upload/c_fill,d_headshots_default.png,dpr_2.0,f_auto,g_face:center,h_350,q_auto,w_280/headshots_57362.png"
Zecheng Dou,7300,-8,35,18,29,33,32,29,38,19,22,36,22,26,27,12,19,29,20,0,35,46.85833333,65.46666667,46.21062796,46.57620545,380.6,0.26%,0.29%,"Dou, Zecheng / Johnson, Zach J. / Sargent, Gordon",0.418465269966254,41.85%,2026-10-02 09:14,Early,,380.6,,0.2620545073,0.8236799039,0.5616253965,,5.00,4.399180683,-0.6008193173,32.57142857,20,0,20,200,3,,34,,-,,,,,,,,,,,,-107,51.69%,-9.84%,82.14%,295.4,77.78%,1.055,0.11,0.79,1.425,-0.745,0.265,11.49995,14.00004,84,72,46,31,56,40,13,98,51,83,0.46,-0.06,0.33,0.14,0.16,0.23,0.70,0.58,10,49,16,31,24,18,11,57,21,7,24,20,74,-5,35,26,20.25,46,51,74,49,55,18,117,38,42,128,0.7578125,0.921875,0.1640625,0.921875,75,75,21.8,26.11428571,39,70,18,39,-13,-39,8,-12,10,,,62,#N/A,#N/A,#N/A,#N/A,#N/A,GOOD,2,Black Desert Championship2026,Black Desert Resort,1.055 (0.591),"https://pga-tour-res.cloudinary.com/image/upload/c_fill,d_headshots_default.png,dpr_2.0,f_auto,g_face:center,h_350,q_auto,w_280/headshots_37338.png"
Zachary Bauchou,7300,,,,54,44,,,,,,,,,,99,77,54,77,4,,40.70555556,60.53333333,0,0,,,,,,,,,,,,,0.1401413088,0.1401413088,,,0.3231275465,0.3231275465,91.42857143,105,0,118,200,3,,77,,-,,,,,,,,,,,,,,0.00%,,,,,,,,,,,,,,,,,,,,,,,,,,,,,,,,,,,,,,0,0,0,0,0,0,0,0,38.5,76,0,81,79,76,83,79,74,68,128,0,0,0,0,,,0,0,39,22,112,22,112,-39,39,77,,,,,#N/A,#N/A,#N/A,#N/A,#N/A,GOOD,2,Black Desert Championship2026,, (0),https://www.freeiconspng.com/uploads/--tie-user-users-work-worker-working-icon--icon-search-engine-6.png
Lee Hodges,7300,-7,49,18,33,37,36,32,55,14,17,51,29,34,37,9,24,33,22,1,49,46.55277778,62.93333333,45.1275403,44.8621981,818.8,0.12%,0.15%,"Kohles, Ben / Hodges, Lee / Dunlap, Nick",0.384111895274217,38.41%,2026-10-02 08:30,Early,,818.8,,0.121980971,0.6388908589,0.5169098879,,15.00,8.973107662,-6.026892338,42.875,35,0,21,200,3,44,45,,13,1600,700,5500,1.818181818,6.25,13,14,6,-94,2,13,+160,38.46%,-0.05%,96.43%,294.6,77.78%,0.555,0.845,0.2,0.005,-0.65,0.355,13.49999,13.99995,5,78,52,47,22,57,61,94,43,4,0.26,0.26,0.11,0.15,-0.25,0.11,0.70,0.68,22,18,27,28,75,28,10,15,25,4,30,15,19,33,42,-11,29.5,60,46,76,43,61,57,48,32,114,128,0.6328125,0.828125,0.1953125,0.828125,63,63,28.6,33.51428571,39,48,19,1,-28,-39,-8,-23,22,,,63,#N/A,#N/A,#N/A,#N/A,#N/A,GOOD,2,Black Desert Championship2026,Black Desert Resort,0.555 (0.294),"https://pga-tour-res.cloudinary.com/image/upload/c_fill,d_headshots_default.png,dpr_2.0,f_auto,g_face:center,h_350,q_auto,w_280/headshots_54628.png"
Seamus Power,7300,-6,56,18,37,39,39,34,55,7,10,60,31,40,44,19,21,37,26,1,56,44.73333333,62.4,44.46394466,43.75627038,1593.8,0.06%,0.09%,"Power, Seamus / Wallace, Matt / Hoey, Rico",0.303907498172168,30.39%,2026-10-02 13:36,Late,,1593.8,,0.06270378731,0.7292644013,0.666560614,,10.00,6.681484345,-3.318515655,23,9,0,11,200,3,19.66666667,42,,19,2200,850,6500,1.538461538,4.545454545,19,19,14,-86,16,19,+287,25.84%,4.55%,85.71%,296.25,61.11%,0.055,0.615,-1.015,-2.47,0.84,1.07,11.99996,11.00007,56,67,109,60,33,91,110,10,26,55,0.28,-0.26,-0.16,0.43,0.23,-0.12,0.67,0.63,19,64,47,8,15,47,30,25,41,-31,44,18,-5,63,79,30,35.25,68,35,141,31,58,120,18,12,35,128,0.53125,0.8515625,0.3203125,0.8515625,66,66,20,32.42857143,39,36,22,-24,-38,-39,-21,-39,19,,,64,#N/A,#N/A,#N/A,#N/A,#N/A,GOOD,2,Black Desert Championship2026,Black Desert Resort,0.0549999999999999 (-0.223),"https://pga-tour-res.cloudinary.com/image/upload/c_fill,d_headshots_default.png,dpr_2.0,f_auto,g_face:center,h_350,q_auto,w_280/headshots_28252.png"
Denny McCarthy,7200,-4,82,18,49,43,34,,27,34,37,84,70,72,78,59,61,49,56,22,82,41.91388889,60.66666667,45.55,0,0,0.00%,0.04%,"Campos, Rafael / Rodgers, Patrick / McCarthy, Denny",0.417862339528116,41.79%,2026-10-02 12:41,Late,,0.0,,0,0.2191113107,0.2191113107,,5.00,3.005210782,-1.994789218,67.85714286,78,0,46,200,3,57.66666667,62,,10,1400,600,5500,1.818181818,7.142857143,9,11,6,-94,-7,10,+153,39.53%,2.26%,82.14%,292.35,69.44%,-0.945,-0.08,-3.025,-1.81,-1.135,2.08,11.49995,12.50001,84,93,88,76,67,110,106,108,4,83,0.06,-0.42,-0.40,0.46,0.00,0.02,0.66,0.58,36,78,60,6,41,36,55,58,40,-11,50,-2,67,70,33,25,53.25,98,36,126,27,113,23,16,39,45,128,0.40625,0.71875,0.3125,0.71875,51,51,42,40.16666667,43,3,54,-73,-22,-39,-33,-15,34,,,66,#N/A,#N/A,#N/A,#N/A,#N/A,GOOD,2,Black Desert Championship2026,Black Desert Resort,-0.945 (-1.008),"https://pga-tour-res.cloudinary.com/image/upload/c_fill,d_headshots_default.png,dpr_2.0,f_auto,g_face:center,h_350,q_auto,w_280/headshots_47993.png"
Steven Fisk,7200,-13,6,18,41,45,35,12,106,85,88,7,13,11,7,32,57,41,43,0,6,43.59444444,60.26666667,45.30575916,55.04751244,19.1,5.24%,5.27%,"Fisk, Steven / Highsmith, Joe / Mouw, William",0.403425359680441,40.34%,2026-10-02 13:25,Late,,19.1,,4.975124378,0.2377888357,-4.737335542,,10.00,5.548276049,-4.451723951,51.75,51,0,56,200,3,,8,0.05,-,,,,,,,,,,,,+153,39.53%,0.82%,96.43%,308.7,94.44%,3.555,1.37,2.065,0.52,0.17,1.49,13.49999,17.00001,5,9,2,6,6,8,41,44,11,4,0.01,0.13,-0.13,0.15,0.00,-0.26,0.67,0.62,39,26,44,29,41,64,37,37,-33,-20,-36,-18,3,-23,-35,-33,17.25,39,138,131,142,125,76,129,137,136,128,0.953125,0.6953125,-0.2578125,0.6953125,48,48,73.4,52.2,43,50,50,44,44,-39,37,51,37,,,57,#N/A,#N/A,#N/A,#N/A,#N/A,GOOD,2,Black Desert Championship2026,Black Desert Resort,3.555 (3.542),"https://pga-tour-res.cloudinary.com/image/upload/c_fill,d_headshots_default.png,dpr_2.0,f_auto,g_face:center,h_350,q_auto,w_280/headshots_57123.png"
Chandler Phillips,7200,-1,103,18,40,46,29,,30,5,8,104,67,77,87,37,36,40,38,0,103,44.15,59.86666667,47.6,0,0,0.00%,0.04%,"Dahmen, Joel / Putnam, Andrew / Phillips, Chandler",0.398598710534132,39.86%,2026-10-02 13:36,Late,,0.0,,0,0.4140567894,0.4140567894,,10.00,5.954701763,-4.045298237,36.125,25,0,27,200,3,,41,,-,,,,,,,,,,,,+187,34.84%,5.02%,85.71%,302.75,75.00%,-2.445,0.75,-0.39,-2.375,1.23,-2.055,11.99996,13.5,56,33,60,102,26,71,109,5,109,55,0.04,-0.04,-0.29,0.33,0.27,-0.53,0.62,0.64,37,45,52,18,10,78,83,21,65,-19,19,91,-5,31,-23,34,60,107,25,130,55,9,120,53,128,31,128,0.203125,0.7109375,0.5078125,0.7109375,50,50,20.6,32.76666667,43,57,28,-45,-74,-39,-59,-66,35,,,69,#N/A,#N/A,#N/A,#N/A,#N/A,GOOD,2,Black Desert Championship2026,Black Desert Resort,-2.445 (-2.483),"https://pga-tour-res.cloudinary.com/image/upload/c_fill,d_headshots_default.png,dpr_2.0,f_auto,g_face:center,h_350,q_auto,w_280/headshots_57900.png"
Tony Finau,7200,-4,82,18,56,48,41,,60,37,40,85,73,73,81,74,67,56,66,8,82,40.5,58.8,44.2,0,0,0.00%,0.08%,"Finau, Tony / Cole, Eric / Potgieter, Aldrich",0.323235556050317,32.32%,2026-10-02 08:19,Early,,0.0,,0,0.1822104325,0.1822104325,,5.00,2.920127445,-2.079872555,74.57142857,92,0,52,200,3,50.66666667,67,,4,650,280,3500,2.857142857,15.38461538,6,6,1,-99,-10,4,+246,28.90%,3.42%,85.71%,298.3,69.44%,-0.945,0.55,-0.385,-0.8,-0.145,-0.56,11.99996,12.50001,56,52,88,81,35,70,84,65,82,55,-0.28,-0.18,-0.03,-0.26,0.32,-0.16,0.64,0.55,53,58,36,62,5,57,72,76,28,-23,34,20,60,27,16,-21,57.25,104,42,135,39,55,26,57,56,125,128,0.3671875,0.5859375,0.21875,0.5859375,35,35,55.8,53.63333333,43,13,60,-68,-21,-39,-38,-14,50,,,66,#N/A,#N/A,#N/A,#N/A,#N/A,GOOD,2,Black Desert Championship2026,Black Desert Resort,-0.945 (-0.662),"https://pga-tour-res.cloudinary.com/image/upload/c_fill,d_headshots_default.png,dpr_2.0,f_auto,g_face:center,h_350,q_auto,w_280/headshots_29725.png"
Sudarshan Yellamaraju,7200,-10,18,18,39,42,38,17,64,44,47,19,19,19,15,11,34,39,28,14,18,44.51666667,60.8,44.96741405,50.82418398,133.8,0.75%,0.78%,"Hoge, Tom / Meissner, Mac / Yellamaraju, Sudarshan",0.32828467420067,32.83%,2026-10-02 12:41,Late,,133.8,,0.7418397626,0.4315129926,-0.31032677,,15.00,8.494950995,-6.505049005,46.57142857,43,0,47,200,3,,31,,-,,,,,,,,,,,,+210,32.26%,0.57%,75.00%,309.2,72.22%,2.055,0.805,1.725,0.535,0.38,0.33,10.5,12.99996,102,8,85,19,25,15,39,30,44,101,0.49,0.28,0.46,0.04,-0.01,0.19,0.66,0.60,7,15,9,40,45,20,45,42,12,10,6,4,-15,19,40,59,18,40,60,70,74,71,125,67,34,15,128,0.8515625,0.9453125,0.09375,0.9453125,78,78,41,34.71428571,43,6,30,-13,11,-39,24,15,7,,,60,#N/A,#N/A,#N/A,#N/A,#N/A,GOOD,2,Black Desert Championship2026,Black Desert Resort,2.055 (1.563),"https://pga-tour-res.cloudinary.com/image/upload/c_fill,d_headshots_default.png,dpr_2.0,f_auto,g_face:center,h_350,q_auto,w_280/headshots_60386.png"
Max McGreevy,7100,-11,9,18,42,49,42,18,94,68,71,11,17,14,6,35,44,42,40,2,9,43.2,58.66666667,44.1817715,50.77674271,77.9,1.28%,1.32%,"Blair, Zac / McGreevy, Max / Gordon, Will",0.383263389216004,38.33%,2026-10-02 13:25,Late,,77.9,,1.267427123,0.2911331114,-0.9762940115,,0.00,0.6712733657,0.6712733657,64.125,74,0,83,200,3,,22,,-,,,,,,,,,,,,+164,37.88%,0.45%,92.86%,298.2,86.11%,2.555,1.315,1.455,0.235,-0.1,1.1,12.99998,15.49998,16,56,8,9,7,20,48,62,25,15,0.12,0.12,0.51,-0.39,0.08,0.31,0.69,0.68,30,27,8,75,32,14,17,16,-21,-20,12,-50,30,34,-9,-1,15.5,33,134,131,63,145,42,46,116,105,128,0.9296875,0.765625,-0.1640625,0.765625,56,56,67.2,49.02857143,48,30,39,21,30,-39,39,35,29,,,59,#N/A,#N/A,#N/A,#N/A,#N/A,GOOD,2,Black Desert Championship2026,Black Desert Resort,2.555 (2.433),"https://pga-tour-res.cloudinary.com/image/upload/c_fill,d_headshots_default.png,dpr_2.0,f_auto,g_face:center,h_350,q_auto,w_280/headshots_51950.png"
William Mouw,7100,-6,56,18,46,52,53,51,103,,,64,55,55,58,23,62,46,44,1,56,42.55,56.93333333,39.26141785,36.30581463,1718.8,0.06%,0.08%,"Fisk, Steven / Highsmith, Joe / Mouw, William",0.375287214111492,37.53%,2026-10-02 13:25,Late,,1718.8,,0.05814629608,0.2153484947,0.1572021987,,0.00,0.4965347574,0.4965347574,63.75,73,0,82,200,3,,79,,-,,,,,,,,,,,,+207,32.57%,4.96%,75.00%,300.35,72.22%,0.055,-0.97,-0.715,0.225,0.03,0.77,10.5,13.00005,102,40,75,56,96,78,49,53,32,101,-0.09,0.11,0.23,-0.31,-0.26,0.37,0.69,0.64,46,30,22,67,76,9,13,19,10,66,56,-35,-23,40,62,82,43.5,84,62,20,25,139,131,34,19,11,128,0.5625,0.640625,0.078125,0.640625,41,41,73.33333333,62.61904762,48,37,56,-19,0,-39,-8,6,44,,,64,#N/A,#N/A,#N/A,#N/A,#N/A,GOOD,2,Black Desert Championship2026,Black Desert Resort,0.055 (0.141),"https://pga-tour-res.cloudinary.com/image/upload/c_fill,d_headshots_default.png,dpr_2.0,f_auto,g_face:center,h_350,q_auto,w_280/headshots_63121.png"
David Ford,7100,-10,18,18,53,47,43,26,73,58,61,20,24,21,19,90,41,53,61,,18,40.73333333,59.33333333,43.3102439,47.54661836,102.5,0.98%,1.01%,"Stanger, Jimmy / Ford, David / Akina, Kihei",0.463843303335098,46.38%,2026-10-02 13:58,Late,,102.5,,0.9661835749,0.3332420898,-0.6329414851,,5.00,3.268365158,-1.731634842,50.125,47,0,53,200,3,,29,,-,,,,,,,,,,,,+139,41.84%,4.54%,89.29%,305.9586207,80.56%,2.055,0.685,1.815,0.755,0.38,0.24,12.49997,14.49999,31,21,18,16,30,13,33,30,55,30,,,,,,,,,,,,,,,,,16,30,13,55,30,33,18,30,24.33333333,52,0,41,62,30,42,48,47,35,128,0.875,0,-0.875,0,,,0,0,48,,46,-16,30,-39,32,25,,,,60,#N/A,#N/A,#N/A,#N/A,#N/A,GOOD,2,Black Desert Championship2026,Black Desert Resort,2.055 (2.055),"https://pga-tour-res.cloudinary.com/image/upload/c_fill,d_headshots_default.png,dpr_2.0,f_auto,g_face:center,h_350,q_auto,w_280/headshots_51467.png"
Aldrich Potgieter,7100,-2,96,18,59,54,44,,55,35,38,100,81,84,96,74,72,59,68,13,96,39.75,56.8,42.95,0,0,0.00%,0.04%,"Finau, Tony / Cole, Eric / Potgieter, Aldrich",0.313968050762552,31.40%,2026-10-02 08:19,Early,,0.0,,0,0.1541242021,0.1541242021,,10.00,5.355368276,-4.644631724,61.375,67,0,78,200,3,,73,,-,,,,,,,,,,,,+256,28.09%,3.31%,85.71%,312.637931,80.56%,-1.945,0.575,-0.27,-0.375,-0.47,-1.675,11.99996,14.49999,56,3,18,94,34,63,77,87,106,55,-0.45,0.48,-0.33,-0.11,-0.48,-0.33,0.64,0.53,58,8,55,48,84,69,68,86,36,26,8,58,3,8,-50,-31,65,117,39,45,70,28,76,73,143,132,128,0.265625,0.546875,0.28125,0.546875,30,30,50,55,48,7,65,-87,-29,-39,-46,-22,55,,,68,#N/A,#N/A,#N/A,#N/A,#N/A,GOOD,2,Black Desert Championship2026,Black Desert Resort,-1.945 (-1.5),"https://pga-tour-res.cloudinary.com/image/upload/c_fill,d_headshots_default.png,dpr_2.0,f_auto,g_face:center,h_350,q_auto,w_280/headshots_63343.png"
Hayden Springer,7100,-4,82,18,45,51,20,,33,10,13,83,59,65,73,54,42,45,47,0,82,42.6,57.06666667,50.3,0,0,0.00%,0.05%,"Rozo, Marcelo / Springer, Hayden / Bracken, Boston",0.47125032719658,47.13%,2026-10-02 09:03,Early,,0.0,,0,0.3120471268,0.3120471268,,5.00,3.219495368,-1.780504632,40.42857143,34,0,40,200,3,,49,,-,,,,,,,,,,,,+108,48.08%,-0.95%,85.71%,307.3758621,80.56%,-0.945,-0.045,-0.72,-0.255,-0.42,-0.225,11.99996,14.49999,56,16,18,76,65,80,68,85,70,55,,,,,,,,,,,,,,,,,76,65,80,70,85,68,18,55,64.66666667,116,0,21,15,20,10,17,47,18,128,0.40625,0,-0.40625,0,,,0,0,48,61,35,-15,-41,-39,-28,-34,,,,66,#N/A,#N/A,#N/A,#N/A,#N/A,GOOD,2,Black Desert Championship2026,Black Desert Resort,-0.945 (-0.945),"https://pga-tour-res.cloudinary.com/image/upload/c_fill,d_headshots_default.png,dpr_2.0,f_auto,g_face:center,h_350,q_auto,w_280/headshots_50484.png"
Patrick Rodgers,7000,-8,35,18,61,56,52,35,87,56,59,39,37,33,34,89,50,61,67,3,35,39.45,56,39.42682462,43.66359804,734.4,0.14%,0.16%,"Campos, Rafael / Rodgers, Patrick / McCarthy, Denny",0.395741624150443,39.57%,2026-10-02 12:41,Late,,734.4,,0.1359804188,0.2679666091,0.1319861903,,0.00,0.6178577446,0.6178577446,45.5,41,0,36,200,3,48.33333333,63,,22,3000,1000,7500,1.333333333,3.333333333,23,22,18,-82,9,22,+179,35.84%,3.73%,82.14%,308.3724138,77.78%,1.055,0.04,-0.245,-0.225,-0.055,1.3,11.50002,13.99995,82,11,52,31,59,62,67,57,18,81,-0.26,-0.18,-0.49,0.23,0.00,-0.31,0.63,0.55,52,59,66,23,43,67,77,81,-21,0,-4,-5,14,0,-25,0,28,58,134,81,117,116,65,79,129,68,128,0.7578125,0.59375,-0.1640625,0.59375,36,36,58.4,55.34285714,53,27,40,-4,9,-39,22,19,49,,,62,#N/A,#N/A,#N/A,#N/A,#N/A,GOOD,2,Black Desert Championship2026,Black Desert Resort,1.055 (1.314),"https://pga-tour-res.cloudinary.com/image/upload/c_fill,d_headshots_default.png,dpr_2.0,f_auto,g_face:center,h_350,q_auto,w_280/headshots_36699.png"
Austin Smotherman,7000,-17,1,18,47,55,22,4,103,88,91,1,3,3,30,42,56,47,48,2,1,42.3,56.26666667,49.140625,63.18095238,3.2,31.25%,31.28%,"Garnett, Brice / Svensson, Adam / Smotherman, Austin",0.442574179910749,44.26%,2026-10-02 08:41,Early,,3.2,,23.80952381,0.246775047,-23.56274876,,10.00,5.568995796,-4.431004204,45,39,0,43,200,3,,2,,-,,,,,,,,,,,,+146,40.65%,3.61%,89.29%,305.75,88.89%,5.555,0.915,3.475,2.32,0.235,2.08,12.49997,16.00002,31,22,4,1,20,3,4,37,4,30,-0.14,0.23,0.36,-0.51,-0.46,0.60,0.71,0.68,48,20,13,84,82,2,4,13,-47,0,-10,-80,-45,2,0,17,14.5,32,145,81,123,149,142,76,74,52,128,0.9921875,0.625,-0.3671875,0.625,39,39,73.4,51.34285714,53,35,57,34,56,-39,52,55,46,,,53,#N/A,#N/A,#N/A,#N/A,#N/A,GOOD,2,Black Desert Championship2026,Black Desert Resort,5.555 (5.698),"https://pga-tour-res.cloudinary.com/image/upload/c_fill,d_headshots_default.png,dpr_2.0,f_auto,g_face:center,h_350,q_auto,w_280/headshots_50095.png"
Patrick Fishburn,7000,-8,35,18,50,57,57,36,92,65,68,41,40,35,35,25,53,50,43,0,35,41.81666667,55.2,37.13533333,43.46901141,525,0.19%,0.22%,"Hirata, Kensei / Fishburn, Patrick / Crowe, Trace",0.41155853556326,41.16%,2026-10-02 13:47,Late,,525.0,,0.1901140684,0.2538195955,0.06370552709,,0.00,0.5852385987,0.5852385987,55.875,58,0,67,200,3,,61,,-,,,,,,,,,,,,+152,39.68%,1.47%,89.29%,302.3586207,77.78%,1.055,-0.01,0.34,-0.35,0.705,0.715,12.49997,14.00004,31,34,46,31,61,50,73,18,34,30,0.09,0.27,0.06,0.03,-0.07,-0.14,0.71,0.62,32,16,29,43,56,52,3,34,-1,45,21,-9,-38,21,43,-4,28.75,59,112,29,53,121,138,66,29,109,128,0.7578125,0.75,-0.0078125,0.75,55,55,62.6,55.37142857,53,55,49,24,18,-39,22,22,30,,,62,#N/A,#N/A,#N/A,#N/A,#N/A,GOOD,2,Black Desert Championship2026,Black Desert Resort,1.055 (0.969),"https://pga-tour-res.cloudinary.com/image/upload/c_fill,d_headshots_default.png,dpr_2.0,f_auto,g_face:center,h_350,q_auto,w_280/headshots_54576.png"
Jesper Svensson,7000,-5,69,16,65,52,59,67,27,25,28,71,54,59,68,108,46,65,73,,69,39,56.93333333,36.96055714,0.005711022273,1750,0.06%,0.08%,"Tosti, Alejandro / Svensson, Jesper / Mauss, Bowen",0.483614697120159,48.36%,2026-10-02 14:09,Late,,1750.0,,0.05711022273,0.2776286371,0.2205184143,,15.00,8.14013574,-6.85986426,52.14285714,52,0,57,200,3,,69,,-,,,,,,,,,,,,+112,47.17%,1.19%,92.59%,307.6814815,79.41%,-0.15,1.3,0.115,-1.145,-0.04,-0.265,12.96297333,14.29413882,30,14,43,67,9,58,93,55,71,29,,,,,,,,,,,,,,,,,67,9,58,71,55,93,43,29,60,107,0,72,23,19,28,7,29,39,128,0.4765625,0,-0.4765625,0,,,0,0,53,,47,-67,-20,-39,-14,-21,,,,65,#N/A,#N/A,#N/A,#N/A,#N/A,GOOD,2,Black Desert Championship2026,Black Desert Resort,-0.15 (-0.15),"https://pga-tour-res.cloudinary.com/image/upload/c_fill,d_headshots_default.png,dpr_2.0,f_auto,g_face:center,h_350,q_auto,w_280/headshots_57586.png"
Zac Blair,7000,-6,56,18,51,50,56,40,21,19,22,58,39,43,46,48,30,51,43,2,56,41.51666667,57.2,38.05908635,42.25477373,2093.8,0.05%,0.07%,"Blair, Zac / McGreevy, Max / Gordon, Will",0.3733064790144,37.33%,2026-10-02 13:25,Late,,2093.8,,0.04773725415,0.522959749,0.4752224948,,20.00,11.20580222,-8.794197784,32.71428571,21,0,22,200,3,,53,,-,,,,,,,,,,,,+159,38.61%,-1.28%,89.29%,295.2,80.56%,0.055,0.36,1.01,1.065,-0.415,-0.955,12.49997,14.49999,31,75,18,52,43,31,24,84,93,30,,,,,,,,,,,,,,,,,52,43,31,93,84,24,18,30,44.66666667,86,0,30,42,7,11,61,47,35,128,0.59375,0,-0.59375,0,,,0,0,53,32,27,-20,-25,-39,1,-22,,,,64,#N/A,#N/A,#N/A,#N/A,#N/A,GOOD,2,Black Desert Championship2026,Black Desert Resort,0.0550000000000002 (0.0550000000000002),"https://pga-tour-res.cloudinary.com/image/upload/c_fill,d_headshots_default.png,dpr_2.0,f_auto,g_face:center,h_350,q_auto,w_280/headshots_40058.png"
Taylor Moore,6900,-8,35,18,60,59,60,38,88,68,71,40,42,38,36,49,58,60,56,5,35,39.53333333,54,36.6934036,43.17362949,422.2,0.24%,0.26%,"Higgs, Harry / Lebioda, Hank / Moore, Taylor",0,41.15%,2026-10-02 07:35,Early,,422.2,,0.236294896,0.2276711227,-0.008623773321,,5.00,3.024947369,-1.975052631,61.75,68,0,41,200,3,57.33333333,59,,13,1800,650,5500,1.818181818,5.555555556,14,13,6,-94,-3,13,+143,41.15%,0.00%,92.86%,296.3,80.56%,1.055,1.31,-0.485,-1.83,0.035,1.54,12.99998,14.49999,16,66,18,39,8,74,107,52,10,15,0.14,0.35,-0.01,0.14,0.12,-0.48,0.63,0.55,28,11,33,30,27,76,78,80,11,-3,41,-20,25,31,-60,-65,34,66,61,119,34,127,48,53,146,146,128,0.6953125,0.78125,0.0859375,0.78125,58,58,64.4,56.34285714,58,17,52,-22,13,-39,19,19,27,,,62,#N/A,#N/A,#N/A,#N/A,#N/A,GOOD,2,Black Desert Championship2026,Black Desert Resort,1.055 (0.92),"https://pga-tour-res.cloudinary.com/image/upload/c_fill,d_headshots_default.png,dpr_2.0,f_auto,g_face:center,h_350,q_auto,w_280/headshots_49947.png"
Trace Crowe,6900,-11,9,18,63,58,47,28,97,81,84,12,25,20,14,73,54,63,63,0,9,39.38333333,54.26666667,41.75366748,46.67077295,81.8,1.22%,1.26%,"Hirata, Kensei / Fishburn, Patrick / Crowe, Trace",0.401005752600099,40.10%,2026-10-02 13:47,Late,,81.8,,1.207729469,0.2513116144,-0.9564178542,,10.00,5.57945588,-4.42054412,49.28571429,46,0,51,200,3,,25,,-,,,,,,,,,,,,+161,38.31%,1.79%,85.71%,296.5413793,80.56%,2.555,-0.565,1.36,2.19,-0.26,1.195,11.99996,14.49999,56,62,18,9,88,22,5,75,22,55,,,,,,,,,,,,,,,,,9,88,22,22,75,5,18,55,24,51,0,11,51,52,17,75,47,18,128,0.9296875,0,-0.9296875,0,,,0,0,58,79,53,70,44,-39,49,45,,,,59,#N/A,#N/A,#N/A,#N/A,#N/A,GOOD,2,Black Desert Championship2026,Black Desert Resort,2.555 (2.555),"https://pga-tour-res.cloudinary.com/image/upload/c_fill,d_headshots_default.png,dpr_2.0,f_auto,g_face:center,h_350,q_auto,w_280/headshots_52514.png"
Lucas Glover,6900,-5,69,18,64,60,23,,44,22,25,73,53,58,67,72,45,64,60,2,69,39.23333333,53.86666667,49.1,0,0,0.00%,0.10%,"Glover, Lucas / Streelman, Kevin / Schenk, Adam",0.436893991642663,43.69%,2026-10-02 08:19,Early,,0.0,,0,0.2874892979,0.2874892979,,10.00,5.662871728,-4.337128272,50.125,47,0,30,200,3,46,52,0.05,8,1400,550,5500,1.818181818,7.142857143,9,8,6,-94,-4,8,+165,37.74%,5.95%,89.29%,296.2,83.33%,-0.445,-0.04,1.065,1.1,,-1.51,12.49997,14.99994,31,68,17,68,64,30,20,,104,30,-0.72,-0.06,-0.02,,-0.15,0.19,0.67,0.70,71,48,34,,69,21,42,3,-3,16,-4,104,-69,-1,-25,27,45.25,87,114,60,117,3,146,114,129,41,128,0.46875,0.4453125,-0.0234375,0.4453125,18,18,41,46.66666667,58,30,43,-38,-25,-39,-10,-23,67,,,65,#N/A,#N/A,#N/A,#N/A,#N/A,GOOD,2,Black Desert Championship2026,Black Desert Resort,-0.445 (0.279),"https://pga-tour-res.cloudinary.com/image/upload/c_fill,d_headshots_default.png,dpr_2.0,f_auto,g_face:center,h_350,q_auto,w_280/headshots_25900.png"
Chad Ramey,6900,-11,9,18,52,62,48,22,114,77,80,16,21,16,10,51,49,52,51,0,9,40.75,52.8,41.67047872,49.45526316,94,1.06%,1.10%,"Hossler, Beau / Lower, Justin / Ramey, Chad",0.337314777422261,33.73%,2026-10-02 08:41,Early,,94.0,,1.052631579,0.2734320408,-0.7791995381,,0.00,0.6304595359,0.6304595359,52.375,53,0,58,200,3,,27,,-,,,,,,,,,,,,+216,31.65%,2.09%,92.86%,297.2689655,75.00%,2.555,-0.215,0.805,0.255,0.765,1.75,12.99998,13.5,16,60,60,9,76,39,46,16,8,15,-0.08,-0.15,-0.42,0.34,0.05,-0.32,0.66,0.61,45,55,62,16,33,68,54,39,-36,21,-23,-8,-17,-22,6,-24,16.75,37,140,51,129,120,126,127,66,128,128,0.9296875,0.6484375,-0.28125,0.6484375,42,42,73.4,58.77142857,58,73,37,64,28,-39,49,40,43,,,59,#N/A,#N/A,#N/A,#N/A,#N/A,GOOD,2,Black Desert Championship2026,Black Desert Resort,2.555 (2.636),"https://pga-tour-res.cloudinary.com/image/upload/c_fill,d_headshots_default.png,dpr_2.0,f_auto,g_face:center,h_350,q_auto,w_280/headshots_47983.png"
Gordon Sargent,6900,-10,18,18,66,64,62,39,98,88,91,22,34,30,25,36,66,66,56,0,18,38.93333333,52.4,36.16742671,42.81472492,153.5,0.65%,0.68%,"Dou, Zecheng / Johnson, Zach J. / Sargent, Gordon",0.383278262092239,38.33%,2026-10-02 09:14,Early,,153.5,,0.6472491909,0.1855816775,-0.4616675135,,10.00,5.427900614,-4.572099386,56.375,59,0,68,200,3,,40,,-,,,,,,,,,,,,+152,39.68%,-1.35%,85.71%,307.85,72.22%,2.055,0.185,0.9,0.785,-0.06,1.155,11.99996,13.00005,56,12,75,16,52,36,31,58,24,55,-0.69,0.58,-0.49,-0.21,0.27,,0.66,0.60,69,4,65,58,11,,44,43,-53,48,-29,-34,47,31,31,12,24.5,53,146,26,136,138,32,53,41,59,128,0.875,0.4609375,-0.4140625,0.4609375,19,19,80.2,67.74285714,58,79,66,63,50,-39,42,50,65,,,60,#N/A,#N/A,#N/A,#N/A,#N/A,GOOD,2,Black Desert Championship2026,Black Desert Resort,2.055 (2.749),"https://pga-tour-res.cloudinary.com/image/upload/c_fill,d_headshots_default.png,dpr_2.0,f_auto,g_face:center,h_350,q_auto,w_280/headshots_51478.png"
Joel Dahmen,6800,-6,56,18,55,63,63,43,52,36,39,61,48,49,52,37,48,55,47,1,56,40.61666667,52.66666667,35.90957333,41.65533049,1875,0.05%,0.07%,"Dahmen, Joel / Putnam, Andrew / Phillips, Chandler",0.356088270752887,35.61%,2026-10-02 13:36,Late,,1875.0,,0.05330490405,0.2740617757,0.2207568716,,10.00,5.631911532,-4.368088468,54.25,55,0,61,200,3,,70,,-,,,,,,,,,,,,+192,34.25%,1.36%,96.43%,293.65,80.56%,0.055,0.83,1.08,0.04,0.21,-1.025,13.49999,14.49999,5,84,18,52,23,29,59,39,94,4,-0.10,0.17,0.37,-0.47,-0.29,0.50,0.70,0.71,47,24,12,81,79,4,6,2,5,-1,17,13,-40,55,12,2,38,74,68,116,59,62,140,24,61,67,128,0.59375,0.6328125,0.0390625,0.6328125,40,40,45.4,51.34285714,63,43,41,-9,-11,-39,11,-4,45,,,64,#N/A,#N/A,#N/A,#N/A,#N/A,GOOD,2,Black Desert Championship2026,Black Desert Resort,0.0550000000000002 (0.153),"https://pga-tour-res.cloudinary.com/image/upload/c_fill,d_headshots_default.png,dpr_2.0,f_auto,g_face:center,h_350,q_auto,w_280/headshots_34076.png"
Tom Hoge,6800,-3,89,18,68,65,46,,39,25,28,89,72,74,83,80,55,68,68,4,89,38.63333333,52.26666667,42.25,0,0,0.00%,0.04%,"Hoge, Tom / Meissner, Mac / Yellamaraju, Sudarshan",0.306852239002354,30.69%,2026-10-02 12:41,Late,,0.0,,0,0.2504853509,0.2504853509,,10.00,5.577550742,-4.422449258,44.75,38,0,31,200,3,31.66666667,58,,22,2500,1100,7000,1.428571429,4,21,23,16,-84,15,22,+273,26.81%,3.88%,82.14%,299.0482759,66.67%,-1.445,-0.965,-0.905,0.255,-0.19,-0.54,11.50002,12.00006,82,47,97,85,95,89,46,68,81,81,-0.51,-0.47,-0.37,-0.14,-0.23,0.32,0.65,0.60,59,81,57,52,74,13,57,46,26,14,32,29,-6,33,40,35,56.25,102,44,64,41,46,122,48,34,30,128,0.3359375,0.5390625,0.203125,0.5390625,28,28,37.2,49.7,63,24,55,-61,-30,-39,-22,-30,56,,,67,#N/A,#N/A,#N/A,#N/A,#N/A,GOOD,2,Black Desert Championship2026,Black Desert Resort,-1.445 (-0.932),"https://pga-tour-res.cloudinary.com/image/upload/c_fill,d_headshots_default.png,dpr_2.0,f_auto,g_face:center,h_350,q_auto,w_280/headshots_35532.png"
John VanDerLaan,6800,-11,9,18,58,67,58,30,101,85,88,14,27,22,16,31,63,58,51,0,9,40.31666667,51.86666667,37.05679012,46.06098779,89.1,1.12%,1.15%,"VanDerLaan, John / Nyholm, Pontus / An, Seonghyeon",0.438661550413858,43.87%,2026-10-02 14:09,Late,,89.1,,1.109877913,0.2074033245,-0.9024745889,,5.00,2.978215367,-2.021784633,63,70,0,80,200,3,,28,,-,,,,,,,,,,,,+121,45.25%,-1.38%,85.71%,294.3068966,80.56%,2.555,-0.63,1.11,0.965,0.775,1.445,11.99996,14.49999,56,79,18,13,90,28,28,14,14,55,-0.51,0.12,-0.33,-0.19,0.01,-0.45,0.69,0.63,59,29,54,56,40,74,15,24,-46,61,-26,-42,-26,-46,3,31,22.25,49,144,23,135,141,132,142,71,33,128,0.8984375,0.5390625,-0.359375,0.5390625,28,28,80,65,63,79,59,66,46,-39,50,50,56,,,59,#N/A,#N/A,#N/A,#N/A,#N/A,GOOD,2,Black Desert Championship2026,Black Desert Resort,2.555 (3.068),"https://pga-tour-res.cloudinary.com/image/upload/c_fill,d_headshots_default.png,dpr_2.0,f_auto,g_face:center,h_350,q_auto,w_280/headshots_55573.png"
Davis Chatfield,6800,3,112,18,57,61,45,,9,3,6,107,74,83,94,44,40,57,47,,112,40.5,53.2,42.95,0,0,0.00%,0.04%,"Chatfield, Davis / Shelley, Tyson / Clanton, Luke",0,41.32%,2026-10-02 09:03,Early,,0.0,,0,0.340039281,0.340039281,,5.00,3.284037623,-1.715962377,47.28571429,44,0,48,200,3,,48,,-,,,,,,,,,,,,+142,41.32%,0.00%,78.57%,293.9655172,72.22%,-4.445,-0.785,-2.375,-1.305,-0.295,-2.07,11.00001,13.00005,97,83,75,111,92,106,99,81,110,96,-0.03,-0.36,-0.09,0.06,0.04,0.23,0.67,0.73,40,73,41,36,35,17,32,1,71,19,65,74,46,82,43,95,65.5,119,19,56,17,18,34,12,29,6,128,0.1328125,0.6875,0.5546875,0.6875,47,47,20,35.5,63,,38,-111,-73,-39,-48,-71,38,,,73,#N/A,#N/A,#N/A,#N/A,#N/A,GOOD,2,Black Desert Championship2026,Black Desert Resort,-4.445 (-4.418),"https://pga-tour-res.cloudinary.com/image/upload/c_fill,d_headshots_default.png,dpr_2.0,f_auto,g_face:center,h_350,q_auto,w_280/headshots_59006.png"
Adrien Dumont De Chassart,6800,-8,35,18,72,69,66,45,90,81,84,45,49,46,42,61,76,72,70,1,35,37.35,50.4,35.32046377,41.26158078,862.5,0.12%,0.14%,"Peterson, Paul / Dumont De Chassart, Adrien / Snyder, Matt",0.506942417101731,50.69%,2026-10-02 13:58,Late,,862.5,,0.1158077591,0.14278074,0.02697298087,,0.00,0.3292133534,0.3292133534,73.5,90,0,100,200,3,,82,,-,,,,,,,,,,,,+129,43.67%,7.03%,82.14%,290.85,80.56%,1.055,-1.29,1.37,1.4,1.255,-0.315,11.49995,14.49999,84,95,18,31,106,21,14,4,74,83,0.07,-0.48,-0.21,0.28,0.39,-0.13,0.63,0.53,35,82,50,19,2,48,74,84,-4,24,-29,55,2,-34,-56,-1,34.5,67,115,47,136,30,80,133,144,105,128,0.7578125,0.7265625,-0.03125,0.7265625,52,52,75.6,64.94285714,63,42,63,11,32,-39,32,45,33,,,62,#N/A,#N/A,#N/A,#N/A,#N/A,GOOD,2,Black Desert Championship2026,Black Desert Resort,1.055 (0.987),"https://pga-tour-res.cloudinary.com/image/upload/c_fill,d_headshots_default.png,dpr_2.0,f_auto,g_face:center,h_350,q_auto,w_280/headshots_50497.png"
Garrick Higgo,6700,-2,96,18,75,68,61,,27,49,52,98,88,91,102,95,86,75,85,0,96,36.36666667,50.66666667,36.4,0,0,0.00%,0.03%,"Yu, Kevin / Wise, Aaron / Higgo, Garrick",0.350199710763722,35.02%,2026-10-02 13:03,Late,,0.0,,0,0.1187210112,0.1187210112,,10.00,5.273738196,-4.726261804,79.375,95,0,102,200,3,,85,,-,,,,,,,,,,,,+303,24.81%,10.21%,71.43%,301.75,66.67%,-1.945,-2.27,-1.855,0.695,-0.29,-0.09,9.99999,11.99997,108,36,104,94,111,99,34,79,65,107,-0.99,0.02,-0.92,-0.07,-0.21,-0.74,0.61,0.59,80,36,81,47,73,85,87,48,14,75,18,18,6,-51,17,59,68.5,123,57,17,57,58,71,143,54,15,128,0.265625,0.375,0.109375,0.375,9,9,59.8,62.96666667,68,55,76,-39,-18,-39,-26,-8,76,,,68,#N/A,#N/A,#N/A,#N/A,#N/A,GOOD,2,Black Desert Championship2026,Black Desert Resort,-1.945 (-0.957),"https://pga-tour-res.cloudinary.com/image/upload/c_fill,d_headshots_default.png,dpr_2.0,f_auto,g_face:center,h_350,q_auto,w_280/headshots_54421.png"
Takumi Kanaya,6700,-8,35,18,71,71,67,41,100,73,76,44,43,39,38,55,60,71,62,0,35,37.88333333,49.6,35.0287687,42.06641228,608.3,0.16%,0.19%,"Grillo, Emiliano / Kanaya, Takumi / Coody, Pierceson",0.304027161585757,30.40%,2026-10-02 08:30,Early,,608.3,,0.1641227638,0.2191911682,0.05506840439,,0.00,0.505394912,0.505394912,59.75,64,0,75,200,3,60,66,,6,,,,,,1,1,,,-13,6,+234,29.94%,0.46%,96.43%,295.25,75.00%,1.055,0.35,1.175,0.95,-0.125,-0.12,13.49999,13.5,5,74,60,31,44,26,29,63,67,4,-0.06,-0.01,-0.40,0.34,0.28,-0.67,0.63,0.66,43,41,61,15,9,82,75,17,-12,3,-35,52,54,-53,-15,-13,30.5,61,125,77,140,32,29,145,119,117,128,0.7578125,0.6640625,-0.09375,0.6640625,44,44,70.8,64.4,68,57,58,26,27,-39,37,29,41,,,62,#N/A,#N/A,#N/A,#N/A,#N/A,GOOD,2,Black Desert Championship2026,Black Desert Resort,1.055 (1.119),"https://pga-tour-res.cloudinary.com/image/upload/c_fill,d_headshots_default.png,dpr_2.0,f_auto,g_face:center,h_350,q_auto,w_280/headshots_47917.png"
Isaiah Salinda,6700,-1,103,18,73,70,50,,21,29,32,105,83,89,101,107,68,73,83,,103,36.9,49.86666667,40.1,0,0,0.00%,0.03%,"Lingmerth, David / Penge, Marco / Salinda, Isaiah",0.33850369771813,33.85%,2026-10-02 08:52,Early,,0.0,,0,0.1678654647,0.1678654647,,0.00,0.387051871,0.387051871,61.14285714,66,0,77,200,3,,68,,-,,,,,,,,,,,,+205,32.79%,1.06%,78.57%,307.0137931,69.44%,-2.445,-1.185,-2.275,-0.805,-0.28,-0.17,11.00001,12.50001,97,17,88,104,103,105,86,77,68,96,,,,,,,,,,,,,,,,,104,103,105,68,77,86,88,96,92,141,0,4,4,21,14,10,9,4,128,0.1875,0,-0.1875,0,,,0,0,68,,64,-104,-40,-39,-36,-36,,,,69,#N/A,#N/A,#N/A,#N/A,#N/A,GOOD,2,Black Desert Championship2026,Black Desert Resort,-2.445 (-2.445),"https://pga-tour-res.cloudinary.com/image/upload/c_fill,d_headshots_default.png,dpr_2.0,f_auto,g_face:center,h_350,q_auto,w_280/headshots_56781.png"
Matthieu Pavon,6700,-6,56,18,74,74,72,52,109,78,81,66,66,64,69,65,82,74,74,1,56,36.75,48.13333333,33.46115,34.10666223,1500,0.07%,0.09%,"Silverman, Ben / Duncan, Tyler / Pavon, Matthieu",0,36.10%,2026-10-02 07:46,Early,,1500.0,,0.06662225183,0.1211179128,0.054495661,,0.00,0.2792647961,0.2792647961,83,99,0,107,200,3,59.33333333,89,,10,,,,,,1,1,,,-8,10,+177,36.10%,0.00%,82.14%,293.0034483,83.33%,0.055,-1.08,-0.425,1.03,-0.375,0.48,11.49995,14.99994,84,90,13,52,100,72,26,83,42,83,-0.32,0.22,-0.37,0.05,-0.02,-0.57,0.66,0.60,54,22,57,38,49,79,51,45,-2,78,15,4,34,-53,-38,38,46.5,90,113,13,60,71,39,145,138,28,128,0.59375,0.578125,-0.015625,0.578125,34,34,83.6,74.8,68,47,80,-5,28,-39,16,30,51,,,64,#N/A,#N/A,#N/A,#N/A,#N/A,GOOD,2,Black Desert Championship2026,Black Desert Resort,0.0550000000000002 (0.375),"https://pga-tour-res.cloudinary.com/image/upload/c_fill,d_headshots_default.png,dpr_2.0,f_auto,g_face:center,h_350,q_auto,w_280/headshots_48153.png"
Justin Lower,6700,-7,49,18,70,73,68,53,105,58,61,53,52,52,51,64,65,70,66,0,49,37.93333333,48.4,34.56128126,34.00652614,1531.3,0.07%,0.09%,"Hossler, Beau / Lower, Justin / Ramey, Chad",0.253486999471902,25.35%,2026-10-02 08:41,Early,,1531.3,,0.06526137179,0.1996641317,0.1344027599,,0.00,0.4603709041,0.4603709041,59,62,0,72,200,3,,81,,-,,,,,,,,,,,,+262,27.62%,-2.28%,89.29%,294.65,72.22%,0.555,-0.17,0.345,0.68,-0.16,0.21,12.49997,13.00005,31,77,75,47,74,49,36,67,57,30,-0.64,-0.13,-0.51,-0.14,-0.02,-0.36,0.65,0.70,64,54,69,51,50,70,62,4,-17,20,-20,6,17,-34,13,26,39.75,79,131,54,128,68,61,133,57,42,128,0.6328125,0.5,-0.1328125,0.5,23,23,69.4,70.62857143,68,86,61,39,14,-39,21,18,61,,,63,#N/A,#N/A,#N/A,#N/A,#N/A,GOOD,2,Black Desert Championship2026,Black Desert Resort,0.555 (1.197),"https://pga-tour-res.cloudinary.com/image/upload/c_fill,d_headshots_default.png,dpr_2.0,f_auto,g_face:center,h_350,q_auto,w_280/headshots_40162.png"
A.J. Ewart,6700,-10,18,18,62,72,64,37,84,68,71,21,28,25,21,30,52,62,48,5,18,39.45,49.06666667,35.73789448,43.19906771,202.8,0.49%,0.52%,"Ventura, Kristoffer / Ewart, A.J. / Rasmussen, Rhett",0,37.59%,2026-10-02 08:52,Early,,202.8,,0.4906771344,0.2611238561,-0.2295532783,,0.00,0.6020802268,0.6020802268,51.28571429,50,0,55,200,3,,47,,-,,,,,,,,,,,,+166,37.59%,0.00%,89.29%,295.45,69.44%,2.055,-0.355,-0.5,-0.285,0.145,2.555,12.49997,12.50001,31,71,88,16,83,75,70,45,1,30,0.27,-0.28,-0.24,0.51,-0.02,0.05,0.69,0.58,20,65,51,4,48,33,16,63,-4,18,24,-3,-3,37,72,-33,21,48,115,58,49,114,118,41,15,136,128,0.875,0.84375,-0.03125,0.84375,65,65,58.6,55.37142857,68,18,48,2,32,-39,52,36,20,,,60,#N/A,#N/A,#N/A,#N/A,#N/A,GOOD,2,Black Desert Championship2026,Black Desert Resort,2.055 (1.784),https://www.freeiconspng.com/uploads/--tie-user-users-work-worker-working-icon--icon-search-engine-6.png
Chandler Blanchet,6600,-10,18,18,76,75,69,44,108,99,102,23,46,32,28,60,84,76,73,0,18,36.3,47.6,34.32445652,41.59329004,230,0.43%,0.46%,"Lamprecht, Christo / Blanchet, Chandler / Lundell, Carson",0.412856096744197,41.29%,2026-10-02 09:14,Early,,230.0,,0.4329004329,0.1205529866,-0.3123474463,,5.00,2.77796223,-2.22203777,73.125,89,0,99,200,3,,54,,-,,,,,,,,,,,,-106,51.46%,-10.17%,92.86%,296.45,86.11%,2.055,0.075,0.73,0.695,-0.045,1.325,12.99998,15.49998,16,63,8,19,58,42,34,56,17,15,-0.84,0.10,-0.39,-0.45,-0.56,0.07,0.68,0.68,72,31,59,79,88,32,28,12,-53,27,-17,-62,-32,2,-20,3,30.5,61,146,44,127,146,135,76,123,65,128,0.8515625,0.4375,-0.4140625,0.4375,17,17,93.2,77.31428571,74,63,72,44,53,-39,55,65,68,,,60,#N/A,#N/A,#N/A,#N/A,#N/A,GOOD,2,Black Desert Championship2026,Black Desert Resort,2.055 (2.89),"https://pga-tour-res.cloudinary.com/image/upload/c_fill,d_headshots_default.png,dpr_2.0,f_auto,g_face:center,h_350,q_auto,w_280/headshots_54788.png"
Luke Clanton,6600,-6,56,18,81,76,70,54,66,73,76,63,65,63,66,86,81,81,83,2,56,35.31666667,47.2,34.10974286,33.70571102,1750,0.06%,0.08%,"Chatfield, Davis / Shelley, Tyson / Clanton, Luke",0,45.87%,2026-10-02 09:03,Early,,1750.0,,0.05711022273,0.1237237557,0.06661353295,,5.00,2.785273157,-2.214726843,80.5,98,0,106,200,3,,91,,-,,,,,,,,,,,,+118,45.87%,0.00%,89.29%,296.4,72.22%,0.055,-0.635,0.45,1.61,-0.525,-0.395,12.49997,12.99996,31,65,85,60,91,47,9,89,75,30,-0.65,-0.41,-0.20,-0.45,-0.15,0.36,0.68,0.60,66,76,49,80,68,10,22,41,-6,15,-2,-5,21,-1,63,-11,50.25,92,118,62,114,116,51,114,17,114,128,0.53125,0.484375,-0.046875,0.484375,22,22,75.2,69.31428571,74,34,75,-26,15,-39,14,21,63,,,64,#N/A,#N/A,#N/A,#N/A,#N/A,GOOD,2,Black Desert Championship2026,Black Desert Resort,0.0549999999999999 (0.706),"https://pga-tour-res.cloudinary.com/image/upload/c_fill,d_headshots_default.png,dpr_2.0,f_auto,g_face:center,h_350,q_auto,w_280/headshots_66743.png"
Andrew Putnam,6600,-2,96,18,67,77,51,,58,31,34,99,77,81,92,32,69,67,56,5,96,38.66666667,46.8,39.7,0,0,0.00%,0.04%,"Dahmen, Joel / Putnam, Andrew / Phillips, Chandler",0.24531301871298,24.53%,2026-10-02 13:36,Late,,0.0,,0,0.1612365098,0.1612365098,,5.00,2.871767313,-2.128232687,63,70,0,44,200,3,62.66666667,71,,16,1800,800,6000,1.666666667,5.555555556,14,17,10,-90,-5,16,+224,30.86%,-6.33%,85.71%,289.3,75.00%,-1.945,-2.075,-2.27,0.11,-0.305,0.325,11.99996,13.5,56,101,60,94,110,104,57,82,47,55,0.18,-0.65,-0.06,0.23,0.37,0.22,0.66,0.69,26,84,40,22,3,19,48,11,68,26,64,25,79,38,12,44,64.25,115,20,45,19,49,13,39,61,27,128,0.265625,0.796875,0.53125,0.796875,60,60,43.6,53.93333333,74,16,62,-78,-32,-39,-20,-25,25,,,68,#N/A,#N/A,#N/A,#N/A,#N/A,GOOD,2,Black Desert Championship2026,Black Desert Resort,-1.945 (-2.12),"https://pga-tour-res.cloudinary.com/image/upload/c_fill,d_headshots_default.png,dpr_2.0,f_auto,g_face:center,h_350,q_auto,w_280/headshots_34256.png"
Mark Hubbard,6600,-7,49,18,83,79,74,55,110,84,87,55,64,60,59,90,88,83,87,1,49,35.01666667,45.73333333,33.31079977,33.50648214,1541.7,0.06%,0.08%,"Skinns, David / Lipsky, David / Hubbard, Mark",0.348931841302136,34.89%,2026-10-02 12:52,Late,,1541.7,,0.064821417,0.1124730626,0.04765164557,,5.00,2.759332135,-2.240667865,74.5,91,0,64,200,3,76.66666667,93,,24,3000,1200,9000,1.111111111,3.333333333,23,26,22,-78,-2,24,+163,38.02%,-3.13%,85.71%,286.25,69.44%,0.555,-0.34,-0.925,0.155,-0.745,1.48,11.99996,12.50001,56,104,88,45,82,90,56,98,12,55,-0.64,-0.12,0.04,-0.68,0.02,0.13,0.66,0.61,64,53,30,86,37,24,49,40,-19,29,60,-74,61,32,39,15,44.5,85,132,42,21,148,24,51,36,53,128,0.6484375,0.5,-0.1484375,0.5,23,23,86.6,79.08571429,74,37,77,-8,32,-39,29,43,61,,,63,#N/A,#N/A,#N/A,#N/A,#N/A,GOOD,2,Black Desert Championship2026,Black Desert Resort,0.555 (1.197),"https://pga-tour-res.cloudinary.com/image/upload/c_fill,d_headshots_default.png,dpr_2.0,f_auto,g_face:center,h_350,q_auto,w_280/headshots_36801.png"
Ben Silverman,6600,-5,69,18,69,78,31,,66,17,20,74,50,57,62,71,43,69,61,0,69,38.36666667,46,46.4,0,0,0.00%,0.10%,"Silverman, Ben / Duncan, Tyler / Pavon, Matthieu",0,31.75%,2026-10-02 07:46,Early,,0.0,,0,0.3055396134,0.3055396134,,10.00,5.704490821,-4.295509179,45.28571429,40,0,44,200,3,,50,,-,,,,,,,,,,,,+215,31.75%,0.00%,92.86%,302.35,75.00%,-0.445,0.98,-0.715,-1.435,-0.255,0.27,12.99998,13.5,16,35,60,72,16,78,103,74,50,15,,,,,,,,,,,,,,,,,72,16,78,50,74,103,60,15,62.33333333,112,0,60,16,33,18,3,20,53,128,0.4375,0,-0.4375,0,,,0,0,74,57,44,-15,-28,-39,2,-29,,,,65,#N/A,#N/A,#N/A,#N/A,#N/A,GOOD,2,Black Desert Championship2026,Black Desert Resort,-0.445 (-0.445),"https://pga-tour-res.cloudinary.com/image/upload/c_fill,d_headshots_default.png,dpr_2.0,f_auto,g_face:center,h_350,q_auto,w_280/headshots_39327.png"
Kihei Akina,6600,-8,35,18,86,80,80,47,99,97,100,46,60,50,47,105,90,86,94,,35,34.71666667,45.6,32.26474218,39.55913409,1093.8,0.09%,0.11%,"Stanger, Jimmy / Ford, David / Akina, Kihei",0.289677077818952,28.97%,2026-10-02 13:58,Late,,1093.8,,0.09134088418,0.1041498488,0.01280896464,,0.00,0.2401410792,0.2401410792,83.42857143,100,0,108,200,3,,88,,-,,,,,,,,,,,,+203,33.00%,-4.04%,92.86%,304.5,83.33%,1.055,1.075,0.725,-0.33,-0.02,0.33,12.99998,14.99994,16,27,13,39,12,43,71,54,44,15,,,,,,,,,,,,,,,,,39,12,43,44,54,71,13,15,56,101,0,67,32,36,29,15,57,53,128,0.6953125,0,-0.6953125,0,,,0,0,74,,78,-39,39,-39,35,51,,,,62,#N/A,#N/A,#N/A,#N/A,#N/A,GOOD,2,Black Desert Championship2026,Black Desert Resort,1.055 (1.055),https://www.freeiconspng.com/uploads/--tie-user-users-work-worker-working-icon--icon-search-engine-6.png
Erik Van Rooyen,6500,-9,24,18,79,81,73,46,116,92,95,32,47,36,32,84,78,79,80,1,24,35.4,44.53333333,33.39111193,40.9745942,405.6,0.25%,0.27%,"Van Rooyen, Erik / Bezuidenhout, Christiaan / Bauchou, Zach",0.242911445271415,24.29%,2026-10-02 07:57,Early,,405.6,,0.2459419577,0.1376419108,-0.1083000469,,0.00,0.3173646182,0.3173646182,71.375,86,0,94,200,3,,65,,-,,,,,,,,,,,,+259,27.86%,-3.56%,85.71%,298.6,86.11%,1.555,0.655,1.305,1.095,-0.45,0.25,11.99996,15.49998,56,51,8,22,31,25,22,86,52,55,-0.34,-0.15,-0.67,0.33,-0.05,-0.47,0.64,0.58,55,57,74,17,53,75,70,60,-33,-26,-49,35,33,-53,-62,-5,30.5,61,138,138,149,45,40,145,147,110,128,0.828125,0.5703125,-0.2578125,0.5703125,33,33,88.2,76.31428571,80,39,74,17,52,-39,58,56,52,,,61,#N/A,#N/A,#N/A,#N/A,#N/A,GOOD,2,Black Desert Championship2026,Black Desert Resort,1.555 (1.89),"https://pga-tour-res.cloudinary.com/image/upload/c_fill,d_headshots_default.png,dpr_2.0,f_auto,g_face:center,h_350,q_auto,w_280/headshots_40006.png"
Pontus Nyholm,6500,,107,18,77,66,,,5,,1,,,, ,58,71,77,69,0,107,36.08333333,52.13333333,0,0,0,0.00%,2.00%,"VanDerLaan, John / Nyholm, Pontus / An, Seonghyeon",0.33963696279568,33.96%,2026-10-02 14:09,Late,,0.0,,0,0.1541617897,0.1541617897,,0.00,0.3554549426,0.3554549426,64.71428571,75,0,84,200,3,,72,,-,,,,,,,,,,,,+165,37.74%,-3.77%,75.00%,309.55,80.56%,-2.945,-0.16,-1.585,-1.155,-0.275,-1.36,10.5,14.49999,102,7,18,108,71,95,95,76,102,101,-0.44,-0.01,-0.50,0.06,-0.06,-0.43,0.65,0.55,57,43,68,36,55,73,65,75,51,28,27,66,21,22,-47,26,71.75,129,31,43,46,22,51,65,142,42,128,0.15625,0.5546875,0.3984375,0.5546875,31,31,33.75,45.95,80,86,67,-22,-41,-39,-28,-37,54,,,70,#N/A,#N/A,#N/A,#N/A,#N/A,GOOD,2,Black Desert Championship2026,Black Desert Resort,-2.945 (-2.507),"https://pga-tour-res.cloudinary.com/image/upload/c_fill,d_headshots_default.png,dpr_2.0,f_auto,g_face:center,h_350,q_auto,w_280/headshots_55851.png"
Kevin Streelman,6500,-15,3,18,78,82,65,16,115,95,98,4,11,12,9,66,70,78,71,0,3,35.93333333,44.4,35.57037037,51.43965517,13.5,7.41%,7.44%,"Glover, Lucas / Streelman, Kevin / Schenk, Adam",0.306706154407887,30.67%,2026-10-02 08:19,Early,,13.5,,6.896551724,0.156848963,-6.739702761,,5.00,2.86165083,-2.13834917,57.71428571,60,0,70,200,3,,6,,-,,,,,,,,,,,,+176,36.23%,-5.56%,92.86%,295.4,77.78%,4.555,0.38,2.32,1.34,0.6,2.235,12.99998,13.99995,16,72,52,3,42,7,16,19,3,15,,,,,,,,,,,,,,,,,3,42,7,3,19,16,52,15,25.33333333,55,0,32,72,74,57,71,24,53,128,0.9765625,0,-0.9765625,0,,,0,0,80,52,68,49,65,-39,77,67,,,,55,#N/A,#N/A,#N/A,#N/A,#N/A,GOOD,2,Black Desert Championship2026,Black Desert Resort,4.555 (4.555),"https://pga-tour-res.cloudinary.com/image/upload/c_fill,d_headshots_default.png,dpr_2.0,f_auto,g_face:center,h_350,q_auto,w_280/headshots_27214.png"
David Skinns,6500,-3,89,18,84,83,55,,77,49,52,93,81,80,88,100,79,84,88,1,89,34.95,43.33333333,38.15,0,0,0.00%,0.07%,"Skinns, David / Lipsky, David / Hubbard, Mark",0.330620549338759,33.06%,2026-10-02 12:52,Late,,0.0,,0,0.137419814,0.137419814,,5.00,2.816852524,-2.183147476,52.57142857,54,0,60,200,3,,78,,-,,,,,,,,,,,,+261,27.70%,5.36%,71.43%,285.5137931,72.22%,-1.445,-3.185,-1.53,1.09,0.57,0.085,9.99999,13.00005,108,106,75,85,113,94,23,24,62,107,,,,,,,,,,,,,,,,,85,113,94,62,24,23,75,107,83,137,0,1,8,26,49,63,13,2,128,0.3359375,0,-0.3359375,0,,,0,0,80,44,70,-41,-15,-39,-5,-6,,,,67,#N/A,#N/A,#N/A,#N/A,#N/A,GOOD,2,Black Desert Championship2026,Black Desert Resort,-1.445 (-1.445),"https://pga-tour-res.cloudinary.com/image/upload/c_fill,d_headshots_default.png,dpr_2.0,f_auto,g_face:center,h_350,q_auto,w_280/headshots_27139.png"
Vince Whaley,6500,,,,85,85,,,,,,,,,,94,89,85,89,0,,34.8,42.93333333,0,0,,,,,,,,,,,,,0.1093012277,0.1093012277,,,0.2520187505,0.2520187505,69.625,83,0,91,200,3,,87,,-,,,,,,,,,,,,,,0.00%,,,,,,,,,,,,,,,,,,,,,,-0.69,-0.66,,0.66,0.02,-0.70,,0.53,68,85,,1,38,84,,85,0,-85,0,-1,-38,-84,0,-85,52.33333333,97,0,149,79,112,138,149,74,149,128,0,0,0,0,,,0,0,80,70,112,70,112,-39,80,89,,,,,#N/A,#N/A,#N/A,#N/A,#N/A,GOOD,2,Black Desert Championship2026,, (0.693),"https://pga-tour-res.cloudinary.com/image/upload/c_fill,d_headshots_default.png,dpr_2.0,f_auto,g_face:center,h_350,q_auto,w_280/headshots_51894.png"
Adam Svensson,6500,-6,56,18,87,84,77,56,88,68,71,65,63,62,64,77,80,87,81,0,56,34.65,43.2,32.60536944,32.70329305,3035.7,0.03%,0.05%,"Garnett, Brice / Svensson, Adam / Smotherman, Austin",0.288890628669851,28.89%,2026-10-02 08:41,Early,,3035.7,,0.03293048375,0.1290706444,0.09614016066,,0.00,0.297601621,0.297601621,68.25,79,0,49,200,3,73.66666667,96,,19,2000,850,6000,1.666666667,5,17,19,10,-90,-4,19,+243,29.15%,-0.27%,92.86%,293.3103448,77.78%,0.055,-0.2,0.62,1.065,-0.245,-0.565,12.99998,14.00004,16,89,44,60,75,44,24,73,83,15,-0.66,-0.43,-0.31,-0.36,0.03,0.10,0.66,0.63,67,79,53,71,36,29,52,22,-7,-4,-9,12,37,-5,-8,-7,50,91,120,120,122,64,37,117,114,112,128,0.53125,0.4765625,-0.0546875,0.4765625,21,21,74,74.71428571,80,52,73,-8,13,-39,20,20,64,,,64,#N/A,#N/A,#N/A,#N/A,#N/A,GOOD,2,Black Desert Championship2026,Black Desert Resort,0.0549999999999999 (0.716),"https://pga-tour-res.cloudinary.com/image/upload/c_fill,d_headshots_default.png,dpr_2.0,f_auto,g_face:center,h_350,q_auto,w_280/headshots_40115.png"
Paul Peterson,6400,-5,69,18,80,86,54,,73,58,61,78,70,68,77,79,74,80,78,0,69,35.33333333,42.8,38.2,0,0,0.00%,0.04%,"Peterson, Paul / Dumont De Chassart, Adrien / Snyder, Matt",0.3208211659316,32.08%,2026-10-02 13:58,Late,,0.0,,0,0.1446912199,0.1446912199,,5.00,2.833618398,-2.166381602,60.42857143,65,0,76,200,3,,75,,-,,,,,,,,,,,,+123,44.84%,-12.76%,89.29%,287.6,66.67%,-0.445,-1.155,0.275,0.645,0.79,-0.72,12.49997,11.99997,31,103,104,72,102,54,38,13,91,30,,,,,,,,,,,,,,,,,72,102,54,91,13,38,104,30,72.66666667,130,0,5,26,9,66,39,4,35,128,0.4375,0,-0.4375,0,,,0,0,86,52,69,-20,-3,-39,14,2,,,,65,#N/A,#N/A,#N/A,#N/A,#N/A,GOOD,2,Black Desert Championship2026,Black Desert Resort,-0.445 (-0.445),"https://pga-tour-res.cloudinary.com/image/upload/c_fill,d_headshots_default.png,dpr_2.0,f_auto,g_face:center,h_350,q_auto,w_280/headshots_36824.png"
Joe Highsmith,6400,-4,82,18,88,90,71,,77,63,66,86,80,79,86,88,85,88,87,0,82,34.35,41.73333333,33.55,0,0,0.00%,0.04%,"Fisk, Steven / Highsmith, Joe / Mouw, William",0.221287426208067,22.13%,2026-10-02 13:25,Late,,0.0,,0,0.1201961758,0.1201961758,,5.00,2.777139522,-2.222860478,68.375,80,0,88,200,3,,84,,-,,,,,,,,,,,,+259,27.86%,-5.73%,85.71%,298.75,77.78%,-0.945,0.28,0.905,0.41,0.215,-1.85,11.99996,13.99995,56,49,52,81,46,35,45,38,107,55,-0.88,-0.35,-0.60,-0.28,-0.15,-0.10,0.62,0.58,74,71,71,63,67,46,82,55,7,-25,-36,44,-29,-1,-30,0,61.75,109,66,137,142,36,134,114,134,68,128,0.3671875,0.421875,0.0546875,0.421875,15,15,71.2,77.36666667,86,72,79,-9,-2,-39,5,4,70,,,66,#N/A,#N/A,#N/A,#N/A,#N/A,GOOD,2,Black Desert Championship2026,Black Desert Resort,-0.945 (-0.0700000000000001),"https://pga-tour-res.cloudinary.com/image/upload/c_fill,d_headshots_default.png,dpr_2.0,f_auto,g_face:center,h_350,q_auto,w_280/headshots_60067.png"
David Lipsky,6400,-11,9,18,82,88,79,42,113,95,98,17,32,27,20,67,73,82,74,1,9,35.03333333,42,32.28611346,41.73396306,118.1,0.85%,0.88%,"Skinns, David / Lipsky, David / Hubbard, Mark",0.320447609359105,32.04%,2026-10-02 12:52,Late,,118.1,,0.8396305626,0.151864325,-0.6877662375,,5.00,2.850157617,-2.149842383,48,45,0,50,200,3,,37,,-,,,,,,,,,,,,+192,34.25%,-2.20%,89.29%,290.55,69.44%,2.555,-0.39,1.885,1.135,1.145,0.67,12.49997,12.50001,31,98,88,13,84,11,19,6,35,30,-0.26,-0.39,-0.35,0.09,0.16,-0.13,0.65,0.63,51,75,56,35,24,48,61,27,-38,9,-45,0,-18,-29,27,3,24.75,54,141,72,148,76,127,130,42,65,128,0.8984375,0.6015625,-0.296875,0.6015625,37,37,79.8,74.68571429,86,41,71,28,58,-39,73,60,48,,,59,#N/A,#N/A,#N/A,#N/A,#N/A,GOOD,2,Black Desert Championship2026,Black Desert Resort,2.555 (2.813),"https://pga-tour-res.cloudinary.com/image/upload/c_fill,d_headshots_default.png,dpr_2.0,f_auto,g_face:center,h_350,q_auto,w_280/headshots_36326.png"
Ben Martin,6400,-3,89,18,89,91,75,,71,58,61,92,86,85,95,83,87,89,86,0,89,34.05,40.93333333,33.25,0,0,0.00%,0.04%,"Martin, Ben / Roy, Kevin / Walker, Danny",0.271170772104848,27.12%,2026-10-02 07:46,Early,,0.0,,0,0.1149383496,0.1149383496,,5.00,2.765016413,-2.234983587,54.28571429,56,0,63,200,3,,86,,-,,,,,,,,,,,,+273,26.81%,0.31%,85.71%,294.3,66.67%,-1.445,0.51,-0.8,-1.09,-0.225,-0.645,11.99996,12.00006,56,80,97,88,38,87,90,71,87,55,,,,,,,,,,,,,,,,,88,38,87,87,71,90,97,55,87.66666667,139,0,36,9,12,20,8,6,18,128,0.3125,0,-0.3125,0,,,0,0,86,86,82,-2,-6,-39,-2,-1,,,,67,#N/A,#N/A,#N/A,#N/A,#N/A,GOOD,2,Black Desert Championship2026,Black Desert Resort,-1.445 (-1.445),"https://pga-tour-res.cloudinary.com/image/upload/c_fill,d_headshots_default.png,dpr_2.0,f_auto,g_face:center,h_350,q_auto,w_280/headshots_33413.png"
Aaron Wise,6400,-3,89,18,90,89,76,,33,56,59,90,85,82,93,103,83,90,92,,89,33.9,41.86666667,33.1,0,0,0.00%,0.04%,"Yu, Kevin / Wise, Aaron / Higgo, Garrick",0.216238551063976,21.62%,2026-10-02 13:03,Late,,0.0,,0,0.1206115942,0.1206115942,,5.00,2.778097364,-2.221902636,63.5,72,0,81,200,3,,83,0.05,-,,,,,,,,,,,,+260,27.78%,-6.15%,85.71%,304.8448276,83.33%,-1.445,0.13,-1.61,0.525,-2.27,0.165,11.99996,15.00003,56,26,12,93,55,96,40,112,60,55,,,,,,,,,,,,,,,,,93,55,96,60,112,40,12,55,89.66666667,140,0,24,7,27,1,34,61,18,128,0.2734375,0,-0.2734375,0,,,0,0,86,,83,-93,-10,-39,-7,-10,,,,67,#N/A,#N/A,#N/A,#N/A,#N/A,GOOD,2,Black Desert Championship2026,Black Desert Resort,-1.445 (-1.445),"https://pga-tour-res.cloudinary.com/image/upload/c_fill,d_headshots_default.png,dpr_2.0,f_auto,g_face:center,h_350,q_auto,w_280/headshots_49964.png"
Dylan Wu,6400,-7,49,18,92,92,87,57,85,91,94,54,68,61,61,68,91,92,84,0,49,33.75,40.8,30.45706071,32.10463542,2156.3,0.05%,0.06%,"Kizzire, Patton / Wu, Dylan / Keefer, Johnny",0.272658419591012,27.27%,2026-10-02 12:30,Early,,2156.3,,0.0463542391,0.1041152755,0.0577610364,,0.00,0.2400613625,0.2400613625,69.75,84,0,92,200,3,,98,,-,,,,,,,,,,,,+260,27.78%,-0.51%,92.86%,300.25,80.56%,0.555,0.65,0.31,-0.88,0.535,0.245,12.99998,14.49999,16,41,18,47,32,51,88,25,54,15,-0.63,-0.44,-0.46,-0.18,-0.09,0.07,0.68,0.62,63,80,64,54,60,31,26,31,-16,-48,-13,0,-35,57,-8,-16,46.25,89,129,145,124,76,136,22,114,121,128,0.6328125,0.5078125,-0.125,0.5078125,25,25,82.8,79.25714286,86,73,81,26,34,-39,39,44,60,,,63,#N/A,#N/A,#N/A,#N/A,#N/A,GOOD,2,Black Desert Championship2026,Black Desert Resort,0.555 (1.189),"https://pga-tour-res.cloudinary.com/image/upload/c_fill,d_headshots_default.png,dpr_2.0,f_auto,g_face:center,h_350,q_auto,w_280/headshots_54783.png"
Brice Garnett,6300,-8,35,18,93,93,88,58,110,98,101,47,61,51,49,62,92,93,82,0,35,33.6,39.73333333,30.31212,32.00799361,1250,0.08%,0.10%,"Garnett, Brice / Svensson, Adam / Smotherman, Austin",0.2685351914194,26.85%,2026-10-02 08:41,Early,,1250.0,,0.07993605116,0.100770391,0.02083433979,,5.00,2.732348973,-2.267651027,59.625,63,0,74,200,3,,92,,-,,,,,,,,,,,,+231,30.21%,-3.36%,100.00%,291.7,77.78%,1.055,0.915,0.96,-0.345,0.385,0.095,14,13.99995,1,94,52,31,20,33,72,29,61,1,-0.53,-0.28,-0.54,0.02,-0.11,-0.15,0.67,0.68,61,66,70,44,64,55,35,14,-30,-46,-37,17,-35,17,17,-13,38.5,76,137,144,145,60,136,68,54,117,128,0.7578125,0.5234375,-0.234375,0.5234375,27,27,86,83.57142857,92,63,85,32,54,-39,61,61,58,,,62,#N/A,#N/A,#N/A,#N/A,#N/A,GOOD,2,Black Desert Championship2026,Black Desert Resort,1.055 (1.58),"https://pga-tour-res.cloudinary.com/image/upload/c_fill,d_headshots_default.png,dpr_2.0,f_auto,g_face:center,h_350,q_auto,w_280/headshots_29535.png"
Davis Riley,6300,-9,24,18,96,95,83,48,118,101,104,34,57,45,40,93,98,96,96,0,24,32.61666667,39.33333333,31.43364045,38.67138123,466.7,0.21%,0.24%,"Jaeger, Stephan / Riley, Davis / Thompson, Davis",0.191300682521927,19.13%,2026-10-02 13:14,Late,,466.7,,0.2138122728,0.07805302222,-0.1357592506,,5.00,2.679968931,-2.320031069,96,107,0,73,200,3,86.66666667,74,,27,3500,1400,7500,1.333333333,2.857142857,27,27,18,-82,,27,+335,22.99%,-3.86%,82.14%,298.95,75.00%,1.555,-0.82,-0.725,1.1,-1,2.275,11.49995,13.5,84,48,60,22,93,81,20,105,2,83,-0.97,,,0.46,-0.20,-0.42,0.63,0.54,77,,,7,72,72,80,83,-55,93,81,-5,33,-52,-20,0,35.5,69,148,9,13,116,40,144,123,68,128,0.828125,0.3984375,-0.4296875,0.3984375,12,12,100.6,87.94285714,92,65,91,43,69,-39,70,76,73,,,61,#N/A,#N/A,#N/A,#N/A,#N/A,GOOD,2,Black Desert Championship2026,Black Desert Resort,1.555 (2.523),"https://pga-tour-res.cloudinary.com/image/upload/c_fill,d_headshots_default.png,dpr_2.0,f_auto,g_face:center,h_350,q_auto,w_280/headshots_47995.png"
Hank Lebioda,6300,-5,69,18,95,94,78,,65,81,84,79,77,76,82,80,96,95,90,0,69,33.3,39.6,32.5,0,0,0.00%,0.07%,"Higgs, Harry / Lebioda, Hank / Moore, Taylor",0,31.35%,2026-10-02 07:35,Early,,0.0,,0,0.08215813683,0.08215813683,,0.00,0.1894342033,0.1894342033,85,102,0,115,200,3,,95,,-,,,,,,,,,,,,+219,31.35%,0.00%,89.29%,299.75,77.78%,-0.445,0.11,-0.62,-0.11,-0.615,0.175,12.49997,13.99995,31,43,52,69,57,76,64,92,59,30,-0.44,-0.21,-0.03,-0.41,,0.18,0.69,0.58,56,62,36,76,,22,13,56,13,-5,40,-17,92,42,39,-26,58.5,105,58,121,36,124,6,31,36,129,128,0.4609375,0.5625,0.1015625,0.5625,32,32,77,77.16666667,92,82,84,13,15,-39,23,27,53,,,65,#N/A,#N/A,#N/A,#N/A,#N/A,GOOD,2,Black Desert Championship2026,Black Desert Resort,-0.445 (-0.00999999999999995),"https://pga-tour-res.cloudinary.com/image/upload/c_fill,d_headshots_default.png,dpr_2.0,f_auto,g_face:center,h_350,q_auto,w_280/headshots_49766.png"
Nick Dunlap,6300,-6,56,18,97,98,90,59,107,93,96,68,75,67,70,102,97,97,99,0,56,32.31666667,38.53333333,29.85819425,31.70548727,1821.4,0.05%,0.07%,"Kohles, Ben / Hodges, Lee / Dunlap, Nick",0.213804471330037,21.38%,2026-10-02 08:30,Early,,1821.4,,0.05487269535,0.07921437102,0.02434167568,,5.00,2.682646684,-2.317353316,70.75,85,0,93,200,3,,101,,-,,,,,,,,,,,,+376,21.01%,0.37%,92.86%,283.2,69.44%,0.055,-0.58,0.265,1.37,-0.535,-0.21,12.99998,12.50001,16,111,88,65,89,55,15,91,69,15,-1.08,-1.10,-0.96,-0.12,0.10,0.04,0.63,0.57,81,88,84,49,30,35,76,66,-16,1,-29,20,61,-20,12,-51,56.75,103,129,78,136,55,24,126,61,144,128,0.4921875,0.3671875,-0.125,0.3671875,8,8,91.6,88.51428571,92,61,90,-4,25,-39,27,32,77,,,64,#N/A,#N/A,#N/A,#N/A,#N/A,GOOD,2,Black Desert Championship2026,Black Desert Resort,0.0549999999999997 (1.133),"https://pga-tour-res.cloudinary.com/image/upload/c_fill,d_headshots_default.png,dpr_2.0,f_auto,g_face:center,h_350,q_auto,w_280/headshots_59866.png"
Jimmy Stanger,6300,-3,89,18,91,97,81,,44,68,71,91,90,87,98,53,94,91,79,1,89,33.83333333,38.8,32.2,0,0,0.00%,0.06%,"Stanger, Jimmy / Ford, David / Akina, Kihei",0.24647961884595,24.65%,2026-10-02 13:58,Late,,0.0,,0,0.08390877486,0.08390877486,,5.00,2.693470696,-2.306529304,80,96,0,103,200,3,,94,,-,,,,,,,,,,,,+299,25.06%,-0.41%,71.43%,303.65,75.00%,-1.445,0.185,-0.77,-0.8,-0.15,-0.675,9.99999,13.5,108,29,60,85,52,86,84,66,89,107,-0.58,0.41,-0.74,0.16,-0.05,,0.65,0.59,62,10,78,26,54,,66,49,23,42,8,63,12,84,-6,58,66,120,48,32,70,24,68,11,112,17,128,0.3359375,0.515625,0.1796875,0.515625,26,26,67.6,73.76666667,92,46,87,-39,2,-39,7,9,59,,,67,#N/A,#N/A,#N/A,#N/A,#N/A,GOOD,2,Black Desert Championship2026,Black Desert Resort,-1.445 (-0.865),"https://pga-tour-res.cloudinary.com/image/upload/c_fill,d_headshots_default.png,dpr_2.0,f_auto,g_face:center,h_350,q_auto,w_280/headshots_51600.png"
Peter Malnati,6300,-3,89,18,94,99,82,,71,65,68,94,88,86,97,77,93,94,88,0,89,33.35,38.13333333,32.05,0,0,0.00%,0.04%,"Malnati, Peter / Ghim, Doug / Tie",0.291608895471499,29.16%,2026-10-02 12:30,Early,,0.0,,0,0.09082939435,0.09082939435,,0.00,0.2094277527,0.2094277527,67,76,0,85,200,3,,90,,-,,,,,,,,,,,,+279,26.39%,2.78%,85.71%,298.3,72.22%,-1.445,-1.455,-2.64,0.46,-1.645,1.195,11.99996,13.00005,56,52,75,88,107,107,42,110,20,55,-0.69,-0.74,-1.07,0.38,0.18,-0.51,0.64,0.57,69,86,85,13,21,77,73,68,19,21,22,7,89,-35,2,-13,67.25,122,52,51,51,67,8,135,72,117,128,0.3125,0.4609375,0.1484375,0.4609375,19,19,69,79.83333333,92,68,86,-20,-2,-39,4,5,65,,,67,#N/A,#N/A,#N/A,#N/A,#N/A,GOOD,2,Black Desert Championship2026,Black Desert Resort,-1.445 (-0.751),"https://pga-tour-res.cloudinary.com/image/upload/c_fill,d_headshots_default.png,dpr_2.0,f_auto,g_face:center,h_350,q_auto,w_280/headshots_34466.png"
Danny Walker,6200,-9,24,18,99,100,86,49,117,105,108,33,58,47,41,98,100,99,99,0,24,31.86666667,37.33333333,30.67998435,38.16952744,511.1,0.20%,0.22%,"Martin, Ben / Roy, Kevin / Walker, Danny",0.250370741289987,25.04%,2026-10-02 07:46,Early,,511.1,,0.1952743605,0.07263112161,-0.1226432389,,0.00,0.1674675107,0.1674675107,84.5,101,0,114,200,3,,80,,-,,,,,,,,,,,,+255,28.17%,-3.13%,92.86%,303.1,80.56%,1.555,0.96,1.31,0.015,0.345,0.245,12.99998,14.49999,16,31,18,22,18,24,60,33,53,15,-0.97,-0.30,-0.50,-0.48,-0.01,-0.19,0.62,,78,68,67,83,44,60,86,,-56,-50,-43,-30,-11,0,-68,15,36,71,149,146,147,135,123,79,149,53,128,0.828125,0.390625,-0.4375,0.390625,10,10,101,89.57142857,98,73,89,51,67,-39,76,78,74,,,61,#N/A,#N/A,#N/A,#N/A,#N/A,GOOD,2,Black Desert Championship2026,Black Desert Resort,1.555 (2.526),"https://pga-tour-res.cloudinary.com/image/upload/c_fill,d_headshots_default.png,dpr_2.0,f_auto,g_face:center,h_350,q_auto,w_280/headshots_54607.png"
Alejandro Tosti,6200,-5,69,16,100,101,95,68,101,80,83,81,76,75,79,70,95,100,88,0,69,31.71666667,36.93333333,29.2567499,0.004613184481,2166.7,0.05%,0.06%,"Tosti, Alejandro / Svensson, Jesper / Mauss, Bowen",0.25006770786314,25.01%,2026-10-02 14:09,Late,,2166.7,,0.04613184481,0.08303949533,0.03690765052,,0.00,0.1914663751,0.1914663751,80,96,0,103,200,3,,102,,-,,,,,,,,,,,,+172,36.76%,-11.76%,77.78%,315.25,64.71%,-0.15,0.235,0.28,-0.53,0.575,-0.43,10.88885259,11.64709059,101,2,106,66,48,53,81,21,80,100,,0.27,-0.74,,-0.11,-0.90,0.62,0.58,,17,77,,63,86,85,64,66,31,-24,80,-42,-5,21,36,75.66666667,133,0,40,131,16,141,117,46,29,128,0.484375,0,-0.484375,0,,,0,0,98,82,92,16,26,-39,32,29,,,,65,#N/A,#N/A,#N/A,#N/A,#N/A,GOOD,2,Black Desert Championship2026,Black Desert Resort,-0.15 (-0.15),"https://pga-tour-res.cloudinary.com/image/upload/c_fill,d_headshots_default.png,dpr_2.0,f_auto,g_face:center,h_350,q_auto,w_280/headshots_38991.png"
Cameron Davis,6200,,,,101,87,,,,,,,,,,109,104,101,105,,,31.56929825,42.26666667,0,0,,,,,,,,,,0.0,,0,0.06184262478,0.06184262478,,0.00,0.1425921863,0.1425921863,91.16666667,104,0,59,200,3,75.66666667,104,,7,1200,550,5000,2,8.333333333,8,8,3,-97,-17,7,,,0.00%,,,,,,,,,,,,,,,,,,,,,,,,,,,,,,,,,,,,,,0,0,0,0,0,0,0,0,52,96,0,81,79,76,83,79,74,68,128,0,0,0,0,,,0,0,98,,112,0,112,-39,98,104,,,,,#N/A,#N/A,#N/A,#N/A,#N/A,GOOD,2,Black Desert Championship2026,, (0),"https://pga-tour-res.cloudinary.com/image/upload/c_fill,d_headshots_default.png,dpr_2.0,f_auto,g_face:center,h_350,q_auto,w_280/headshots_45157.png"
Adam Schenk,6200,-3,89,18,103,103,89,,81,75,78,95,92,92,103,101,101,103,102,0,89,31.4245614,36.13333333,30.2,0,0,0.00%,0.03%,"Glover, Lucas / Streelman, Kevin / Schenk, Adam",0.25639985394945,25.64%,2026-10-02 08:19,Early,,0.0,,0,0.06983582204,0.06983582204,,0.00,0.1610223141,0.1610223141,75.125,93,0,65,200,3,76.33333333,99,,24,3000,1100,8000,1.25,3.333333333,23,23,21,-79,-1,24,+284,26.04%,-0.40%,75.00%,301.25,55.56%,-1.445,-0.495,-1.41,-2.675,1.76,-0.035,10.5,9.99999,102,38,111,88,87,93,111,1,64,101,-1.21,-0.41,-0.93,-0.28,-0.11,-0.41,0.65,0.57,83,77,82,64,62,71,67,69,5,10,11,0,-61,40,44,32,69.25,125,68,70,64,76,144,34,27,32,128,0.3125,0.3515625,0.0390625,0.3515625,6,6,81.2,89.03333333,98,73,93,-15,5,-39,10,13,79,,,67,#N/A,#N/A,#N/A,#N/A,#N/A,GOOD,2,Black Desert Championship2026,Black Desert Resort,-1.445 (-0.232),"https://pga-tour-res.cloudinary.com/image/upload/c_fill,d_headshots_default.png,dpr_2.0,f_auto,g_face:center,h_350,q_auto,w_280/headshots_47347.png"
Boston Bracken,6200,3,112,18,104,102,84,,25,43,46,112,98,151,152,95,105,104,101,,112,31.28245614,36.4,31.3,0,0,0.00%,0.02%,"Rozo, Marcelo / Springer, Hayden / Bracken, Boston",0.277462699589914,27.75%,2026-10-02 09:03,Early,,0.0,,0,0.05950081857,0.05950081857,,0.00,0.1371926214,0.1371926214,,100,0,108,200,3,,106,,-,,,,,,,,,,,,+317,23.98%,3.77%,78.57%,307.7724138,72.22%,-4.445,-1.02,-3.39,-2.815,0.45,-1.055,10.99994,13.00005,100,13,75,110,97,111,112,28,96,99,,,,,,,,,,,,,,,,,110,97,111,96,28,112,75,99,108.3333333,146,0,8,2,6,45,2,13,3,128,0.140625,0,-0.140625,0,,,0,0,98,,98,-110,-12,-39,-12,-5,,,,73,#N/A,#N/A,#N/A,#N/A,#N/A,GOOD,2,Black Desert Championship2026,Black Desert Resort,-4.445 (-4.445),https://www.freeiconspng.com/uploads/--tie-user-users-work-worker-working-icon--icon-search-engine-6.png
Michael Thompson,6200,-2,96,18,98,104,85,,40,65,68,101,95,94,145,86,99,98,94,,96,31.97631579,36,31.15,0,0,0.00%,0.03%,"Thompson, Michael / Li, Haotong / Kang, Jeffrey",0,22.62%,2026-10-02 13:47,Late,,0.0,,0,0.07762294649,0.07762294649,,0.00,0.1789772942,0.1789772942,72.5,88,0,98,200,3,,97,,-,,,,,,,,,,,,+342,22.62%,0.00%,96.43%,284.65,80.56%,-1.945,-0.16,-0.745,-0.78,0.19,-1.2,13.49999,14.49999,5,109,18,94,71,84,82,42,98,4,,,,,,,,,,,,,,,,,94,71,84,98,42,82,18,4,95.66666667,142,0,18,11,4,35,12,47,62,128,0.265625,0,-0.265625,0,,,0,0,98,,88,-94,-6,-39,4,5,,,,68,#N/A,#N/A,#N/A,#N/A,#N/A,GOOD,2,Black Desert Championship2026,Black Desert Resort,-1.945 (-1.945),https://www.freeiconspng.com/uploads/--tie-user-users-work-worker-working-icon--icon-search-engine-6.png
C.T. Pan,6100,,,,106,106,,,,,,,,,,97,102,106,102,,,31.00614035,34.93333333,0,0,,,,,,,,,,,,,0.0685766773,0.0685766773,,,0.1581190705,0.1581190705,69.57142857,82,0,90,200,3,,100,,-,,,,,,,,,,,,,,0.00%,,,,,,,,,,,,,,,,,,,,,,,,,,,,,,,,,,,,,,0,0,0,0,0,0,0,0,51,93,0,81,79,76,83,79,74,68,128,0,0,0,0,,,0,0,104,,112,0,112,-39,104,102,,,,,#N/A,#N/A,#N/A,#N/A,#N/A,GOOD,2,Black Desert Championship2026,, (0),"https://pga-tour-res.cloudinary.com/image/upload/c_fill,d_headshots_default.png,dpr_2.0,f_auto,g_face:center,h_350,q_auto,w_280/headshots_29908.png"
Jeffrey Kang,6100,-5,69,18,107,105,91,,77,93,96,80,86,78,84,104,107,107,106,,69,30.87192982,35.2,29.6,0,0,0.00%,0.07%,"Thompson, Michael / Li, Haotong / Kang, Jeffrey",0,31.65%,2026-10-02 13:47,Late,,0.0,,0,0.05456617835,0.05456617835,,0.00,0.1258146901,0.1258146901,94.42857143,106,0,119,200,3,,107,,-,,,,,,,,,,,,+216,31.65%,0.00%,96.43%,306.35,63.89%,-0.445,1.21,-0.025,-1.145,-0.09,-0.42,13.49999,11.50002,5,20,107,70,11,60,93,60,78,4,-0.96,-0.38,-0.43,-0.53,0.10,-0.15,0.62,0.56,76,74,63,85,31,54,84,71,-6,-63,-3,-7,29,39,23,-67,61.75,109,118,148,115,119,44,37,45,147,128,0.453125,0.40625,-0.046875,0.40625,13,13,88.8,90.13333333,104,,94,-70,24,-39,34,37,72,,,65,#N/A,#N/A,#N/A,#N/A,#N/A,GOOD,2,Black Desert Championship2026,Black Desert Resort,-0.445 (0.513),"https://pga-tour-res.cloudinary.com/image/upload/c_fill,d_headshots_default.png,dpr_2.0,f_auto,g_face:center,h_350,q_auto,w_280/headshots_47393.png"
K.H. Lee,6100,,,,109,107,,,,,,,,,,111,108,109,109,,,30.74035088,34.13333333,0,0,,,,,,,,,,,,,0.0539519582,0.0539519582,,,0.1243984663,0.1243984663,67.5,77,0,86,200,3,,108,,-,,,,,,,,,,,,,,0.00%,,,,,,,,,,,,,,,,,,,,,,,,,,,,,,,,,,,,,,0,0,0,0,0,0,0,0,54,99,0,81,79,76,83,79,74,68,128,0,0,0,0,,,0,0,104,,112,0,112,-39,104,108,,,,,#N/A,#N/A,#N/A,#N/A,#N/A,GOOD,2,Black Desert Championship2026,, (0),"https://pga-tour-res.cloudinary.com/image/upload/c_fill,d_headshots_default.png,dpr_2.0,f_auto,g_face:center,h_350,q_auto,w_280/headshots_32791.png"
Rafael Campos,6100,-2,96,18,102,108,94,,76,75,78,102,96,149,150,92,103,102,99,0,96,31.44473684,33.73333333,29.3,0,0,0.00%,0.02%,"Campos, Rafael / Rodgers, Patrick / McCarthy, Denny",0.186396036321441,18.64%,2026-10-02 12:41,Late,,0.0,,0,0.06275578462,0.06275578462,,0.00,0.1446976833,0.1446976833,62.5,69,0,79,200,3,,103,,-,,,,,,,,,,,,+306,24.63%,-5.99%,85.71%,306.4,75.00%,-1.945,0.74,-0.73,-0.525,-0.94,-1.215,11.99996,13.5,56,18,60,100,27,82,78,103,100,55,-1.27,-0.30,-0.85,-0.42,-0.49,-0.06,0.67,0.58,84,69,79,78,86,39,36,61,16,-42,3,22,17,39,24,-6,75.75,134,54,142,76,52,61,37,44,111,128,0.21875,0.34375,0.125,0.34375,5,5,75.6,89.43333333,104,82,95,-18,-5,-39,4,3,80,,,68,#N/A,#N/A,#N/A,#N/A,#N/A,GOOD,2,Black Desert Championship2026,Black Desert Resort,-1.945 (-0.673),"https://pga-tour-res.cloudinary.com/image/upload/c_fill,d_headshots_default.png,dpr_2.0,f_auto,g_face:center,h_350,q_auto,w_280/headshots_32070.png"
Patton Kizzire,6100,-8,35,18,113,109,101,60,112,106,109,48,69,56,53,106,106,113,108,0,35,30.48508772,33.33333333,27.908928,30.40639591,1562.5,0.06%,0.08%,"Kizzire, Patton / Wu, Dylan / Keefer, Johnny",0.229157361194725,22.92%,2026-10-02 12:30,Early,,1562.5,,0.0639590662,0.05602410697,-0.00793495923,,0.00,0.1291762749,0.1291762749,69,81,0,89,200,3,,105,,-,,,,,,,,,,,,+325,23.53%,-0.61%,85.71%,293.35,75.00%,1.055,-0.22,0.47,0.205,0.49,0.585,11.99996,13.5,56,87,60,39,77,45,53,26,38,55,-1.19,,-0.93,-0.25,0.18,-0.20,0.63,0.56,82,,83,61,20,62,81,74,-43,77,-38,-23,6,-9,-21,-19,46,88,142,15,146,131,71,123,126,123,128,0.6953125,0.359375,-0.3359375,0.359375,7,7,97.2,94.74285714,104,86,96,47,57,-39,65,67,78,,,62,#N/A,#N/A,#N/A,#N/A,#N/A,GOOD,2,Black Desert Championship2026,Black Desert Resort,1.055 (2.241),"https://pga-tour-res.cloudinary.com/image/upload/c_fill,d_headshots_default.png,dpr_2.0,f_auto,g_face:center,h_350,q_auto,w_280/headshots_32757.png"
Brendon Todd,6100,-6,56,18,114,111,106,61,95,100,103,67,79,70,74,110,110,114,111,0,56,30.36140351,32.93333333,27.75512314,30.30369099,2708.3,0.04%,0.05%,"Todd, Brendon / Hughes, Mackenzie / Smith, Jordan",0.179574145560069,17.96%,2026-10-02 07:35,Early,,2708.3,,0.03690990293,0.04351106048,0.006601157554,,0.00,0.1003246105,0.1003246105,96.5,108,0,68,200,3,73,113,,15,1800,700,6000,1.666666667,5.555555556,14,14,10,-90,-7,15,+652,13.30%,4.66%,82.14%,285.3,55.56%,0.055,-1.235,-1.905,-1.245,0.575,1.96,11.49995,9.99999,84,107,111,57,104,100,96,21,6,83,,,,,,,,,,,,,,,,,57,104,100,6,21,96,111,83,74.66666667,132,0,2,5,68,51,5,1,7,128,0.5546875,0,-0.5546875,0,,,0,0,104,66,99,9,42,-39,47,53,,,,64,#N/A,#N/A,#N/A,#N/A,#N/A,GOOD,2,Black Desert Championship2026,Black Desert Resort,0.055 (0.055),"https://pga-tour-res.cloudinary.com/image/upload/c_fill,d_headshots_default.png,dpr_2.0,f_auto,g_face:center,h_350,q_auto,w_280/headshots_30927.png"
Christo Lamprecht,6000,-4,82,18,105,110,98,,62,85,88,87,93,88,99,76,109,105,97,0,82,31.07368421,33.2,28.85,0,0,0.00%,0.03%,"Lamprecht, Christo / Blanchet, Chandler / Lundell, Carson",0.301939533439786,30.19%,2026-10-02 09:14,Early,,0.0,,0,0.04533953928,0.04533953928,,5.00,2.604540583,-2.395459417,96.71428571,109,0,121,200,3,,110,,-,,,,,,,,,,,,+233,30.03%,0.16%,67.86%,311.862069,75.00%,-0.945,-0.415,-1.825,-1.45,0.04,0.88,9.50005,13.5,112,4,60,78,85,97,104,50,30,111,-1.92,-0.07,-1.62,-0.30,-0.01,-1.53,0.60,,87,50,88,66,45,88,89,,-9,35,9,-36,5,16,-29,111,66.25,121,121,39,67,140,74,71,133,1,128,0.390625,0.3203125,-0.0703125,0.3203125,2,2,85.4,91.23333333,115,86,97,8,19,-39,37,31,83,,,66,#N/A,#N/A,#N/A,#N/A,#N/A,GOOD,2,Black Desert Championship2026,Black Desert Resort,-0.945 (0.97),"https://pga-tour-res.cloudinary.com/image/upload/c_fill,d_headshots_default.png,dpr_2.0,f_auto,g_face:center,h_350,q_auto,w_280/headshots_54422.png"
Kensei Hirata,6000,-4,82,18,119,112,99,,66,88,91,88,94,90,100,85,112,119,105,,82,30.12192982,32.8,28.7,0,0,0.00%,0.03%,"Hirata, Kensei / Fishburn, Patrick / Crowe, Trace",0.187435711836641,18.74%,2026-10-02 13:47,Late,,0.0,,0,0.04160368263,0.04160368263,,0.00,0.09592671864,0.09592671864,99.85714286,110,0,122,200,3,,112,,-,,,,,,,,,,,,+354,22.03%,-3.28%,89.29%,290.25,80.56%,-0.945,-0.085,-0.36,-0.37,0.095,-0.585,12.49997,14.49999,31,99,18,81,68,68,75,48,84,30,-0.97,-0.05,-0.72,-0.25,-0.03,-0.65,0.65,0.69,78,47,75,59,51,80,60,9,3,21,-7,25,-3,-5,-42,21,68.5,123,70,51,121,49,118,117,141,49,128,0.3671875,0.390625,0.0234375,0.390625,10,10,85.8,91.46666667,115,,101,-81,20,-39,34,31,74,,,66,#N/A,#N/A,#N/A,#N/A,#N/A,GOOD,2,Black Desert Championship2026,Black Desert Resort,-0.945 (0.0259999999999999),"https://pga-tour-res.cloudinary.com/image/upload/c_fill,d_headshots_default.png,dpr_2.0,f_auto,g_face:center,h_350,q_auto,w_280/headshots_49120.png"
Marcelo Rozo,6000,-1,103,18,108,113,100,,47,58,61,106,97,150,151,62,111,108,94,0,103,30.83947368,32.4,28.55,0,0,0.00%,0.02%,"Rozo, Marcelo / Springer, Hayden / Bracken, Boston",0.251286973213507,25.13%,2026-10-02 09:03,Early,,0.0,,0,0.04219302837,0.04219302837,,0.00,0.09728558879,0.09728558879,102.5714286,111,0,123,200,3,,111,,-,,,,,,,,,,,,+259,27.86%,-2.73%,82.14%,299.4,66.67%,-2.445,0.2,-2.03,-1.32,-0.905,-0.415,11.49995,12.00006,84,44,101,104,50,102,100,101,76,83,,0.00,-0.72,-0.93,-0.47,-0.26,0.66,0.69,,39,75,87,83,64,53,6,104,11,27,-11,18,36,48,77,106.3333333,145,0,68,46,122,60,43,25,12,128,0.1875,0,-0.1875,0,,,0,0,115,77,100,-27,-4,-39,11,7,,,,69,#N/A,#N/A,#N/A,#N/A,#N/A,GOOD,2,Black Desert Championship2026,Black Desert Resort,-2.445 (-2.445),https://www.freeiconspng.com/uploads/--tie-user-users-work-worker-working-icon--icon-search-engine-6.png
Bowen Mauss,6000,,107,17,110,95,,,5,,1,,,, ,,113,110,74,,107,30.72631579,39.33333333,0,0,0,0.00%,2.00%,"Tosti, Alejandro / Svensson, Jesper / Mauss, Bowen",0.266317595016701,26.63%,2026-10-02 14:09,Late,,0.0,,0,0.03518587871,0.03518587871,,0.00,0.08112901728,0.08112901728,,100,0,108,200,3,,114,,-,,,,,,,,,,,,+521,16.10%,10.53%,96.30%,296.5592593,80.00%,-2.76,0.25,-0.32,0.105,-0.67,-2.44,13.48147111,14.40002571,15,61,42,107,47,65,58,95,113,14,,,,,,,,,,,,,,,,,107,47,65,113,95,58,42,14,109,147,0,28,17,1,5,21,32,58,128,0.1640625,0,-0.1640625,0,,,0,0,115,,112,-107,5,-39,8,6,,,,70,#N/A,#N/A,#N/A,#N/A,#N/A,GOOD,2,Black Desert Championship2026,Black Desert Resort,-2.76 (-2.76),https://www.freeiconspng.com/uploads/--tie-user-users-work-worker-working-icon--icon-search-engine-6.png
Zach J. Johnson,6000,1,110,18,111,114,92,,40,49,52,109,99,152,152,,114,111,75,,110,30.61578947,31.6,29.5,0,0,0.00%,0.02%,"Dou, Zecheng / Johnson, Zach J. / Sargent, Gordon",0.198256467941507,19.83%,2026-10-02 09:14,Early,,0.0,,0,0.03392667489,0.03392667489,,0.00,0.07822563751,0.07822563751,,100,0,108,200,3,,115,,-,,,,,,,,,,,,+1061,8.61%,11.21%,85.71%,274.45,66.67%,-3.445,-1.035,-2.855,-1.29,-0.53,-0.59,11.99996,12.00006,56,112,97,109,98,109,98,90,86,55,,,,,,,,,,,,,,,,,109,98,109,86,90,98,97,55,110.6666667,148,0,7,3,15,7,4,6,18,128,0.1484375,0,-0.1484375,0,,,0,0,115,,112,-109,3,-39,6,5,,,,71,#N/A,#N/A,#N/A,#N/A,#N/A,GOOD,2,Black Desert Championship2026,Black Desert Resort,-3.445 (-3.445),https://www.freeiconspng.com/uploads/--tie-user-users-work-worker-working-icon--icon-search-engine-6.png
David Lingmerth,6000,4,116,18,112,115,93,,35,40,43,114,100,153,154,,115,112,76,,116,30.50789474,31.2,29.35,0,0,0.00%,0.02%,"Lingmerth, David / Penge, Marco / Salinda, Isaiah",0.196040543151756,19.60%,2026-10-02 08:52,Early,,0.0,,0,0.03206994944,0.03206994944,,10.00,5.073944536,-4.926055464,89.66666667,103,0,116,200,3,,116,,-,,,,,,,,,,,,+775,11.43%,8.18%,82.14%,290.65,58.33%,-4.945,-1.045,-5.465,-3.675,-0.745,0.52,11.49995,10.49994,84,96,110,113,99,113,113,98,41,83,,,,,,,,,,,,,,,,,113,99,113,41,98,113,110,83,113.6666667,149,0,6,1,39,4,1,3,7,128,0.1171875,0,-0.1171875,0,,,0,0,115,,104,-113,-9,-39,2,2,,,,74,#N/A,#N/A,#N/A,#N/A,#N/A,GOOD,2,Black Desert Championship2026,Black Desert Resort,-4.945 (-4.945),"https://pga-tour-res.cloudinary.com/image/upload/c_fill,d_headshots_default.png,dpr_2.0,f_auto,g_face:center,h_350,q_auto,w_280/headshots_35510.png"
Patton Kizzire,6100,-8,35,18,120,116,107,62,112,106,109,48,69,56,53,121,117,120,119,0,35,29.56929825,30.13333333,26.708544,29.60639591,1562.5,0.06%,0.08%,"Kizzire, Patton / Wu, Dylan / Keefer, Johnny",0.229157361194725,22.92%,2026-10-02 12:30,Early,,1562.5,,0.0639590662,0.02745692791,-0.03650213829,,0.00,0.06330816964,0.06330816964,77.375,87,0,96,200,3,,109,,-,,,,,,,,,,,,+325,23.53%,-0.61%,85.71%,293.35,75.00%,1.055,-0.22,0.47,0.205,0.49,0.585,11.99996,13.5,56,87,60,39,77,45,53,26,38,55,,,,,,,,,,,,,,,,,39,77,45,38,26,53,60,55,65,117,0,15,30,42,47,27,20,18,128,0.6953125,0,-0.6953125,0,,,0,0,104,86,105,47,66,-39,65,78,,,,62,#N/A,#N/A,#N/A,#N/A,#N/A,GOOD,2,Black Desert Championship2026,Black Desert Resort,1.055 (1.055),"https://pga-tour-res.cloudinary.com/image/upload/c_fill,d_headshots_default.png,dpr_2.0,f_auto,g_face:center,h_350,q_auto,w_280/headshots_32757.png"
Peter Malnati,6100,-3,89,18,115,117,96,,71,65,68,94,88,86,97,89,116,115,107,0,89,30.3,29.73333333,29.05,0,0,0.00%,0.04%,"Malnati, Peter / Ghim, Doug / Tie",0.291608895471499,29.16%,2026-10-02 12:30,Early,,0.0,,0,0.03061948918,0.03061948918,,0.00,0.07060017136,0.07060017136,87,103,0,116,200,3,,117,,-,,,,,,,,,,,,+279,26.39%,2.78%,85.71%,298.3,72.22%,-1.445,-1.455,-2.64,0.46,-1.645,1.195,11.99996,13.00005,56,52,75,88,107,107,42,110,20,55,-0.90,-0.79,-1.30,0.41,0.17,-0.68,0.63,0.55,75,87,86,10,23,83,78,77,13,20,21,10,87,-41,-3,-22,73,131,58,54,53,65,9,138,109,127,128,0.3125,0.4140625,0.1015625,0.4140625,14,14,75.6,91.1,104,68,103,-20,15,-39,16,28,71,,,67,#N/A,#N/A,#N/A,#N/A,#N/A,GOOD,2,Black Desert Championship2026,Black Desert Resort,-1.445 (-0.549),"https://pga-tour-res.cloudinary.com/image/upload/c_fill,d_headshots_default.png,dpr_2.0,f_auto,g_face:center,h_350,q_auto,w_280/headshots_34466.png"
Rafael Campos,6100,-2,96,18,121,118,102,,76,75,78,102,96,149,150,90,118,121,110,0,96,29.46666667,29.33333333,27.8,0,0,0.00%,0.02%,"Campos, Rafael / Rodgers, Patrick / McCarthy, Denny",0.186396036321441,18.64%,2026-10-02 12:41,Late,,0.0,,0,0.02738456324,0.02738456324,,0.00,0.06314131651,0.06314131651,69.77777778,77,0,86,200,3,,118,,-,,,,,,,,,,,,+306,24.63%,-5.99%,85.71%,306.4,75.00%,-1.945,0.74,-0.73,-0.525,-0.94,-1.215,11.99996,13.5,56,18,60,100,27,82,78,103,100,55,-1.27,-0.36,-0.86,-0.42,-0.53,0.02,0.68,0.57,85,72,80,77,87,36,27,67,15,-45,2,23,16,42,33,-12,79.5,135,56,143,77,51,63,31,39,116,128,0.21875,0.3359375,0.1171875,0.3359375,4,4,77.4,95.4,104,82,106,-18,6,-39,4,18,81,,,68,#N/A,#N/A,#N/A,#N/A,#N/A,GOOD,2,Black Desert Championship2026,Black Desert Resort,-1.945 (-0.671),"https://pga-tour-res.cloudinary.com/image/upload/c_fill,d_headshots_default.png,dpr_2.0,f_auto,g_face:center,h_350,q_auto,w_280/headshots_32070.png"
Jeremy Paul,6100,,,,121,120,,,,,,,,,,124,119,121,121,0,,29.46666667,28.93333333,0,0,,,,,,,,,,,,,0.02083899238,0.02083899238,,,0.04804901951,0.04804901951,97.14285714,115,0,125,200,3,,120,,-,,,,,,,,,,,,,,0.00%,,,,,,,,,,,,,,,,,,,,,,,,,,,,,,,,,,,,,,0,0,0,0,0,0,0,0,59.5,106,0,81,79,76,83,79,74,68,128,0,0,0,0,,,0,0,104,51,112,51,112,-39,104,119,,,,,#N/A,#N/A,#N/A,#N/A,#N/A,GOOD,2,Black Desert Championship2026,, (0),"https://pga-tour-res.cloudinary.com/image/upload/c_fill,d_headshots_default.png,dpr_2.0,f_auto,g_face:center,h_350,q_auto,w_280/headshots_50582.png"
Christo Lamprecht,6100,-4,82,18,121,119,102,,62,85,88,87,93,88,99,98,121,121,113,0,82,29.46666667,29.2,27.8,0,0,0.00%,0.03%,"Lamprecht, Christo / Blanchet, Chandler / Lundell, Carson",0.301939533439786,30.19%,2026-10-02 09:14,Early,,0.0,,0,0.019303903,0.019303903,,5.00,2.544509523,-2.455490477,101.1111111,119,0,127,200,3,,122,,-,,,,,,,,,,,,+233,30.03%,0.16%,67.86%,311.862069,75.00%,-0.945,-0.415,-1.825,-1.45,0.04,0.88,9.50005,13.5,112,4,60,78,85,97,104,50,30,111,-1.95,-0.04,-1.58,-0.37,-0.03,-1.51,0.60,0.51,88,45,87,74,52,87,88,87,-10,40,10,-44,-2,17,-28,24,69.25,125,123,35,66,143,117,68,132,47,128,0.390625,0.3125,-0.078125,0.3125,1,1,87.6,95.93333333,104,86,107,8,29,-39,26,43,84,,,66,#N/A,#N/A,#N/A,#N/A,#N/A,GOOD,2,Black Desert Championship2026,Black Desert Resort,-0.945 (1.005),"https://pga-tour-res.cloudinary.com/image/upload/c_fill,d_headshots_default.png,dpr_2.0,f_auto,g_face:center,h_350,q_auto,w_280/headshots_54422.png"
Kensei Hirata,6000,-4,82,18,121,121,102,,66,88,91,88,94,90,100,82,120,121,108,,82,29.46666667,28.8,27.8,0,0,0.00%,0.03%,"Hirata, Kensei / Fishburn, Patrick / Crowe, Trace",0.187435711836641,18.74%,2026-10-02 13:47,Late,,0.0,,0,0.01993198953,0.01993198953,,0.00,0.0459577189,0.0459577189,83.44444444,97,0,105,200,3,66,121,,28,,,,,,,,,,,,+354,22.03%,-3.28%,89.29%,290.25,80.56%,-0.945,-0.085,-0.36,-0.37,0.095,-0.585,12.49997,14.49999,31,99,18,81,68,68,75,48,84,30,-0.86,-0.01,-0.66,-0.21,0.01,-0.65,0.65,0.69,73,44,73,57,39,81,56,8,8,24,-5,27,9,-6,-38,22,70.5,128,65,47,120,48,70,122,138,48,128,0.3671875,0.4296875,0.0625,0.4296875,16,16,82.2,93.36666667,115,,108,-81,27,-39,34,39,69,,,66,#N/A,#N/A,#N/A,#N/A,#N/A,GOOD,2,Black Desert Championship2026,Black Desert Resort,-0.945 (-0.0850000000000001),"https://pga-tour-res.cloudinary.com/image/upload/c_fill,d_headshots_default.png,dpr_2.0,f_auto,g_face:center,h_350,q_auto,w_280/headshots_49120.png"
Ben Martin,6000,-3,89,18,115,122,96,,71,58,61,92,86,85,95,105,123,115,114,0,89,30.3,27.73333333,29.05,0,0,0.00%,0.04%,"Martin, Ben / Roy, Kevin / Walker, Danny",0.271170772104848,27.12%,2026-10-02 07:46,Early,,0.0,,0,0.01596480965,0.01596480965,,5.00,2.536810487,-2.463189513,88.85714286,106,0,119,200,3,69.66666667,124,,28,,,,,,,,,,,,+273,26.81%,0.31%,85.71%,294.3,66.67%,-1.445,0.51,-0.8,-1.09,-0.225,-0.645,11.99996,12.00006,56,80,97,88,38,87,90,71,87,55,,,,,,,,,,,,,,,,,88,38,87,87,71,90,97,55,99.66666667,143,0,36,9,12,20,8,6,18,128,0.3125,0,-0.3125,0,,,0,0,115,86,109,-2,21,-39,27,35,,,,67,#N/A,#N/A,#N/A,#N/A,#N/A,GOOD,2,Black Desert Championship2026,Black Desert Resort,-1.445 (-1.445),"https://pga-tour-res.cloudinary.com/image/upload/c_fill,d_headshots_default.png,dpr_2.0,f_auto,g_face:center,h_350,q_auto,w_280/headshots_33413.png"
Tyler Jones,6000,,,,121,124,,69,,,,,,,,93,124,121,113,,,29.46666667,27.33333333,0,0.003690990293,,,,,,,,,,2708.3,,0.03690990293,0.01456418745,-0.02234571548,,0.00,0.03358103473,0.03358103473,,100,0,62,200,3,,119,,28,1800,700,6000,1.666666667,5.555555556,14,14,11,-89,,15,,,0.00%,,,,,,,,,,,,,,,,,,,,,,,,,,,,,,,,,,,,,,0,0,0,0,0,0,0,0,62,111,0,81,79,76,83,79,74,68,128,0,0,0,0,,,0,0,115,,112,0,112,-39,115,124,,,,,#N/A,#N/A,#N/A,#N/A,#N/A,GOOD,2,Black Desert Championship2026,, (0),https://www.freeiconspng.com/uploads/--tie-user-users-work-worker-working-icon--icon-search-engine-6.png
Marcelo Rozo,6000,-1,103,18,115,123,102,,47,58,61,106,97,150,151,88,125,115,109,0,103,30.3,27.6,27.8,0,0,0.00%,0.02%,"Rozo, Marcelo / Springer, Hayden / Bracken, Boston",0.251286973213507,25.13%,2026-10-02 09:03,Early,,0.0,,0,0.01288182703,0.01288182703,,0.00,0.02970197154,0.02970197154,95.88888889,112,0,124,200,3,90,125,,28,,,,,,,,,,,,+259,27.86%,-2.73%,82.14%,299.4,66.67%,-2.445,0.2,-2.03,-1.32,-0.905,-0.415,11.49995,12.00006,84,44,101,104,50,102,100,101,76,83,-1.60,0.03,-0.61,-0.99,-0.49,-0.16,0.67,0.69,86,35,72,88,85,56,41,6,18,15,30,-12,16,44,60,77,83.25,138,53,62,43,123,63,30,20,12,128,0.1875,0.328125,0.140625,0.328125,3,3,72,91.83333333,115,77,110,-27,6,-39,11,21,82,,,69,#N/A,#N/A,#N/A,#N/A,#N/A,GOOD,2,Black Desert Championship2026,Black Desert Resort,-2.445 (-0.848),https://www.freeiconspng.com/uploads/--tie-user-users-work-worker-working-icon--icon-search-engine-6.png
Michael Thompson,6000,-2,96,18,115,125,,,40,65,68,101,95,94,145,77,122,115,105,,96,30.3,27.2,0,0,0,0.00%,0.03%,"Thompson, Michael / Li, Haotong / Kang, Jeffrey",0,22.62%,2026-10-02 13:47,Late,,0.0,,0,0.01794314574,0.01794314574,,0.00,0.04137198882,0.04137198882,77.14285714,86,0,94,200,3,52.66666667,123,,28,,,,,,,,,,,,+342,22.62%,0.00%,96.43%,284.65,80.56%,-1.945,-0.16,-0.745,-0.78,0.19,-1.2,13.49999,14.49999,5,109,18,94,71,84,82,42,98,4,,,,,,,,,,,,,,,,,94,71,84,98,42,82,18,4,103.3333333,144,0,18,11,4,35,12,47,62,128,0.265625,0,-0.265625,0,,,0,0,115,,102,-94,8,-39,21,28,,,,68,#N/A,#N/A,#N/A,#N/A,#N/A,GOOD,2,Black Desert Championship2026,Black Desert Resort,-1.945 (-1.945),https://www.freeiconspng.com/uploads/--tie-user-users-work-worker-working-icon--icon-search-engine-6.png
Morgan DeNeen,6000,,,,121,126,,,,,,,,,,,126,121,82,,,29.46666667,26.13333333,0,0,,,,,,,,,,,,,0.007971052728,0.007971052728,,,0.01837906848,0.01837906848,,100,0,108,200,3,,126,,28,,,,,,,,,,,,,,0.00%,,,,,,,,,,,,,,,,,,,,,,,,,,,,,,,,,,,,,,0,0,0,0,0,0,0,0,63,113,0,81,79,76,83,79,74,68,128,0,0,0,0,,,0,0,115,,112,0,112,-39,115,126,,,,,#N/A,#N/A,#N/A,#N/A,#N/A,GOOD,2,Black Desert Championship2026,, (0),https://www.freeiconspng.com/uploads/--tie-user-users-work-worker-working-icon--icon-search-engine-6.png
Ryan Brehm,6000,,,,121,127,,,,,,,,,,,127,121,83,0,,29.46666667,25.73333333,0,0,,,,,,,,,,,,,0.006010229732,0.006010229732,,,0.0138579467,0.0138579467,108.4285714,123,0,128,200,3,92,127,,28,,,,,,,,,,,,,,0.00%,,,,,,,,,,,,,,,,,,,,,,,,,,,,,,,,,,,,,,0,0,0,0,0,0,0,0,63.5,114,0,81,79,76,83,79,74,68,128,0,0,0,0,,,0,0,115,86,112,86,112,-39,115,127,,,,,#N/A,#N/A,#N/A,#N/A,#N/A,GOOD,2,Black Desert Championship2026,, (0),"https://pga-tour-res.cloudinary.com/image/upload/c_fill,d_headshots_default.png,dpr_2.0,f_auto,g_face:center,h_350,q_auto,w_280/headshots_36686.png"
Brendon Todd,6000,-6,56,18,121,128,,63,95,100,103,67,79,70,74,,128,121,83,0,56,29.46666667,25.33333333,0,28.4,2708.3,0.04%,0.05%,"Todd, Brendon / Hughes, Mackenzie / Smith, Jordan",0.179574145560069,17.96%,2026-10-02 07:35,Early,,,,,0.003709556898,0.003709556898,,,0.008553224097,0.008553224097,101,118,0,126,200,3,,128,-,-,,,,,,,,,,,,+652,13.30%,4.66%,82.14%,285.3,55.56%,0.055,-1.235,-1.905,-1.245,0.575,1.96,11.49995,9.99999,84,107,111,57,104,100,96,21,6,83,,,,,,,,,,,,,,,,,57,104,100,6,21,96,111,83,80.66666667,136,0,2,5,68,51,5,1,7,128,0.5546875,0,-0.5546875,0,,,0,0,115,66,111,9,54,-39,58,71,,,,64,#N/A,#N/A,#N/A,#N/A,#N/A,GOOD,2,Black Desert Championship2026,Black Desert Resort,0.055 (0.055),"https://pga-tour-res.cloudinary.com/image/upload/c_fill,d_headshots_default.png,dpr_2.0,f_auto,g_face:center,h_350,q_auto,w_280/headshots_30927.png"
,,,,,121,130,,70,,,,,,,,,,121,40,,,29.46666667,,0,,,,,,,,,,,,,,0,0,,,0,0,,,0,#N/A,,,,,,,,,,,,,,,,,,,,0.00%,,,,,,,,,,,,,,,,,,,,,,,,,,,,,,,,,,,,,,0,0,0,0,0,0,0,0,0,1,0,81,79,76,83,79,74,68,128,0,0,0,0,,,#DIV/0!,#DIV/0!,,,112,0,112,-39,0,0,,,,,#N/A,#N/A,#N/A,#N/A,#N/A,GOOD,2,Black Desert Championship2026,, (0),
,,,,,121,130,,70,,,,,,,,,,121,40,,,29.46666667,,0,,,,,,,,,,,,,,0,0,,,0,0,,,0,#N/A,,,,,,,,,,,,,,,,,,,,0.00%,,,,,,,,,,,,,,,,,,,,,,,,,,,,,,,,,,,,,,0,0,0,0,0,0,0,0,0,1,0,81,79,76,83,79,74,68,128,0,0,0,0,,,#DIV/0!,#DIV/0!,,,112,0,112,-39,0,0,,,,,#N/A,#N/A,#N/A,#N/A,#N/A,GOOD,2,Black Desert Championship2026,, (0),
,,,,,121,130,,70,,,,,,,,,,121,40,,,29.46666667,,0,,,,,,,,,,,,,,0,0,,,0,0,,,0,#N/A,,,,,,,,,,,,,,,,,,,,0.00%,,,,,,,,,,,,,,,,,,,,,,,,,,,,,,,,,,,,,,0,0,0,0,0,0,0,0,0,1,0,81,79,76,83,79,74,68,128,0,0,0,0,,,#DIV/0!,#DIV/0!,,,112,0,112,-39,0,0,,,,,#N/A,#N/A,#N/A,#N/A,#N/A,GOOD,2,Black Desert Championship2026,, (0),
,,,,,121,130,,70,,,,,,,,,,121,40,,,29.46666667,,0,,,,,,,,,,,,,,0,0,,,0,0,,,0,#N/A,,,,,,,,,,,,,,,,,,,,0.00%,,,,,,,,,,,,,,,,,,,,,,,,,,,,,,,,,,,,,,0,0,0,0,0,0,0,0,0,1,0,81,79,76,83,79,74,68,128,0,0,0,0,,,#DIV/0!,#DIV/0!,,,112,0,112,-39,0,0,,,,,#N/A,#N/A,#N/A,#N/A,#N/A,GOOD,2,Black Desert Championship2026,, (0),
,,,,,121,130,,70,,,,,,,,,,121,40,,,29.46666667,,0,,,,,,,,,,,,,,0,0,,,0,0,,,0,#N/A,,,,,,,,,,,,,,,,,,,,0.00%,,,,,,,,,,,,,,,,,,,,,,,,,,,,,,,,,,,,,,0,0,0,0,0,0,0,0,0,1,0,81,79,76,83,79,74,68,128,0,0,0,0,,,#DIV/0!,#DIV/0!,,,112,0,112,-39,0,0,,,,,#N/A,#N/A,#N/A,#N/A,#N/A,GOOD,2,Black Desert Championship2026,, (0),
,,,,,121,130,,70,,,,,,,,,,121,40,,,29.46666667,,0,,,,,,,,,,,,,,0,0,,,0,0,,,0,#N/A,,,,,,,,,,,,,,,,,,,,0.00%,,,,,,,,,,,,,,,,,,,,,,,,,,,,,,,,,,,,,,0,0,0,0,0,0,0,0,0,1,0,81,79,76,83,79,74,68,128,0,0,0,0,,,#DIV/0!,#DIV/0!,,,112,0,112,-39,0,0,,,,,#N/A,#N/A,#N/A,#N/A,#N/A,GOOD,2,Black Desert Championship2026,, (0),
,,,,,121,130,,70,,,,,,,,,,121,40,,,29.46666667,,0,,,,,,,,,,,,,,0,0,,,0,0,,,0,#N/A,,,,,,,,,,,,,,,,,,,,0.00%,,,,,,,,,,,,,,,,,,,,,,,,,,,,,,,,,,,,,,0,0,0,0,0,0,0,0,0,1,0,81,79,76,83,79,74,68,128,0,0,0,0,,,#DIV/0!,#DIV/0!,,,112,0,112,-39,0,0,,,,,#N/A,#N/A,#N/A,#N/A,#N/A,GOOD,2,Black Desert Championship2026,, (0),
,,,,,121,130,,70,,,,,,,,,,121,40,,,29.46666667,,0,,,,,,,,,,,,,,0,0,,,0,0,,,0,#N/A,,,,,,,,,,,,,,,,,,,,0.00%,,,,,,,,,,,,,,,,,,,,,,,,,,,,,,,,,,,,,,0,0,0,0,0,0,0,0,0,1,0,81,79,76,83,79,74,68,128,0,0,0,0,,,#DIV/0!,#DIV/0!,,,112,0,112,-39,0,0,,,,,#N/A,#N/A,#N/A,#N/A,#N/A,GOOD,2,Black Desert Championship2026,, (0),
,,,,,121,130,,70,,,,,,,,,,121,40,,,29.46666667,,0,,,,,,,,,,,,,,0,0,,,0,0,,,0,#N/A,,,,,,,,,,,,,,,,,,,,0.00%,,,,,,,,,,,,,,,,,,,,,,,,,,,,,,,,,,,,,,0,0,0,0,0,0,0,0,0,1,0,81,79,76,83,79,74,68,128,0,0,0,0,,,#DIV/0!,#DIV/0!,,,112,0,112,-39,0,0,,,,,#N/A,#N/A,#N/A,#N/A,#N/A,GOOD,2,Black Desert Championship2026,, (0),
,,,,,121,130,,70,,,,,,,,,,121,40,,,29.46666667,,0,,,,,,,,,,,,,,0,0,,,0,0,,,0,#N/A,,,,,,,,,,,,,,,,,,,,0.00%,,,,,,,,,,,,,,,,,,,,,,,,,,,,,,,,,,,,,,0,0,0,0,0,0,0,0,0,1,0,81,79,76,83,79,74,68,128,0,0,0,0,,,#DIV/0!,#DIV/0!,,,112,0,112,-39,0,0,,,,,#N/A,#N/A,#N/A,#N/A,#N/A,GOOD,2,Black Desert Championship2026,, (0),
,,,,,139,130,,70,,,,,,,,,,139,46,,,28.89122807,,0,,,,,,,,,,,,,,0,0,,,0,0,,,0,#N/A,,,,,,,,,,,,,,,,,,,,0.00%,,,,,,,,,,,,,,,,,,,,,,,,,,,,,,,,,,,,,,0,0,0,0,0,0,0,0,0,1,0,81,79,76,83,79,74,68,128,0,0,0,0,,,#DIV/0!,#DIV/0!,,,112,0,112,-39,0,0,,,,,#N/A,#N/A,#N/A,#N/A,#N/A,GOOD,2,Black Desert Championship2026,, (0),
,,,,,140,130,,70,,,,,,,,,,140,47,,,28.31578947,,0,,,,,,,,,,,,,,0,0,,,0,0,,,0,#N/A,,,,,,,,,,,,,,,,,,,,0.00%,,,,,,,,,,,,,,,,,,,,,,,,,,,,,,,,,,,,,,0,0,0,0,0,0,0,0,0,1,0,81,79,76,83,79,74,68,128,0,0,0,0,,,#DIV/0!,#DIV/0!,,,112,0,112,-39,0,0,,,,,#N/A,#N/A,#N/A,#N/A,#N/A,GOOD,2,Black Desert Championship2026,, (0),
,,,,,141,130,,70,,,,,,,,,,141,47,,,28.25185185,,0,,,,,,,,,,,,,,0,0,,,0,0,,,0,#N/A,,,,,,,,,,,,,,,,,,,,0.00%,,,,,,,,,,,,,,,,,,,,,,,,,,,,,,,,,,,,,,0,0,0,0,0,0,0,0,0,1,0,81,79,76,83,79,74,68,128,0,0,0,0,,,#DIV/0!,#DIV/0!,,,112,0,112,-39,0,0,,,,,#N/A,#N/A,#N/A,#N/A,#N/A,GOOD,2,Black Desert Championship2026,, (0),
,,,,,142,130,,70,,,,,,,,,,142,47,,,28.18039216,,0,,,,,,,,,,,,,,0,0,,,0,0,,,0,#N/A,,,,,,,,,,,,,,,,,,,,0.00%,,,,,,,,,,,,,,,,,,,,,,,,,,,,,,,,,,,,,,0,0,0,0,0,0,0,0,0,1,0,81,79,76,83,79,74,68,128,0,0,0,0,,,#DIV/0!,#DIV/0!,,,112,0,112,-39,0,0,,,,,#N/A,#N/A,#N/A,#N/A,#N/A,GOOD,2,Black Desert Championship2026,, (0),
,,,,,143,130,,70,,,,,,,,,,143,48,,,28.1,,0,,,,,,,,,,,,,,0,0,,,0,0,,,0,#N/A,,,,,,,,,,,,,,,,,,,,0.00%,,,,,,,,,,,,,,,,,,,,,,,,,,,,,,,,,,,,,,0,0,0,0,0,0,0,0,0,1,0,81,79,76,83,79,74,68,128,0,0,0,0,,,#DIV/0!,#DIV/0!,,,112,0,112,-39,0,0,,,,,#N/A,#N/A,#N/A,#N/A,#N/A,GOOD,2,Black Desert Championship2026,, (0),
,,,,,144,130,,70,,,,,,,,,,144,48,,,28.00888889,,0,,,,,,,,,,,,,,0,0,,,0,0,,,0,#N/A,,,,,,,,,,,,,,,,,,,,0.00%,,,,,,,,,,,,,,,,,,,,,,,,,,,,,,,,,,,,,,0,0,0,0,0,0,0,0,0,1,0,81,79,76,83,79,74,68,128,0,0,0,0,,,#DIV/0!,#DIV/0!,,,112,0,112,-39,0,0,,,,,#N/A,#N/A,#N/A,#N/A,#N/A,GOOD,2,Black Desert Championship2026,, (0),
,,,,,145,130,,70,,,,,,,,,,145,48,,,27.9047619,,0,,,,,,,,,,,,,,0,0,,,0,0,,,0,#N/A,,,,,,,,,,,,,,,,,,,,0.00%,,,,,,,,,,,,,,,,,,,,,,,,,,,,,,,,,,,,,,0,0,0,0,0,0,0,0,0,1,0,81,79,76,83,79,74,68,128,0,0,0,0,,,#DIV/0!,#DIV/0!,,,112,0,112,-39,0,0,,,,,#N/A,#N/A,#N/A,#N/A,#N/A,GOOD,2,Black Desert Championship2026,, (0),
,,,,,146,130,,70,,,,,,,,,,146,49,,,27.78461538,,0,,,,,,,,,,,,,,0,0,,,0,0,,,0,#N/A,,,,,,,,,,,,,,,,,,,,0.00%,,,,,,,,,,,,,,,,,,,,,,,,,,,,,,,,,,,,,,0,0,0,0,0,0,0,0,0,1,0,81,79,76,83,79,74,68,128,0,0,0,0,,,#DIV/0!,#DIV/0!,,,112,0,112,-39,0,0,,,,,#N/A,#N/A,#N/A,#N/A,#N/A,GOOD,2,Black Desert Championship2026,, (0),
,,,,,147,130,,70,,,,,,,,,,147,49,,,27.64444444,,0,,,,,,,,,,,,,,0,0,,,0,0,,,0,#N/A,,,,,,,,,,,,,,,,,,,,0.00%,,,,,,,,,,,,,,,,,,,,,,,,,,,,,,,,,,,,,,0,0,0,0,0,0,0,0,0,1,0,81,79,76,83,79,74,68,128,0,0,0,0,,,#DIV/0!,#DIV/0!,,,112,0,112,-39,0,0,,,,,#N/A,#N/A,#N/A,#N/A,#N/A,GOOD,2,Black Desert Championship2026,, (0),
,,,,,148,130,,70,,,,,,,,,,148,49,,,27.47878788,,0,,,,,,,,,,,,,,0,0,,,0,0,,,0,#N/A,,,,,,,,,,,,,,,,,,,,0.00%,,,,,,,,,,,,,,,,,,,,,,,,,,,,,,,,,,,,,,0,0,0,0,0,0,0,0,0,1,0,81,79,76,83,79,74,68,128,0,0,0,0,,,#DIV/0!,#DIV/0!,,,112,0,112,-39,0,0,,,,,#N/A,#N/A,#N/A,#N/A,#N/A,GOOD,2,Black Desert Championship2026,, (0),
,,,,,149,130,,70,,,,,,,,,,149,50,,,27.28,,0,,,,,,,,,,,,,,0,0,,,0,0,,,0,#N/A,,,,,,,,,,,,,,,,,,,,0.00%,,,,,,,,,,,,,,,,,,,,,,,,,,,,,,,,,,,,,,0,0,0,0,0,0,0,0,0,1,0,81,79,76,83,79,74,68,128,0,0,0,0,,,#DIV/0!,#DIV/0!,,,112,0,112,-39,0,0,,,,,#N/A,#N/A,#N/A,#N/A,#N/A,GOOD,2,Black Desert Championship2026,, (0),
,,,,,150,130,,70,,,,,,,,,,150,50,,,27.03703704,,0,,,,,,,,,,,,,,0,0,,,0,0,,,0,#N/A,,,,,,,,,,,,,,,,,,,,0.00%,,,,,,,,,,,,,,,,,,,,,,,,,,,,,,,,,,,,,,0,0,0,0,0,0,0,0,0,1,0,81,79,76,83,79,74,68,128,0,0,0,0,,,#DIV/0!,#DIV/0!,,,,0,0,-39,0,0,,,,,#N/A,#N/A,#N/A,#N/A,#N/A,GOOD,2,Black Desert Championship2026,, (0),
,,,,,151,130,,70,,,,,,,,,,151,50,,,26.73333333,0,0,,,,,,,,,,,,,,0,0,,,0,0,,,0,#N/A,,,,,,,,,,,,,,,,,,,,0.00%,,,,,,,,,,,,,,,,,,,,,,,,,,,,,,,,,,,,,,0,0,0,0,0,0,0,0,0,1,0,81,79,76,83,79,74,68,128,0,0,0,0,,,#DIV/0!,#DIV/0!,,,,0,0,-39,0,0,,,,,#N/A,#N/A,#N/A,#N/A,#N/A,GOOD,2,Black Desert Championship2026,, (0),
,,,,,152,130,,70,,,,,,,,,,152,51,,,26.34285714,0,0,,,,,,,,,,,,,,0,0,,,0,0,,,0,#N/A,,,,,,,,,,,,,,,,,,,,0.00%,,,,,,,,,,,,,,,,,,,,,,,,,,,,,,,,,,,,,,0,0,0,0,0,0,0,0,0,1,0,81,79,76,83,79,74,68,128,0,0,0,0,,,#DIV/0!,#DIV/0!,,,,0,0,-39,0,0,,,,,#N/A,#N/A,#N/A,#N/A,#N/A,GOOD,2,Black Desert Championship2026,, (0),
,,,,,,,,,,,,,,,,,,,,,,,,,,,,,,,,,,,,,,,,,,,,,,,,,,,,,,,,,,,,,,,,,,,,,,,,,,,,,,,,,,,,,,,,,,,,,,,,,,,,,,,,,,,,,,,,,,,,,,,,,,,,,,,,,,,,,,,,,,,,,,,,,,,,,,,,,,
,,,,,,,,,,,,,,,,,,,,,,,,,,,,,,,,,,,,,,,,,,,,,,,,,,,,,,,,,,,,,,,,,,,,,,,,,,,,,,,,,,,,,,,,,,,,,,,,,,,,,,,,,,,,,,,,,,,,,,,,,,,,,,,,,,,,,,,,,,,,,,,,,,,,,,,,,,
,,,,,,,,,,,,,,,,,,,,,,,,,,,,,,,,,,,,,,,,,,,,,,,,,,,,,,,,,,,,,,,,,,,,,,,,,,,,,,,,,,,,,,,,,,,,,,,,,,,,,,,,,,,,,,,,,,,,,,,,,,,,,,,,,,,,,,,,,,,,,,,,,,,,,,,,,,
,,,,,,,,,,,,,,,,,,,,,,,,,,,,,,,,,,,,,,,,,,,,,,,,,,,,,,,,,,,,,,,,,,,,,,,,,,,,,,,,,,,,,,,,,,,,,,,,,,,,,,,,,,,,,,,,,,,,,,,,,,,,,,,,,,,,,,,,,,,,,,,,,,,,,,,,,,
,,,,,,,,,,,,,,,,,,,,,,,,,,,,,,,,,,,,,,,,,,,,,,,,,,,,,,,,,,,,,,,,,,,,,,,,,,,,,,,,,,,,,,,,,,,,,,,,,,,,,,,,,,,,,,,,,,,,,,,,,,,,,,,,,,,,,,,,,,,,,,,,,,,,,,,,,,
,,,,,,,,,,,,,,,,,,,,,,,,,,,,,,,,,,,,,,,,,,,,,,,,,,,,,,,,,,,,,,,,,,,,,,,,,,,,,,,,,,,,,,,,,,,,,,,,,,,,,,,,,,,,,,,,,,,,,,,,,,,,,,,,,,,,,,,,,,,,,,,,,,,,,,,,,,
,,,,,,,,,,,,,,,,,,,,,,,,,,,,,,,,,,,,,,,,,,,,,,,,,,,,,,,,,,,,,,,,,,,,,,,,,,,,,,,,,,,,,,,,,,,,,,,,,,,,,,,,,,,,,,,,,,,,,,,,,,,,,,,,,,,,,,,,,,,,,,,,,,,,,,,,,,
,,,,,,,,,,,,,,,,,,,,,,,,,,,,,,,,,,,,,,,,,,,,,,,,,,,,,,,,,,,,,,,,,,,,,,,,,,,,,,,,,,,,,,,,,,,,,,,,,,,,,,,,,,,,,,,,,,,,,,,,,,,,,,,,,,,,,,,,,,,,,,,,,,,,,,,,,,
,,,,,154,130,,,,,,,,,,,,154,51,,,0,0,0,,,,,,,,,,,,,,,,,,,,,,,,,,,,,,,,,,,,,,,,,,,0.00%,,,,,,,,,,,,,,,,,,,,,,,,,,,,,,,,,,,,,,0,0,0,0,0,0,0,0,0,1,0,81,79,76,83,79,74,68,128,0,0,0,0,,,#DIV/0!,#DIV/0!,,,,0,0,-39,0,0,,,,,#N/A,#N/A,#N/A,#N/A,#N/A,GOOD,2,Black Desert Championship2026,, (0),
TEST,1,,1,1,1,1,108,64,1,1,1,1,1,1,1,1,1,153,1,,1,1,1,1,1,1,1,1,1,1,,12:00:00 AM,1,,1,1,1,1,1,1,1,1,1,1,1,1,1,1,1,1,1,1,1,1,1,1,1,1,1,1,1,1,1,1,1,1,1,1,1,1,1,1,1,1,1,1,1,1,1,1,1,1,1,1,1,1,1,1,,,,,,,,,,,,,,,,,,,,,,,,,,,,,,,,,,,,,,,,,,,,129,,,-1,-1,,,,,,,,#N/A,#N/A,#N/A,#N/A,#N/A,GOOD,2,Black Desert Championship2026,,1 (1),